:020000040801F1
:1000000000000220D51102088D0D0208950D02088E
:100010009D0D0208A50D0208AD0D020800000000AC
:10002000000000000000000000000000C1AD010859
:10003000B50D02080000000011B0010879B00108F8
:1000400025120208251202082512020825120208AC
:10005000251202082512020825120208251202089C
:10006000251202082512020825120208251202088C
:10007000251202082512020825120208251202087C
:10008000251202082512020825120208251202086C
:10009000251202082512020825120208251202085C
:1000A000251202082512020825120208C50D0208B1
:1000B000D90D020825120208ED0D0208010E0208F2
:1000C000150E020825120208251202082512020840
:1000D00025120208290E0208A90E0208251202089C
:1000E000251202082512020825120208251202080C
:1000F00025120208251202082512020825120208FC
:1001000025120208251202082512020825120208EB
:100110002512020825120208150F020825120208EE
:1001200025120208251202082512020825120208CB
:1001300025120208251202082512020825120208BB
:1001400025120208251202082512020825120208AB
:10015000251202082512020825120208290F02089A
:10016000251202082512020825120208251202088B
:1001700025120208251202082512020800000000BC
:080180002512020825120208F5
:1002200010B5054C237833B9044B13B10448AFF330
:1002300000800123237010BD880000200000000012
:100240000876020808B5034B1BB103490348AFF316
:10025000008008BD000000008C0000200876020825
:1002600070B54FF0FF0C4CF4E06C1CEA11541DBF4C
:100270001CEA135594EA0C0F95EA0C0F00F0DEF817
:100280002C4481EA030621EA4C5123EA4C5350EAFC
:10029000013518BF52EA033541F4801143F480134D
:1002A00038D0A0FB02CE4FF00005E1FB02E506F0DE
:1002B0000042E0FB03E54FF00006E1FB03569CF033
:1002C000000F18BF4EF0010EA4F1FF04B6F5007F39
:1002D00064F5407404D25FEA4E0E6D4146EB0606AB
:1002E00042EAC62141EA55514FEAC52040EA5E5034
:1002F0004FEACE2EB4F1FD0C88BFBCF5E06F1ED8DE
:10030000BEF1004F08BF5FEA500E50F1000041EB14
:10031000045170BD06F0004646EA010140EA0200C1
:1003200081EA0301B4EB5C04C2BFD4EB0C0541EAE3
:10033000045170BD41F480114FF0000E013C00F3F8
:10034000AB8014F1360FDEBF002001F0004170BD1C
:10035000C4F10004203C35DA0C341BDC04F1140435
:10036000C4F1200500FA05F320FA04F001FA05F2C1
:1003700040EA020001F0004221F0004110EBD3708E
:1003800021FA04F642EB06015EEA430E08BF20EABA
:10039000D37070BDC4F10C04C4F1200500FA04F35D
:1003A00020FA05F001FA04F240EA020001F00041EF
:1003B00010EBD37041F100015EEA430E08BF20EA62
:1003C000D37070BDC4F1200500FA05F24EEA020EAA
:1003D00020FA04F301FA05F243EA020321FA04F0D9
:1003E00001F0004121FA04F220EA020000EBD37090
:1003F0005EEA430E08BF20EAD37070BD94F0000F90
:100400000FD101F00046400041EB010111F4801FC3
:1004100008BF013CF7D041EA060195F0000F18BF74
:10042000704703F00046520043EB030313F4801FB0
:1004300008BF013DF7D043EA0603704794EA0C0F6A
:100440000CEA135518BF95EA0C0F0CD050EA410680
:1004500018BF52EA4306D1D181EA030101F00041FD
:100460004FF0000070BD50EA410606BF1046194625
:1004700052EA430619D094EA0C0F02D150EA013631
:1004800013D195EA0C0F05D152EA03361CBF104672
:1004900019460AD181EA030101F0004141F0FE4111
:1004A00041F470014FF0000070BD41F0FE4141F495
:1004B000780170BD81F0004102E000BF83F000438D
:1004C00030B54FEA41044FEA430594EA050F08BFEF
:1004D00090EA020F1FBF54EA000C55EA020C7FEAB3
:1004E000645C7FEA655C00F0E2804FEA5454D4EB30
:1004F0005555B8BF6D420CDD2C4480EA020281EAFA
:10050000030382EA000083EA010180EA020281EA31
:100510000303362D88BF30BD11F0004F4FEA013183
:100520004FF4801C4CEA113102D0404261EB410192
:1005300013F0004F4FEA03334CEA133302D0524218
:1005400063EB430394EA050F00F0A780A4F10104D4
:10055000D5F1200E0DDB02FA0EFC22FA05F280180E
:1005600041F1000103FA0EF2801843FA05F35941F4
:100570000EE0A5F120050EF1200E012A03FA0EFC73
:1005800028BF4CF0020C43FA05F3C01851EBE3719D
:1005900001F0004507D54FF0000EDCF1000C7EEBBA
:1005A00000006EEB0101B1F5801F1BD3B1F5001FF8
:1005B0000CD349085FEA30004FEA3C0C04F1010417
:1005C0004FEA445212F5800F80F09A80BCF1004F40
:1005D00008BF5FEA500C50F1000041EB045141EAC2
:1005E000050130BD5FEA4C0C404141EB0101013C8B
:1005F00028BFB1F5801FE9D291F0000F04BF01467A
:100600000020B1FA81F308BF2033A3F10B03B3F14B
:1006100020020CDA0C3208DD02F1140CC2F10C02DB
:1006200001FA0CF021FA02F10CE002F11402D8BF39
:10063000C2F1200C01FA02F120FA0CFCDCBF41EA05
:100640000C019040E41AA2BF01EB0451294330BDD4
:100650006FEA04041F3C1CDA0C340EDC04F11404B1
:10066000C4F1200220FA04F001FA02F340EA030088
:1006700021FA04F345EA030130BDC4F10C04C4F1CE
:10068000200220FA02F001FA04F340EA03002946AE
:1006900030BD21FA04F0294630BD94F0000F83F4F8
:1006A000801306BF81F480110134013D4EE77FEADB
:1006B000645C18BF7FEA655C29D094EA050F08BF27
:1006C00090EA020F05D054EA000C04BF1946104608
:1006D00030BD91EA030F1EBF0021002030BD5FEA4C
:1006E000545C05D14000494128BF41F0004130BD74
:1006F00014F580043CBF01F5801130BD01F00045C8
:1007000045F0FE4141F470014FF0000030BD7FEA3A
:10071000645C1ABF194610467FEA655C1CBF0B4635
:10072000024650EA013406BF52EA033591EA030F4C
:1007300041F4002130BD00BF90F0000F04BF002144
:10074000704730B54FF4806404F132044FF0000577
:100750004FF0000150E700BF90F0000F04BF0021F0
:10076000704730B54FF4806404F1320410F0004556
:1007700048BF40424FF000013EE700BF42004FEA51
:10078000E2014FEA31014FEA02701FBF12F07F43CE
:1007900093F07F4F81F06051704732F07F4208BF85
:1007A000704793F07F4F04BF41F40021704730B58C
:1007B0004FF4607401F0004521F000411CE700BFD8
:1007C00050EA010208BF704730B54FF000050AE05B
:1007D00050EA010208BF704730B511F0004502D55C
:1007E000404261EB41014FF4806404F132045FEA5E
:1007F000915C3FF4D8AE4FF003025FEADC0C18BF07
:1008000003325FEADC0C18BF033202EBDC02C2F1F8
:10081000200300FA03FC20FA02F001FA03FE40EA8A
:100820000E0021FA02F11444BDE600BF4FEA410276
:1008300012F5001215D211D56FF47873B3EB625232
:1008400012D94FEAC12343F0004343EA505311F059
:10085000004F23FA02F018BF404270474FF00000EB
:10086000704750EA013005D111F0004008BF6FF029
:10087000004070474FF00000704700BF4A0011D29F
:1008800012F5001211D20DD56FF47873B3EB6252EA
:100890000ED44FEAC12343F0004343EA505323FAF6
:1008A00002F070474FF00000704750EA013002D16B
:1008B0004FF0FF3070474FF0000070474FEA4102A1
:1008C000B2F1E04324BFB3F5001CDCF1FE5C0DD9AE
:1008D00001F0004C4FEAC0024CEA5070B2F1004FF8
:1008E00040EB830008BF20F00100704711F0804FFB
:1008F00021D113F13872BCBF01F00040704741F4C0
:1009000080114FEA5252C2F11802C2F1200C10FAC3
:100910000CF320FA02F018BF40F001004FEAC123A7
:100920004FEAD32303FA0CFC40EA0C0023FA02F34B
:100930004FEA4303CCE77FEA625307D150EA013321
:100940001EBF4FF0FE4040F44000704701F00040F1
:1009500040F0FE4040F40000704700BF53B94AB970
:10096000002908BF00281CBF4FF0FF314FF0FF30B7
:1009700000F088B9ADF1080C6DE904CE00F006F87E
:10098000DDF804E0DDE9022304B070472DE9F0470B
:10099000089D0F4604468C46002B48D18A421646D5
:1009A00061D9B2FA82F34BB1C3F1200201FA03FC20
:1009B00020FA02F29E4042EA0C0C9C404FEA164E8E
:1009C000B7B2BCFBFEF1220C0EFB11CC42EA0C428A
:1009D00001FB07F0904209D9B21801F1FF3C80F009
:1009E000EE80904240F2EB8002393244121AA4B2F7
:1009F000B2FBFEF00EFB102244EA024400FB07F7B4
:100A0000A74209D9341900F1FF3280F0DA80A742F9
:100A100040F2D7803444023840EA0140E41B002110
:100A20001DB1DC400023C5E90043BDE8F0878B42DF
:100A300006D90DB1C5E9000100210846BDE8F087DF
:100A4000B3FA83F1002948D1BB4202D3824200F2BB
:100A50000781841A67EB030201209446002DE4D03D
:100A6000C5E9004CE1E7002A00F09280B2FA82F377
:100A7000002B40F0A8808A1A4FEA164E1FFA86FC17
:100A80000121200CB2FBFEF70EFB172240EA0242C6
:100A90000CFB07F0904207D9B21807F1FF3802D2D9
:100AA000904200F2E2804746121AA4B2B2FBFEF076
:100AB0000EFB102244EA02440CFB00FCA44507D9BB
:100AC000341900F1FF3202D2A44500F2CB80104667
:100AD000A4EB0C0440EA0740A2E7C1F120068B40DA
:100AE00022FA06FC4CEA030C07FA01F420FA06F39A
:100AF000F7404FEA1C49234300FA01F81FFA8CFE25
:100B0000B7FBF9F01C0C09FB107744EA074400FB23
:100B10000EF7A74202FA01F20AD91CEB040400F115
:100B2000FF3A80F09B80A74240F2988002386444EC
:100B3000E41B9FB2B4FBF9F309FB134447EA0444F6
:100B400003FB0EFEA64509D91CEB040403F1FF3795
:100B500080F08280A6457FD9023B644443EA00408E
:100B6000A4EB0E04A0FB02E7BC427346B94663D374
:100B700060D05DB1B8EB030264EB090404FA06F639
:100B800022FA01F31E43CC40C5E9006400214CE782
:100B90006208480842EAC1710B0C43EA00438AB27A
:100BA00042EA0342B3FBF6F1E407B4463746B646E1
:100BB0001F23B0FBF6F0D21B41EA004161E761461A
:100BC00014E7104628E7C3F1200120FA01F29E4005
:100BD00027FA01F19F403A434FEA164E1FFA86FC6E
:100BE000B1FBFEF70EFB1710110C41EA004107FBA9
:100BF0000CF8884504FA03F43AD9711807F1FF306C
:100C000001D288451FD8A1EB0801B1FBFEF808FB13
:100C10000CF70EFB181192B242EA0142BA422FD2EF
:100C2000B21808F1FF31C6D2BA42C4D2A8F102010B
:100C30003244C0E7F0459CD2BEEB020367EB0C07E1
:100C40000138B94695E7A6EB08084144B81EB1FB48
:100C5000FEF808FB0CF7DCE73B467FE7504667E70A
:100C60000846FBE63444023832E7023F32441BE7D1
:100C7000A1EB08013846B1FBFEF808FB0CF7C8E70A
:100C8000414698E7704700BF0000000000000000E8
:100C900001F0FF01102A2BDB10F0070F08D010F82D
:100CA000013B013A8B422DD010F0070F42B3F6D131
:100CB000F0B441EA012141EA014122F007047FF04A
:100CC00000070023F0E80256083C85EA010586EAA1
:100CD000010685FA47F5A3FA87F586FA47F6A5FADD
:100CE00087F68EB9EED1F0BC01F0FF0102F00702E9
:100CF00032B110F8013B013A83EA010313B1F8D194
:100D00000020704701387047002D06BF3546033874
:100D1000073815F0010F07D1013015F4807F02BFAD
:100D2000013015F4C03F0130F0BC0138704700BFFE
:100D3000002310B50446C0E90033C0E904338360E2
:100D400081814366C2818361194608225C3000F0CC
:100D5000F7F80D4B63620D4BA3620D4BE3620D4B35
:100D600023630D4B24629C4206D003F16802944237
:100D700002D0D0339C4205D104F15800BDE81040A8
:100D800000F0AEB910BD00BFB90E0108DB0E0108BE
:100D9000130F0108390F0108A4000020024A03497B
:100DA000034800F06BB800BF00000020DD1301080D
:100DB0001000002041680C4B994210B5044601D048
:100DC00000F00CFBA168094B994202D0204600F0CC
:100DD00005FBE168064B994204D02046BDE810406F
:100DE00000F0FCBA10BD00BFA40000200C010020E0
:100DF000740100200C4B0D4A0D4810B504211A60F7
:100E00000022FFF795FF0A4B01221C46092103F13E
:100E10006800FFF78DFF04F1D0000222BDE810400A
:100E20001221FFF785BF00BFDC0100209D0D0108E6
:100E3000A4000020014800F054B900BFE5010020E3
:100E4000014800F04FB900BFE501002010B504468D
:100E5000FFF7F0FF236A1BB1BDE81040FFF7F0BFBA
:100E6000044B2362044B1B68002BF5D1FFF7C2FF34
:100E7000F2E700BFB50D0108DC0100202DE9F843C1
:100E80000746884614460026D4E90195B9F10109C0
:100E900005D52468002CF7D13046BDE8F883AB892E
:100EA000012B07D9B5F90E30013303D02946384656
:100EB000C04706436835E9E710B50C46B1F90E1096
:100EC00000F0C6F80028ABBF636DA3891B1823F49C
:100ED0008053ACBF6365A38110BD2DE9F0411F466F
:100EE0008B89DB0505460C46164605D5B1F90E1073
:100EF0000223002200F09AF8A389B4F90E1023F41B
:100F00008053A38132463B462846BDE8F04100F0BD
:100F1000B1B810B50C46B1F90E1000F087F8B4F96D
:100F20000C30421C0BBF23F4805343F48053A38145
:100F3000A38118BF606510BDB1F90E1000F008B8AC
:100F400002440346934200D1704703F8011BF9E7BE
:100F500038B5064D0023044608462B6010F005F90D
:100F6000431C02D12B6803B1236038BDE00100208F
:100F70002D4B1B68834270B5044653D0C3691BB325
:100F8000DB6863B10025E369DB685959B1B9043501
:100F9000802DF8D1E3692046D96800F0A5F8E3690F
:100FA000196811B1204600F09FF8E3699D685DB1B2
:100FB000294620462D6800F097F8F8E70E6820468D
:100FC00000F092F83146E1E7616911B1204600F086
:100FD0008BF8E16911B1204600F086F8216B11B160
:100FE000204600F081F8616B11B1204600F07CF8DA
:100FF000A16B11B1204600F077F8A16C11B1204629
:1010000000F072F8616C11B1204600F06DF8E16AF1
:1010100011B1204600F068F8236A1BB12046BDE8F4
:101020007040184770BD00BF0C00002038B5074D58
:1010300004460846114600222A601A4610F0BCF801
:10104000431C02D12B6803B1236038BDE0010020AE
:1010500038B5074D04460846114600222A601A4654
:1010600010F04AF8431C02D12B6803B1236038BD4D
:10107000E001002038B5074D04460846114600221D
:101080002A601A4610F055F8431C02D12B6803B1B0
:10109000236038BDE001002070B50D4B0D4D5B1B8A
:1010A0009C100026A64209D116F0AEFA0A4D0B4B51
:1010B0005B1B9C100026A64205D170BD55F8043B71
:1010C00098470136EEE755F8043B98470136F2E7BA
:1010D00034A5020834A5020834A5020838A5020880
:1010E000704770477047000038B50546002941D069
:1010F00051F8043C0C1F002BB8BFE41800F0E0F8D6
:101100001D4A136833B9636014602846BDE838404F
:1011100000F0DCB8A34208D9206821188B4201BF37
:1011200019685B6809182160EDE71A465B680BB126
:10113000A342FAD911685018A0420BD1206801448B
:10114000501883421160E0D118685B68536008440E
:101150001060DAE702D90C232B60D6E7206821184B
:101160008B4204BF19685B68636004BF0918216083
:101170005460CAE738BD00BFEC01002070B50F4EC7
:101180000C463168054611B900F050F9306021462F
:10119000284600F04BF9431C03D14FF0FF342046A2
:1011A00070BDC41C24F00304A042F8D0211A2846C4
:1011B00000F03CF90130F2D1EFE700BFE801002078
:1011C0002DE9F843CD1C25F0030508350C2D38BF5B
:1011D0000C25002D064601DBA94204D90C233360FF
:1011E0000020BDE8F883DFF8D48000F069F8D8F873
:1011F00000301C4644BB29463046FFF7BFFF431C66
:10120000044658D1D8F800402746002F43D1002C7F
:101210004BD023683946304604EB030900F006F949
:10122000814542D121686D1A29463046FFF7A6FF55
:1012300001303AD023682B442360D8F800305A6834
:1012400062BBC8F800700FE02268521B20D40B2A42
:1012500017D96119A342256018BF5960636808BF98
:10126000C8F8001062514B60304600F02FF804F1CE
:101270000B00231D20F00700C21A1CBF1B1AA3502D
:10128000AFE76268A3420CBFC8F800205A60EBE7E2
:1012900023466468AEE73C467F68B6E71A465B685B
:1012A000A342FBD100235360DEE70C2333603046BA
:1012B00000F00CF894E70560D6E700BFEC010020D1
:1012C0000148FFF70EBF00BFE40100200148FFF70F
:1012D00009BF00BFE4010020B1F90C202DE9F04165
:1012E000160705460C4651D44B68002B02DC0B6CEC
:1012F000002B49DDE66A002E46D0002312F480520E
:101300002F682B6031D0626DA389590705D56368BA
:10131000D21A636B0BB1236CD21A0023E66A216ADE
:101320002846B047421CB4F90C3006D129681D2963
:1013300046D8294ACA40D60742D500226260D9045D
:101340002269226004D5421C01D12B6803B9606573
:10135000616B2F60C1B104F14403994202D0284669
:10136000FFF7C2FE002363630EE0216A01232846D3
:10137000B0470246501CC7D12B68002BC4D01D2B90
:1013800001D0162B1AD12F6000201EE00F69002F0C
:10139000FAD093070E6808BF4B690F6018BF00238F
:1013A000A6EB07088B60B8F1000FEDDD216AA66A95
:1013B00043463A462846B047002808DCB4F90C30CA
:1013C00043F04003A3814FF0FF30BDE8F0810744B4
:1013D000A8EB0008E7E700BF0100402038B50B6923
:1013E00005460C4613B90025284638BD18B1036AD6
:1013F0000BB9FFF72BFDB4F90C30002BF3D0626E64
:10140000D00704D4990502D4A06DFFF76AFE2846E0
:101410002146FFF761FF636EDA070546E4D4A3892E
:101420009B05E1D4A06DFFF75DFEDDE738B5064D05
:101430000023044608462B600FF028FE431C02D10F
:101440002B6803B1236038BDE001002080B400AFF9
:10145000074BD3F88830064A43F47003C2F888304B
:10146000034B044A9A6000BFBD465DF8047B704799
:1014700000ED00E00000010880B582B000AF7860A8
:101480007B68002B01D1012341E07B6893F83D305C
:10149000DBB2002B06D17B68002283F83C20786801
:1014A0000DF0FAFF7B68022283F83D207B681A6802
:1014B0007B6804331946104600F076FE7B680122F3
:1014C00083F846207B68012283F83E207B68012256
:1014D00083F83F207B68012283F840207B6801224B
:1014E00083F841207B68012283F842207B68012237
:1014F00083F843207B68012283F844207B68012223
:1015000083F845207B68012283F83D20002318469C
:101510000837BD4680BD000080B485B000AF78605C
:101520007B6893F83D30DBB2012B01D001234EE004
:101530007B68022283F83D207B681B68DA687B6841
:101540001B6842F00102DA607B681B68234A934201
:1015500022D07B681B68B3F1804F1DD07B681B686D
:101560001F4A934218D07B681B681E4A934213D0CF
:101570007B681B681C4A93420ED07B681B681B4A21
:10158000934209D07B681B68194A934204D07B6858
:101590001B68184A934211D17B681B689B6803F053
:1015A0000703FB60FB68062B10D07B681B681A687A
:1015B0007B681B6842F001021A6007E07B681B68C9
:1015C0001A687B681B6842F001021A600023184603
:1015D0001437BD465DF8047B704700BF0000014032
:1015E0000004004000080040000C004000040140DE
:1015F000004001400018004080B582B000AF786024
:101600007B68002B01D1012341E07B6893F83D30DA
:10161000DBB2002B06D17B68002283F83C2078687F
:1016200000F039F87B68022283F83D207B681A6855
:101630007B6804331946104600F0B6FD7B68012232
:1016400083F846207B68012283F83E207B680122D4
:1016500083F83F207B68012283F840207B680122C9
:1016600083F841207B68012283F842207B680122B5
:1016700083F843207B68012283F844207B680122A1
:1016800083F845207B68012283F83D20002318461B
:101690000837BD4680BD80B483B000AF786000BF1E
:1016A0000C37BD465DF8047B7047000080B584B000
:1016B00000AF786039603B68002B09D17B6893F8F4
:1016C0003E30DBB2012B14BF01230023DBB222E04A
:1016D0003B68042B09D17B6893F83F30DBB2012BC8
:1016E00014BF01230023DBB215E03B68082B09D1AE
:1016F0007B6893F84030DBB2012B14BF0123002339
:10170000DBB208E07B6893F84130DBB2012B14BFF9
:1017100001230023DBB2002B01D001237CE03B68D6
:10172000002B04D17B68022283F83E2013E03B6843
:10173000042B04D17B68022283F83F200BE03B6836
:10174000082B04D17B68022283F8402003E07B68E9
:10175000022283F841207B681B6801223968184601
:1017600001F03CF97B681B682D4A934204D07B68EA
:101770001B682C4A934201D1012300E00023002B77
:1017800007D07B681B685A6C7B681B6842F4004278
:101790005A647B681B68224A934222D07B681B688C
:1017A000B3F1804F1DD07B681B681F4A934218D04D
:1017B0007B681B681D4A934213D07B681B681C4AD8
:1017C00093420ED07B681B68164A934209D07B680F
:1017D0001B68184A934204D07B681B68164A9342E0
:1017E00011D17B681B689B6803F00703FB60FB68F3
:1017F000062B10D07B681B681A687B681B6842F058
:1018000001021A6007E07B681B681A687B681B6826
:1018100042F001021A60002318461037BD4680BD11
:1018200000000140000401400004004000080040A6
:10183000000C0040004001400018004080B582B01C
:1018400000AF78607B68002B01D1012341E07B6809
:1018500093F83D30DBB2002B06D17B68002283F881
:101860003C20786800F039F87B68022283F83D203C
:101870007B681A687B6804331946104600F094FCB4
:101880007B68012283F846207B68012283F83E2092
:101890007B68012283F83F207B68012283F8402087
:1018A0007B68012283F841207B68012283F8422073
:1018B0007B68012283F843207B68012283F844205F
:1018C0007B68012283F845207B68012283F83D2054
:1018D000002318460837BD4680BD80B483B000AFF2
:1018E000786000BF0C37BD465DF8047B7047000090
:1018F00080B584B000AF786039600023FB733B682B
:10190000002B04D17B6893F83E30DBB213E03B68D8
:10191000042B04D17B6893F83F30DBB20BE03B68CB
:10192000082B04D17B6893F84030DBB203E07B687E
:1019300093F84130DBB2BB733B68002B04D17B686A
:1019400093F84230DBB213E03B68042B04D17B6890
:1019500093F84330DBB20BE03B68082B04D17B6883
:1019600093F84430DBB203E07B6893F84530DBB298
:101970007B73BB7B012B02D17B7B012B01D001232D
:10198000CCE03B68002B04D17B68022283F83E2028
:1019900013E03B68042B04D17B68022283F83F20CC
:1019A0000BE03B68082B04D17B68022283F84020BF
:1019B00003E07B68022283F841203B68002B04D1BE
:1019C0007B68022283F8422013E03B68042B04D199
:1019D0007B68022283F843200BE03B68082B04D18C
:1019E0007B68022283F8442003E07B68022283F8AC
:1019F00045203B680C2B41D801A252F823F000BFD0
:101A0000351A01087D1A01087D1A01087D1A01089E
:101A1000471A01087D1A01087D1A01087D1A01087C
:101A2000591A01087D1A01087D1A01087D1A01085A
:101A30006B1A01087B681B68DA687B681B6842F0D8
:101A40000202DA601DE07B681B68DA687B681B684D
:101A500042F00402DA6014E07B681B68DA687B6895
:101A60001B6842F00802DA600BE07B681B68DA68EA
:101A70007B681B6842F01002DA6002E00123FB730E
:101A800000BFFB7B002B48D17B681B6801223968B3
:101A9000184600F0A3FF7B681B68224A934222D0BD
:101AA0007B681B68B3F1804F1DD07B681B681E4AA2
:101AB000934218D07B681B681C4A934213D07B6802
:101AC0001B681B4A93420ED07B681B68194A9342DD
:101AD00009D07B681B68184A934204D07B681B6856
:101AE000164A934211D17B681B689B6803F0070379
:101AF000BB60BB68062B10D07B681B681A687B68CC
:101B00001B6842F001021A6007E07B681B681A68D4
:101B10007B681B6842F001021A60FB7B1846103795
:101B2000BD4680BD000001400004004000080040A8
:101B3000000C00400004014000400140001800403B
:101B400080B584B000AF78607B681B68DB68FB60A1
:101B50007B681B681B69BB60BB6803F00203002B3A
:101B600020D0FB6803F00203002B1BD07B681B68AE
:101B70006FF002021A617B6801221A777B681B688A
:101B80009B6903F00303002B03D0786809F08EFCF7
:101B900005E0786800F0E9FA786800F0F0FA7B6810
:101BA00000221A77BB6803F00403002B20D0FB68E7
:101BB00003F00403002B1BD07B681B686FF004024A
:101BC0001A617B6802221A777B681B689B6903F4A1
:101BD0004073002B03D0786809F068FC05E0786852
:101BE00000F0C3FA786800F0CAFA7B6800221A771E
:101BF000BB6803F00803002B20D0FB6803F0080348
:101C0000002B1BD07B681B686FF008021A617B6891
:101C100004221A777B681B68DB6903F00303002B3F
:101C200003D0786809F042FC05E0786800F09DFA7E
:101C3000786800F0A4FA7B6800221A77BB6803F08A
:101C40001003002B20D0FB6803F01003002B1BD0E7
:101C50007B681B686FF010021A617B6808221A7794
:101C60007B681B68DB6903F44073002B03D0786842
:101C700009F01CFC05E0786800F077FA786800F05D
:101C80007EFA7B6800221A77BB6803F00103002B01
:101C90000CD0FB6803F00103002B07D07B681B68A6
:101CA0006FF001021A61786809F03CFCBB6803F030
:101CB0008003002B0CD0FB6803F08003002B07D0BF
:101CC0007B681B686FF080021A61786800F032FF51
:101CD000BB6803F04003002B0CD0FB6803F040030B
:101CE000002B07D07B681B686FF040021A61786890
:101CF00000F04FFABB6803F02003002B0CD0FB6808
:101D000003F02003002B07D07B681B686FF02002D4
:101D10001A61786800F004FF00BF1037BD4680BD2F
:101D200080B586B000AFF860B9607A600023FB75BB
:101D3000FB6893F83C30012B01D1022388E0FB685B
:101D4000012283F83C207B68002B1BD1FB681868BC
:101D5000BB681968BB685A68BB68DB6800F07AFC2E
:101D6000FB681B689A69FB681B6822F00C029A6189
:101D7000FB681B689969BB689A68FB681B680A4323
:101D80009A6160E07B68042B1CD1FB681868BB6813
:101D90001968BB685A68BB68DB6800F0FEFCFB682A
:101DA0001B689A69FB681B6822F440629A61FB68B1
:101DB0001B689969BB689B681A02FB681B680A4329
:101DC0009A6140E07B68082B1BD1FB681868BB68F0
:101DD0001968BB685A68BB68DB6800F04BFDFB689C
:101DE0001B68DA69FB681B6822F00C02DA61FB6889
:101DF0001B68D969BB689A68FB681B680A43DA618B
:101E000021E07B680C2B1CD1FB681868BB68196843
:101E1000BB685A68BB68DB6800F068FDFB681B683C
:101E2000DA69FB681B6822F44062DA61FB681B68B0
:101E3000D969BB689B681A02FB681B680A43DA61B0
:101E400001E00123FB75FB68002283F83C20FB7D49
:101E500018461837BD4680BD80B586B000AFF86023
:101E6000B9607A600023FB75FB6893F83C30012B66
:101E700001D10223AEE0FB68012283F83C207B689D
:101E80000C2B00F29F8001A252F823F0C11E010822
:101E9000C51F0108C51F0108C51F0108011F010852
:101EA000C51F0108C51F0108C51F0108431F010800
:101EB000C51F0108C51F0108C51F0108831F0108B0
:101EC000FB681B68B968184600F014FAFB681B68C9
:101ED0009A69FB681B6842F008029A61FB681B68FC
:101EE0009A69FB681B6822F004029A61FB681B6810
:101EF0009969BB681A69FB681B680A439A6164E0C8
:101F0000FB681B68B968184600F064FAFB681B6838
:101F10009A69FB681B6842F400629A61FB681B685F
:101F20009A69FB681B6822F480629A61FB681B68EF
:101F30009969BB681B691A02FB681B680A439A61AE
:101F400043E0FB681B68B968184600F0B9FAFB6803
:101F50001B68DA69FB681B6842F00802DA61FB68FB
:101F60001B68DA69FB681B6822F00402DA61FB680F
:101F70001B68D969BB681A69FB681B680A43DA6188
:101F800023E0FB681B68B968184600F00DFBFB688E
:101F90001B68DA69FB681B6842F40062DA61FB685F
:101FA0001B68DA69FB681B6822F48062DA61FB68EF
:101FB0001B68D969BB681B691A02FB681B680A4366
:101FC000DA6102E00123FB7500BFFB68002283F8A1
:101FD0003C20FB7D18461837BD4680BD80B584B0D7
:101FE00000AF786039600023FB737B6893F83C3066
:101FF000012B01D10223B4E07B68012283F83C204D
:102000007B68022283F83D207B681B689B68BB606D
:10201000BB6823F07703BB60BB6823F47F43BB60DE
:102020007B681B68BA689A603B681B68B3F5005F01
:102030003ED0B3F5005F00F28780B3F5805F00F01B
:102040008680B3F5805F7FD8702B1AD0702B7BD839
:10205000602B50D0602B77D8502B3CD0502B73D8AE
:10206000402B58D0402B6FD8302B64D0302B6BD8FE
:10207000202B60D0202B67D8002B5CD0102B5AD09F
:1020800062E07B6818683B6899683B685A683B68FF
:10209000DB6800F083FC7B681B689B68BB60BB68E7
:1020A00043F07703BB607B681B68BA689A604FE0B7
:1020B0007B6818683B6899683B685A683B68DB68CE
:1020C00000F06CFC7B681B689A687B681B6842F4B4
:1020D00080429A603CE07B6818683B6859683B68BE
:1020E000DB681A4600F02AFB7B681B685021184603
:1020F00000F039FC2CE07B6818683B6859683B6845
:10210000DB681A4600F086FB7B681B686021184676
:1021100000F029FC1CE07B6818683B6859683B6844
:10212000DB681A4600F00AFB7B681B6840211846F2
:1021300000F019FC0CE07B681A683B681B681946C4
:10214000104600F010FC03E00123FB7300E000BF29
:102150007B68012283F83D207B68002283F83C20C5
:10216000FB7B18461037BD4680BD80B483B000AFFE
:10217000786000BF0C37BD465DF8047B704780B4C3
:1021800083B000AF786000BF0C37BD465DF8047BBC
:10219000704780B483B000AF786000BF0C37BD4695
:1021A0005DF8047B7047000080B485B000AF7860B4
:1021B00039607B681B68FB607B68434A934213D09D
:1021C0007B68B3F1804F0FD07B68404A93420BD0BD
:1021D0007B683F4A934207D07B683E4A934203D0D4
:1021E0007B683D4A934208D1FB6823F07003FB6093
:1021F0003B685B68FA681343FB607B68324A934232
:102200002BD07B68B3F1804F27D07B682F4A934255
:1022100023D07B682E4A93421FD07B682D4A93427D
:102220001BD07B682C4A934217D07B682B4A934281
:1022300013D07B682A4A93420FD07B68294A934285
:102240000BD07B68284A934207D07B68274A934289
:1022500003D07B68264A934208D1FB6823F440737D
:10226000FB603B68DB68FA681343FB60FB6823F0A4
:1022700080023B685B691343FB603B689A687B683C
:10228000DA623B681A687B689A627B680E4A9342FE
:1022900003D07B68104A934203D13B681A697B687C
:1022A0001A637B681B6843F004027B681A607B68D2
:1022B00001225A617B68FA681A6000BF1437BD4674
:1022C0005DF8047B704700BF00000140000400403F
:1022D00000080040000C00400004014000400140A4
:1022E000004401400048014000180040001C00402C
:1022F0000020004080B487B000AF786039607B6810
:102300001B6A7B617B681B6A23F001027B681A628F
:102310007B685B683B617B689B69FB60FB6823F0C3
:102320007003FB60FB6823F00303FB603B681B68E2
:10233000FA681343FB607B6923F002037B613B680F
:102340009B687A6913437B617B68204A934203D080
:102350007B681F4A93420CD17B6923F008037B61A1
:102360003B68DB687A6913437B617B6923F0040374
:102370007B617B68154A934203D07B68144A934281
:1023800011D13B6923F480733B613B6923F40073F3
:102390003B613B685B693A6913433B613B689B69FE
:1023A0003A6913433B617B683A695A607B68FA6813
:1023B0009A613B685A687B685A637B687A691A62DB
:1023C00000BF1C37BD465DF8047B7047000001402C
:1023D0000004014080B487B000AF786039607B684A
:1023E0001B6A7B617B681B6A23F010027B681A62A0
:1023F0007B685B683B617B689B69FB60FB6823F4DF
:10240000E043FB60FB6823F44073FB603B681B68A0
:102410001B02FA681343FB607B6923F020037B6196
:102420003B689B681B017A6913437B617B68224A86
:10243000934203D07B68214A93420DD17B6923F0FC
:1024400080037B613B68DB681B017A6913437B6116
:102450007B6923F040037B617B68174A934203D07A
:102460007B68164A934213D13B6923F480633B6136
:102470003B6923F400633B613B685B699B003A69FD
:1024800013433B613B689B699B003A6913433B6183
:102490007B683A695A607B68FA689A613B685A6857
:1024A0007B689A637B687A691A6200BF1C37BD46F5
:1024B0005DF8047B704700BF00000140000401404C
:1024C00080B487B000AF786039607B681B6A7B613D
:1024D0007B681B6A23F480727B681A627B685B6886
:1024E0003B617B68DB69FB60FB6823F07003FB608A
:1024F000FB6823F00303FB603B681B68FA68134327
:10250000FB607B6923F400737B613B689B681B0263
:102510007A6913437B617B68214A934203D07B68CD
:10252000204A93420DD17B6923F400637B613B68B1
:10253000DB681B027A6913437B617B6923F4806348
:102540007B617B68164A934203D07B68154A9342AD
:1025500013D13B6923F480533B613B6923F400535F
:102560003B613B685B691B013A6913433B613B6814
:102570009B691B013A6913433B617B683A695A6066
:102580007B68FA68DA613B685A687B68DA637B6863
:102590007A691A6200BF1C37BD465DF8047B70473C
:1025A000000001400004014080B487B000AF7860B3
:1025B00039607B681B6A3B617B681B6A23F480522D
:1025C0007B681A627B685B687B617B68DB69FB60A8
:1025D000FB6823F4E043FB60FB6823F44073FB607B
:1025E0003B681B681B02FA681343FB603B6923F4DA
:1025F00000533B613B689B681B033A6913433B6193
:102600007B68124A934203D07B68114A934209D1F6
:102610007B6923F480437B613B685B699B017A693A
:1026200013437B617B687A695A607B68FA68DA6178
:102630003B685A687B681A647B683A691A6200BF13
:102640001C37BD465DF8047B704700BF00000140A9
:102650000004014080B487B000AFF860B9607A60D0
:102660003B60FB681B6A3B61FB681B6A23F001024D
:10267000FB681A62FB689B697B61FB68284A93428E
:102680001BD0FB68B3F1804F17D0FB68254A9342FB
:1026900013D0FB68244A93420FD0FB68234A93422D
:1026A0000BD0FB68224A934207D0FB68214A934231
:1026B00003D0FB68204A934201D1012300E00023AC
:1026C000002B08D07B6923F003037B617A697B6868
:1026D00013437B6103E07B6943F001037B617B690A
:1026E00023F0F0037B613B681B01DBB27A69134383
:1026F0007B613B6923F00A033B61BB6803F00A037B
:102700003A6913433B61FB687A699A61FB683A69ED
:102710001A6200BF1C37BD465DF8047B704700BFDE
:10272000000001400004004000080040000C004090
:1027300000040140004001400018004080B487B010
:1027400000AFF860B9607A60FB681B6A7B61FB6868
:102750001B6A23F00102FB681A62FB689B693B61FC
:102760003B6923F0F0033B617B681B013A6913432B
:102770003B617B6923F00A037B617A69BB68134381
:102780007B61FB683A699A61FB687A691A6200BFEB
:102790001C37BD465DF8047B704780B487B000AF3E
:1027A000F860B9607A603B60FB681B6A7B61FB681C
:1027B0001B6A23F01002FB681A62FB689B693B618D
:1027C0003B6923F440733B617B681B023A69134306
:1027D0003B613B6923F470433B613B681B039BB245
:1027E0003A6913433B617B6923F0A0037B61BB68BB
:1027F0001B0103F0A0037A6913437B61FB683A690C
:102800009A61FB687A691A6200BF1C37BD465DF8A1
:10281000047B704780B487B000AFF860B9607A601D
:10282000FB681B6A7B61FB681B6A23F01002FB6874
:102830001A62FB689B693B613B6923F470433B610F
:102840007B681B033A6913433B617B6923F0A00358
:102850007B61BB681B017A6913437B61FB683A6942
:102860009A61FB687A691A6200BF1C37BD465DF841
:10287000047B704780B487B000AFF860B9607A60BD
:102880003B60FB681B6A7B61FB681B6A23F48072F8
:10289000FB681A62FB68DB693B613B6923F0030359
:1028A0003B613A697B6813433B613B6923F0F0036A
:1028B0003B613B681B01DBB23A6913433B617B69B7
:1028C00023F420637B61BB681B0203F420637A69F5
:1028D00013437B61FB683A69DA61FB687A691A62C3
:1028E00000BF1C37BD465DF8047B704780B487B0DD
:1028F00000AFF860B9607A603B60FB681B6A7B617F
:10290000FB681B6A23F48052FB681A62FB68DB6970
:102910003B613B6923F440733B617B681B023A696E
:1029200013433B613B6923F470433B613B681B03EA
:102930009BB23A6913433B617B6923F420437B617B
:10294000BB681B0303F420437A6913437B61FB6874
:102950003A69DA61FB687A691A6200BF1C37BD46C2
:102960005DF8047B704780B485B000AF7860396053
:102970007B689B68FB60FB6823F07003FB603A6830
:10298000FB68134343F00703FB607B68FA689A60B7
:1029900000BF1437BD465DF8047B704780B487B034
:1029A00000AFF860B9607A603B60FB689B687B6150
:1029B0007B6923F47F437B613B681A027B681A437F
:1029C000BB6813437A6913437B61FB687A699A6039
:1029D00000BF1C37BD465DF8047B704780B487B0EC
:1029E00000AFF860B9607A60BB6803F01F03012292
:1029F00002FA03F37B61FB681A6A7B69DB431A40C6
:102A0000FB681A62FB681A6ABB6803F01F037968E7
:102A100001FA03F31A43FB681A6200BF1C37BD4674
:102A20005DF8047B7047000080B485B000AF78602B
:102A300039607B6893F83C30012B01D102235AE0C6
:102A40007B68012283F83C207B68022283F83D20CA
:102A50007B681B685B68FB607B681B689B68BB606E
:102A6000FB6823F07003FB603B681B68FA68134344
:102A7000FB607B681B68FA685A607B681B68214AA8
:102A8000934222D07B681B68B3F1804F1DD07B68D6
:102A90001B681D4A934218D07B681B681B4A9342EF
:102AA00013D07B681B681A4A93420ED07B681B6860
:102AB000184A934209D07B681B68174A934204D096
:102AC0007B681B68154A93420CD1BB6823F08003D6
:102AD000BB603B685B68BA681343BB607B681B687C
:102AE000BA689A607B68012283F83D207B680022E7
:102AF00083F83C20002318461437BD465DF8047B5C
:102B0000704700BF00000140000400400008004082
:102B1000000C00400004014000400140001800404B
:102B200080B483B000AF786000BF0C37BD465DF85D
:102B3000047B704780B483B000AF786000BF0C376F
:102B4000BD465DF8047B704780B584B000AF786007
:102B50000023FB737B68002B01D1012333E07B68EA
:102B60001B6C002B09D178680CF07AF87B68002286
:102B70005A647B68002283F83C207B681B6C03F05E
:102B80001003002B18D17B681B6C23F4885323F0AF
:102B9000020343F002027B681A64786800F0A4FA2A
:102BA0007B6800225A647B681B6C23F0030343F0AC
:102BB00001027B681A6401E00123FB737B68002239
:102BC00083F83C20FB7B18461037BD4680BD0000D3
:102BD00080B485B000AF78600023BB607B6893F859
:102BE0003C30012B01D10223B2E07B68012283F843
:102BF0003C207B681B689B6803F00103012B18D005
:102C00007B681B689A687B681B6842F001029A60C7
:102C1000524B1B68524AA2FB03239A0C13465B00DB
:102C20001344BB6002E0BB68013BBB60BB68002B88
:102C3000F9D17B681B689B6803F00103012B7AD1F3
:102C40007B681B6C23F4E06323F0010343F4807280
:102C50007B681A647B681B685B6803F48063002BE5
:102C600007D07B681B6C23F4405343F480527B688D
:102C70001A647B681B6C03F48053B3F5805F06D144
:102C80007B685B6C23F006027B685A6402E07B6819
:102C900000225A647B68002283F83C20314BFB60A1
:102CA0007B681B686FF022021A60FB685B6803F0A8
:102CB0001F03002B2AD17B681B682B4A934215D037
:102CC0007B681B68294A934205D1264B5B6803F059
:102CD0001F03002B0AD07B681B68254A934236D11C
:102CE000204B5B6803F01003002B30D17B681B681E
:102CF0009B6803F04053002B29D17B681B689A68BE
:102D00007B681B6842F080429A6020E07B681B6809
:102D1000154A93421BD17B681B689B6803F04053A4
:102D2000002B14D17B681B689A687B681B6842F093
:102D300080429A600BE07B681B6C43F010027B685A
:102D40001A647B685B6C43F001027B685A64002361
:102D500018461437BD465DF8047B70475C000020C0
:102D600083DE1B430023014000200140002101407D
:102D70000022014080B584B000AF78603960002344
:102D8000FB607B681B689B6803F48063B3F5806F0E
:102D900013D17B681B689B6803F48073B3F5807F55
:102DA0000BD17B681B6C43F020027B681A647B6844
:102DB000002283F83C20012363E001F051FCF8601D
:102DC00021E03B68B3F1FF3F1DD03B68002B07D0EB
:102DD00001F046FC0246FB68D31A3A689A4212D2C6
:102DE0007B681B681B6803F00203022B0BD07B6817
:102DF0001B6C43F004027B681A647B68002283F832
:102E00003C2003233DE07B681B681B6803F0020342
:102E1000022BD6D17B681B686FF012021A607B68A8
:102E20001B6C43F400727B681A647B681B689B68A8
:102E300003F04053002B23D17B681B7E002B1FD156
:102E40007B681B68DB6A03F47003002B06D07B6889
:102E50001B689B6803F48063002B11D17B681B6C9B
:102E600023F480727B681A647B681B6C03F48053C4
:102E7000002B05D17B681B6C43F001027B681A6450
:102E8000002318461037BD4680BD80B483B000AF24
:102E900078607B681B68DB6C18460C37BD465DF8B4
:102EA000047B704780B485B000AF78603960002340
:102EB000BB607B6893F83C30012B01D1022305E114
:102EC0007B68012283F83C203B681B68092B25D9CD
:102ED0007B681B68D9683B681B689BB21A4613461F
:102EE0005B0013441E3B072202FA03F3DA437B68BC
:102EF0001B680A40DA607B681B68D9683B689A687F
:102F00003B681B689BB2184603465B0003441E3BAC
:102F10009A407B681B680A43DA6022E07B681B6882
:102F200019693B681B689BB21A4613465B00134441
:102F3000072202FA03F3DA437B681B680A401A612E
:102F40007B681B6819693B689A683B681B689BB281
:102F5000184603465B0003449A407B681B680A439B
:102F60001A613B685B68062B24D87B681B68596B29
:102F70003B685A6813469B001344053B1F2202FA24
:102F800003F3DA437B681B680A405A637B681B685B
:102F9000596B3B681B689BB218463B685A681346DE
:102FA0009B001344053B00FA03F27B681B680A434D
:102FB0005A634CE03B685B680C2B24D87B681B6829
:102FC000196B3B685A6813469B001344233B1F222E
:102FD00002FA03F3DA437B681B680A401A637B68D2
:102FE0001B68196B3B681B689BB218463B685A68A4
:102FF00013469B001344233B00FA03F27B681B68D3
:103000000A431A6323E07B681B68D96A3B685A68E5
:1030100013469B001344413B1F2202FA03F3DA4399
:103020007B681B680A40DA627B681B68D96A3B6868
:103030001B689BB218463B685A6813469B001344B2
:10304000413B00FA03F27B681B680A43DA62224BB9
:10305000FB607B681B68214A934209D13B681B686F
:10306000122B05D1FB685B6843F48002FB685A6051
:103070007B681B68194A934223D13B681B68102B5D
:1030800003D03B681B68112B1BD1FB685B6843F4C2
:103090000002FB685A603B681B68102B11D1104B73
:1030A0001B68104AA2FB03239A0C13469B0013448F
:1030B0005B00BB6002E0BB68013BBB60BB68002BF0
:1030C000F9D17B68002283F83C200023184614378E
:1030D000BD465DF8047B704700230140002001409D
:1030E0005C00002083DE1B4380B485B000AF7860B5
:1030F000794BFB60FB685B6823F44032FB685A60E5
:10310000FB685A687B685B681A43FB685A607B6897
:103110001B685A687B681B6822F480725A607B685F
:103120001B6859687B681B691A027B681B680A4325
:103130005A607B681B685A687B681B6822F0407283
:103140005A607B681B6859687B689A687B681B6853
:103150000A435A607B681B689A687B681B6822F484
:1031600000629A607B681B6899687B68DA687B6894
:103170001B680A439A607B689B6A584A934222D034
:103180007B681B689A687B681B6822F070629A6093
:103190007B681B6899687B689A6A7B681B680A432E
:1031A0009A607B681B689A687B681B6822F04052B3
:1031B0009A607B681B6899687B68DA6A7B681B6821
:1031C0000A439A600FE07B681B689A687B681B68FB
:1031D00022F070629A607B681B689A687B681B6843
:1031E00022F040529A607B681B689A687B681B6873
:1031F00022F002029A607B681B6899687B681B7EDC
:103200005A007B681B680A439A607B6893F82030F9
:10321000002B1BD07B681B685A687B681B6842F4D4
:1032200000625A607B681B685A687B681B6822F4DE
:1032300060425A607B681B6859687B685B6A013B27
:103240005A037B681B680A435A6007E07B681B6867
:103250005A687B681B6822F400625A607B681B68AE
:10326000DA6A7B681B6822F47002DA627B681B688A
:10327000D96A7B68DB69013B1A057B681B680A43D6
:10328000DA627B681B689A687B681B6822F40072AC
:103290009A607B681B6899687B6893F830305A02A3
:1032A0007B681B680A439A607B681B689A687B6826
:1032B0001B6822F480629A607B681B6899687B684F
:1032C0005B699A027B681B680A439A6000BF1437E7
:1032D000BD465DF8047B7047002301400100000FEC
:1032E00080B586B000AF78607B68002B01D10123E8
:1032F00067E27B681B6803F00103002B75D0884BE5
:103300009B6803F00C03042B0CD0854B9B6803F0E7
:103310000C03082B12D1824B5B6803F48003B3F5D6
:10332000800F0BD17E4B1B6803F40033002B5BD066
:103330007B685B68002B57D1012342E27B685B68A6
:10334000B3F5803F06D1764B1B68754A43F4803352
:1033500013601DE07B685B68B3F5A02F0CD1704B48
:103360001B686F4A43F4802313606D4B1B686C4AE3
:1033700043F4803313600BE0694B1B68684A23F405
:1033800080331360664B1B68654A23F48023136007
:103390007B685B68002B13D001F062F9386108E0AC
:1033A00001F05EF902463B69D31A642B01D903236D
:1033B00007E25B4B1B6803F40033002BF0D014E0F2
:1033C00001F04EF9386108E001F04AF902463B6924
:1033D000D31A642B01D90323F3E1514B1B6803F487
:1033E0000033002BF0D100E000BF7B681B6803F0C6
:1033F0000203002B63D04A4B9B6803F00C03002BA5
:103400000BD0474B9B6803F00C03082B1CD1444B9B
:103410005B6803F48003002B16D1414B1B6803F05B
:103420000203002B05D07B68DB68012B01D0012350
:10343000C7E13B4B1B6823F0F8027B681B69DB008C
:10344000374913430B603AE07B68DB68002B20D0E0
:10345000344B01221A6001F003F9386108E001F0F1
:10346000FFF802463B69D31A022B01D90323A8E1D6
:103470002B4B1B6803F00203002BF0D0284B1B687A
:1034800023F0F8027B681B69DB00254913430B60BE
:1034900015E0244B00221A6001F0E2F8386108E0E0
:1034A00001F0DEF802463B69D31A022B01D903234F
:1034B00087E11B4B1B6803F00203002BF0D17B68F4
:1034C0001B6803F00803002B36D07B685B69002B78
:1034D00016D0154B01221A6001F0C2F8386108E0DD
:1034E00001F0BEF802463B69D31A022B01D903232F
:1034F00067E10B4B5B6F03F00203002BF0D01BE086
:10350000094B00221A6001F0ABF838610EE001F0BF
:10351000A7F802463B69D31A022B07D9032350E1CF
:103520000038024000004742800E4742884B5B6FE4
:1035300003F00203002BEAD17B681B6803F004034D
:10354000002B00F097800023FB75814B1B6C03F070
:103550008053002B0FD10023BB607D4B1B6C7C4A3A
:1035600043F0805313647A4B1B6C03F08053BB60B1
:10357000BB680123FB75774B1B6803F48073002B3A
:1035800018D1744B1B68734A43F48073136001F0C5
:1035900067F8386108E001F063F802463B69D31A26
:1035A000022B01D903230CE16A4B1B6803F48073DF
:1035B000002BF0D07B689B68012B06D1644B1B6FFE
:1035C000634A43F0010313671CE07B689B68052B8B
:1035D0000CD15F4B1B6F5E4A43F0040313675C4BD7
:1035E0001B6F5B4A43F0010313670BE0584B1B6FE3
:1035F000574A23F001031367554B1B6F544A23F0BE
:10360000040313677B689B68002B15D001F028F832
:1036100038610AE001F024F802463B69D31A41F20E
:103620008832934201D90323CBE0494B1B6F03F04F
:103630000203002BEED014E001F012F838610AE02A
:1036400001F00EF802463B69D31A41F288329342E8
:1036500001D90323B5E03E4B1B6F03F00203002B9F
:10366000EED1FB7D012B05D1394B1B6C384A23F081
:10367000805313647B689B69002B00F0A180344B5E
:103680009B6803F00C03082B5CD07B689B69022BC2
:1036900041D1314B00221A6000F0E2FF386108E0AE
:1036A00000F0DEFF02463B69D31A022B01D9032347
:1036B00087E0274B1B6803F00073002BF0D17B6879
:1036C000DA697B681B6A1A437B685B6A9B011A4351
:1036D0007B689B6A5B08013B1B041A437B68DB6ABF
:1036E0001B061B4913434B601B4B01221A6000F061
:1036F000B7FF386108E000F0B3FF02463B69D31A18
:10370000022B01D903235CE0114B1B6803F000730B
:10371000002BF0D054E0104B00221A6000F0A0FF04
:10372000386108E000F09CFF02463B69D31A022B87
:1037300001D9032345E0064B1B6803F00073002BFF
:10374000F0D13DE07B689B69012B07D1012338E074
:103750000038024000700040600047421B4B5B682D
:10376000FB607B689B69012B28D0FB6803F4800217
:103770007B68DB699A4221D1FB6803F03F027B68DA
:103780001B6A9A421AD1FA6847F6C07313407A68E6
:10379000526A9201934211D1FB6803F440327B6874
:1037A0009B6A5B08013B1B049A4207D1FB6803F04C
:1037B00070627B68DB6A1B069A4201D0012300E03D
:1037C000002318461837BD4680BD00BF00380240B0
:1037D00080B584B000AF786039607B68002B01D180
:1037E0000123CCE0684B1B6803F007033A689A4258
:1037F0000CD9654B3A68D2B21A70634B1B6803F060
:1038000007033A689A4201D00123B8E07B681B683D
:1038100003F00203002B20D07B681B6803F0040335
:10382000002B05D0594B9B68584A43F4E0539360F2
:103830007B681B6803F00803002B05D0534B9B6883
:10384000524A43F460439360504B9B6823F0F0026C
:103850007B689B684D4913438B607B681B6803F052
:103860000103002B44D07B685B68012B07D1474BD9
:103870001B6803F40033002B19D101237FE07B6820
:103880005B68022B03D07B685B68032B07D13F4B3F
:103890001B6803F00073002B09D101236FE03B4B41
:1038A0001B6803F00203002B01D1012367E0374BB3
:1038B0009B6823F003027B685B68344913438B6089
:1038C00000F0CEFEF8600AE000F0CAFE0246FB6897
:1038D000D31A41F28832934201D903234FE02B4B94
:1038E0009B6803F00C027B685B689B009A42EBD1FB
:1038F000254B1B6803F007033A689A420CD2224B0F
:103900003A68D2B21A70204B1B6803F007033A687A
:103910009A4201D0012332E07B681B6803F0040364
:10392000002B08D0194B9B6823F4E0527B68DB68BE
:10393000164913438B607B681B6803F00803002B58
:1039400009D0124B9B6823F460427B681B69DB0043
:103950000E4913438B6000F021F802460B4B9B6825
:103960001B0903F00F030A49CB5C22FA03F3094A4F
:103970001360094B1B6818460DF00CFB002318461A
:103980001037BD4680BD00BF003C024000380240F9
:10399000947A02085C000020600000202DE9B04FFE
:1039A00094B000AF00237B640023FB6400233B64DE
:1039B0000023BB64794B9B6803F00C03082B0DD0EC
:1039C000082B00F2E180002B02D0042B03D0DBE0B7
:1039D000734BBB64DBE0734BBB64D8E06F4B5B683D
:1039E00003F03F037B646D4B5B6803F48003002BA3
:1039F00063D06A4B5B689B090022BB63FA63BB6BB5
:103A0000C3F308033B6300237B63D7E90C452246DD
:103A10002B464FF000004FF00001590141EAD261FE
:103A2000500102460B462146511A3961294663EB83
:103A300001037B614FF000024FF00003D7E904ABB4
:103A400059468B01514643EA916351468A015146DA
:103A5000B2EB0108594663EB01094FF000024FF049
:103A600000034FEAC90343EA58734FEAC80290467D
:103A70009946234618EB0303BB602B4649EB03032F
:103A8000FB604FF000024FF00003D7E902452946E2
:103A90004B02214643EAD15321464A0210461946B9
:103AA0007B6C0022BB62FA62D7E90A23FCF756FF5F
:103AB00002460B461346FB6458E0384B5B689B0993
:103AC000002218461146C0F308033B6200237B62C4
:103AD000D7E9088942464B464FF000004FF00001FD
:103AE000590141EAD261500102460B464146B2EB10
:103AF000010A494663EB010B4FF000024FF000034F
:103B00004FEA8B1343EA9A634FEA8A12B2EB0A0434
:103B100063EB0B054FF000024FF00003EB0043EAAC
:103B20005473E20014461D464346E3183B604B467F
:103B300045EB03037B604FF000024FF00003D7E931
:103B4000004529468B02214643EA915321468A02C9
:103B5000104619467B6C0022BB61FA61D7E9062347
:103B6000FCF7FCFE02460B461346FB640B4B5B68FE
:103B70001B0C03F0030301335B003B64FA6C3B6CEA
:103B8000B2FBF3F3BB6402E0054BBB6400BFBB6C4C
:103B900018465037BD46BDE8B08F00BF0038024020
:103BA0000024F40000127A0080B400AF034B1B68BD
:103BB0001846BD465DF8047B704700BF5C000020DE
:103BC00080B500AFFFF7F0FF0246054B9B689B0AEC
:103BD00003F007030349CB5C22FA03F3184680BDC8
:103BE00000380240A47A020880B500AFFFF7DCFF7E
:103BF0000246054B9B685B0B03F007030349CB5C54
:103C000022FA03F3184680BD00380240A47A020865
:103C100080B483B000AF786039607B680F221A608F
:103C2000124B9B6803F003027B685A600F4B9B6842
:103C300003F0F0027B689A600C4B9B6803F4E0523F
:103C40007B68DA60094B9B68DB0803F4E0527B6811
:103C50001A61074B1B6803F007023B681A6000BF3C
:103C60000C37BD465DF8047B704700BF003802404A
:103C7000003C024080B489B000AF78603960002316
:103C80007B6100233B610023BB610023FB616BE18F
:103C90000122FB6902FA03F37B613B681B687A69C6
:103CA00013403B613A697B699A4240F05A813B6814
:103CB0005B6803F00303012B05D03B685B6803F0EE
:103CC0000303022B30D17B689B68BB61FB695B00FF
:103CD000032202FA03F3DB43BA691340BB613B687A
:103CE000DA68FB695B0002FA03F3BA691343BB614C
:103CF0007B68BA699A607B685B68BB610122FB697B
:103D000002FA03F3DB43BA691340BB613B685B68AB
:103D10001B0903F00102FB6902FA03F3BA691343BA
:103D2000BB617B68BA695A603B685B6803F0030358
:103D3000032B17D07B68DB68BB61FB695B00032248
:103D400002FA03F3DB43BA691340BB613B689A682C
:103D5000FB695B0002FA03F3BA691343BB617B683A
:103D6000BA69DA603B685B6803F00303022B23D176
:103D7000FB69DA087B68083253F82230BB61FB69C3
:103D800003F007039B000F2202FA03F3DB43BA6937
:103D90001340BB613B681A69FB6903F007039B0092
:103DA00002FA03F3BA691343BB61FB69DA087B6863
:103DB0000832B96943F822107B681B68BB61FB6954
:103DC0005B00032202FA03F3DB43BA691340BB61D1
:103DD0003B685B6803F00302FB695B0002FA03F3D4
:103DE000BA691343BB617B68BA691A603B685B6858
:103DF00003F44033002B00F0B4800023FB60604BE1
:103E00005B6C5F4A43F4804353645D4B5B6C03F42B
:103E10008043FB60FB685B4AFB699B08023352F8F6
:103E20002330BB61FB6903F003039B000F2202FAFE
:103E300003F3DB43BA691340BB617B68524A934288
:103E40002BD07B68514A934225D07B68504A9342DD
:103E50001FD07B684F4A934219D07B684E4A9342E9
:103E600013D07B684D4A93420DD07B684C4A9342F5
:103E700007D07B684B4A934201D107230EE0082309
:103E80000CE006230AE0052308E0042306E00323F0
:103E900004E0022302E0012300E00023FA6902F0BB
:103EA000030292009340BA691343BB613549FB6931
:103EB0009B080233BA6941F823203B4B9B68BB61E6
:103EC0003B69DB43BA691340BB613B685B6803F441
:103ED0008013002B03D0BA693B691343BB61324A9C
:103EE000BB699360304BDB68BB613B69DB43BA69FC
:103EF0001340BB613B685B6803F40013002B03D0E5
:103F0000BA693B691343BB61274ABB69D360264B3F
:103F10005B68BB613B69DB43BA691340BB613B68CB
:103F20005B6803F40033002B03D0BA693B69134389
:103F3000BB611D4ABB6953601B4B1B68BB613B697E
:103F4000DB43BA691340BB613B685B6803F48033B1
:103F5000002B03D0BA693B691343BB61124ABB69AA
:103F60001360FB690133FB61FB690F2B7FF690AE99
:103F700000BF00BF2437BD465DF8047B704700BF1B
:103F800000380240003801400000024000040240B6
:103F900000080240000C02400010024000140240E1
:103FA00000180240001C0240003C014080B487B071
:103FB00000AF7860396000233B610023FB60002381
:103FC000BB6000237B61CDE001227B6902FA03F331
:103FD0003B613A683B691340FB60FA683B699A426F
:103FE00040F0BD80654A7B699B08023352F823305C
:103FF000BB607B6903F003039B000F2202FA03F30B
:10400000BA681340BB607B685D4A93422BD07B68E3
:104010005C4A934225D07B685B4A93421FD07B6801
:104020005A4A934219D07B68594A934213D07B680D
:10403000584A93420DD07B68574A934207D07B6819
:10404000564A934201D107230EE008230CE00623D1
:104050000AE0052308E0042306E0032304E002232A
:1040600002E0012300E000237A6902F003029200DB
:104070009340BA689A4232D1494B1A68FB68DB43D5
:10408000474913400B60464B5A68FB68DB43444981
:1040900013404B60424BDA68FB68DB4340491340F6
:1040A000CB603F4B9A68FB68DB433D4913408B6014
:1040B0007B6903F003039B000F2202FA03F3BB604A
:1040C0002E4A7B699B08023352F82310BB68DA43FF
:1040D0002A487B699B080A40023340F823207B680A
:1040E0001A687B695B00032101FA03F3DB431A4082
:1040F0007B681A607B69DA087B68083253F8221003
:104100007B6903F007039B000F2202FA03F3DB43F2
:104110007A69D20819407B68083243F822107B681C
:10412000DA687B695B00032101FA03F3DB431A4081
:104130007B68DA607B685A6801217B6901FA03F3C6
:10414000DB431A407B685A607B689A687B695B0036
:10415000032101FA03F3DB431A407B689A607B6911
:1041600001337B617B690F2B7FF62EAF00BF00BF51
:104170001C37BD465DF8047B704700BF0038014026
:10418000000002400004024000080240000C02400F
:10419000001002400014024000180240001C0240BF
:1041A000003C014080B485B000AF78600B467B8056
:1041B0007B681A697B881340002B02D00123FB73B4
:1041C00001E00023FB73FB7B18461437BD465DF806
:1041D000047B704780B483B000AF78600B467B806F
:1041E00013467B707B78002B03D07A887B689A61BA
:1041F00003E07B881A047B689A6100BF0C37BD46D8
:104200005DF8047B704780B485B000AF78600B46E2
:104210007B807B685B69FB607A88FB6813401A04CB
:10422000FB68D9437B880B401A437B689A6100BFC7
:104230001437BD465DF8047B704780B584B000AF8D
:1042400078607B689B6DFB6000F00AFAB8607B6861
:1042500093F83530DBB2022B08D07B6880225A6598
:104260007B68002283F83420012352E07B681B68BE
:104270001A687B681B6822F016021A607B681B684C
:104280005A697B681B6822F080025A617B681B6C4C
:10429000002B03D17B689B6C002B07D07B681B68CD
:1042A0001A687B681B6822F008021A607B681B682A
:1042B0001A687B681B6822F001021A6013E000F0A4
:1042C000CFF90246BB68D31A052B0CD97B68202294
:1042D0005A657B68032283F835207B68002283F8C7
:1042E0003420032315E07B681B681B6803F001037F
:1042F000002BE4D17B68DB6D3F229A40FB689A601B
:104300007B68012283F835207B68002283F8342003
:10431000002318461037BD4680BD80B483B000AF7F
:1043200078607B6893F83530DBB2022B04D07B6871
:1043300080225A6501230CE07B68052283F8352032
:104340007B681B681A687B681B6822F001021A6090
:10435000002318460C37BD465DF8047B704780B4D7
:1043600083B000AF78607B6893F83530DBB21846D5
:104370000C37BD465DF8047B704780B483B000AF56
:1043800078607B685B6D18460C37BD465DF8047B32
:104390007047000080B485B000AF78607B6803F0A0
:1043A0000703FB600C4BDB68BB60BA684FF6FF038A
:1043B0001340BB60FB681A02BB68134343F0BF6342
:1043C00043F40033BB60044ABB68D36000BF1437BA
:1043D000BD465DF8047B704700ED00E080B400AF9F
:1043E000044BDB681B0A03F007031846BD465DF863
:1043F000047B704700ED00E080B483B000AF03465B
:10440000FB7197F90730002B0BDBFB7903F01F02E0
:10441000074997F907305B09012000FA02F241F8D9
:10442000232000BF0C37BD465DF8047B704700BFFA
:1044300000E100E080B483B000AF0346FB7197F960
:104440000730002B12DBFB7903F01F020A4997F9B2
:1044500007305B09012000FA02F2203341F82320E3
:10446000BFF34F8F00BFBFF36F8F00BF00BF0C378C
:10447000BD465DF8047B704700E100E080B483B086
:1044800000AF03463960FB7197F90730002B0ADB58
:104490003B68DAB20C4997F907301201D2B20B44EB
:1044A00083F800230AE03B68DAB20849FB7903F09D
:1044B0000F03043B1201D2B20B441A7600BF0C3733
:1044C000BD465DF8047B704700E100E000ED00E0D0
:1044D00080B489B000AFF860B9607A60FB6803F01F
:1044E0000703FB61FB69C3F10703042B28BF042307
:1044F000BB61FB690433062B02D9FB69033B00E077
:1045000000237B614FF0FF32BB6902FA03F3DA4309
:10451000BB681A407B699A404FF0FF317B6901FA12
:1045200003F3D9437B680B40134318462437BD4639
:104530005DF8047B7047000080B400AFBFF34F8F7D
:1045400000BF064BDB6803F4E0620449044B1343ED
:10455000CB60BFF34F8F00BF00BFFDE700ED00E071
:104560000400FA0580B582B000AF78607868FFF784
:1045700011FF00BF0837BD4680BD80B586B000AFD3
:104580000346B9607A60FB7300237B61FFF726FF67
:1045900078617A68B9687869FFF79AFF024697F9F7
:1045A0000F3011461846FFF769FF00BF1837BD46A8
:1045B00080BD80B582B000AF0346FB7197F907302C
:1045C0001846FFF719FF00BF0837BD4680BD80B50C
:1045D00082B000AF0346FB7197F907301846FFF72A
:1045E00029FF00BF0837BD4680BD80B500AFFFF78B
:1045F000A3FF000080B500AF0E4B1B680D4A43F4CB
:10460000007313600B4B1B680A4A43F4806313600A
:10461000084B1B68074A43F4807313600320FFF7BD
:10462000A1FF00200CF0B6FC0CF088FC002318461B
:1046300080BD00BF003C024080B400AF064B1B7839
:104640001A46064B1B681344044A136000BFBD465C
:104650005DF8047B704700BF64000020F00100207B
:1046600080B400AF034B1B681846BD465DF8047B61
:10467000704700BFF001002080B584B000AF7860C3
:10468000FFF7EEFFB8607B68FB60FB68B3F1FF3FAC
:1046900005D00A4B1B781A46FB681344FB6000BF29
:1046A000FFF7DEFF0246BB68D31AFA689A42F7D8D2
:1046B00000BF00BF1037BD4680BD00BF64000020B2
:1046C00080B582B000AF78607B68002B01D10123F8
:1046D0000EE07B685B79DBB2002B05D17B680022A2
:1046E0001A7178680AF014FB7B6801225A71002362
:1046F00018460837BD4680BD80B584B000AF7860ED
:104700007B68002B01D101232BE17B6893F83D30BE
:10471000DBB2002B06D17B68002283F83C2078684E
:104720000AF046FB7B68242283F83D207B681B68E7
:104730001A687B681B6822F001021A607B681B689C
:104740001A687B681B6842F400421A607B681B6829
:104750001A687B681B6822F400421A60FFF730FA7F
:10476000F8607B685B68814A934207D8FB68804A9F
:10477000934294BF01230023DBB206E0FB687D4A2D
:10478000934294BF01230023DBB2002B01D001230D
:10479000E7E0FB68784AA2FB03239B0CBB607B68C5
:1047A0001B685B6823F03F017B681B68BA680A439B
:1047B0005A607B681B681B6A23F03F017B685B685B
:1047C0006A4A934202D8BB68013309E0BB684FF4E0
:1047D000967202FB03F3694AA2FB03239B09013390
:1047E0007A6812680B4313627B681B68DB6923F4E9
:1047F0004F4222F0FF027B685B685C498B4219D80C
:10480000FB68591E7B685B685B00B1FBF3F3591CC6
:1048100040F6FC730B40002B0AD0FB68591E7B68E6
:104820005B685B00B1FBF3F30133C3F30B0351E0AF
:1048300004234FE07B689B68002B11D1FB68581E56
:104840007B6859680B465B000B44B0FBF3F3013304
:10485000C3F30B03002B0CBF01230023DBB212E0D8
:10486000FB68581E7B6859680B469B000B449900F7
:104870000B44B0FBF3F30133C3F30B03002B0CBF6A
:1048800001230023DBB2002B01D0012322E07B684F
:104890009B68002B0ED1FB68581E7B6859680B463D
:1048A0005B000B44B0FBF3F30133C3F30B0343F49E
:1048B00000430FE0FB68581E7B6859680B469B005D
:1048C0000B4499000B44B0FBF3F30133C3F30B0328
:1048D00043F44043796809681343CB617B681B68E4
:1048E0001B6823F0C0017B68DA697B681B6A1A4386
:1048F0007B681B680A431A607B681B689B6823F40B
:10490000034323F0FF037A6811697A68D268114380
:104910007A6812680B4393607B681B68DB6823F03E
:10492000FF017B685A697B689B691A437B681B6837
:104930000A43DA607B681B681A687B681B6842F070
:1049400001021A607B6800221A647B68202283F8C7
:104950003D207B6800221A637B68002283F83E209A
:10496000002318461037BD4680BD00BFA086010059
:104970007F841E00FF083D0083DE1B43D34D621081
:1049800080B483B000AF78607B681B685B6903F01C
:104990008003802B03D17B681B6800221A6100BF53
:1049A0000C37BD465DF8047B704780B588B000AF1A
:1049B00078600023BB617B681B685B687B617B68F8
:1049C000DB6A3B617B6893F83E30FB737B6893F84E
:1049D0003D30BB73FB7B102B03D0FB7B402B40F0A7
:1049E000C1807B681B689B69BB617B681B685B69D6
:1049F000FB61FB6903F00103002B0DD13B69B3F5AB
:104A00002A0F03D03B69B3F12A4F01D1012300E003
:104A10000023012B00F03281FB6903F00103002B1E
:104A20000CD07B695B0A03F00103002B06D0786889
:104A300001F098FC786800F09BFD92E0FB69DB08D0
:104A400003F00103002B09D07B695B0A03F001032B
:104A5000002B03D0786800F011FE82E0FB695B0850
:104A600003F00103002B09D07B695B0A03F001030B
:104A7000002B03D0786800F02BFE72E0BB699B0826
:104A800003F00103002B3BD07B681B685B6803F4D9
:104A90000063B3F5006F00F0F380FB69DB0903F0FE
:104AA0000103002B0FD07B699B0A03F00103002B4D
:104AB00009D0FB699B0803F00103002B03D1786840
:104AC00000F0F3F94DE0FB699B0803F00103002BB4
:104AD00000F0D6807B695B0A03F00103002B00F035
:104AE000CF80BB7B212B03D1786800F07AFAC7E036
:104AF000FB7B402B40F0C480786800F0E8FABFE010
:104B00007B681B685B6803F40063B3F5006F00F01B
:104B1000B780FB699B0903F00103002B0FD07B6971
:104B20009B0A03F00103002B09D0FB699B0803F0EB
:104B30000103002B03D1786800F061FB11E0FB69F1
:104B40009B0803F00103002B00F09A807B695B0A4D
:104B500003F00103002B00F09380786800F017FC4D
:104B60008EE08DE07B681B6C002B04D07B681B689B
:104B70005B69FB6107E07B681B689B69BB617B68C5
:104B80001B685B69FB61FB695B0803F00103002B99
:104B900012D07B695B0A03F00103002B0CD07B6809
:104BA0001B6C002B03D07B681B689B69BB61B969D8
:104BB000786800F0DCFF66E0FB691B0903F0010385
:104BC000002B09D07B695B0A03F00103002B03D0A3
:104BD000786801F017F856E0BB7B212B02D0BB7B35
:104BE000292B25D1FB69DB0903F00103002B0FD032
:104BF0007B699B0A03F00103002B09D0FB699B082A
:104C000003F00103002B03D1786800F0F2FE39E0D5
:104C1000FB699B0803F00103002B33D07B695B0A1F
:104C200003F00103002B2DD0786800F01FFF29E06E
:104C3000FB699B0903F00103002B0FD07B699B0AE2
:104C400003F00103002B09D0FB699B0803F001036B
:104C5000002B03D1786800F02AFF14E0FB699B0861
:104C600003F00103002B0ED07B695B0A03F0010304
:104C7000002B08D0786800F058FF04E000BF02E085
:104C800000BF00E000BF2037BD4680BD80B58AB0C0
:104C900000AF78607B681B685B693B627B681B6860
:104CA0005B68FB6100237B627B6893F83E30FB7698
:104CB0003B6A1B0A03F00103002B0ED0FB691B0AA1
:104CC00003F00103002B08D07B6A43F001037B62F1
:104CD0007B681B686FF480725A613B6A5B0A03F061
:104CE0000103002B0ED0FB691B0A03F00103002B0C
:104CF00008D07B6A43F002037B627B681B686FF419
:104D000000725A613B6A9B0A03F00103002B3FD0FB
:104D1000FB691B0A03F00103002B39D0FB7EBB7635
:104D20007B685B8D9BB27B617B6893F83D30FB7445
:104D30007B681B6BFB60BB7E202B12D17B69002B39
:104D40000FD1FB7C212B08D0FB7C292B05D0FB7CD1
:104D5000282B06D1FB68212B03D1786801F082F85B
:104D600016E07B681B686FF480625A617B6A43F0CF
:104D700004037B62FB7E102B02D0FB7E402B07D10D
:104D80007B681B681A687B681B6842F400721A60B3
:104D90003B6ADB0A03F00103002B0ED0FB691B0A00
:104DA00003F00103002B08D07B6A43F008037B6209
:104DB0007B681B686FF400625A617B6A002B08D025
:104DC0007B681A6C7B6A1A437B681A64786801F006
:104DD000BDF800BF2837BD4680BD80B483B000AFAA
:104DE000786000BF0C37BD465DF8047B704780B427
:104DF00083B000AF786000BF0C37BD465DF8047B20
:104E0000704780B483B000AF786000BF0C37BD46F8
:104E10005DF8047B704780B483B000AF786000BF5A
:104E20000C37BD465DF8047B704780B483B000AF9B
:104E300078600B46FB7013463B8000BF0C37BD46C5
:104E40005DF8047B704780B483B000AF786000BF2A
:104E50000C37BD465DF8047B704780B483B000AF6B
:104E6000786000BF0C37BD465DF8047B704780B4A6
:104E700083B000AF786000BF0C37BD465DF8047B9F
:104E8000704780B483B000AF786000BF0C37BD4678
:104E90005DF8047B704780B483B000AF786000BFDA
:104EA0000C37BD465DF8047B704780B584B000AF19
:104EB00078607B6893F83D30FB737B6893F83E30F5
:104EC000BB737B68DB6ABB607B681B8D002B50D19A
:104ED000FB7B212B4DD1BB68082B1DD0BB68202B41
:104EE0001AD0BB6813F5803F16D07B681B685A68E0
:104EF0007B681B6822F4E0625A607B6811221A63A7
:104F00007B68002283F83E207B68202283F83D20C6
:104F10007868FFF762FF60E07B681B685A687B680F
:104F20001B6822F4E0625A607B681B681A687B6821
:104F30001B6842F400721A607B6800221A637B6867
:104F4000202283F83D207B6893F83E30DBB2402B73
:104F500007D17B68002283F83E207868FFF77DFF49
:104F60003BE07B68002283F83E207868FFF735FF3E
:104F700033E0FB7B212B05D0BB7B402B2DD1FB7B72
:104F8000222B2AD17B685B8D9BB2002B08D17B68DA
:104F90001B685A687B681B6822F480625A601CE0B8
:104FA0007B6893F83E30DBB2402B03D1786800F089
:104FB0008EF812E07B685B6A1A787B681B681A615E
:104FC0007B685B6A5A1C7B685A627B685B8D9BB20C
:104FD000013B9AB27B685A85FFE700BF1037BD4698
:104FE00080BD80B584B000AF78607B68DB6AFB6011
:104FF0007B6893F83D30DBB2212B64D17B685B8DFD
:105000009BB2002B12D07B685B6A1A787B681B68A6
:105010001A617B685B6A5A1C7B685A627B685B8D8D
:105020009BB2013B9AB27B685A854CE0FB68082B27
:105030001DD0FB68202B1AD0FB6813F5803F16D0DB
:105040007B681B685A687B681B6822F4E0625A60C0
:105050007B6811221A637B68002283F83E207B68FC
:10506000202283F83D207868FFF7B7FE2BE07B68AD
:105070001B685A687B681B6822F4E0625A607B6890
:105080001B681A687B681B6842F400721A607B68B0
:1050900000221A637B68202283F83D207B6893F806
:1050A0003E30DBB2402B07D17B68002283F83E20E4
:1050B0007868FFF7D2FE06E07B68002283F83E2086
:1050C0007868FFF78AFE00BF1037BD4680BD80B507
:1050D00084B000AF78607B6893F83D30FB737B68E9
:1050E0001B6D002B1DD17B68DB6C012B0BD17B680A
:1050F0009B6CDAB27B681B681A617B681B6D9A1C1B
:105100007B681A6577E07B689B6C9BB21B12DAB2F6
:105110007B681B681A617B681B6D5A1C7B681A656B
:1051200069E07B681B6D012B0BD17B689B6CDAB24D
:105130007B681B681A617B681B6D5A1C7B681A654B
:1051400059E07B681B6D022B52D1FB7B222B0DD1CA
:105150007B681B681A687B681B6842F480721A605F
:105160007B681B6D5A1C7B681A6544E07B685B8D0D
:105170009BB2002B15D0FB7B212B12D17B685B6A85
:105180001A787B681B681A617B685B6A5A1C7B68AB
:105190005A627B685B8D9BB2013B9AB27B685A85F1
:1051A00029E07B685B8D9BB2002B24D1FB7B212BFC
:1051B00021D17B681B685A687B681B6822F4E06217
:1051C0005A607B681B681A687B681B6842F400722F
:1051D0001A607B6800221A637B68202283F83D20D6
:1051E0007B68002283F83E207868FFF736FE02E0F5
:1051F0007868FFF7C5FB00BF1037BD4680BD80B59E
:1052000084B000AF78607B6893F83D30DBB2222B2E
:1052100040F0B9807B68DB6AFB607B685B8D9BB28A
:10522000BB60BB68032B21D97B681B681A697B684C
:105230005B6AD2B21A707B685B6A5A1C7B685A62DE
:105240007B685B8D9BB2013B9AB27B685A857B6819
:105250005B8D9BB2032B40F096807B681B685A687D
:105260007B681B6822F480625A608CE07B68DB6A92
:10527000022B7FD0BB68012B02D0BB68002B79D1F9
:10528000786801F03DF80346002B4CD17B681B6821
:105290001A687B681B6822F480621A607B681B684E
:1052A0005A687B681B6822F4E0625A607B681B685E
:1052B0001A697B685B6AD2B21A707B685B6A5A1C97
:1052C0007B685A627B685B8D9BB2013B9AB27B68BC
:1052D0005A857B68202283F83D207B6893F83E3016
:1052E000DBB2402B0AD17B68002283F83E207B682A
:1052F00000221A637868FFF7BAFD44E07B68002259
:1053000083F83E20FB68082B02D0FB68202B03D1DA
:105310007B6800221A6302E07B6812221A637868B5
:10532000FFF765FD2FE07B681B685A687B681B6888
:1053300022F4E0625A607B681B681A697B685B6ACA
:10534000D2B21A707B685B6A5A1C7B685A627B68AF
:105350005B8D9BB2013B9AB27B685A857B682022A9
:1053600083F83D207B68002283F83E207868FFF7B1
:1053700088FD08E07B681B685A687B681B6822F41C
:1053800080625A60FFE700BF1037BD4680BD80B520
:1053900084B000AF78607B68DB6AFB607B685B8D04
:1053A0009BB2042B1BD17B681B685A687B681B6807
:1053B00022F480625A607B681B681A697B685B6AAA
:1053C000D2B21A707B685B6A5A1C7B685A627B682F
:1053D0005B8D9BB2013B9AB27B685A85C4E07B68C7
:1053E0005B8D9BB2032B29D17B681B685A687B6855
:1053F0001B6822F480625A60FB68042B0AD0FB68A9
:10540000022B07D07B681B681A687B681B6822F434
:1054100080621A607B681B681A697B685B6AD2B21B
:105420001A707B685B6A5A1C7B685A627B685B8D6A
:105430009BB2013B9AB27B685A8595E07B685B8D95
:105440009BB2022B7DD1FB68012B02D0FB68102B95
:1054500008D17B681B681A687B681B6822F480622D
:105460001A6016E0FB68042B02D0FB68022B08D1FF
:105470007B681B681A687B681B6842F480621A604C
:1054800007E07B681B681A687B681B6842F400723F
:105490001A607B681B681A697B685B6AD2B21A70F3
:1054A0007B685B6A5A1C7B685A627B685B8D9BB227
:1054B000013B9AB27B685A857B681B681A697B68D6
:1054C0005B6AD2B21A707B685B6A5A1C7B685A624C
:1054D0007B685B8D9BB2013B9AB27B685A857B6887
:1054E0001B685A687B681B6822F440725A607B68AC
:1054F000202283F83D207B6893F83E30DBB2402BBE
:105500000AD17B68002283F83E207B6800221A6360
:105510007868FFF7ACFC27E07B68002283F83E2028
:10552000FB68082B02D0FB68202B03D17B6800228C
:105530001A6302E07B6812221A637868FFF757FC4F
:1055400012E07B681B681A697B685B6AD2B21A70CA
:105550007B685B6A5A1C7B685A627B685B8D9BB276
:10556000013B9AB27B685A8500BF1037BD4680BDAB
:1055700080B483B000AF78607B6893F83E30DBB2D4
:10558000402B17D17B681B6D002B09D17B685B6CAE
:10559000DBB21A467B681B6802F0FE021A6167E004
:1055A0007B685B6CDBB243F00103DAB27B681B689B
:1055B0001A615DE07B681B69B3F5804F33D17B686E
:1055C00093F83D30DBB2212B09D17B685B6CDBB2F9
:1055D0001A467B681B6802F0FE021A6108E07B68CD
:1055E0005B6CDBB243F00103DAB27B681B681A61C3
:1055F0007B685B6B002B04D07B685B6BDB6B002BE9
:1056000008D17B689B6B002B32D07B689B6BDB6B7C
:10561000002B2DD07B681B685A687B681B6842F49E
:1056200000625A6024E07B681B6D002B0ED17B6802
:105630005B6C9BB2DB11DBB203F00603DBB263F001
:105640000F03DAB27B681B681A6111E07B681B6D7F
:10565000012B0DD17B685B6C9BB2DB11DBB203F0DD
:105660000603DBB263F00E03DAB27B681B681A61D3
:1056700000BF0C37BD465DF8047B704780B483B033
:1056800000AF78607B685B6CDAB27B681B681A617C
:105690007B685B6B002B04D07B685B6BDB6B002B48
:1056A00008D17B689B6B002B0CD07B689B6BDB6B02
:1056B000002B07D07B681B685A687B681B6842F424
:1056C00000625A6000BF0C37BD465DF8047B70472E
:1056D00080B491B000AF78607B6893F83E3087F873
:1056E0003F307B68DB6ABB637B681B6B7B637B68DB
:1056F00093F83D30DBB2222B40F069817B681B6D53
:10570000002B0FD197F83F30402B0BD100233B6388
:105710007B681B685B693B637B681B689B693B63B9
:105720003B6B60E17B681B6D002B1DD17B681B69A7
:10573000B3F5404F18D10023FB627B681B685B699F
:10574000FB627B681B689B69FB62FB6A7B681B686A
:105750001A687B681B6842F480721A607B681B6D54
:105760005A1C7B681A653EE17B685B8D9BB2002BFF
:1057700013D10023BB627B681B685B69BB627B68DB
:105780001B689B69BB62BB6A7B681B681A687B6885
:105790001B6842F400721A6015E17B685B8D9BB256
:1057A000012B40F08A80BB6B13F5803F37D17B68BB
:1057B0001B681A687B681B6822F480621A607B6829
:1057C0001B685B6803F40063B3F5006F13D17B685B
:1057D0001B681A687B681B6822F480621A600023C9
:1057E0007B627B681B685B697B627B681B689B696B
:1057F0007B627B6AE7E000233B627B681B685B6936
:105800003B627B681B689B693B623B6A7B681B68E9
:105810001A687B681B6842F400721A60D3E0BB6BA5
:10582000082B2ED0BB6B202B2BD07B6B122B02D1E5
:10583000BB6B012B25D1BB6B042B0ED0BB6B022B9A
:105840000BD0BB6B102B08D07B681B681A687B6879
:105850001B6822F480621A6007E07B681B681A6884
:105860007B681B6842F480621A600023FB617B68DE
:105870001B685B69FB617B681B689B69FB61FB695B
:10588000A1E07B681B681A687B681B6822F4806251
:105890001A600023BB617B681B685B69BB617B6826
:1058A0001B689B69BB61BB697B681B681A687B6866
:1058B0001B6842F400721A6085E07B685B8D9BB2C6
:1058C000022B4DD1BB6B042B16D0BB6B022B13D01C
:1058D000BB6B102B10D07B681B681A687B681B6839
:1058E00022F480621A607B681B681A687B681B68F8
:1058F00042F400621A6007E07B681B681A687B68E4
:105900001B6842F480621A607B681B685B6803F462
:105910000063B3F5006F17D1BB6B13F5803F0BD05D
:10592000BB6B012B08D0BB6B082B05D0BB6B102BBE
:1059300002D0BB6B202B07D17B681B685A687B6841
:105940001B6842F480525A6000237B617B681B68AD
:105950005B697B617B681B689B697B617B6932E06B
:105960007B681B681A687B681B6842F480621A6057
:105970007B681B685B6803F40063B3F5006F17D1A5
:10598000BB6B13F5803F0BD0BB6B012B08D0BB6BFF
:10599000082B05D0BB6B102B02D0BB6B202B07D183
:1059A0007B681B685A687B681B6842F480525A60A7
:1059B00000233B617B681B685B693B617B681B68FC
:1059C0009B693B613B697B6800221A650BE0002301
:1059D000FB607B681B685B69FB607B681B689B697D
:1059E000FB60FB68FFE700BF4437BD465DF8047B02
:1059F000704780B584B000AF78607B6893F83D3025
:105A0000FB737B685B8D9BB2002B2BD07B685B6A42
:105A10001A787B681B681A617B685B6A5A1C7B6812
:105A20005A627B685B8D9BB2013B9AB27B685A8558
:105A30007B685B8D9BB2002B14D1FB7B292B11D192
:105A40007B681B685A687B681B6822F480625A6016
:105A50007B6821221A637B68282283F83D207868BE
:105A6000FFF7CFF900BF1037BD4680BD80B483B0CB
:105A700000AF78607B685B8D9BB2002B11D07B6898
:105A80005B6A1A787B681B681A617B685B6A5A1CC0
:105A90007B685A627B685B8D9BB2013B9AB27B68E4
:105AA0005A8500BF0C37BD465DF8047B704780B552
:105AB00084B000AF78607B6893F83D30FB737B68FF
:105AC0005B8D9BB2002B2CD07B681B681A697B68AE
:105AD0005B6AD2B21A707B685B6A5A1C7B685A6236
:105AE0007B685B8D9BB2013B9AB27B685A857B6871
:105AF0005B8D9BB2002B14D1FB7B2A2B11D17B68D1
:105B00001B685A687B681B6822F480625A607B6855
:105B100022221A637B68282283F83D207868FFF7E9
:105B20007AF900BF1037BD4680BD80B483B000AFA6
:105B300078607B685B8D9BB2002B12D07B681B6802
:105B40001A697B685B6AD2B21A707B685B6A5A1CFE
:105B50007B685A627B685B8D9BB2013B9AB27B6823
:105B60005A8500BF0C37BD465DF8047B704780B591
:105B700084B000AF786039600023FB737B6893F8D2
:105B80003D30DBB203F02803282B27D17B681B684C
:105B90005A687B681B6822F480625A603B689B08E5
:105BA00003F00103002B01D10123FB733B68DB09E8
:105BB00003F00103002B03D17B68DB68BB8102E0AB
:105BC0007B689B69BB817B68002283F83C20BA8993
:105BD000FB7B19467868FFF728F90EE00023BB60CD
:105BE0007B681B685B69BB607B681B689B69BB60EB
:105BF000BB687B68002283F83C2000BF1037BD469D
:105C000080BD000080B584B000AF78607B6893F8F9
:105C10003D30FB737B681B685A687B681B6822F405
:105C2000E0625A600023BB607B681B685B69BB60F5
:105C30007B681B681A687B681B6842F001021A6067
:105C4000BB687B681B681A687B681B6822F48062EB
:105C50001A607B681B685B6803F40063B3F5006F30
:105C600072D1FB7B222B02D0FB7B2A2B35D17B68A8
:105C70009B6B1B685B689AB27B685A857B685B8DFF
:105C80009BB2002B05D07B681B6C43F004027B6841
:105C90001A647B681B685A687B681B6822F4006280
:105CA0005A607B689B6B1846FEF759FB0346012B35
:105CB00049D07B689B6B694A1A657B689B6B184669
:105CC000FEF72BFB0346002B3DD07B689B6B1B6DC7
:105CD0007A68926B1046984735E07B685B6B1B686F
:105CE0005B689AB27B685A857B685B8D9BB2002BA0
:105CF00005D07B681B6C43F004027B681A647B68E8
:105D00001B685A687B681B6822F400625A607B68D3
:105D10005B6B1846FEF723FB0346012B14D07B6810
:105D20005B6B4E4A1A657B685B6B1846FEF7F5FAAB
:105D30000346002B08D07B685B6B1B6D7A68526B47
:105D40001046984700E000BF7B685B8D9BB2002B3C
:105D50003ED07B681B685B6903F00403042B12D1FF
:105D60007B681B681A697B685B6AD2B21A707B68B1
:105D70005B6A5A1C7B685A627B685B8D9BB2013BF5
:105D80009AB27B685A857B681B685B6903F04003A5
:105D9000402B12D17B681B681A697B685B6AD2B2A0
:105DA0001A707B685B6A5A1C7B685A627B685B8DE1
:105DB0009BB2013B9AB27B685A857B685B8D9BB234
:105DC000002B05D07B681B6C43F004027B681A64CF
:105DD0007B681B6C002B03D0786800F0B7F839E0C3
:105DE000FB7B2A2B09D17B6800221A637B6828225F
:105DF00083F83D207868FFF70EF87B6893F83D3014
:105E0000DBB2282B11D17B68154ADA627B6800224D
:105E10001A637B68202283F83D207B68002283F888
:105E20003E207868FFF70FF814E07B681B6B222B8D
:105E300002D0FB7B222B0DD17B6800221A637B688A
:105E4000202283F83D207B68002283F83E2078687A
:105E5000FEF7E1FF00BF1037BD4680BDB16101080C
:105E60000000FFFF80B584B000AF78607B6893F8D6
:105E70003D30FB737B68DB6ABB60BB68082B02D0DC
:105E8000BB68202B29D1FB7B282B26D17B682E4A8F
:105E9000DA627B681B685A687B681B6822F4E062E0
:105EA0005A607B681B686FF480625A617B681B686C
:105EB0001A687B681B6822F480621A607B68002283
:105EC0001A637B68202283F83D207B68002283F8D8
:105ED0003E207868FEF7B7FF31E0FB7B212B29D10C
:105EE0007B68194ADA627B6821221A637B68202268
:105EF00083F83D207B68002283F83E207B681B6886
:105F00005A687B681B6822F4E0625A607B681B68F1
:105F10006FF480625A617B681B681A687B681B6833
:105F200022F480621A607868FEF72AFD7868FEF72E
:105F300068FF04E07B681B686FF480625A6100BFF1
:105F40001037BD4680BD00BF0000FFFF80B584B0A4
:105F500000AF78607B6893F83D30FB737B6893F803
:105F60003E30BB73BB7B102B02D0BB7B402B0AD1D6
:105F7000FB7B222B07D17B681B681A687B681B6838
:105F800022F400621A60FB7B03F02803282B07D160
:105F90007B6800221A637B68282283F83D2015E085
:105FA0007B681B685B6803F40063B3F5006F0AD07D
:105FB000FB7B602B07D07B68202283F83D207B6829
:105FC000002283F83E207B6800221A637B681B68EE
:105FD0005B6803F40063B3F5006F62D17B681B68F4
:105FE0005A687B681B6822F400625A607B685B6BAE
:105FF00093F83530DBB2012B20D07B685B6B6A4AAB
:106000001A657B685B6B1846FEF787F90346002B21
:1060100000F089807B681B681A687B681B6822F027
:1060200001021A607B68202283F83D207B685B6B4D
:106030001B6D7A68526B1046984774E07B689B6BC7
:10604000594A1A657B689B6B1846FEF766F903464A
:10605000002B68D07B681B685B6903F04003402B12
:106060000BD17B681B681A697B685B6AD2B21A70B5
:106070007B685B6A5A1C7B685A627B681B681A687B
:106080007B681B6822F001021A607B68202283F87B
:106090003D207B689B6B1B6D7A68926B104698471E
:1060A00041E07B6893F83D30DBB2602B25D17B6803
:1060B000202283F83D207B6800221A647B681B68DD
:1060C0005B6903F04003402B0BD17B681B681A69A6
:1060D0007B685B6AD2B21A707B685B6A5A1C7B6809
:1060E0005A627B681B681A687B681B6822F0010291
:1060F0001A607868FEF7CFFE15E07B681B685B6965
:1061000003F04003402B0BD17B681B681A697B6846
:106110005B6AD2B21A707B685B6A5A1C7B685A62EF
:106120007868FEF7AEFE7B681B6CBB60BB6803F053
:106130000103002B0ED1BB6803F00203002B09D131
:10614000BB6803F00403002B04D1BB6803F0080311
:10615000002B07D07B681B685A687B681B6822F499
:10616000E0625A607B6893F83D30FB737B681B6C80
:1061700003F00403042B13D1FB7B282B10D17B6885
:106180000A4ADA627B6800221A637B68202283F85D
:106190003D207B68002283F83E207868FEF753FE9E
:1061A00000BF1037BD4680BDB16101080000FFFF90
:1061B00080B586B000AF78600023FB607B689B6B86
:1061C0007B617B6993F83D30FB744B4B1B68DB08AC
:1061D0004A4AA2FB03231A0A13469B001344DA001F
:1061E000D31AFB60FB68002B06D17B691B6C43F064
:1061F00020027B691A640AE0FB68013BFB607B6953
:106200001B681B6803F40073B3F5007FEAD07B6959
:106210005B6B002B03D07B695B6B0022DA637B69CD
:106220009B6B002B03D07B699B6B0022DA637B693D
:106230001B681A687B691B6822F480621A607B699C
:1062400000225A857B695B6B002B03D07B695B6BFB
:1062500000221A657B699B6B002B03D07B699B6BCB
:1062600000221A657B691B681A687B691B6822F02B
:1062700001021A607B6993F83D30DBB2602B0ED1CE
:106280007B69202283F83D207B69002283F83E2031
:106290007B6900221A647869FEF7FDFD27E0FB7C2C
:1062A00003F02803282B17D17B691B681A687B69C8
:1062B0001B6842F001021A607B691B681A687B69DF
:1062C0001B6842F480621A607B6900221A637B6952
:1062D000282283F83D2007E07B69202283F83D20B7
:1062E0007B69002283F83E207869FEF7CAFD00BF73
:1062F0001837BD4680BD00BF5C00002089B5F8148A
:1063000080B485B000AF78600023FB60134B1B683E
:10631000DB08134AA2FB03231A0A13469B0013440B
:10632000FB60FB68013BFB60FB68002B07D17B68CF
:106330001B6C43F020027B681A64012308E07B6831
:106340001B681B6803F40073B3F5007FE9D00023DA
:1063500018461437BD465DF8047B70475C0000208A
:1063600089B5F81480B483B000AF78607B68DB6ACD
:10637000B3F52A0F03D17B680122DA6207E07B685C
:10638000DB6AB3F12A4F02D17B680822DA6200BFD0
:106390000C37BD465DF8047B704780B582B000AF16
:1063A00078607B68002B01D101237BE07B685B6A0E
:1063B000002B08D17B685B68B3F5827F09D07B68CE
:1063C0000022DA6105E07B6800221A617B68002206
:1063D0005A617B6800229A627B6893F85130DBB285
:1063E000002B06D17B68002283F85020786808F0E3
:1063F000D9FD7B68022283F851207B681B681A68EC
:106400007B681B6822F040021A607B685B6803F4BB
:1064100082727B689B6803F404431A437B68DB68E1
:1064200003F400631A437B681B6903F002031A43F9
:106430007B685B6903F001031A437B689B6903F483
:1064400000731A437B68DB6903F038031A437B68E7
:106450001B6A03F0800342EA03017B689B6A03F432
:1064600000527B681B680A431A607B689B691B0C9F
:1064700003F004017B685B6A03F010027B681B6811
:106480000A435A607B681B68DA697B681B6822F4E0
:106490000062DA617B6800225A657B68012283F81A
:1064A0005120002318460837BD4680BD80B588B00E
:1064B00000AFF860B9603B601346FB80FEF7D0F890
:1064C000F861FB887B83FB6893F85130DBB2012BCA
:1064D00001D002232AE1BB68002B02D0FB88002BED
:1064E00001D1012322E1FB6893F85030012B01D147
:1064F00002231BE1FB68012283F85020FB68032282
:1065000083F85120FB6800225A65FB68BA681A6359
:10651000FB68FA889A86FB68FA88DA86FB680022AC
:106520009A63FB6800229A87FB680022DA87FB687F
:1065300000225A64FB6800221A64FB689B68B3F56A
:10654000004F0FD1FB681B681A68FB681B6822F0BC
:1065500040021A60FB681B681A68FB681B6842F4FB
:1065600080421A60FB681B681B6803F04003402BE5
:1065700007D0FB681B681A68FB681B6842F0400282
:106580001A60FB68DB68B3F5006F52D1FB685B688B
:10659000002B02D07B8B012B45D1FB681B6B1A882B
:1065A000FB681B68DA60FB681B6B9A1CFB681A634C
:1065B000FB68DB8E9BB2013B9AB2FB68DA8632E065
:1065C000FB681B689B6803F00203022B12D1FB6877
:1065D0001B6B1A88FB681B68DA60FB681B6B9A1CD4
:1065E000FB681A63FB68DB8E9BB2013B9AB2FB68C7
:1065F000DA8618E0FEF734F80246FB69D31A3A68E7
:106600009A4203D83B68B3F1FF3F02D13B68002BAD
:1066100009D1FB68012283F85120FB68002283F82E
:106620005020032382E0FB68DB8E9BB2002BC7D196
:1066300053E0FB685B68002B02D07B8B012B47D1BA
:10664000FB681A6BFB681B680C3312781A70FB68C6
:106650001B6B5A1CFB681A63FB68DB8E9BB2013B09
:106660009AB2FB68DA8633E0FB681B689B6803F02C
:106670000203022B13D1FB681A6BFB681B680C33F7
:1066800012781A70FB681B6B5A1CFB681A63FB6854
:10669000DB8E9BB2013B9AB2FB68DA8618E0FDF70D
:1066A000DFFF0246FB69D31A3A689A4203D83B6877
:1066B000B3F1FF3F02D13B68002B09D1FB680122F7
:1066C00083F85120FB68002283F8502003232DE03B
:1066D000FB68DB8E9BB2002BC6D1FA693968F8687B
:1066E00000F0D8FB0346002B02D0FB6820225A653D
:1066F000FB689B68002B0AD100237B61FB681B6849
:10670000DB687B61FB681B689B687B617B69FB685E
:10671000012283F85120FB68002283F85020FB6897
:106720005B6D002B01D0012300E0002318462037C9
:10673000BD4680BD80B588B002AFF860B9603B60EF
:106740001346FB80FB6893F85130DBB2012B01D07C
:10675000022304E1BB68002B02D0FB88002B01D18F
:106760000123FCE0FB685B68B3F5827F12D1FB6814
:106770009B68002B0ED1FB68042283F85120FA8815
:106780003B6800931346BA68B968F86800F0EBF804
:106790000346E4E0FDF764FF7861FB6893F850304E
:1067A000012B01D10223DAE0FB68012283F850209B
:1067B000FB68042283F85120FB6800225A65FB68BD
:1067C000BA689A63FB68FA889A87FB68FA88DA875E
:1067D000FB6800221A63FB6800229A86FB6800228D
:1067E000DA86FB6800221A64FB6800225A64FB68A0
:1067F0009B68B3F5004F0FD1FB681B681A68FB68F4
:106800001B6822F040021A60FB681B681A68FB686C
:106810001B6822F480421A60FB681B681B6803F047
:106820004003402B07D0FB681B681A68FB681B6895
:1068300042F040021A60FB68DB68002B70D135E043
:10684000FB681B689B6803F00103012B15D1FB68F3
:106850001B6803F10C02FB689B6B1278D2B21A70B2
:10686000FB689B6B5A1CFB689A63FB68DB8F9BB2CF
:10687000013B9AB2FB68DA8718E0FDF7F1FE0246A9
:106880007B69D31A3A689A4203D83B68B3F1FF3F59
:1068900002D13B68002B09D1FB68012283F851200B
:1068A000FB68002283F85020032358E0FB68DB8F4D
:1068B0009BB2002BC4D138E0FB681B689B6803F0D7
:1068C0000103012B13D1FB681B68DA68FB689B6B23
:1068D00092B21A80FB689B6B9A1CFB689A63FB68F8
:1068E000DB8F9BB2013B9AB2FB68DA8718E0FDF7B9
:1068F000B7FE02467B69D31A3A689A4203D83B68CE
:10690000B3F1FF3F02D13B68002B09D1FB680122A4
:1069100083F85120FB68002283F8502003231EE0F7
:10692000FB68DB8F9BB2002BC6D17A693968F868A7
:1069300000F04AFA0346002B02D0FB6820225A6579
:10694000FB68012283F85120FB68002283F8502065
:10695000FB685B6D002B01D0012300E0002318468B
:106960001837BD4680BD80B58AB000AFF860B96009
:106970007A607B8001237B62FDF772FE3862FB68E0
:1069800093F85130FB77FB685B68BB617B88FB82C7
:10699000FB7F012B0CD0BB69B3F5827F06D1FB686E
:1069A0009B68002B02D1FB7F042B01D002237FE1E7
:1069B000BB68002B05D07B68002B02D07B88002BA6
:1069C00001D1012374E1FB6893F85030012B01D110
:1069D00002236DE1FB68012283F85020FB6893F8E5
:1069E0005130DBB2042B03D0FB68052283F8512021
:1069F000FB6800225A65FB687A689A63FB687A88AC
:106A0000DA87FB687A889A87FB68BA681A63FB683A
:106A10007A88DA86FB687A889A86FB6800221A648C
:106A2000FB6800225A64FB681B681B6803F0400384
:106A3000402B07D0FB681B681A68FB681B6842F094
:106A400040021A60FB68DB68B3F5006F7ED1FB681B
:106A50005B68002B02D0FB8A012B6CD1FB681B6B9F
:106A60001A88FB681B68DA60FB681B6B9A1CFB6862
:106A70001A63FB68DB8E9BB2013B9AB2FB68DA8635
:106A800059E0FB681B689B6803F00203022B1BD1D3
:106A9000FB68DB8E9BB2002B16D07B6A012B13D1D7
:106AA000FB681B6B1A88FB681B68DA60FB681B6B52
:106AB0009A1CFB681A63FB68DB8E9BB2013B9AB29F
:106AC000FB68DA8600237B62FB681B689B6803F027
:106AD0000103012B19D1FB68DB8F9BB2002B14D073
:106AE000FB681B68DA68FB689B6B92B21A80FB68D4
:106AF0009B6B9A1CFB689A63FB68DB8F9BB2013B24
:106B00009AB2FB68DA8701237B62FDF7A9FD024692
:106B10003B6AD31A3A6B9A420DD83B6BB3F1FF3FF5
:106B200009D0FB68012283F85120FB68002283F81A
:106B300050200323BCE0FB68DB8E9BB2002BA0D16E
:106B4000FB68DB8F9BB2002B9BD182E0FB685B680C
:106B5000002B02D0FB8A012B71D1FB681A6BFB68FA
:106B60001B680C3312781A70FB681B6B5A1CFB688D
:106B70001A63FB68DB8E9BB2013B9AB2FB68DA8634
:106B80005DE0FB681B689B6803F00203022B1CD1CD
:106B9000FB68DB8E9BB2002B17D07B6A012B14D1D4
:106BA000FB681A6BFB681B680C3312781A70FB6861
:106BB0001B6B5A1CFB681A63FB68DB8E9BB2013BA4
:106BC0009AB2FB68DA8600237B62FB681B689B68CD
:106BD00003F00103012B19D1FB68DB8F9BB2002B63
:106BE00014D0FB681B68DA68FB689B6BD2B21A7022
:106BF000FB689B6B5A1CFB689A63FB68DB8F9BB23C
:106C0000013B9AB2FB68DA8701237B62FDF728FD1E
:106C100002463B6AD31A3A6B9A4203D83B6BB3F1F4
:106C2000FF3F02D13B6B002B09D1FB68012283F8A7
:106C30005120FB68002283F85020032338E0FB68D2
:106C4000DB8E9BB2002B9CD1FB68DB8F9BB2002BB1
:106C500097D13A6A396BF86800F01CF90346002BAB
:106C600008D0FB6820225A65FB68002283F8502078
:106C700001231DE0FB689B68002B0AD100233B61C8
:106C8000FB681B68DB683B61FB681B689B683B61BA
:106C90003B69FB68012283F85120FB68002283F8DE
:106CA0005020FB685B6D002B01D0012300E0002326
:106CB00018462837BD4680BD80B588B000AFF86063
:106CC000B9603B601346FB71FDF7CAFC0246BB6A24
:106CD0009B1A3A681344FB61FDF7C2FCB861394B5B
:106CE0001B685B011B0DFA6902FB03F37B6155E036
:106CF0003B68B3F1FF3F51D0FDF7B2FC0246BB69E0
:106D0000D31AFA699A4202D9FB69002B3DD1FB687C
:106D10001B685A68FB681B6822F0E0025A60FB6837
:106D20005B68B3F5827F11D1FB689B68B3F5004FB8
:106D300004D0FB689B68B3F5806F07D1FB681B68C4
:106D40001A68FB681B6822F040021A60FB689B6AA5
:106D5000B3F5005F0FD1FB681B681A68FB681B68FE
:106D600022F400521A60FB681B681A68FB681B68F3
:106D700042F400521A60FB68012283F85120FB683C
:106D8000002283F85020032318E07B69002B02D1F6
:106D90000023FB6102E07B69013B7B61FB681B68B0
:106DA0009A68BB681340BA689A420CBF012300235B
:106DB000DBB21A46FB799A429AD100231846203753
:106DC000BD4680BD5C00002080B586B002AFF86093
:106DD000B9607A60FB685B68B3F5827F11D1FB68AC
:106DE0009B68B3F5004F04D0FB689B68B3F5806FD8
:106DF00007D1FB681B681A68FB681B6822F0400219
:106E00001A60FB685B68B3F5827F2AD1FB689B68D8
:106E1000B3F5806F12D07B680093BB68002280219D
:106E2000F868FFF749FF0346002B2DD0FB685B6D28
:106E300043F02002FB685A65032326E07B68009339
:106E4000BB6800220121F868FFF736FF0346002BDC
:106E50001AD0FB685B6D43F02002FB685A65032380
:106E600013E07B680093BB6800220121F868FFF7FC
:106E700023FF0346002B07D0FB685B6D43F0200225
:106E8000FB685A65032300E0002318461037BD460F
:106E900080BD000080B588B002AFF860B9607A604C
:106EA0007B680093BB6801220221F868FFF704FFAA
:106EB0000346002B07D0FB685B6D43F02002FB68A4
:106EC0005A65032332E01B4B1B681B4AA2FB0323BA
:106ED0005B0D4FF47A7202FB03F37B61FB685B6826
:106EE000B3F5827F12D17B680093BB6800228021BA
:106EF000F868FFF7E1FE0346002B16D0FB685B6DD8
:106F000043F02002FB685A6503230FE07B69002BE6
:106F10000AD07B69013B7B61FB681B689B6803F0BF
:106F20008003802BF2D000E000BF00231846183702
:106F3000BD4680BD5C000020819F5E1680B582B09A
:106F400000AF78607B68002B01D1012342E07B68B1
:106F500093F84130DBB2002B06D17B68002283F826
:106F60004020786808F068FC7B68242283F8412080
:106F70007B681B68DA687B681B6822F40052DA6061
:106F8000786800F07BFF7B681B681A697B681B6868
:106F900022F490421A617B681B685A697B681B68FF
:106FA00022F02A025A617B681B68DA687B681B68DA
:106FB00042F40052DA607B6800225A647B68202227
:106FC00083F841207B68202283F842207B680022DE
:106FD0005A63002318460837BD4680BD80B582B08D
:106FE00000AF78607B68002B01D1012324E07B682F
:106FF000242283F841207B681B68DA687B681B6861
:1070000022F40052DA60786808F0E0FC7B68002225
:107010005A647B68002283F841207B68002283F851
:1070200042207B6800221A637B6800225A637B68D7
:10703000002283F84020002318460837BD4680BD53
:1070400080B58AB002AFF860B9603B601346FB8040
:1070500000237B61FB6893F84130DBB2202B75D1B4
:10706000BB68002B02D0FB88002B01D101236EE00E
:10707000FB6800225A64FB68212283F84120FDF757
:10708000EFFA7861FB68FA889A84FB68FA88DA84F8
:10709000FB689B68B3F5805F08D1FB681B69002B18
:1070A00004D10023FB61BB68BB6103E0BB68FB61EB
:1070B0000023BB612EE03B6800937B6900228021A6
:1070C000F86800F0ADFC0346002B05D0FB682022D9
:1070D00083F8412003233AE0FB69002B0BD1BB6905
:1070E0001B881A46FB681B68C2F308025A60BB691A
:1070F0000233BB6107E0FB691A78FB681B685A60C2
:10710000FB690133FB61FB68DB8C9BB2013B9AB2EC
:10711000FB68DA84FB68DB8C9BB2002BCBD13B682D
:1071200000937B6900224021F86800F079FC034657
:10713000002B05D0FB68202283F84120032306E0C2
:10714000FB68202283F84120002300E00223184638
:107150002037BD4680BD80B485B000AFF860B9600F
:107160001346FB80FB6893F84130DBB2202B21D122
:10717000BB68002B02D0FB88002B01D101231AE051
:10718000FB68BA681A62FB68FA889A84FB68FA8816
:10719000DA84FB6800225A64FB68212283F84120CC
:1071A000FB681B68DA68FB681B6842F08002DA60E3
:1071B000002300E0022318461437BD465DF8047B27
:1071C000704780B584B000AFF860B9601346FB80AB
:1071D000FB6893F84230DBB2202B12D1BB68002B46
:1071E00002D0FB88002B01D101230BE0FB680022B9
:1071F0001A63FB881A46B968F86800F06AFC03460F
:1072000000E0022318461037BD4680BD80B5A0B00F
:1072100000AF78607B681B680C33FB65FB6D53E83F
:10722000003FBB65BB6D23F4F073FB677B681B6895
:107230000C33FA6FBA667B66796EBA6E41E800234A
:107240003B663B6E002BE5D17B681B681433BB6447
:10725000BB6C53E8003F7B647B6C23F00103BB678E
:107260007B681B681433BA6F7A653B65396D7A6D3C
:1072700041E80023FB64FB6C002BE5D17B681B6BB2
:10728000012B19D17B681B680C337B637B6B53E844
:10729000003F3B633B6B23F010037B677B681B68FD
:1072A0000C337A6F3A64FB63F96B3A6C41E8002364
:1072B000BB63BB6B002BE5D17B681B685B6903F08C
:1072C0008003802B36D17B681B6814333B623B6A9A
:1072D00053E8003FFB61FB6923F080033B677B6859
:1072E0001B6814333A6FFA62BB62B96AFA6A41E802
:1072F00000237B627B6A002BE5D17B689B6B002BB4
:1073000018D07B689B6B00221A657B689B6B1846C4
:10731000FCF793FF0346002B0CD07B689B6B184651
:10732000FDF72BF80346202B04D17B6810225A640A
:10733000032352E07B681B685B6903F04003402B2A
:1073400036D17B681B681433FB60FB6853E8003F51
:10735000BB60BB6823F04003FB667B681B6814338B
:10736000FA6EBA617B617969BA6941E800233B61D1
:107370003B69002BE5D17B68DB6B002B18D07B6869
:10738000DB6B00221A657B68DB6B1846FCF755FF48
:107390000346002B0CD07B68DB6B1846FCF7EDFF37
:1073A0000346202B04D17B6810225A64032314E087
:1073B0007B680022DA847B680022DA857B68002201
:1073C0005A647B68202283F842207B68202283F85D
:1073D00041207B6800221A63002318468037BD468F
:1073E00080BD80B58EB000AF78607B681B680C33C1
:1073F0003B623B6A53E8003FFB61FB6923F0C0033B
:107400007B637B681B680C337A6BFA62BB62B96A78
:10741000FA6A41E800237B627B6A002BE5D17B6836
:107420001B685B6903F08003802B36D17B681B6887
:107430001433FB60FB6853E8003FBB60BB6823F07C
:1074400080033B637B681B6814333A6BBA617B61D2
:107450007969BA6941E800233B613B69002BE5D1BA
:107460007B689B6B002B18D07B689B6B00221A6596
:107470007B689B6B1846FCF7E0FE0346002B0CD0A4
:107480007B689B6B1846FCF778FF0346202B04D1E2
:107490007B6810225A64032307E07B680022DA84A9
:1074A0007B68202283F84120002318463837BD46E8
:1074B00080BD000080B5BAB000AF78607B681B6803
:1074C0001B68C7F8E4307B681B68DB68C7F8E030EE
:1074D0007B681B685B69C7F8DC300023C7F8D830CD
:1074E0000023C7F8D430D7F8E43003F00F03C7F80F
:1074F000D830D7F8D830002B0FD1D7F8E43003F0CC
:107500002003002B09D0D7F8E03003F02003002B34
:1075100003D0786800F0F3FB73E2D7F8D830002B83
:1075200000F0DE80D7F8DC3003F00103002B06D139
:10753000D7F8E03003F49073002B00F0D180D7F837
:10754000E43003F00103002B0BD0D7F8E03003F454
:107550008073002B05D07B685B6C43F001027B6875
:107560005A64D7F8E43003F00403002B0BD0D7F8AB
:10757000DC3003F00103002B05D07B685B6C43F02B
:1075800002027B685A64D7F8E43003F00203002B50
:107590000BD0D7F8DC3003F00103002B05D07B685B
:1075A0005B6C43F004027B685A64D7F8E43003F064
:1075B0000803002B11D0D7F8E03003F02003002B94
:1075C00005D1D7F8DC3003F00103002B05D07B6830
:1075D0005B6C43F008027B685A647B685B6C002B31
:1075E00000F00A82D7F8E43003F02003002B08D023
:1075F000D7F8E03003F02003002B02D0786800F0C9
:107600007EFB7B681B685B6903F04003402B0CBF6B
:1076100001230023DBB2C7F8D4307B685B6C03F036
:107620000803002B03D1D7F8D430002B4FD0786853
:1076300000F089FA7B681B685B6903F04003402B0C
:1076400041D17B681B681433C7F89C30D7F89C3055
:1076500053E8003FC7F89830D7F8983023F040033C
:10766000C7F8D0307B681B681433D7F8D020C7F830
:10767000A820C7F8A430D7F8A410D7F8A82041E86C
:107680000023C7F8A030D7F8A030002BD9D17B68F1
:10769000DB6B002B13D07B68DB6B8A4A1A657B6837
:1076A000DB6B1846FCF739FE0346002B16D07B68CF
:1076B000DB6B1B6D7A68D26B104698470EE07868DA
:1076C00008F09AFE0AE0786808F096FE06E078680E
:1076D00008F092FE7B6800225A648DE100BF8BE1C6
:1076E0007B681B6B012B40F06781D7F8E43003F017
:1076F0001003002B00F06081D7F8E03003F0100396
:10770000002B00F059810023BB607B681B681B685D
:10771000BB607B681B685B68BB60BB687B681B6881
:107720005B6903F04003402B40F0CE807B68DB6B4D
:107730001B685B68A7F8BE30B7F8BE30002B00F0BE
:10774000A9807B689B8DB7F8BE209A4280F0A2800A
:107750007B68B7F8BE20DA857B68DB6BDB69B3F545
:10776000807F00F088807B681B680C33C7F8883006
:10777000D7F8883053E8003FC7F88430D7F8843012
:1077800023F48073C7F8B8307B681B680C33D7F8D4
:10779000B820C7F89420C7F89030D7F89010D7F8E1
:1077A000942041E80023C7F88C30D7F88C30002BA8
:1077B000D9D17B681B6814337B677B6F53E8003F2C
:1077C0003B673B6F23F00103C7F8B4307B681B684D
:1077D0001433D7F8B420C7F88020FB67F96FD7F8C7
:1077E000802041E80023BB67BB6F002BE1D17B68A1
:1077F0001B6814333B663B6E53E8003FFB65FB6D33
:1078000023F04003C7F8B0307B681B681433D7F807
:10781000B020FA66BB66B96EFA6E41E800237B665B
:107820007B6E002BE3D17B68202283F842207B68AB
:1078300000221A637B681B680C33FB64FB6C53E803
:10784000003FBB64BB6C23F01003C7F8AC307B680F
:107850001B680C33D7F8AC20BA657B65796DBA6DBF
:1078600041E800233B653B6D002BE3D17B68DB6B7C
:107870001846FCF7E2FC7B6802225A637B689A8D0B
:107880007B68DB8D9BB2D31A9BB21946786800F0F7
:10789000BBF8B3E07B689B8DB7F8BE209A4240F0FE
:1078A000AD807B68DB6BDB69B3F5807F40F0A68041
:1078B0007B6802225A637B689B8D1946786800F0CA
:1078C000A3F89BE00D7C01087B689A8D7B68DB8DBB
:1078D0009BB2D31AA7F8CE307B68DB8D9BB2002B0E
:1078E00000F08E80B7F8CE30002B00F089807B68E6
:1078F0001B680C33BB63BB6B53E8003F7B637B6B44
:1079000023F49073C7F8C8307B681B680C33D7F832
:10791000C8207A643B64396C7A6C41E80023FB63CD
:10792000FB6B002BE3D17B681B6814337B627B6AA3
:1079300053E8003F3B623B6A23F00103C7F8C430C1
:107940007B681B681433D7F8C4203A63FB62F96A7A
:107950003A6B41E80023BB62BB6A002BE3D17B6832
:10796000202283F842207B6800221A637B681B6810
:107970000C333B613B6953E8003FFB60FB6823F03D
:107980001003C7F8C0307B681B680C33D7F8C020E1
:10799000FA61BB61B969FA6941E800237B617B69DF
:1079A000002BE3D17B6802225A63B7F8CE30194628
:1079B000786800F029F823E0D7F8E43003F080037A
:1079C000002B09D0D7F8E03003F08003002B03D060
:1079D000786800F02CF914E0D7F8E43003F04003A5
:1079E000002B0ED0D7F8E03003F04003002B08D076
:1079F000786800F06CF904E000BF02E000BF00E02E
:107A000000BFE837BD4680BD80B483B000AF78606A
:107A10000B467B8000BF0C37BD465DF8047B70478A
:107A200080B586B000AFF860B9603B601346FB716B
:107A30003BE03B6AB3F1FF3F37D0FCF711FE024653
:107A40003B68D31A3A6A9A4202D33B6A002B01D1AF
:107A500003233AE0FB681B68DB6803F00403002B98
:107A600023D0BB68802B20D0BB68402B1DD0FB6887
:107A70001B681B6803F00803082B16D100237B61E9
:107A8000FB681B681B687B61FB681B685B687B612C
:107A90007B69F86800F057F8FB6808225A64FB68B5
:107AA000002283F8402001230FE0FB681B681A685E
:107AB000BB681340BA689A420CBF01230023DBB2B3
:107AC0001A46FB799A42B4D0002318461837BD46AF
:107AD00080BD80B485B000AFF860B9601346FB800C
:107AE000FB68BA689A62FB68FA889A85FB68FA882C
:107AF000DA85FB6800225A64FB68222283F8422060
:107B0000FB681B69002B07D0FB681B68DA68FB6801
:107B10001B6842F48072DA60FB681B685A69FB6874
:107B20001B6842F001025A61FB681B68DA68FB6857
:107B30001B6842F02002DA60002318461437BD4665
:107B40005DF8047B704780B495B000AF78607B68C7
:107B50001B680C337B637B6B53E8003F3B633B6BE1
:107B600023F49073FB647B681B680C33FA6C3A64F3
:107B7000FB63F96B3A6C41E80023BB63BB6B002BE2
:107B8000E5D17B681B6814333B623B6A53E8003FD6
:107B9000FB61FB6923F00103BB647B681B68143342
:107BA000BA6CFA62BB62B96AFA6A41E800237B6286
:107BB0007B6A002BE5D17B681B6B012B19D17B689D
:107BC0001B680C33FB60FB6853E8003FBB60BB687D
:107BD00023F010037B647B681B680C337A6CBA61FA
:107BE0007B617969BA6941E800233B613B69002BFD
:107BF000E5D17B68202283F842207B6800221A634B
:107C000000BF5437BD465DF8047B704780B584B033
:107C100000AF78607B689B6BFB60FB680022DA85B5
:107C2000F86808F0E9FB00BF1037BD4680BD80B49E
:107C300085B000AF78607B6893F84130DBB2212BD0
:107C40003ED17B689B68B3F5805F14D17B681B696C
:107C5000002B10D17B681B6AFB60FB681B881A46EF
:107C60007B681B68C2F308025A607B681B6A9A1C17
:107C70007B681A6208E07B681B6A591C7A6811628B
:107C80001A787B681B685A607B68DB8C9BB2013B6F
:107C90009BB27A681946D184002B0FD17B681B6890
:107CA000DA687B681B6822F08002DA607B681B68F8
:107CB000DA687B681B6842F04002DA60002300E06B
:107CC000022318461437BD465DF8047B704780B523
:107CD00082B000AF78607B681B68DA687B681B68DD
:107CE00022F04002DA607B68202283F84120786825
:107CF00008F06CFB002318460837BD4680BD80B5F0
:107D00008CB000AF78600023FB620023BB627B680D
:107D100093F84230DBB2222B40F0AA807B689B684C
:107D2000B3F5805F15D17B681B69002B11D17B688F
:107D30009B6ABB627B681B685B689BB2C3F30803EA
:107D40009AB2BB6A1A807B689B6A9A1C7B689A62AB
:107D500024E07B689B6AFB627B689B68B3F5805F6D
:107D600007D07B689B68002B0AD17B681B69002BBE
:107D700006D17B681B685B68DAB2FB6A1A7008E0A0
:107D80007B681B685B68DBB203F07F03DAB2FB6AD7
:107D90001A707B689B6A5A1C7B689A627B68DB8DD1
:107DA0009BB2013B9BB27A681946D185002B5DD10D
:107DB0007B681B68DA687B681B6822F02002DA6047
:107DC0007B681B68DA687B681B6822F48072DA6063
:107DD0007B681B685A697B681B6822F001025A6144
:107DE0007B68202283F842207B6800225A637B68EC
:107DF0001B6B012B35D17B6800221A637B681B68E3
:107E00000C337B617B6953E8003F3B613B6923F0A6
:107E100010037B627B681B680C337A6A3A62FB61F1
:107E2000F9693A6A41E80023BB61BB69002BE5D1DF
:107E30007B681B681B6803F01003102B0AD100231A
:107E4000FB607B681B681B68FB607B681B685B686A
:107E5000FB60FB687B689B8D19467868FFF7D4FD53
:107E600002E0786808F056FA002302E0002300E000
:107E7000022318463037BD4680BD00002DE9B04FC3
:107E8000C0B000AFC7F8F400D7F8F4301B681B6926
:107E900023F44050D7F8F430D968D7F8F4301A6892
:107EA00040EA01031361D7F8F4309A68D7F8F43048
:107EB0001B691A43D7F8F4305B691A43D7F8F430DA
:107EC000DB691343C7F8F830D7F8F4301B68DB6878
:107ED00023F4164121F00C01D7F8F4301A68D7F8D2
:107EE000F8300B43D360D7F8F4301B685B6923F498
:107EF0004070D7F8F4309969D7F8F4301A6840EA3E
:107F000001035361D7F8F4301A688F4B9A4205D0B9
:107F1000D7F8F4301A688D4B9A4204D1FBF764FE0F
:107F2000C7F8FC0003E0FBF74BFEC7F8FC00D7F8EE
:107F3000F430DB69B3F5004F40F00C81D7F8FC302A
:107F40000022C7F8E830C7F8EC20D7E93A452246C6
:107F50002B469118B9655B41FB65D7E9162321468D
:107F600012EB0108294643EB01094FF000024FF0E4
:107F700000034FEAC90343EA58734FEAC802904628
:107F80009946234618EB0303C7F8E0302B4649EB2C
:107F90000303C7F8E430D7F8F4305B680022C7F871
:107FA000D830C7F8DC20D7E936120B46DB183B6522
:107FB000134642EB03037B65D7E91423D7E9380165
:107FC000F8F7CCFC02460B46614BA3FB02235B098E
:107FD0001C01D7F8FC300022C7F8D030C7F8D420F5
:107FE000D7E9348942464B469118B9645B41FB643A
:107FF000D7E91223414612EB010A494643EB010B34
:108000004FF000024FF000034FEACB0343EA5A73EC
:108010004FEACA0292469B4643461AEB0303C7F84F
:10802000C8304B464BEB0303C7F8CC30D7F8F430DD
:108030005B680022C7F8C030C7F8C420D7E9301207
:108040000B46DB183B64134642EB03037B64D7E922
:108050001023D7E93201F8F781FC02460B4611469E
:108060003B4BA3FB01235B09642202FB03F3CB1A06
:10807000DB0003F13202364BA3FB02235B095B00FA
:1080800003F4F8731C44D7F8FC300022C7F8B8306A
:10809000C7F8BC20D7E92E8942464B469118B963F0
:1080A0005B41FB63D7E90E234146511839634946CA
:1080B0004B417B634FF000024FF00003D7E90CAB5C
:1080C0005946CB00514643EA51735146CA00104607
:1080D0001946034642469B18C7F8B0304B460A463D
:1080E00042EB0303C7F8B430D7F8F4305B680022E2
:1080F000C7F8A830C7F8AC20D7E92A120B46DB181E
:10810000BB62134642EB0303FB62D7E90A23D7E9BC
:108110002C01F8F723FC02460B460D4BA3FB021380
:108120005B09642101FB03F3D31ADB003233084AF5
:10813000A2FB03235B0903F00702D7F8F4301B68A6
:1081400022449A6006E100BF001001400014014083
:108150001F85EB51D7F8FC300022C7F8A030C7F8D4
:10816000A420D7E9288942464B46911839625B41E1
:108170007B62D7E9082341465418494643EB010581
:108180004FF000024FF00003EB0043EA5473E200AB
:1081900014461D464346E318C7F898304B4645EB56
:1081A0000303C7F89C30D7F8F4305B680022C7F8A7
:1081B0009030C7F894204FF000024FF00003D7E949
:1081C000244529468B00214643EA917321468A00C3
:1081D000D7E92601F8F7C2FB02460B46604BA3FB2A
:1081E00002235B091C01D7F8FC300022C7F8883055
:1081F000C7F88C20D7E9228942464B469118B961CD
:108200005B41FB61D7E90623414651183961494674
:108210004B417B614FF000024FF00003D7E904AB04
:108220005946CB00514643EA51735146CA001046A5
:108230001946034642469B18C7F880304B460A460B
:1082400042EB0303C7F88430D7F8F4305B680022B0
:10825000BB67FA674FF000024FF00003D7E91E89B1
:1082600049468B00414643EA917341468A00D7E96B
:108270002001F8F773FB02460B461146384BA3FB6F
:1082800001235B09642202FB03F3CB1A1B01323387
:10829000334AA2FB03235B0903F0F0031C44D7F825
:1082A000FC3000223B677A67D7E91C8942464B467F
:1082B0009118B9605B41FB60D7E902234146511830
:1082C000396049464B417B604FF000024FF000039C
:1082D000D7E900AB5946CB00514643EA51735146AA
:1082E000CA0010461946034642469B18BB664B46D9
:1082F0000A4642EB0303FB66D7F8F4305B680022C2
:108300003B667A664FF000024FF00003D7E9188908
:1083100049468B00414643EA917341468A00D7E9BA
:108320001A01F8F71BFB02460B460D4BA3FB021389
:108330005B09642101FB03F3D31A1B013233084AA2
:10834000A2FB03235B0903F00F02D7F8F4301B688C
:1083500022449A6000BF07F58077BD46BDE8B08F24
:108360001F85EB5180B483B000AF78607B6803F168
:1083700008027B685A607B684FF0FF329A607B6826
:1083800003F108027B68DA607B6803F108027B680E
:108390001A617B6800221A6000BF0C37BD465DF889
:1083A000047B704780B483B000AF78607B680022A4
:1083B0001A6100BF0C37BD465DF8047B704780B47E
:1083C00085B000AF786039607B685B68FB603B68B4
:1083D000FA685A60FB689A683B689A60FB689B6819
:1083E0003A685A60FB683A689A603B687A681A6132
:1083F0007B681B685A1C7B681A6000BF1437BD4637
:108400005DF8047B704780B485B000AF7860396058
:108410003B681B68BB60BB68B3F1FF3F03D17B685F
:108420001B69FB600CE07B680833FB6002E0FB68C3
:108430005B68FB60FB685B681B68BA689A42F6D2AF
:10844000FB685A683B685A603B685B683A689A60A8
:108450003B68FA689A60FB683A685A603B687A68D9
:108460001A617B681B685A1C7B681A6000BF14374E
:10847000BD465DF8047B704780B485B000AF78607E
:108480007B681B69FB607B685B687A6892689A60AE
:108490007B689B687A6852685A60FB685B687A6898
:1084A0009A4203D17B689A68FB685A607B68002215
:1084B0001A61FB681B685A1EFB681A60FB681B6820
:1084C00018461437BD465DF8047B704780B584B00C
:1084D00000AF786039607B68FB60FB68002B0BD1D4
:1084E0004FF0500383F31188BFF36F8FBFF34F8FAB
:1084F000BB6000BF00BFFDE702F02EFDFB681A68FD
:10850000FB68DB6BF968096C01FB03F31A44FB6839
:108510009A60FB6800229A63FB681A68FB685A60DD
:10852000FB681A68FB68DB6B013BF968096C01FBAF
:1085300003F31A44FB68DA60FB68FF2283F84420E7
:10854000FB68FF2283F845203B68002B14D1FB68B1
:108550001B69002B1AD0FB681033184601F02AFA69
:108560000346002B12D00D4B4FF080521A60BFF320
:108570004F8FBFF36F8F09E0FB6810331846FFF78A
:10858000F1FEFB6824331846FFF7ECFE02F016FDFF
:10859000012318461037BD4680BD00BF04ED00E042
:1085A00080B58EB002AFF860B9607A603B60FB685E
:1085B000002B0BD14FF0500383F31188BFF36F8F63
:1085C000BFF34F8FBB6200BF00BFFDE73B68002BCE
:1085D0000BD14FF0500383F31188BFF36F8FBFF3BC
:1085E0004F8F7B6200BF00BFFDE77B68002B02D08E
:1085F000BB68002B01D0012300E00023002B0BD12E
:108600004FF0500383F31188BFF36F8FBFF34F8F89
:108610003B6200BF00BFFDE77B68002B02D1BB6857
:10862000002B01D1012300E00023002B0BD14FF0E0
:10863000500383F31188BFF36F8FBFF34F8FFB613C
:1086400000BF00BFFDE748237B617B69482B0BD04F
:108650004FF0500383F31188BFF36F8FBFF34F8F39
:10866000BB6100BF00BFFDE77B693B68FB62FB6A43
:10867000002B0DD0FB6A012283F8462097F83820A2
:10868000FB6A009313467A68B968F86800F040F80E
:10869000FB6A18463037BD4680BD80B58AB002AF50
:1086A000F860B9601346FB71FB68002B0BD14FF0EB
:1086B000500383F31188BFF36F8FBFF34F8F3B617C
:1086C00000BF00BFFDE7FB68BA6802FB03F3FB6174
:1086D000FB694833184602F01DF9B861BB69002BED
:1086E00011D0BB697B617B6948337B61BB69002228
:1086F00083F84620FA79BB69009313467A69B96812
:10870000F86800F005F8BB6918462037BD4680BD03
:1087100080B584B000AFF860B9607A60FB70BB6868
:10872000002B03D1BB69BA691A6002E0BB697A68A1
:108730001A60BB69FA68DA63BB69BA681A64012116
:10874000B869FFF7C3FE00BF1037BD4680BD80B5D6
:1087500082B000AF78607B68002B0ED07B6800226F
:108760009A607B6800221A607B680022DA6000232E
:1087700000220021786800F037F800BF0837BD46B6
:1087800080BD80B586B000AF0346FB7101237B61DD
:1087900000233B61FB791A4639697869FFF77DFF51
:1087A000F860F868FFF7D3FFFB6818461837BD4636
:1087B00080BD80B588B002AF03463960FB710123EC
:1087C0007B6100233B61FB7900933B6800223969A0
:1087D0007869FFF7E5FEF860F868FFF7B8FFFB6817
:1087E00018461837BD4680BD80B58EB000AFF86022
:1087F000B9607A603B6000237B63FB683B633B6B43
:10880000002B0BD14FF0500383F31188BFF36F8F10
:10881000BFF34F8FBB6200BF00BFFDE7BB68002BFB
:1088200003D13B6B1B6C002B01D1012300E0002323
:10883000002B0BD14FF0500383F31188BFF36F8FE0
:10884000BFF34F8F7B6200BF00BFFDE73B68022B89
:1088500003D13B6BDB6B012B01D1012300E0002333
:10886000002B0BD14FF0500383F31188BFF36F8FB0
:10887000BFF34F8F3B6200BF00BFFDE701F062FA1C
:108880000346002B02D17B68002B01D1012300E0BD
:108890000023002B0BD14FF0500383F31188BFF35B
:1088A0006F8FBFF34F8FFB6100BF00BFFDE702F08A
:1088B00053FB3B6B9A6B3B6BDB6B9A4202D33B687F
:1088C000022B29D13A68B968386B00F0C9FAF8620E
:1088D0003B6B5B6A002B10D03B6B2433184601F0D6
:1088E00069F80346002B13D03F4B4FF080521A60BB
:1088F000BFF34F8FBFF36F8F0AE0FB6A002B07D0E7
:10890000394B4FF080521A60BFF34F8FBFF36F8F18
:1089100002F054FB012363E07B68002B03D102F0DB
:108920004DFB00235CE07B6B002B06D107F11403A9
:10893000184601F0A3F801237B6302F03FFB00F02F
:1089400025FE02F009FB3B6B93F844305BB2B3F1B8
:10895000FF3F03D13B6B002283F844203B6B93F82D
:1089600045305BB2B3F1FF3F03D13B6B002283F88C
:10897000452002F023FB3A1D07F114031146184667
:1089800001F092F80346002B24D1386B00F060FB15
:108990000346002B18D03B6B10337A6811461846FB
:1089A00000F0E2FF386B00F0EBFA00F0FDFD03464B
:1089B000002B7FF47CAF0C4B4FF080521A60BFF35A
:1089C0004F8FBFF36F8F72E7386B00F0D9FA00F06A
:1089D000EBFD6CE7386B00F0D3FA00F0E5FD002307
:1089E00018463837BD4680BD04ED00E080B58EB036
:1089F00000AF786039607B683B633B6B002B0BD129
:108A00004FF0500383F31188BFF36F8FBFF34F8F85
:108A10003B6200BF00BFFDE73B6B1B6C002B0BD024
:108A20004FF0500383F31188BFF36F8FBFF34F8F65
:108A3000FB6100BF00BFFDE73B6B1B68002B03D150
:108A40003B6B9B68002B01D1012300E00023002B2E
:108A50000BD14FF0500383F31188BFF36F8FBFF337
:108A60004F8FBB6100BF00BFFDE702F055FBEFF386
:108A700011824FF0500383F31188BFF36F8FBFF360
:108A80004F8F7A613B617B69FB623B6B9B6BBB6287
:108A90003B6BDB6BBA6A9A422BD23B6B93F8453047
:108AA00087F82730BB6A5A1C3B6B9A6397F92730CB
:108AB000B3F1FF3F12D13B6B5B6A002B16D03B6BCF
:108AC0002433184600F076FF0346002B0ED03B6897
:108AD000002B0BD03B6801221A6007E097F8273083
:108AE0000133DBB25AB23B6B83F8452001237B6331
:108AF00001E000237B63FB6AFB60FB6883F3118862
:108B000000BF7B6B18463837BD4680BD80B58EB040
:108B100000AF7860396000237B637B68FB620023D1
:108B20003B63FB6A002B0BD14FF0500383F311889A
:108B3000BFF36F8FBFF34F8F3B6200BF00BFFDE7F6
:108B4000FB6A1B6C002B0BD04FF0500383F3118892
:108B5000BFF36F8FBFF34F8FFB6100BF00BFFDE717
:108B600001F0F0F80346002B02D13B68002B01D145
:108B7000012300E00023002B0BD14FF0500383F3BF
:108B80001188BFF36F8FBFF34F8FBB6100BF00BF72
:108B9000FDE702F0E1F9FB6A9B6BBB62BB6A002B4D
:108BA00024D0BB6A5A1EFB6A9A63FB6A1B68002BBF
:108BB00004D101F073FA0246FB6A9A60FB6A1B69F2
:108BC000002B0FD0FB6A1033184600F0F3FE03466B
:108BD000002B07D0544B4FF080521A60BFF34F8FD9
:108BE000BFF36F8F02F0EAF9012398E03B68002B96
:108BF00012D13B6B002B0BD04FF0500383F3118845
:108C0000BFF36F8FBFF34F8F7B6100BF00BFFDE7E6
:108C100002F0D4F9002382E07B6B002B06D107F130
:108C20000C03184600F02AFF01237B6302F0C6F90B
:108C300000F0ACFC02F090F9FB6A93F844305BB2B0
:108C4000B3F1FF3F03D1FB6A002283F84420FB6AA3
:108C500093F845305BB2B3F1FF3F03D1FB6A0022CA
:108C600083F8452002F0AAF93A4607F10C031146B1
:108C7000184600F019FF0346002B32D1F86A00F0C5
:108C8000D1F90346002B26D0FB6A1B68002B09D1C3
:108C900002F062F9FB6A9B68184601F071F83863CC
:108CA00002F08CF9FB6A24333A681146184600F04A
:108CB0005BFEF86A00F064F900F076FC0346002BD6
:108CC0007FF467AF184B4FF080521A60BFF34F8F9D
:108CD000BFF36F8F5DE7F86A00F052F900F064FCB3
:108CE00057E7F86A00F04CF900F05EFCF86A00F013
:108CF00099F90346002B3FF44CAF3B6B002B0DD092
:108D000002F02AF9F86A00F093F87862FB6A9B682F
:108D1000796A184601F032F902F050F9002318463A
:108D20003837BD4680BD00BF04ED00E080B58EB091
:108D300000AFF860B9607A60FB683B633B6B002B67
:108D40000BD14FF0500383F31188BFF36F8FBFF344
:108D50004F8F3B6200BF00BFFDE7BB68002B03D114
:108D60003B6B1B6C002B01D1012300E00023002B87
:108D70000BD14FF0500383F31188BFF36F8FBFF314
:108D80004F8FFB6100BF00BFFDE702F0C5F9EFF3B5
:108D900011824FF0500383F31188BFF36F8FBFF33D
:108DA0004F8FBA617B61BB69FB623B6B9B6BBB62A4
:108DB000BB6A002B2FD03B6B93F8443087F82730E9
:108DC000B968386B00F0B6F8BB6A5A1E3B6B9A6301
:108DD00097F92730B3F1FF3F12D13B6B1B69002B92
:108DE00016D03B6B1033184600F0E4FD0346002B11
:108DF0000ED07B68002B0BD07B6801221A6007E045
:108E000097F827300133DBB25AB23B6B83F844202A
:108E100001237B6301E000237B63FB6A3B613B69C9
:108E200083F3118800BF7B6B18463837BD4680BD81
:108E300080B485B000AF78607B685B6A002B06D099
:108E40007B681B6B1B68C3F10703FB6001E0002319
:108E5000FB60FB6818461437BD465DF8047B70471D
:108E600080B586B000AFF860B9607A6000237B619E
:108E7000FB689B6B3B61FB681B6C002B0DD1FB6897
:108E80001B68002B4DD1FB689B68184600F0EEFF75
:108E90007861FB6800229A6043E07B68002B19D15F
:108EA000FB685868FB681B6C1A46B9680DF0A6FE93
:108EB000FB685A68FB681B6C1A44FB685A60FB68C5
:108EC0005A68FB689B689A422BD3FB681A68FB6858
:108ED0005A6026E0FB68D868FB681B6C1A46B968C4
:108EE0000DF08CFEFB68DA68FB681B6C5B421A4471
:108EF000FB68DA60FB68DA68FB681B689A4207D295
:108F0000FB689A68FB681B6C5B421A44FB68DA607A
:108F10007B68022B05D13B69002B02D03B69013BEA
:108F20003B613B695A1CFB689A637B69184618379A
:108F3000BD4680BD80B582B000AF786039607B6887
:108F40001B6C002B18D07B68DA687B681B6C1A449A
:108F50007B68DA607B68DA687B689B689A4203D337
:108F60007B681A687B68DA607B68D9687B681B6CF1
:108F70001A4638680DF042FE00BF0837BD4680BD76
:108F800080B584B000AF786001F0E6FF7B6893F8AD
:108F90004530FB7311E07B685B6A002B12D07B6865
:108FA0002433184600F006FD0346002B01D000F0E4
:108FB000DFFDFB7B013BDBB2FB7397F90F30002B2E
:108FC000E9DC00E000BF7B68FF2283F8452001F068
:108FD000F5FF01F0C1FF7B6893F84430BB7311E0EB
:108FE0007B681B69002B12D07B681033184600F099
:108FF000E1FC0346002B01D000F0BAFDBB7B013B36
:10900000DBB2BB7397F90E30002BE9DC00E000BF48
:109010007B68FF2283F8442001F0D0FF00BF1037A7
:10902000BD4680BD80B584B000AF786001F094FF8C
:109030007B689B6B002B02D10123FB6001E00023C6
:10904000FB6001F0BBFFFB6818461037BD4680BDD2
:1090500080B584B000AF786001F07EFF7B689A6BCA
:109060007B68DB6B9A4202D10123FB6001E00023A5
:10907000FB6001F0A3FFFB6818461037BD4680BDBA
:1090800080B58EB004AFF860B9607A603B607B6BEE
:10909000002B0BD14FF0500383F31188BFF36F8F78
:1090A000BFF34F8F3B6200BF00BFFDE7BB6B002BE0
:1090B0000BD14FF0500383F31188BFF36F8FBFF3D1
:1090C0004F8FFB6100BF00BFFDE74FF4BC733B61F6
:1090D0003B69B3F5BC7F0BD04FF0500383F311888D
:1090E000BFF36F8FBFF34F8FBB6100BF00BFFDE7C2
:1090F0003B69BB6B002B1ED07B6B002B1BD0BB6B6B
:109100007B627B6A7A6B1A637B6A022283F8752121
:10911000002303937B6A029307F1140301933B6BD3
:1091200000933B687A68B968F86800F051F8786A8B
:1091300000F022F901E000237B617B6918462837A3
:10914000BD4680BD80B58CB004AFF860B9603B60AF
:109150001346FB80FB889B00184601F0DBFB78611F
:109160007B69002B0FD04FF4BC7001F0D3FBF8618A
:10917000FB69002B03D0FB697A691A6305E0786903
:1091800001F09CFC01E00023FB61FB69002B17D080
:10919000FB69002283F87521FA8800230393FB6999
:1091A0000293FB6A0193BB6A00933B68B968F86855
:1091B00000F00EF8F86900F0DFF80123BB6102E06F
:1091C0004FF0FF33BB61BB6918462037BD4680BDF9
:1091D00080B588B000AFF860B9607A603B603B6BE7
:1091E000186B7B689B001A46A521F7F7A9FE3B6B1D
:1091F0001A6B7B6803F18043013B9B001344BB6106
:10920000BB6923F00703BB61BB6903F00703002BB5
:109210000BD04FF0500383F31188BFF36F8FBFF370
:109220004F8F7B6100BF00BFFDE7BB68002B1FD0E5
:109230000023FB6112E0BA68FB69134419783A6BAA
:10924000FB69134434330A461A70BA68FB69134445
:109250001B78002B06D0FB690133FB61FB690F2BE8
:10926000E9D900E000BF3B6B002283F8432003E014
:109270003B6B002283F83420BB6A062B01D90623FE
:10928000BB623B6BBA6ADA623B6BBA6A5A643B6B8D
:1092900000229A643B6B04331846FFF783F83B6B5C
:1092A00018331846FFF77EF83B6B3A6B1A61BB6ABE
:1092B000C3F107023B6B9A613B6B3A6B5A623B6BA3
:1092C0000022DA643B6B0022C3F870213B6B002262
:1092D00083F874213B6B50334FF490720021184691
:1092E000F7F72EFE3B6B214A5A653B6B204A9A6585
:1092F0003B6B204ADA65396B4FF001024FF00003F7
:10930000C1E93A233B6B43F20E32A3F8F0203B6BEA
:109310004AF6CD32A3F8F2203B6B41F23422A3F897
:10932000F4203B6B4EF26D62A3F8F6203B6B4DF6DA
:10933000EC62A3F8F8203B6B0522A3F8FA203B6B04
:109340000B22A3F8FC203A68F968B86901F0D6FC52
:1093500002463B6B1A60FB6A002B02D0FB6A3A6B39
:109360001A6000BF2037BD4680BD00BFA4000020AA
:109370000C0100207401002080B582B000AF78603D
:1093800001F0EAFD2A4B1B680133294A1360294B7F
:109390001B68002B09D1274A7B681360244B1B688C
:1093A000012B10D100F00AFC0DE0234B1B68002BB1
:1093B00009D1204B1B68DA6A7B68DB6A9A4202D8C3
:1093C0001C4A7B6813601D4B1B6801331B4A1360EA
:1093D0007B68DB6A01229A40194B1B681343184AC9
:1093E00013607B68DA6A13469B0013449B00154A9E
:1093F0001A447B68043319461046FEF7E0FF01F07B
:10940000DDFD0D4B1B68002B0ED00A4B1B68DA6A82
:109410007B68DB6A9A4207D20B4B4FF080521A608E
:10942000BFF34F8FBFF36F8F00BF0837BD4680BDBE
:10943000F4020020F40100200003002010030020AB
:10944000FC020020F801002004ED00E080B584B0AB
:1094500000AF78600023FB607B68002B18D0144BB2
:109460001B68002B0BD04FF0500383F31188BFF320
:109470006F8FBFF34F8FBB6000BF00BFFDE700F0F1
:1094800085F80021786801F025F800F08DF8F86083
:10949000FB68002B07D1074B4FF080521A60BFF3D7
:1094A0004F8FBFF36F8F00BF1037BD4680BD00BF29
:1094B0001C03002004ED00E080B58AB004AF002357
:1094C000BB6000237B603A46391D07F1080318464C
:1094D00002F0FEFE39687B68BA68029201930023AD
:1094E000009300230A4621492148FFF7C9FD03469E
:1094F000204A13601F4B1B68002B02D001237B61A5
:1095000001E000237B617B69012B1BD14FF05003ED
:1095100083F31188BFF36F8FBFF34F8F3B6100BFA1
:10952000154B1B685033154A1360154B4FF0FF3233
:109530001A60144B01221A60134B00221A6001F0CA
:1095400067FC0FE07B69B3F1FF3F0BD14FF0500395
:1095500083F31188BFF36F8FBFF34F8FFB6000BFA2
:1095600000BFFDE700BF1837BD4680BD207602086A
:10957000899B010818030020F40100200C00002042
:109580001403002000030020F802002080B400AF84
:10959000044B1B680133034A136000BFBD465DF8EE
:1095A000047B70471C03002080B584B000AF00230B
:1095B000FB600023BB60424B1B68002B0BD14FF0BC
:1095C000500383F31188BFF36F8FBFF34F8F3B605E
:1095D00000BF00BFFDE701F0BFFC394B1B68013B3A
:1095E000374A1360364B1B68002B61D1354B1B6823
:1095F000002B5DD02EE0344BDB68DB68FB60FB6842
:1096000018331846FEF738FFFB6804331846FEF798
:1096100033FFFB68DB6A01229A402C4B1B68134323
:109620002A4A1360FB68DA6A13469B0013449B00C6
:10963000274A1A44FB68043319461046FEF7BFFE5A
:10964000FB68DA6A234B1B68DB6A9A4202D3224B1F
:1096500001221A601C4B1B68002BCCD1FB68002B2D
:1096600001D000F04FFB1D4B1B687B607B68002B1B
:1096700010D000F037F80346002B02D0164B012221
:109680001A607B68013B7B607B68002BF1D1134B38
:1096900000221A60104B1B68002B09D00123BB600D
:1096A0000F4B4FF080521A60BFF34F8FBFF36F8F95
:1096B00001F084FCBB6818461037BD4680BD00BF72
:1096C0001C030020F4020020B4020020FC02002051
:1096D000F8010020F401002008030020040300200A
:1096E00004ED00E080B586B000AF00237B614F4BF6
:1096F0001B68002B40F08F804D4B1B6801333B6192
:109700004B4A3B6913603B69002B21D1494B1B68D5
:109710001B68002B0BD04FF0500383F31188BFF36D
:109720006F8FBFF34F8F3B6000BF00BFFDE7414B22
:109730001B68FB60404B1B683E4A13603E4AFB6857
:1097400013603E4B1B6801333C4A136000F0DAFAA9
:109750003B4B1B683A699A4248D3364B1B681B68DF
:10976000002B04D1364B4FF0FF321A603EE0314BF4
:109770001B68DB68DB68BB60BB685B687B603A6961
:109780007B689A4203D22E4A7B6813602EE0BB6846
:1097900004331846FEF770FEBB689B6A002B04D0AA
:1097A000BB6818331846FEF767FEBB68DB6A012208
:1097B0009A40244B1B681343224A1360BB68DA6A41
:1097C00013469B0013449B001F4A1A44BB68043392
:1097D00019461046FEF7F3FDBB68DA6A1B4B1B689F
:1097E000DB6A9A42B9D301237B61B6E7174B1B684A
:1097F000DA6A154913469B0013449B000B441B680F
:10980000012B01D901237B61114B1B68002B07D071
:1098100001237B6104E00F4B1B6801330D4A136089
:109820007B6918461837BD4680BD00BF1C03002069
:10983000F8020020AC020020B00200200C0300203F
:1098400014030020FC020020F8010020F401002095
:10985000080300200403002080B588B000AF3C4B13
:109860001B68002B03D03B4B01221A606CE0394B84
:1098700000221A60384B1B681B6BFB614FF0A5334D
:10988000BB61FB691B68BA699A4211D1FB69043359
:109890001B68BA699A420BD1FB6908331B68BA6925
:1098A0009A4205D1FB690C331B68BA699A4208D009
:1098B000294B1A68284B1B6834331946104602F0AE
:1098C000F4FC264B1B68FB60FB68B3FA83F3FB7266
:1098D000FB7AC3F11F037B6121497A6913469B0020
:1098E00013449B000B441B68002B0BD14FF050031B
:1098F00083F31188BFF36F8FBFF34F8F7B6000BF7F
:1099000000BFFDE77A6913469B0013449B00144A8D
:1099100013443B613B695B685A683B695A603B6929
:109920005A683B6908339A4204D13B695B685A68BC
:109930003B695A603B695B68DB68074A1360064B0A
:109940001B685033074A136000BF2037BD4680BDF7
:109950001C03002008030020F4010020FC0200206A
:10996000F80100200C00002080B584B000AF7860C2
:1099700039607B68002B0BD14FF0500383F31188C3
:10998000BFF36F8FBFF34F8FFB6000BF00BFFDE7DA
:10999000074B1B68183319467868FEF734FD012120
:1099A000386800F097FD00BF1037BD4680BD00BF8E
:1099B000F401002080B586B000AF78607B68DB687A
:1099C000DB683B613B69002B0BD14FF0500383F305
:1099D0001188BFF36F8FBFF34F8FFB6000BF00BFD5
:1099E000FDE73B6918331846FEF746FD1D4B1B6823
:1099F000002B1CD13B6904331846FEF73DFD3B6943
:109A0000DB6A01229A40184B1B681343164A136005
:109A10003B69DA6A13469B0013449B00134A1A44BD
:109A20003B69043319461046FEF7C9FC05E03B6963
:109A3000183319460E48FEF7C2FC3B69DA6A0D4B33
:109A40001B68DB6A9A4205D901237B610A4B01221C
:109A50001A6001E000237B617B6918461837BD4618
:109A600080BD00BF1C030020FC020020F801002084
:109A7000B4020020F40100200803002080B483B069
:109A800000AF7860064B1A687B681A60054B1A684D
:109A90007B685A6000BF0C37BD465DF8047B704799
:109AA0000C030020F802002080B588B000AF786079
:109AB00039607B68002B0BD14FF0500383F3118882
:109AC000BFF36F8FBFF34F8F3B6100BF00BFFDE758
:109AD0003B68002B0BD14FF0500383F31188BFF389
:109AE0006F8FBFF34F8FFB6000BF00BFFDE701F03A
:109AF00033FA1D4B1B68BB617B685B68BA69D31A7C
:109B00007B613B681B68B3F1FF3F02D10023FB611F
:109B100023E07B681A68154B1B689A4207D07B6864
:109B20005B68BA699A4202D30123FB6115E03B6886
:109B30001B687A699A420BD23B681A687B69D21A11
:109B40003B681A607868FFF799FF0023FB6104E027
:109B50003B6800221A600123FB6101F02FFAFB69C8
:109B600018462037BD4680BDF80200200C030020B7
:109B700080B400AF034B01221A6000BFBD465DF800
:109B8000047B70470803002080B582B000AF786086
:109B900000F054F8074B1B68012B07D9064B4FF018
:109BA00080521A60BFF34F8FBFF36F8F02F076FBC6
:109BB000EEE700BFF801002004ED00E080B582B0C0
:109BC00000AF00237B600CE07A6813469B001344CF
:109BD0009B00124A13441846FEF7C4FB7B6801330E
:109BE0007B607B68062BEFD90D48FEF7BBFB0D4869
:109BF000FEF7B8FB0C48FEF7B5FB0C48FEF7B2FBCE
:109C00000B48FEF7AFFB0B4B054A1A600A4B054A9F
:109C10001A6000BF0837BD4680BD00BFF8010020B4
:109C20008402002098020020B4020020C802002014
:109C3000E0020020AC020020B002002080B582B01B
:109C400000AF19E001F088F9104BDB68DB687B603E
:109C50007B6804331846FEF70FFC0D4B1B68013B75
:109C60000B4A13600B4B1B68013B0A4A136001F05F
:109C7000A5F9786800F010F8064B1B68002BE1D1BD
:109C800000BF00BF0837BD4680BD00BFC80200202E
:109C9000F4020020DC02002080B584B000AF7860C0
:109CA0007B6850331846F7F763F97B6893F8753192
:109CB000002B08D17B681B6B184600F0FFFE78680C
:109CC00000F0FCFE19E07B6893F87531012B03D19D
:109CD000786800F0F3FE10E07B6893F87531022B92
:109CE0000BD04FF0500383F31188BFF36F8FBFF396
:109CF0004F8FFB6000BF00BFFDE700BF1037BD46C0
:109D000080BD000080B483B000AF0C4B1B681B68A3
:109D1000002B04D10A4B4FF0FF321A6008E0074BCA
:109D20001B68DB68DB687B607B685B68044A1360E8
:109D300000BF0C37BD465DF8047B7047AC020020C5
:109D40001403002080B483B000AF0B4B1B68002BC2
:109D500002D101237B6008E0084B1B68002B02D175
:109D600002237B6001E000237B607B6818460C3790
:109D7000BD465DF8047B7047000300201C030020F3
:109D800080B584B000AF78607B68BB600023FB6067
:109D90007B68002B5ED0BB68DA6A314B1B68DB6ADC
:109DA0009A424ED2BB689B69002B06DB2C4B1B688A
:109DB000DB6AC3F10702BB689A61BB685969BB687B
:109DC000DA6A13469B0013449B00264A13449942C7
:109DD0002FD1BB6804331846FEF74EFB0346002B19
:109DE0000AD1BB68DB6A012202FA03F3DA431E4B95
:109DF0001B6813401C4A1360194B1B68DA6ABB6866
:109E0000DA62BB68DB6A01229A40174B1B68134376
:109E1000154A1360BB68DA6A13469B0013449B0023
:109E2000104A1A44BB68043319461046FEF7C7FAB5
:109E300004E00B4B1B68DA6ABB68DA620123FB6043
:109E400008E0BB685A6C064B1B68DB6A9A4201D279
:109E50000123FB60FB6818461037BD4680BD00BF7C
:109E6000F4010020F8010020FC02002080B586B03B
:109E700000AF78607B683B6100237B617B68002BCF
:109E800070D03B4B1B683A699A420BD04FF050039D
:109E900083F31188BFF36F8FBFF34F8FFB6000BF59
:109EA00000BFFDE73B699B6C002B0BD14FF05003CB
:109EB00083F31188BFF36F8FBFF34F8FBB6000BF79
:109EC00000BFFDE73B699B6C5A1E3B699A643B6986
:109ED000DA6A3B695B6C9A4244D03B699B6C002B0D
:109EE00040D13B6904331846FEF7C6FA0346002BFF
:109EF00015D13B69DA6A1F4913469B0013449B0046
:109F00000B441B68002B0AD13B69DB6A012202FA71
:109F100003F3DA43184B1B681340174A13603B697D
:109F20005A6C3B69DA623B69DB6AC3F107023B6941
:109F30009A613B69DB6A01229A400F4B1B6813430D
:109F40000D4A13603B69DA6A13469B0013449B0079
:109F5000084A1A443B69043319461046FEF72FFAA3
:109F600001237B617B6918461837BD4680BD00BF61
:109F7000F4010020F8010020FC02002080B588B028
:109F800000AF786039607B68BB6101237B617B68CF
:109F9000002B79D0BB699B6C002B0BD14FF0500389
:109FA00083F31188BFF36F8FBFF34F8FFB6000BF48
:109FB00000BFFDE7BB695B6C3A689A4202D93B6817
:109FC000FB6102E0BB695B6CFB61BB69DB6AFA6940
:109FD0009A4259D0BB699B6C7A699A4254D12C4BF6
:109FE0001B68BA699A420BD14FF0500383F3118872
:109FF000BFF36F8FBFF34F8FBB6000BF00BFFDE7A4
:10A00000BB69DB6A3B61BB69FA69DA62BB699B6960
:10A01000002B04DBFB69C3F10702BB699A61BB69D2
:10A0200059693A6913469B0013449B00194A13442B
:10A03000994229D1BB6904331846FEF71DFA03463D
:10A04000002B0AD1BB69DB6A012202FA03F3DA436F
:10A05000114B1B681340104A1360BB69DB6A012275
:10A060009A400D4B1B6813430B4A1360BB69DA6AB5
:10A0700013469B0013449B00064A1A44BB690433F1
:10A0800019461046FEF79BF900BF2037BD4680BD3C
:10A09000F4010020F8010020FC02002080B400AF91
:10A0A000074B1B68002B04D0054B1B689A6C0132D0
:10A0B0009A64034B1B681846BD465DF8047B7047E5
:10A0C000F401002080B586B000AFF860B9607A6016
:10A0D0003B6000F041FF294B1B6893F87431DBB201
:10A0E000022B1CD0254B1B68D3F87011FA68D243A1
:10A0F0000A40C3F87021214B1B68012283F87421A8
:10A100003B68002B0BD00121386800F0E3F91C4BB1
:10A110004FF080521A60BFF34F8FBFF36F8F00F084
:10A120004DFF00F019FF7B68002B05D0134B1B6817
:10A13000D3F870217B681A60104B1B6893F8743158
:10A14000DBB2022B02D000237B610AE00B4B1B68C1
:10A15000D3F87011BA68D2430A40C3F870210123C2
:10A160007B61064B1B68002283F8742100F026FFF8
:10A170007B6918461837BD4680BD00BFF40100203A
:10A1800004ED00E080B58AB000AFF860B9603B60D4
:10A190001346FB7101237B62FB68002B0BD14FF050
:10A1A000500383F31188BFF36F8FBFF34F8FBB61F1
:10A1B00000BF00BFFDE7FB683B6200F0CDFE3B68DF
:10A1C000002B04D03B6AD3F870213B681A603B6ACD
:10A1D00093F87431FB773B6A022283F87421FB7990
:10A1E000042B2ED801A252F823F000BF67A2010869
:10A1F00001A2010813A2010823A201082DA201084F
:10A200003B6AD3F87021BB681A433B6AC3F87021DC
:10A210002CE03B6AD3F870315A1C3B6AC3F87021BA
:10A2200024E03B6ABA68C3F870211FE0FB7F022B71
:10A2300004D03B6ABA68C3F8702117E000237B6240
:10A2400014E03B6AD3F87031B3F1FF3F0DD04FF00B
:10A25000500383F31188BFF36F8FBFF34F8F7B6180
:10A2600000BF00BFFDE700BF00E000BFFB7F012B88
:10A270003AD13B6A04331846FEF7FEF83B6ADB6AC4
:10A2800001229A401C4B1B6813431B4A13603B6A14
:10A29000DA6A13469B0013449B00184A1A443B6A2F
:10A2A000043319461046FEF78AF83B6A9B6A002B76
:10A2B0000BD04FF0500383F31188BFF36F8FBFF3C0
:10A2C0004F8F3B6100BF00BFFDE73B6ADA6A0C4B72
:10A2D0001B68DB6A9A4207D90A4B4FF080521A601A
:10A2E000BFF34F8FBFF36F8F00F068FE7B6A184695
:10A2F0002837BD4680BD00BFFC020020F8010020C9
:10A30000F401002004ED00E080B58EB000AFF860ED
:10A31000B9603B601346FB7101237B63FB68002B34
:10A320000BD14FF0500383F31188BFF36F8FBFF34E
:10A330004F8F7B6200BF00BFFDE700F0EDFEFB68C2
:10A340003B63EFF311824FF0500383F31188BFF3A7
:10A350006F8FBFF34F8F3A62FB613B6AFB623B68D2
:10A36000002B04D03B6BD3F870213B681A603B6B29
:10A3700093F8743187F82B303B6B022283F87421F9
:10A38000FB79042B2ED801A252F823F009A401086E
:10A39000A1A30108B3A30108C3A30108CDA3010829
:10A3A0003B6BD3F87021BB681A433B6BC3F8702139
:10A3B0002DE03B6BD3F870315A1C3B6BC3F8702116
:10A3C00025E03B6BBA68C3F8702120E097F82B308A
:10A3D000022B04D03B6BBA68C3F8702117E000234E
:10A3E0007B6314E03B6BD3F87031B3F1FF3F0DD0CA
:10A3F0004FF0500383F31188BFF36F8FBFF34F8F7C
:10A40000BB6100BF00BFFDE700BF00E000BF97F8E1
:10A410002B30012B46D13B6B9B6A002B0BD04FF0AE
:10A42000500383F31188BFF36F8FBFF34F8F7B61AE
:10A4300000BF00BFFDE7214B1B68002B1CD13B6B0D
:10A4400004331846FEF718F83B6BDB6A01229A408A
:10A450001B4B1B6813431A4A13603B6BDA6A1346A3
:10A460009B0013449B00174A1A443B6B0433194664
:10A470001046FDF7A4FF05E03B6B18331946124860
:10A48000FDF79DFF3B6BDA6A104B1B68DB6A9A4253
:10A4900008D93B6C002B02D03B6C01221A600C4B9C
:10A4A00001221A60FB6A3B613B6983F3118800BF9C
:10A4B0007B6B18463837BD4680BD00BF1C030020AB
:10A4C000FC020020F8010020B4020020F40100206A
:10A4D0000803002080B584B000AF78603960294B54
:10A4E0001B68FB60284B1B6804331846FDF7C4FF4C
:10A4F0000346002B0BD1244B1B68DB6A012202FAB6
:10A5000003F3DA43214B1B681340204A13607B6836
:10A51000B3F1FF3F0AD13B68002B07D01A4B1B68F1
:10A52000043319461A48FDF74AFF26E0FA687B68AB
:10A530001344BB60144B1B68BA685A60BA68FB6866
:10A540009A4209D2134B1A680F4B1B680433194601
:10A550001046FDF758FF10E00F4B1A680A4B1B68B6
:10A56000043319461046FDF74EFF0C4B1B68BA68C2
:10A570009A4202D2094ABB68136000BF1037BD4639
:10A5800080BD00BFF8020020F4010020FC02002082
:10A59000E0020020B0020020AC02002014030020E2
:10A5A00080B485B000AF0346FB800023FB60B7F9A1
:10A5B0000630842B05D0B7F90620FB68134403331B
:10A5C000FB60FB6818461437BD465DF8047B704796
:10A5D00080B483B000AFEFF305837B607B68002B12
:10A5E00014BF01230023DBB218460C37BD465DF8CB
:10A5F000047B704780B500AFFEF75EFF002318466E
:10A6000080BDF0B589B004AF786039607B685B6964
:10A61000002B20D07B689B69002B1CD07B685C687A
:10A620007B681D687B681E697B68B3F90830184633
:10A63000FFF7B6FF01467B685B697A689269029210
:10A64000019300913B68324629462046FEF718FDEB
:10A650000346FB601CE07B685C687B681D687B6868
:10A660001B699EB27B68B3F908301846FFF798FF64
:10A67000024607F10C03019300923B6832462946DB
:10A680002046FEF75FFD0346012B01D0002300E0CA
:10A69000FB6818461437BD46F0BD80B584B000AFE6
:10A6A00078607B68FB60FB68002B01D0FB6800E0F2
:10A6B00001231846FEF7CAFE002318461037BD4690
:10A6C00080BD000080B586B002AF7860396000239D
:10A6D000FB600023BB60FFF77BFF0346002B1CD011
:10A6E000396807F1080207F10C03009313460122B1
:10A6F0007868FFF709FE0346012B02D04FF00043B4
:10A7000019E0FB68002B15D00D4B4FF080521A60FA
:10A71000BFF34F8FBFF36F8F0CE0396807F1080369
:10A7200001227868FFF72EFD0346012B02D04FF07F
:10A73000004300E0BB6818461037BD4680BD00BF2F
:10A7400004ED00E090B589B000AFF860B9607A60C0
:10A7500000237B610023FB617B68B3F1FF3F03D1E2
:10A760004FF0FF33FB6109E07B68002B06D07B686C
:10A77000FB61FB69002B01D10123FB61FFF728FF7F
:10A780000346002B02D082233B611BE0B96807F12E
:10A7900010031A1DFB690020FFF794FC0346012BF0
:10A7A00008D0FB69002B02D100233B610AE0402363
:10A7B0003B6107E07B69002B02DA86233B6101E005
:10A7C00008233B61FB681C4607F1100393E8070070
:10A7D00084E80700F8682437BD4690BD80B582B094
:10A7E00000AF78607B685B68002B07D07B685B6894
:10A7F00019460120FDF7DDFF034603E00120FDF7C8
:10A80000C0FF034618460837BD4680BD80B584B0FA
:10A8100000AF786039600023BB607B68002B01D1FA
:10A8200080233AE00023FB603B68B3F1FF3F03D194
:10A830004FF0FF33FB6009E03B68002B06D03B681C
:10A84000FB60FB68002B01D10123FB60FFF7C0FE1A
:10A850000346002B17D007F108031A460021786839
:10A86000FEF764FA0346012B01D0FF2315E0BB6815
:10A87000002B11D00B4B4FF080521A60BFF34F8F5B
:10A88000BFF36F8F08E0F9687868FEF73FF9034679
:10A89000012B01D0FF2300E0002318461037BD46EE
:10A8A00080BD00BF04ED00E080B584B000AF7860EB
:10A8B0000023FB600023BB60FFF78AFE0346002BEA
:10A8C00016D007F1080319467868FEF78FF803469B
:10A8D000012B01D0FF2317E0BB68002B13D00C4BDA
:10A8E0004FF080521A60BFF34F8FBFF36F8F0AE0B3
:10A8F0000023002200217868FDF776FF0346012B34
:10A9000001D0FF23FB60FB6818461037BD4680BDB1
:10A9100004ED00E080B58AB000AF78600023FB61F1
:10A92000FEF734FE5F4B1B68002B01D100F02AF9C3
:10A930005D4B1A687B681340002B40F095807B6864
:10A94000002B1ED008227B6813447B607B6803F0D9
:10A950000703002B15D07B6823F0070308337B60C7
:10A960007B6803F00703002B0BD04FF0500383F3F9
:10A970001188BFF36F8FBFF34F8F7B6100BF00BFA4
:10A98000FDE77B68002B6FD0484B1B687A689A42C2
:10A990006AD8474B3B62464B1B687B6204E07B6A8C
:10A9A0003B627B6A1B687B627B6A5B687A689A425F
:10A9B00003D97B6A1B68002BF1D13A4B1B687A6A7A
:10A9C0009A4251D03B6A1B6808221344FB617B6AA0
:10A9D0001A683B6A1A607B6A5A687B68D21A082335
:10A9E0005B009A4220D97A6A7B681344BB61BB69D9
:10A9F00003F00703002B0BD04FF0500383F31188B3
:10AA0000BFF36F8FBFF34F8F3B6100BF00BFFDE708
:10AA10007B6A5A687B68D21ABB695A607B6A7A681B
:10AA20005A60B86900F010F9204B1A687B6A5B68BD
:10AA3000D31A1E4A13601D4B1A681E4B1B689A429C
:10AA400003D21A4B1B681B4A13607B6A5A68164B69
:10AA50001B681A437B6A5A607B6A00221A60164B95
:10AA60001B680133144A1360FEF79EFDFB69002B3F
:10AA700001D101F025FCFB6903F00703002B0BD08B
:10AA80004FF0500383F31188BFF36F8FBFF34F8FE5
:10AA9000FB6000BF00BFFDE7FB6918462837BD46D5
:10AAA00080BD00BFE04A0020F44A0020E44A0020B4
:10AAB000D84A0020E84A0020EC4A002080B586B041
:10AAC00000AF78607B687B617B68002B4FD00823E8
:10AAD0005B427A6913447B617B693B613B695A68DD
:10AAE000254B1B681340002B0BD14FF0500383F311
:10AAF0001188BFF36F8FBFF34F8FFB6000BF00BFA4
:10AB0000FDE73B691B68002B0BD04FF0500383F32C
:10AB10001188BFF36F8FBFF34F8FBB6000BF00BFC3
:10AB2000FDE73B695A68144B1B681340002B1ED08D
:10AB30003B691B68002B1AD13B695A680E4B1B6896
:10AB4000DB431A403B695A60FEF720FD3B695A68B7
:10AB50000A4B1B681344094A1360386900F074F803
:10AB6000074B1B680133064A1360FEF71DFD00BF4B
:10AB70001837BD4680BD00BFF44A0020E44A0020DB
:10AB8000F04A002080B485B000AF44F2B873BB60D7
:10AB9000274BFB60FB6803F00703002B0CD0FB681E
:10ABA0000733FB60FB6823F00703FB60BA68FB68B0
:10ABB000D31A1F4A1344BB60FB687B601D4A7B6845
:10ABC00013601C4B00225A607B68BA681344FB6018
:10ABD0000822FB689B1AFB60FB6823F00703FB60FD
:10ABE000FB68154A1360144B1B6800225A60124B15
:10ABF0001B6800221A607B683B603B68FA68D21AC7
:10AC00003B685A600C4B1A683B681A603B685B688B
:10AC10000A4A13603B685B68094A1360094B4FF0AE
:10AC200000421A6000BF1437BD465DF8047B7047D0
:10AC300020030020D84A0020E04A0020E84A0020F3
:10AC4000E44A0020F44A002080B485B000AF786068
:10AC5000284BFB6002E0FB681B68FB60FB681B681D
:10AC60007A689A42F7D8FB68BB60FB685B68BA6891
:10AC700013447A689A4208D1FB685A687B685B681B
:10AC80001A44FB685A60FB687B607B68BB607B682A
:10AC90005B68BA681A44FB681B689A4218D1FB6863
:10ACA0001A68154B1B689A420DD07B685A68FB687E
:10ACB0001B685B681A447B685A60FB681B681A68EB
:10ACC0007B681A6008E00C4B1A687B681A6003E026
:10ACD000FB681A687B681A60FA687B689A4202D03F
:10ACE000FB687A681A6000BF1437BD465DF8047BC4
:10ACF000704700BFD84A0020E04A002080B485B0E9
:10AD000000AFF860B9607A60FB68043BFB60FB68E9
:10AD10004FF080721A60FB68043BFB60BB6823F055
:10AD20000102FB681A60FB68043BFB600C4AFB688D
:10AD30001A60FB68143BFB607A68FB681A60FB686A
:10AD4000043BFB60FB686FF002021A60FB68203B6B
:10AD5000FB60FB6818461437BD465DF8047B7047FE
:10AD600065AD010880B485B000AF00237B60134B54
:10AD70001B68B3F1FF3F0BD04FF0500383F31188F2
:10AD8000BFF36F8FBFF34F8FFB6000BF00BFFDE7C6
:10AD90004FF0500383F31188BFF36F8FBFF34F8FD2
:10ADA000BB6000BF00BF7B68002BFCD000BF00BFB2
:10ADB0001437BD465DF8047B704700BF6800002073
:10ADC000074B19680868B0E8F04F80F30988BFF3B3
:10ADD0006F8F4FF0000080F311887047AFF3008051
:10ADE000F401002000BF00BF08480068006880F33D
:10ADF00008884FF0000080F3148862B661B6BFF394
:10AE00004F8FBFF36F8F00DF00BF00BF08ED00E082
:10AE100080B586B000AF474B1B68474A93420BD1C1
:10AE20004FF0500383F31188BFF36F8FBFF34F8F41
:10AE3000FB6000BF00BFFDE73E4B1B683F4A9342EB
:10AE40000BD14FF0500383F31188BFF36F8FBFF323
:10AE50004F8F3B6100BF00BFFDE7394B7B617B69D2
:10AE60001B78DBB27B607B69FF221A707B691B78E1
:10AE7000DBB2FB70FB78DBB203F05003DAB2314B8C
:10AE80001A70314B07221A6009E02F4B1B68013BF7
:10AE90002D4A1360FB78DBB25B00DBB2FB70FB7802
:10AEA000DBB203F08003802BEFD0274B1B68C3F18C
:10AEB0000703042B0BD04FF0500383F31188BFF32B
:10AEC0006F8FBFF34F8FBB6000BF00BFFDE71E4B0E
:10AED0001B681B021C4A13601B4B1B6803F4E063D6
:10AEE000194A13607B68DAB27B691A70174B1B68CA
:10AEF000164A43F470031360144B1B68134A43F063
:10AF00007043136000F0DAF8114B00221A6000F071
:10AF1000F9F8104B1B680F4A43F040431360FFF7EA
:10AF200063FFFEF799FCFFF71DFF00231846183753
:10AF3000BD4680BD00ED00E071C20F4170C20F41FF
:10AF400000E400E0F84A0020FC4A002020ED00E088
:10AF50006800002034EF00E080B483B000AF4FF011
:10AF6000500383F31188BFF36F8FBFF34F8F7B6064
:10AF700000BF104B1B6801330E4A13600D4B1B685A
:10AF8000012B10D10C4B1B68DBB2002B0BD04FF008
:10AF9000500383F31188BFF36F8FBFF34F8F3B6074
:10AFA00000BF00BFFDE700BF0C37BD465DF8047B66
:10AFB000704700BF6800002004ED00E080B483B05B
:10AFC00000AF124B1B68002B0BD14FF0500383F3E3
:10AFD0001188BFF36F8FBFF34F8F7B6000BF00BF3F
:10AFE000FDE70A4B1B68013B084A1360074B1B68CF
:10AFF000002B05D100233B603B6883F3118800BF21
:10B0000000BF0C37BD465DF8047B70476800002028
:10B01000EFF30980BFF36F8F154B1A681EF0100F06
:10B0200008BF20ED108A20E9F04F106009B44FF0FE
:10B03000500080F31188BFF34F8FBFF36F8FFEF77F
:10B040000BFC4FF0000080F3118809BC19680868F8
:10B05000B0E8F04F1EF0100F08BFB0EC108A80F37C
:10B060000988BFF36F8F7047AFF30080AFF30080A4
:10B07000F401002000BF00BF80B582B000AF4FF0E8
:10B08000500383F31188BFF36F8FBFF34F8F7B6043
:10B0900000BFFEF727FB0346002B03D0064B4FF003
:10B0A00080521A6000233B603B6883F3118800BF25
:10B0B00000BF0837BD4680BD04ED00E080B400AF9E
:10B0C0000B4B00221A600B4B00221A600A4B1B68C4
:10B0D0000A4AA2FB03239B09094A013B1360044B64
:10B0E00007221A6000BFBD465DF8047B704700BFB1
:10B0F00010E000E018E000E05C000020D34D62109A
:10B1000014E000E0DFF80C00016841F47001016018
:10B11000704700BF88ED00E080B485B000AFEFF36A
:10B120000583FB60FB680F2B15D9184AFB68134495
:10B130001B78FB72164B1B78FA7A9A420BD24FF0AF
:10B14000500383F31188BFF36F8FBFF34F8F7B6082
:10B1500000BF00BFFDE70F4B1B6803F4E0620E4B1E
:10B160001B689A420BD94FF0500383F31188BFF349
:10B170006F8FBFF34F8F3B6000BF00BFFDE700BF85
:10B180001437BD465DF8047B704700BFF0E300E074
:10B19000F84A00200CED00E0FC4A002080B582B0A7
:10B1A00000AF7860391D4FF0FF3301220648FBF7EE
:10B1B00047FF0346002B02D04FF0FF3300E07B68CF
:10B1C00018460837BD4680BDC05B002080B500AF83
:10B1D000F9F710FA00F000F900F07AFA03F0CEFC6B
:10B1E00003F0B8FD03F03CFE03F070FE04F082F8BB
:10B1F00004F080FA04F0A8FA04F0F4FA04F02CF851
:10B2000003F094FF04F0FAF803F096FE07F0E2FA78
:10B2100003F06AFD062008F031FF0120F9F72CFA4F
:10B2200008F0AAFF0120F9F727FA0021022003F015
:10B23000FDFB012201215748F8F7CCFF002000F068
:10B2400049FD554B9B79DBB2012B02D104F00CFC7C
:10B2500001E004F079FA01224FF480414F48F8F7F9
:10B26000B9FF4D4B5B7BDBB2022B26D0022B34DCCB
:10B27000002B02D0012B10D02FE0012204214848DE
:10B28000F8F7A8FF012208214548F8F7A3FF01229B
:10B2900001214048F8F79EFF20E0012204214048A8
:10B2A000F8F798FF002208213D48F8F793FF0122A4
:10B2B00001213848F8F78EFF10E0002204213848B9
:10B2C000F8F788FF002208213548F8F783FF0122AC
:10B2D00001213048F8F77EFF00E000BF3148F6F763
:10B2E0001BF92D4B9B79DBB2032B08D101222E4990
:10B2F0002E48FBF766FF2E4B274A1A600DE0264BBF
:10B300009B79DBB2022B08D104F008FC05F08CFF1E
:10B31000012228492548FBF754FF012226492748E6
:10B32000FBF74FFF012226492648FBF74AFF002181
:10B330002548F6F7DDFA04212348F6F7D9FA082163
:10B340002148F6F7D5FA0C211F48F6F7D1FA00216B
:10B350001E48F6F7ABF904211C48F6F7A7F90020C0
:10B3600006F0C8FB1A4807F0E4F94FF47A70F9F7D1
:10B3700083F9002006F0BEFB164807F0DAF94FF417
:10B380007A70F9F779F900F0BDFFFFF733F900BFE4
:10B39000FDE700BF00040240044B0020000802400B
:10B3A0000010024070540020D85E0020785B00201E
:10B3B00000610020A05C0020604B0020C05B0020EA
:10B3C0006B4D0020085C002028540020B854002059
:10B3D000F4900208F49A020880B594B000AF07F127
:10B3E0002003302200211846F5F7AAFD07F10C03CF
:10B3F00000221A605A609A60DA601A610023BB600A
:10B40000284B1B6C274A43F080531364254B1B6C5D
:10B4100003F08053BB60BB6800237B60224B1B683A
:10B42000214A43F4804313601F4B1B6803F480439D
:10B430007B607B6802233B620123FB6210233B633A
:10B440000223BB630023FB6308233B64A8237B64C4
:10B450000223BB640423FB6407F120031846F7F7BB
:10B460003FFF0346002B01D000F02CF90F23FB60B7
:10B4700002233B6100237B614FF4A053BB614FF477
:10B480008053FB6107F10C0305211846F8F7A0F97A
:10B490000346002B01D000F015F900BF5037BD4620
:10B4A00080BD00BF003802400070004080B483B00F
:10B4B00000AF78607B681B68184A934227D17B688D
:10B4C0001B7F012B05D1164B5B8901339AB2144BBC
:10B4D0005A817B681B7F022B05D1114B9B8901335D
:10B4E0009AB20F4B9A817B681B7F042B05D10C4BC2
:10B4F000DB8901339AB20A4BDA817B681B7F082B08
:10B5000005D1074B1B8A01339AB2054B1A8200BF43
:10B510000C37BD465DF8047B704700BF000001405A
:10B52000A44D002080B582B000AF78607B681B68B6
:10B530005E4A934201D1F9F77FF87B681B68B3F14B
:10B54000804F40F0AE805A4B9B79DBB2012B2AD161
:10B55000584B5B8AB3F57A7F1FD3574B5B79DBB2CD
:10B56000002B1AD0544B5B79DBB23C2B15D8524BD5
:10B570005B79DBB2013BDAB24F4B5A714E4B5B79D0
:10B58000DBB2002B03D14A4B00229A7101E04A4BF7
:10B590005B79484B00225A8205E0464B5B8A0133B7
:10B5A0009AB2444B5A82434B1B78012B15D1414B25
:10B5B0005B88B3F5967F0AD33E4B00225A803F4BFF
:10B5C0000022A3F83C223B4B00221A7005E0394BC5
:10B5D0005B8801339AB2374B5A80364B5B79012B2B
:10B5E00018D1344BDB88B3F5967F0DD3314B002255
:10B5F000DA80324B002283F81422314B00221A7079
:10B600002C4B00225A7105E02A4BDB8801339AB299
:10B61000284BDA80274B1B89B3F57A7F3BD3254B28
:10B620005B895B089BB21A461201D31A9B009AB23F
:10B63000214B1A821F4B00225A811E4B9B895B08AB
:10B640009BB21A461201D31A9B009AB21A4B5A8225
:10B65000184B00229A81174BDB895B089BB21A4674
:10B660001201D31A9B009AB2134B9A82114B0022FB
:10B67000DA81104B1B8A5B089BB21A461201D31A5F
:10B680009B009AB20C4BDA820A4B00221A82094BB9
:10B6900000221A8105E0074B1B8901339AB2054B42
:10B6A0001A8100BF0837BD4680BD00BF00100040B2
:10B6B000244B0020A44D0020344B0020604B002080
:10B6C000544B002080B400AF72B600BF00BFFDE74E
:10B6D00080B58CB000AF07F11C0300221A605A60DD
:10B6E0009A60DA601A610023BB61934B1B6B924A2C
:10B6F00043F010031363904B1B6B03F01003BB610B
:10B70000BB6900237B618C4B1B6B8B4A43F00403AA
:10B710001363894B1B6B03F004037B617B6900237C
:10B720003B61854B1B6B844A43F080031363824B60
:10B730001B6B03F080033B613B690023FB607E4B86
:10B740001B6B7D4A43F0010313637B4B1B6B03F0C0
:10B750000103FB60FB680023BB60774B1B6B764AE1
:10B7600043F002031363744B1B6B03F00203BB60D3
:10B77000BB6800237B60704B1B6B6F4A43F0080370
:10B7800013636D4B1B6B03F008037B607B68002227
:10B790003C216A48F8F71EFD00224FF480416848BA
:10B7A000F8F718FD002249F603116648F8F712FD74
:10B7B000002201216448F8F70DFD00224CF29F3170
:10B7C0006248F8F707FD3C23FB6101233B6201233C
:10B7D0007B620023BB6207F11C0319465748F8F748
:10B7E00049FA4FF40053FB6100233B6202237B6262
:10B7F00007F11C0319465248F8F73CFA4FF480430E
:10B80000FB6101233B6201237B620023BB6207F1E2
:10B810001C0319464A48F8F72DFA0A23FB61032353
:10B820003B6200237B6207F11C0319464448F8F78A
:10B8300021FA40F20313FB6101233B6200237B6288
:10B840000023BB6207F11C0319463E48F8F712FAC1
:10B850000123FB6101233B6201237B620323BB6263
:10B8600007F11C0319463848F8F704FA41F20603B9
:10B87000FB6100233B6201237B6207F11C03194635
:10B880003148F8F7F7F94FF4C073FB6100233B62CE
:10B8900001237B6207F11C0319462848F8F7EAF9EF
:10B8A0004CF29E33FB6101233B6201237B62002348
:10B8B000BB6207F11C0319462448F8F7DBF94FF483
:10B8C0000063FB6101233B6201237B6207F11C03E0
:10B8D00019461C48F8F7CEF94FF48053FB61012359
:10B8E0003B6201237B620223BB6207F11C03194602
:10B8F0001448F8F7BFF94FF40043FB6101233B62A2
:10B9000001237B620023BB6207F11C0319460D482B
:10B91000F8F7B0F90123FB6101233B6201237B624D
:10B920000323BB6207F11C0319460848F8F7A2F984
:10B9300000BF3037BD4680BD0038024000100240D5
:10B94000000802400000024000040240000C0240D7
:10B9500080B483B000AF0346FB710E4B1B78DBB2A3
:10B96000012B0ED10C4B1B78DBB2FA799A4208D12D
:10B970000A4B1B78DAB20A4B1B789A4201D1012399
:10B9800000E00023DBB218460C37BD465DF8047BAF
:10B99000704700BF554B00206C000020574B002023
:10B9A000D84D002080B483B000AF0346FB710A4B32
:10B9B0001B78DBB2012B07D1084B1B78DBB2FA797D
:10B9C0009A4201D1012300E00023DBB218460C3774
:10B9D000BD465DF8047B7047584B00206D00002089
:10B9E00080B485B000AF0346FB71FB79002B01D119
:10B9F00000231BE0FB79632B03D90F4B9B8A9BB27F
:10BA000014E00D4B1B8A9BB21A46FB7902FB03F331
:10BA1000FB60094B9B8A9BB21A46FB68934203D991
:10BA2000054B9B8A9BB2FB60FB689BB218461437A0
:10BA3000BD465DF8047B7047044B002080B586B09E
:10BA400000AFF8607A603B600B467B81F8F708FE38
:10BA50007861FB681A697B891340002B04D07B68EE
:10BA600000221A70002321E07B681B78002B0AD18A
:10BA70007B6801221A703B687A691A603B6A7A69AE
:10BA80001A60012312E03B681B687A69D31AB3F588
:10BA9000167F0AD33B6A1B687A69D31A4F2B04D9E5
:10BAA0003B6A7A691A60012300E0002318461837C0
:10BAB000BD4680BD80B582B000AF03460A46FB712B
:10BAC0001346BB71FA79BB799A4239D01E4B0022DA
:10BAD0005A70FB79022B08D0BB79022B05D0FB7979
:10BAE000032B02D0BB79032B08D1FB79022B01D1A8
:10BAF00005F0B0FBBB79184604F044F8BB79012B84
:10BB00000DD11248FBF76AFA0346002B01D103F06E
:10BB1000ABFF01220E490D48FBF753FB11E0FB7907
:10BB2000012B0ED10948FBF759FA0346002B01D12E
:10BB300003F00AFE012206490448FBF742FB00E03D
:10BB400000BF0837BD4680BD344B0020C05B0020DD
:10BB5000604B002080B582B000AF0346FB71FB79DB
:10BB6000012B15D1184B1B8A9AB2174B5B8A9BB2DB
:10BB70009A4207D2144B1B8A9BB201339AB2124BE2
:10BB80001A8215E0104B5B8A9AB20F4B1A820FE0B3
:10BB90000D4B1B8A9BB2012B07D90B4B1B8A9BB207
:10BBA000013B9AB2084B1A8202E0074B01221A822B
:10BBB000054B1B8A9BB21946022002F037FF00BFDB
:10BBC0000837BD4680BD00BF044B002080B582B061
:10BBD00000AF0346FB71FB79012B16D11C4B9B8AEE
:10BBE0009BB20A331A4AD28A92B2934205D3184BB7
:10BBF000DB8A9AB2164B9A821EE0154B9B8A9BB247
:10BC00000A339AB2124B9A8216E0114B9B8A9BB26E
:10BC10001A460F4B5B8A9BB20A339A4207D90C4BE8
:10BC20009B8A9BB20A3B9AB2094B9A8204E0084B6A
:10BC30005B8A9AB2064B9A826420FFF7D1FE0346D4
:10BC40001946022002F0F2FE00BF0837BD4680BD53
:10BC5000044B002080B400AF1D4B1B79DBB2062BD8
:10BC600030D801A252F823F085BC010885BC010838
:10BC7000C5BC010895BC010895BC0108A5BC01081C
:10BC8000B5BC0108124B4FF42F629A82104B1C2254
:10BC90001A8218E00E4B40F6F6129A820C4B1922CB
:10BCA0001A8210E00A4B40F692129A82084B182230
:10BCB0001A8208E0064B4FF416629A82044B18224F
:10BCC0001A8200E000BF00BFBD465DF8047B7047EC
:10BCD000044B002080B582B000AF0346FB71FB79B6
:10BCE000012B01D1FFF7B6FF3220FFF779FE0346A3
:10BCF0001A464C4B5A824B4B1B79DBB2062B00F297
:10BD00008B8001A252F823F025BD01084FBD010828
:10BD100019BE01086DBD010897BD0108C5BD010828
:10BD2000EFBD01083F4B41F61462DA813D4B41F211
:10BD30004462DA823B4BDB899BB21946012002F058
:10BD400075FE002220213848F8F744FA65E0354BAB
:10BD500041F61462DA81334B41F24462DA82314BAC
:10BD6000DB899BB2184604F045FE56E02D4B41F2AC
:10BD7000EC32DA812B4B40F63C72DA82294BDB89BC
:10BD80009BB21946012002F051FE012220212648D3
:10BD9000F8F720FA41E0234B41F2EC32DA81214BF3
:10BDA00040F63C72DA821F4BDB899BB2184604F0E6
:10BDB00021FE4FF47A70F8F75FFC0021022002F0B8
:10BDC00035FE2AE0174B41F6B642DA81154B40F6B4
:10BDD0009212DA82134BDB899BB21946012002F0E2
:10BDE00025FE012220211048F8F7F4F915E00D4B4B
:10BDF00041F6B642DA810B4B4FF41662DA82094BF8
:10BE0000DB899BB21946012002F010FE012220219D
:10BE10000548F8F7DFF900E000BF00BF0837BD466E
:10BE200080BD00BF044B00200010024080B500AF71
:10BE30001E4B1B8A9BB21E4AA2FB03235B099BB2CB
:10BE4000DBB21946102008F069F9184B1B8A9BB227
:10BE5000174AA2FB03125209642101FB02F29B1A4A
:10BE60009BB2DBB21946112008F058F90F4B9B8AA0
:10BE70009BB20F4AA2FB03235B099BB2DBB21946BC
:10BE8000122008F04BF9094B9B8A9BB2084AA2FB8F
:10BE900003125209642101FB02F29B1A9BB2DBB22E
:10BEA0001946132008F03AF900BF80BD044B00206A
:10BEB0001F85EB5180B584B000AF0346FB80FB8843
:10BEC000002B13D1012201212248F8F783F9224BDC
:10BED0001B6800229A63214B00221A80204B00220B
:10BEE0001A60204B4FF00002DA612EE01B4B1B88DA
:10BEF000002B19D11C4B1B68002B06D0F8F7B0FBA8
:10BF00000246194B1B68D31A00E00023FB60FB6854
:10BF1000FF2B02D8FB68D9B200E0FF21FB884FF469
:10BF20002F720D2003F092FB0B4B1B68FA889A636B
:10BF30000A4AFB881380F8F793FB0346084A13600C
:10BF4000002201210348F8F745F900BF1037BD462C
:10BF500080BD00BF00040240B8540020B84D00204E
:10BF6000D44D0020344B0020C04D002080B584B05B
:10BF700000AF0346FB710F4B1B78FB73FB79184630
:10BF800004F05CFE0B4B1B78DBB2FA7B9A420CD0C0
:10BF9000084B1B78DAB2084B1A70084AFB79137009
:10BFA000F8F75EFB0346064A136000BF1037BD4634
:10BFB00080BD00BF564B0020D84D00206E000020F1
:10BFC000CC4D002080B582B000AF0346FB71FB79F9
:10BFD0001846FFF7BDFC0346002B13D1FB7918462A
:10BFE000FFF7E0FC0346002B0CD1F8F739FB0246C3
:10BFF000064B1B68D31A952B05D9FB791846FFF71A
:10C00000B5FF00E000BF0837BD4680BDCC4D002025
:10C0100080B500AF0F4B1B78DBB2002B14D104F0BE
:10C0200031FD0346002B11D0F8F71AFB02460A4BEC
:10C030001B68D31AC72B0BD9F8F712FB0346064A25
:10C04000136004F09FFD04E000BF02E000BF00E0C9
:10C0500000BF80BD544B0020D04D002080B500AF04
:10C060000020FFF727FF0120FFF780FFF8F7F8FA1D
:10C070000346084A1360084B00221A60074B00224F
:10C080001A60074B00221A60064B01221A7000BF8B
:10C0900080BD00BFC84D0020BC4D0020C04D002019
:10C0A000D04D0020DC4D002080B500AF0120FFF70F
:10C0B00089FFFFF7ADFF0120FFF74AFC0346002B85
:10C0C00005D10120FFF76EFC0346002B01D00123B0
:10C0D00000E00023DBB2184680BD000080B582B0CE
:10C0E00000AFF8F7BDFA0246104B1B68D31A7B600D
:10C0F0007B68632B01D8002314E00020FFF762FF68
:10C10000FFF786FF0020FFF723FC0346002B05D135
:10C110000020FFF747FC0346002B01D0012300E07D
:10C120000023DBB218460837BD4680BDBC4D002059
:10C1300080B500AF094B1B68002B01D100230BE039
:10C14000F8F78EFA0246054B1B68D31AB3F52F7F1A
:10C1500001D3012300E00023184680BDC04D00201C
:10C1600080B582B000AF274B1B88BB80264B1B8855
:10C17000002B25D0254B1A88234B1B889A421CD2B2
:10C18000234B1B8A9AB2214B1B881344FB801E4B06
:10C190001B88FA889A4202D91B4B1B88FB80FB88BC
:10C1A0001846FFF787FE194B1A88174B1B889A42CF
:10C1B00024D3154B00221A8020E0134B00221A8052
:10C1C000124B1B88002B0FD1114B1B8A9BB2BA88D4
:10C1D0009A4209D90C4ABB8813800D4B1B8A9BB22B
:10C1E0001846FFF767FE0AE0084B1B88BA889A4298
:10C1F00005D0BB881846FFF75DFE00E000BF08379A
:10C20000BD4680BDBA4D0020DA4D0020B84D00205B
:10C21000044B002080B400AF064B01221A70064B7D
:10C2200000221A60054B00221A8000BFBD465DF84F
:10C23000047B7047D94D0020C44D0020DA4D00200A
:10C2400080B500AF114B1B79DBB2042B01D0012369
:10C2500019E00F4B1B78032B01D0002313E00D4B8B
:10C260001B88002B01D100230DE004F00BFC0346DA
:10C27000002B06D0084B1B78DBB2002B01D1012329
:10C2800000E00023DBB2184680BD00BF044B002055
:10C29000DC4D0020BA4D0020544B002080B400AF8C
:10C2A00000BFBD465DF8047B704780B483B000AF2B
:10C2B0007860396000BF0C37BD465DF8047B70477D
:10C2C00080B400AF00BFBD465DF8047B704700003E
:10C2D00080B485B000AFF860B9607A60FB68074A47
:10C2E0001A60BB68064A1A607B6880221A6000BF29
:10C2F0001437BD465DF8047B704700BF004E002038
:10C30000784F0020B0B5ACB000AF0023C7F8A8301C
:10C310000023C7F8AC3007F1A8031846FEF75EFA11
:10C3200003463B4A13603B4B07F18C041D460FCD7F
:10C330000FC495E8070084E8070007F18C0300218B
:10C340001846FEF75EF90346334A1360334B07F194
:10C3500070041D460FCD0FC495E8070084E8070060
:10C3600007F1700300211846FEF74BF903462C4AEB
:10C3700013602C4B07F154041D460FCD0FC495E8F4
:10C38000070084E8070007F1540300211846FEF770
:10C3900038F90346244A1360244B07F138041D463C
:10C3A0000FCD0FC495E8070084E8070007F13803B4
:10C3B00000211846FEF725F903461D4A13601D4B60
:10C3C00007F11C041D460FCD0FC495E8070084E853
:10C3D000070007F11C0300211846FEF712F9034677
:10C3E000154A1360154B3C461D460FCD0FC495E80A
:10C3F000070084E807003B4600211846FEF701F9D4
:10C4000003460F4A136000BFB037BD46B0BD00BF42
:10C41000F84D002034760208E04D00205C760208DA
:10C42000E44D002084760208E84D0020A87602083A
:10C43000EC4D0020D0760208F04D0020FC7602087A
:10C44000F44D002080B584B000AF78600023FB730A
:10C450000023BB60BB68002B17D0F8F701F9024638
:10C46000BB68D31A914A93420FD9914B00229A711B
:10C47000904B5B78DBB21846FFF7B2FA03461946D9
:10C48000022002F0D3FA0023BB60FB7B884A92793A
:10C49000D2B2934231D0864B9B79DBB2002B14BFD2
:10C4A00001230023FB73824B9B79DBB2002B21D14C
:10C4B0007F4BDB79DBB2012B0ED17E4B0122DA7090
:10C4C0007C4B32225A703220FFF78AFA0346194613
:10C4D000022002F0ABFA0AE0764B5B78DBB218463A
:10C4E000FFF77EFA03461946022002F09FFA002366
:10C4F000BB6002E0F8F7B4F8B8606F4B1B79DBB2B1
:10C50000012B04D06C4B1B79DBB2042B10D16B4B8D
:10C510001B78DBB2002B0BD1654B1B7BDBB2002BF6
:10C5200006D1FFF78DFE0346002B01D004F0CEFAB2
:10C53000604BDB889BB2604A927AD2B2934204D2BB
:10C540005B4B9B79DBB2012B1FD1594B01221A7235
:10C55000012210215A48F7F73DFE9620FEF79DF87C
:10C56000012208215648F7F735FE9620FEF795F888
:10C57000012204215248F7F72DFE9620FEF78DF890
:10C58000012202214E48F7F725FE4A4BDB889BB279
:10C59000494AD27AD2B293421BD8454B9B79DBB23F
:10C5A000002B16D1424B00221A720022102144485F
:10C5B000F7F710FE002208214148F7F70BFE002292
:10C5C00004213F48F7F706FE002202213C48F7F716
:10C5D00001FE384BDB889BB2374A527AD2B2934283
:10C5E0001BD3344B05221A70314B0122DA72304BC7
:10C5F0000022DA712E4B00229A712E4B0022DA7043
:10C600002C4B00225A702B4B00221A83FFF702FE9C
:10C610000021022002F00AFA40E0264BDB889BB2A0
:10C62000254A127AD2B2934202D8214B0022DA7202
:10C630001F4B9B79DBB2012B03D11E4B02221A70D8
:10C640002CE01B4B1B7ADBB2012B1BD1194B1B8A35
:10C650009BB2B3F57A6F11D9164B5B8A9BB2B3F5D7
:10C660007A6F0BD9134B9B8A9BB2B3F57A6F05D9BE
:10C67000104BDB8A9BB2B3F57A6F03D80D4B0622C1
:10C680001A700BE00B4B5B78DBB2002B03D1094B2C
:10C6900000221A7002E0074B01221A70102109488B
:10C6A000F7F7B1FDC820FDF7F8FFD3E6D04E09003B
:10C6B000244B0020344B0020044B0020004B002072
:10C6C000000C02400010024080B483B000AF03466B
:10C6D000FB710D4BDB78DBB2002B02D0FB79002B1A
:10C6E00001D100230AE0084BDB78DBB2FA799A42E9
:10C6F00003D9054BDB78DBB200E0FB7918460C3739
:10C70000BD465DF8047B7047044B002080B584B0C3
:10C7100000AF0346FB71FB791846FFF7D5FF0346D0
:10C72000FB73FB7B002B0DD0084AFB7B5371084B3E
:10C7300001229A71074BDB8A9BB21946022002F054
:10C7400075F900E000BF1037BD4680BD344B0020B6
:10C75000244B0020044B002080B584B000AF7860EB
:10C760000023FB737B68002B00F074817B6801332E
:10C770001B78A53B042B00F26F8101A252F823F035
:10C7800095C701082FC801081FC9010859CA010827
:10C790000DCA01087B6804331B781A4692001344C3
:10C7A0001A4691001A460B4613449B00DAB27B6886
:10C7B00005331B78194689000B445B00DBB2134438
:10C7C000DAB27B6806331B781344DBB23033FB7379
:10C7D000A74B9B79DBB2002B21D1FB7B642B0ED8BE
:10C7E000A44AFB7B5370A34B5B78DBB21846FFF780
:10C7F000F7F803461946022002F018F92EE1FB7BF8
:10C800009D4AA2FB03125209642101FB02F29B1A0A
:10C81000DBB20133DBB21846FFF778FF1EE1FB7B8A
:10C82000642B00F21B81934AFB7B537016E17B68FB
:10C8300004331B781A46920013445B00DAB27B681B
:10C8400005331B781344DBB2103BDAB28B4B83F811
:10C850000A228B4B5B78DAB2884B93F80A329A4201
:10C860005BD8874B5B78DBB29B0002337A6813445A
:10C870001B781A46920013441A4691001A460B463A
:10C8800013449B00DAB27E4B5B78DBB29B00033330
:10C8900079680B441B78194689000B445B00DBB2B6
:10C8A0001344DAB2764B5B78DBB29B0004337968D1
:10C8B0000B441B781344DBB23033FB736C4B9B7916
:10C8C000DBB2002B21D1FB7B642B0ED8694AFB7BAA
:10C8D0005370684B5B78DBB21846FFF781F803466C
:10C8E0001946022002F0A2F8BAE0FB7B624AA2FBE2
:10C8F00003125209642101FB02F29B1ADBB20133DD
:10C90000DBB21846FFF702FFAAE0FB7B642B00F2C4
:10C91000A780584AFB7B5370A2E000BFA0E07B6871
:10C9200004331B781A46920013445B00DAB27B682A
:10C9300005331B781344DBB2103BDAB24F4B83F85C
:10C9400009224F4B1B78DAB24C4B93F809329A42CA
:10C950005AD84B4B1B78DBB29B0002337A681344E6
:10C960001B781A46920013441A4691001A460B4649
:10C9700013449B00DAB2424B1B78DBB29B000333BB
:10C9800079680B441B78194689000B445B00DBB2C5
:10C990001344DAB23A4B1B78DBB29B00043379685C
:10C9A0000B441B781344DBB23033FB73304B9B7961
:10C9B000DBB2002B21D1FB7B642B0ED82D4AFB7BF5
:10C9C00053702C4B5B78DBB21846FFF709F803462F
:10C9D0001946022002F02AF844E0FB7B264AA2FB1B
:10C9E00003125209642101FB02F29B1ADBB20133EC
:10C9F000DBB21846FFF78AFE34E0FB7B642B31D8AC
:10CA00001C4AFB7B53702DE000BF2BE07B68043396
:10CA10001B781A46920013445B00DAB27B68053338
:10CA20001B781344DBB2103BDAB2144B83F80922B3
:10CA3000134B1B78DAB2114B93F809329A4213D197
:10CA4000104B1B689B680021184609F04FFF03F04C
:10CA5000B9FD09E000BF08E000BF06E000BF04E048
:10CA600000BF02E000BF00E000BF1037BD4680BD40
:10CA7000244B0020344B00201F85EB51604B0020DD
:10CA8000044B00200C00002080B500AF0F4B5B79F9
:10CA9000DBB2012B17D10E4B1B684FF0FF3118464C
:10CAA000FDF7B4FE0346002B0DD1002003F016FD68
:10CAB0000848FFF751FE054B00225A71044B1B68D2
:10CAC0001846FDF7F1FE00BF80BD00BF244B0020DB
:10CAD000F84D0020614B002080B58AB000AF78612E
:10CAE000964B1B78DBB2012B08D1944B00221A70B5
:10CAF000A521152007F012FBF7F777FDFFF7C4FF1C
:10CB00008F4B9B79DBB2032B22D100233B8314E0B4
:10CB10008C4B1B684FF0FF311846FDF777FE03463C
:10CB2000002B0AD1012003F0D9FC8748FFF714FE3F
:10CB3000844B1B681846FDF7B7FE07F118034FF446
:10CB400080721946804809F0F1F90346012BDFD0C5
:10CB500004F03CFD01F002FD7C4BDB7ADBB2012BE3
:10CB600002D17B4B00221A80754B9B79DBB2012BE3
:10CB700005D0734B9B79DBB2022B40F06D81734B78
:10CB8000DB7ADBB2002B40F06781704BDB79DBB2E4
:10CB9000002B40F061816A4B1B7EDBB2012B40F021
:10CBA00049816B4B1B88BB834FF07E533B62694BC3
:10CBB0001B8B9AB2664B1B889A4207D9654B1B8B1D
:10CBC0009AB2634B1B88D31AFB8406E0604B1A8829
:10CBD000604B1B8B9BB2D31AFB84594B1B8A9BB2B5
:10CBE000002B00F0C980564B1B8A9BB2FA8CB2FB1B
:10CBF000F3F37B837B8B022B38D8564B1B8B9BB27A
:10CC0000002B30D0524B1B881A464D4B1B8A9BB2CF
:10CC10001946322301FB03F39A4221DC4C4B1B885B
:10CC20001946474B1B8A9BB21A4613469B00134476
:10CC30009A001344994210DC454B1B881946404B1F
:10CC40001B8A9BB21A4613469B0013445B00994211
:10CC500001DD414B05E0414B03E04FF07C5300E028
:10CC60003F4B3B6288E03F4B3B6285E07B8B0A2B6E
:10CC700039D8384B1B8B9BB2002B31D0344B1B88DF
:10CC80001A462F4B1B8A9BB21946322301FB03F332
:10CC90009A4222DC2E4B1B881946294B1B8A9BB2D9
:10CCA0001A4613469B0013449A001344994212DC1F
:10CCB000274B1B881946224B1B8A9BB21A461346E8
:10CCC0009B0013445B00994202DD4FF07C5305E06A
:10CCD0004FF07A5302E0224B00E0214B3B624BE0E5
:10CCE000204B3B6248E07B8B142B0BD8194B1B8BE2
:10CCF0009BB2002B03D04FF07E533B623CE01A4BBB
:10CD00003B6239E07B8B322B0AD8124B1B8B9BB2D8
:10CD1000002B02D0134B3B622EE0144B3B622BE006
:10CD20007B8B502B26D80B4B1B8B9BB2002B02D03E
:10CD30000D4B3B6220E00E4B3B621DE04A5500204C
:10CD4000044B0020F84D002078510020244B002097
:10CD500078520020344B00209A99993E0AD7A33D7F
:10CD6000CDCC4C3F000040400000A0400000E0401F
:10CD700000002041414B3B62414B1B8A9BB207EEB6
:10CD8000903AB8EEE77AD7ED087A67EE277AFCEEAC
:10CD9000E77A17EE903AFB83FB8B002B01D101233E
:10CDA000FB83384B1B8B9AB2374B1B889A4217D99F
:10CDB000344B1B8B9BB21A46334B1B88D21AFB8B0E
:10CDC0009A4205DA2F4B1B8B9AB22F4B1A8025E023
:10CDD0002D4B1A88FB8B13449AB22B4B1A801DE003
:10CDE000284B1B8B9AB2284B1B889A4216D2264B93
:10CDF0001B881A46234B1B8B9BB2D21AFB8B9A4281
:10CE000005DA204B1B8B9AB21F4B1A8006E01E4B93
:10CE10001A88FB8BD31A9AB21B4B1A801A4B1B88A9
:10CE2000BA8B9A4218D0184B1B881946022001F081
:10CE3000FDFD11E0134B1B8B9AB2134B1B889A42DA
:10CE40000AD0104B1B8B9AB20F4B1A800E4B1B88CB
:10CE50001946022001F0EAFDFFF716FE084B9B7908
:10CE6000DBB2032B06D13B460A2201211846FDF70F
:10CE700069FC35E60A20FDF710FC31E60000204190
:10CE8000044B0020344B00207852002080B58CB039
:10CE900002AF7860002387F82730002387F8263018
:10CEA000002387F825300023FB770023BB7700237E
:10CEB000BB6100237B6100233B610023FB60BC4B13
:10CEC0001B7BDBB2002B03D0012B00F0E080E1E004
:10CED0004FF4FA630093322300224FF40051B54817
:10CEE00001F036FA034687F8273097F82730022BEF
:10CEF00051D1B14B1B78DBB2032B3CD0AE4B1B782E
:10CF0000DBB2042B37D0AC4B1B78DBB2052B32D015
:10CF1000AA4BDB79DBB2012B12D1A84B0022DA71CC
:10CF2000A54B0022DA70A44B00225A70A34B0022BA
:10CF30009A71FFF76FF90021022001F077FDA5E05B
:10CF40009E4B0122DA7101224FF480419948F7F794
:10CF500041F9994B0122DA70974B32225A70974B64
:10CF600000229A713220FEF73BFD0346194602204B
:10CF700001F05CFD8AE0914B0022DA718E4B0022B9
:10CF8000DA708D4B00225A70FFF744F9002102201D
:10CF900001F04CFD7DE097F82730012B71D1874BD4
:10CFA000DB79DBB2012B74D1834BDB78DBB201334D
:10CFB000DAB2814BDA70804BDB78DBB2032B2CD0FA
:10CFC000032B60DC012B02D0022B0FD05BE07A4BED
:10CFD00032225A70794B00229A713220FEF700FDFE
:10CFE00003461946022001F021FD4FE0724B6422F6
:10CFF0005A70724B00229A716420FEF7F1FC0346CE
:10D000001946022001F012FD694B1B79DBB2052B9A
:10D010003BD1694B0022DA7037E0654BDB78DBB23D
:10D020001846FFF751FB034687F8243097F8243061
:10D03000002B11D1604B0122DA705F4B32225A7003
:10D040005E4B00229A713220FEF7CAFC0346194655
:10D05000022001F0EBFC19E0574A97F82430537195
:10D06000534BDB8A9BB21946022001F0DFFC524B86
:10D0700000225A70504B0022DA70504B01229A71F4
:10D0800004E000BF05E000BF03E000BF01E000BF17
:10D0900000E000BF4A4B1B78DBB2082B00F29387FD
:10D0A00001A252F823F000BFCDD0010827D101081A
:10D0B000D1D101085BD20108E5D201083FD50108B2
:10D0C00043D8010889DA010823DD01084FF4FA6327
:10D0D0000093142300224FF480713A4801F038F98C
:10D0E000034687F8273097F82730012B0CD1344BB3
:10D0F0009B78DBB2002B02D1314B01221A70304BEE
:10D1000000229A7000F076BF97F82730022B07D1E3
:10D110002B4B04221A702C4B01221A7000F06ABFAC
:10D1200000BF00F067BF4FF4FA630093142300229E
:10D130004FF48071234801F00BF9034687F827303C
:10D1400097F82730012B02D11D4B00221A70184B83
:10D150009B79DBB2032B40F038874FF4FA630093DE
:10D16000142300220421194801F0F2F8034687F83D
:10D1700026304FF4FA6300931423002280211148D3
:10D1800001F0E6F8034687F8253097F82630012BA2
:10D1900004D10B4B03221A7000F019BF97F8253009
:10D1A000012B40F01487064B02221A7000F00FBFCB
:10D1B000044B002000080240344B0020244B002088
:10D1C000004B002000100240204B002000040240D1
:10D1D0004FF4FA630093142300224FF48071B44893
:10D1E00001F0B6F8034687F8273097F82730012B6F
:10D1F00002D1B04B00221A70AF4B9B79DBB2032BEC
:10D2000040F0E7864FF4FA630093142300220421D0
:10D21000AA4801F09DF8034687F826304FF4FA63D8
:10D220000093142300228021A14801F091F80346C5
:10D2300087F8253097F82630012B04D19D4B012229
:10D240001A7000F0C8BE97F82530012B40F0C38655
:10D25000984B03221A7000F0BEBE4FF4FA6300939D
:10D26000142300224FF48071914801F071F80346B5
:10D2700087F8273097F82730012B02D18D4B0022F9
:10D280001A708D4B9B79DBB2032B40F0A6864FF4CE
:10D29000FA630093142300220421884801F058F80F
:10D2A000034687F826304FF4FA63009314230022D4
:10D2B00080217F4801F04CF8034687F8253097F825
:10D2C0002630012B04D17B4B02221A7000F087BE5E
:10D2D00097F82530012B40F08286764B01221A7098
:10D2E00000F07DBE4FF4FA630093142300224FF444
:10D2F00080716F4801F02CF8034687F8273097F8C3
:10D300002730022B22D16C4B1B78DBB2194601204F
:10D3100006F004FF684B5B78DBB21946022006F08A
:10D32000FDFE654B9B78DBB21946032006F0F6FE46
:10D33000614BDB78DBB21946042006F0EFFE5D4B53
:10D3400001229A705B4B00221A700BE097F827308D
:10D35000012B06D1574B05221A70594B05221A7022
:10D3600000E000BF4FF4FA6300931423002202216F
:10D37000524800F0EDFF034687F8273097F8273032
:10D38000012B13D14E4B1B78DBB2132B07D84C4B20
:10D390001B78DBB21433DAB2494B1A7006E0484B03
:10D3A0001B78DBB2143BDAB2454B1A704FF4FA63C8
:10D3B00000931423002280213D4800F0C9FF03465A
:10D3C00087F8273097F82730012B48D13C4B1B7842
:10D3D000DBB2132B10D83A4B1B78DBB2012B03D8EE
:10D3E000374B04221A703AE0354B1B78DBB2013B15
:10D3F000DAB2334B1A7032E0314B1B78DBB2153B9B
:10D40000032B2BD801A252F823F000BF1DD4010832
:10D410002DD401083DD401084DD40108264B1B78BA
:10D42000DBB20133DAB2244B1A7018E0224B5B787E
:10D43000DBB20133DAB2204B5A7010E01E4B9B78FE
:10D44000DBB20133DAB21C4B9A7008E01A4BDB787E
:10D45000DBB20133DAB2184BDA7000E000BF4FF4F0
:10D46000FA630093142300220421144800F070FF93
:10D47000034687F8273097F82730012B40F0B18515
:10D480000F4B1B78DBB2132B1CD80D4B1B78DBB278
:10D49000032B04D90A4B01221A7000F0A2BD084BDD
:10D4A0001B78DBB20133DAB2054B1A7000F099BD7C
:10D4B00000100240004B0020044B002000040240FA
:10D4C000204B0020AB4B1B78DBB2153B032B30D835
:10D4D00001A252F823F000BFE9D40108F9D40108F1
:10D4E00009D5010819D50108A34B1B78DBB2013B14
:10D4F000DAB2A14B1A7020E09F4B5B78DBB2013BA4
:10D50000DAB29D4B5A7018E09B4B9B78DBB2013B23
:10D51000DAB2994B9A7010E0974BDB78DBB2002BB4
:10D520000AD0954BDB78DBB2013BDAB2924BDA7072
:10D5300002E000BF00F055BD00BF00F052BD4FF447
:10D54000FA630093142300224FF480718B4800F09B
:10D55000FFFE034687F8273097F82730022B2FD19C
:10D56000874B5B7BDBB2012B07D10120FEF7B2FBBF
:10D57000FEF75CFC824B00225A737F4B1B79DBB2B7
:10D580001946052006F0CAFD7B4B5B79DBB21946D4
:10D59000062006F0C3FD784B9B79DBB219460720C5
:10D5A00006F0BCFD744BDB79DBB21946082006F0AF
:10D5B000B5FD744B01229A70724B00221A700BE079
:10D5C00097F82730012B06D16E4B06221A70694B53
:10D5D00009221A7000E000BF4FF4FA63009314238D
:10D5E00000220221684800F0B3FE034687F8273086
:10D5F00097F82730012B13D15E4B1B78DBB2132B2E
:10D6000007D85C4B1B78DBB21433DAB2594B1A7073
:10D6100006E0584B1B78DBB2143BDAB2554B1A705C
:10D620004FF4FA630093142300228021534800F042
:10D630008FFE034687F8273097F82730012B6FD1EC
:10D640004C4B1B78DBB2132B10D84A4B1B78DBB248
:10D65000052B03D8474B08221A7061E0454B1B7815
:10D66000DBB2013BDAB2434B1A7059E0414B1B78F5
:10D67000DBB2193B032B50D801A252F823F000BFB4
:10D6800091D60108CFD60108D7D6010813D70108D3
:10D69000394B1B7987F82230374B1B79DBB2042BCF
:10D6A00003D9354B00221A7106E0334B1B79DBB2EC
:10D6B0000133DAB2304B1A712F4B1B79DBB297F87A
:10D6C00022209A422BD02E4B01225A7327E02A4B5C
:10D6D0006E225A7124E0284B9B7987F82330264B21
:10D6E0009B79DBB2022B03D9234B00229A7106E00F
:10D6F000214B9B79DBB20133DAB21F4B9A711E4B7F
:10D700009B79DAB297F8233011461846FEF7D2F922
:10D7100006E0194B0122DA7102E000BF00E000BF11
:10D720004FF4FA630093142300220421164800F0FA
:10D730000FFE034687F8273097F82730012B40F07B
:10D7400052840C4B1B78DBB2132B1FD8094B1B7870
:10D75000DBB2072B04D9074B05221A7000F043BC3B
:10D76000044B1B78DBB20133DAB2024B1A7000F0C3
:10D770003ABC00BF204B0020044B002000100240A8
:10D78000244B0020004B002000040240AB4B1B78D0
:10D79000DBB2193B032B50D801A252F823F000BF93
:10D7A000B1D70108EFD70108F7D7010833D801082E
:10D7B000A34B1B7987F82030A14B1B79DBB2002BE0
:10D7C00003D19F4B05221A7106E09D4B1B79DBB2FA
:10D7D000013BDAB29A4B1A71994B1B79DBB297F87D
:10D7E00020209A422BD0974B01225A7327E0944B6A
:10D7F000DC225A7124E0924B9B7987F82130904BC0
:10D800009B79DBB2002B03D18D4B03229A7106E08A
:10D810008B4B9B79DBB2013BDAB2894B9A71884B17
:10D820009B79DAB297F8213011461846FEF742F993
:10D8300006E0834B0022DA7102E000BFD3E300BFB1
:10D84000D1E34FF4FA630093142300224FF4807164
:10D850007D4800F07DFD034687F8273097F8273094
:10D86000022B22D1764B1B7ADBB21946092006F037
:10D8700055FC734B5B7ADBB219460A2006F04EFC6E
:10D880006F4B9B7ADBB219460B2006F047FC6C4BC2
:10D89000DB7ADBB219460C2006F040FC6B4B012210
:10D8A0009A706A4B00221A700BE097F82730012B10
:10D8B00006D1664B07221A70604B0D221A7000E0E9
:10D8C00000BF4FF4FA630093142300220221604842
:10D8D00000F03EFD034687F8273097F82730012BEC
:10D8E00013D1564B1B78DBB2132B07D8534B1B7845
:10D8F000DBB21433DAB2514B1A7006E04F4B1B788F
:10D90000DBB2143BDAB24D4B1A704FF4FA6300935A
:10D910001423002280214C4800F01AFD034687F8AA
:10D92000273097F82730012B47D1444B1B78DBB2C7
:10D93000132B10D8414B1B78DBB2092B03D83F4B7C
:10D940000C221A7039E03D4B1B78DBB2013BDAB296
:10D950003A4B1A7031E0394B1B78DBB21D3B032B7D
:10D960002AD801A252F823F079D9010889D90108EF
:10D9700099D90108A9D90108314B1B7ADBB20133CF
:10D98000DAB22F4B1A7218E02D4B5B7ADBB20133FF
:10D99000DAB22B4B5A7210E0294B9B7ADBB201337F
:10D9A000DAB2274B9A7208E0254BDB7ADBB20133FF
:10D9B000DAB2234BDA7200E000BF4FF4FA6300934F
:10D9C000142300220421224800F0C2FC034687F8F9
:10D9D000273097F82730012B40F00783174B1B782F
:10D9E000DBB2132B10D8154B1B78DBB20B2B03D9F2
:10D9F000124B09221A70F8E2104B1B78DBB201338C
:10DA0000DAB20E4B1A70F0E20C4B1B78DBB21D3B06
:10DA1000032B37D801A252F823F000BF2DDA0108FA
:10DA200055DA010865DA010875DA0108044B1B7A3A
:10DA3000DBB2013BDAB2024B1A7224E0204B002029
:10DA4000044B0020244B002000100240004B00201B
:10DA500000040240A14B5B7ADBB2013BDAB29F4B80
:10DA60005A7210E09D4B9B7ADBB2013BDAB29B4BC2
:10DA70009A7208E0994BDB7ADBB2013BDAB2974B42
:10DA8000DA7200E000BFB0E24FF4FA6300931423AF
:10DA900000224FF48071924800F05AFC034687F848
:10DAA000273097F82730022B21D18C4B1B7BDBB220
:10DAB00019460D2006F032FB884B5B7BDBB2194622
:10DAC0000E2006F02BFB854BDB899BB2854AA2FB1F
:10DAD00003235B099BB2DBB219460F2006F01EFB45
:10DAE000814B01229A70804B00221A700BE097F84C
:10DAF0002730012B06D17C4B08221A707B4B112258
:10DB00001A7000E000BF4FF4FA6300931423002260
:10DB10000221774800F01CFC034687F8273097F86D
:10DB20002730012B1ED1714B1B78DBB2132B12D87F
:10DB30006E4B1B78DBB21433DAB26C4B1A706B4B42
:10DB40001B78DBB2242B0DD1674B00221A70674B78
:10DB500010221A7006E0654B1B78DBB2143BDAB278
:10DB6000624B1A704FF4FA63009314230022802151
:10DB70005B4800F0EDFB034687F8273097F8273025
:10DB8000012B57D1594B1B78DBB2132B10D8574BB5
:10DB90001B78DBB20D2B03D8544B10221A7049E0CE
:10DBA000524B1B78DBB2013BDAB2504B1A7041E0AA
:10DBB0004E4B1B78DBB2232B1BD0232B39DC212BC4
:10DBC00002D0222B04D034E0444B01221A7331E0FE
:10DBD000424B5B7BDBB2012B03D9404B00225A73D3
:10DBE00028E03E4B5B7BDBB20133DAB23B4B5A732E
:10DBF00020E03A4BDB899BB2B3F5FA5F04D3374B95
:10DC00004FF4FA52DA8115E0344BDB899BB264336E
:10DC10009AB2324BDA81314BDB899BB21946012033
:10DC200000F004FF2D4BDB899BB2184602F0E2FEA8
:10DC300000E000BF4FF4FA63009314230022042194
:10DC40002B4800F085FB034687F8273097F82730EC
:10DC5000012B40F0CC81254B1B78DBB2132B10D865
:10DC6000224B1B78DBB20F2B03D9204B0D221A70ED
:10DC7000BDE11E4B1B78DBB20133DAB21B4B1A70CD
:10DC8000B5E11A4B1B78DBB2232B1BD0232B46DCD0
:10DC9000212B02D0222B04D041E0104B00221A731A
:10DCA0003EE00E4B5B7BDBB2002B03D10B4B022221
:10DCB0005A7335E0094B5B7BDBB2013BDAB2074BB1
:10DCC0005A732DE0054BDB899BB2B3F5FA6F11D87F
:10DCD000024B4FF4FA62DA8122E000BF044B0020CD
:10DCE000001002401F85EB51004B0020204B00200C
:10DCF00000040240A74BDB899BB2643B9AB2A54B60
:10DD0000DA81A44BDB899BB21946012000F08EFE1C
:10DD1000A04BDB899BB2184602F06CFE00E000BF0E
:10DD200065E19D4B1B78DBB2252B08D09A4B1B7805
:10DD3000DBB2262B03D00023FB770023BB774FF405
:10DD4000FA630093142300224FF48071934800F08B
:10DD5000FFFA034687F8273097F82730022B13D1B4
:10DD6000FEF764F88B4B1B7EDBB21946142006F0DD
:10DD7000D5F90021022000F059FE894B01229A704A
:10DD8000874B00221A700BE097F82730012B06D141
:10DD9000834B04221A70804B01221A7000E000BFEE
:10DDA0004FF4FA6300931423002202217D4800F00F
:10DDB000CFFA034687F8273097F82730012B13D185
:10DDC000754B1B78DBB2132B07D8734B1B78DBB278
:10DDD0001433DAB2704B1A7006E06F4B1B78DBB26B
:10DDE000143BDAB26C4B1A706B4B1B78DBB2252BF1
:10DDF00004D0694B1B78DBB2262B0FD107F1180139
:10DE000007F11F0207F1140300930B4680216348BA
:10DE1000FDF714FE034687F827300BE04FF4FA6352
:10DE200000931423002280215C4800F091FA0346FD
:10DE300087F8273097F82730012B40D1564B1B78B5
:10DE4000DBB2132B19D8544B1B78DBB2112B0CD837
:10DE5000504B1B79DBB2052B03D14F4B13221A70A9
:10DE60002DE04D4B12221A7029E04B4B1B78DBB290
:10DE7000013BDAB2484B1A7021E0474B1B78DBB20A
:10DE8000272B0ED0272B19DC252B02D0262B04D0D4
:10DE900014E00120FDF75EFE11E00120FDF796FE83
:10DEA0000DE03C4B1B7EDBB2012B03D1394B002232
:10DEB0001A7604E0374B01221A7600E000BF364B99
:10DEC0001B78DBB2252B04D0334B1B78DBB2262B1F
:10DED0000FD107F1100107F11E0207F10C030093A7
:10DEE0000B4604212F48FDF7A9FD034687F827308C
:10DEF0000BE04FF4FA630093142300220421294815
:10DF000000F026FA034687F8273097F82730012BD0
:10DF10006FD1214B1B78DBB2132B26D81D4B1B79FD
:10DF2000DBB2052B10D11C4B1B78DBB2122B03D9B3
:10DF3000194B11221A705CE0174B1B78DBB20133CE
:10DF4000DAB2154B1A7054E0134B1B78DBB2112B6D
:10DF500003D9114B11221A704BE00F4B1B78DBB227
:10DF60000133DAB20C4B1A7043E00B4B1B78DBB277
:10DF7000272B19D0272B24DC252B02D0262B04D0CD
:10DF80001FE00020FDF7E6FD1CE00020FDF71EFE6F
:10DF900018E000BF044B0020204B0020001002407E
:10DFA000004B002000040240154B1B7EDBB2012B0E
:10DFB00003D1134B00221A7604E0114B01221A768A
:10DFC00000E000BF15E000BF14E000BF12E000BF9A
:10DFD00010E000BF0EE000BF0CE000BF0AE000BF91
:10DFE00008E000BF06E000BF04E000BF02E000BFA1
:10DFF00000E000BF0120FCF750FBFEF760BF00BF50
:10E00000044B002080B582B000AF78602A4B1B78AB
:10E01000DBB2082B4AD801A252F823F041E00108F4
:10E020004DE0010859E0010865E0010871E00108D0
:10E030007DE0010889E0010895E00108A1E0010800
:10E04000002003F057FD04F0FFFB30E0002003F058
:10E0500051FD04F0D5FD2AE0002003F04BFD04F053
:10E06000E7FE24E0002003F045FD04F0C5FF1EE0BC
:10E07000002003F03FFD05F08BF818E0002003F0CE
:10E0800039FD05F0BDF912E0002003F033FD05F085
:10E0900049FC0CE0002003F02DFD05F07BFD06E0BF
:10E0A000002003F027FD05F0DDFE00E000BFC820E2
:10E0B000FCF7F3FAAAE700BF004B002000000000C5
:10E0C00080B586B000AF786000233B610023FB6021
:10E0D0004FF00003BB600023FB754BE09848F4F75A
:10E0E00077FD01219648F4F745FE9548F4F7CDFEFB
:10E0F00003469AB2934B5A81924B5B899BB203F4CD
:10E100007E6307EE903AF8EE677A97ED027A77EE43
:10E11000277AC7ED027A8A48F4F75AFD0121884828
:10E12000F4F728FE8648F4F7B0FE03469AB2854B12
:10E130009A81844B9B899BB203F47E63FA681344F3
:10E14000FB607F48F4F744FD01217D48F4F712FE9F
:10E150007B48F4F79AFE03469AB27A4BDA81794B00
:10E16000DB899BB203F47E633A6913443B61FB7D18
:10E170000133FB75FB7D092BB0D9734B1B79DBB2E7
:10E18000002B21D1D7ED027AB2EE047AC7EE876A6E
:10E1900016EE900AF2F7F2FA5DA3D3E90023F2F744
:10E1A0005FF802460B46104619465BA3D3E90023ED
:10E1B000F2F784F902460B4610461946F2F77EFB49
:10E1C0000346604AD3614EE05F4B1B79DBB2052BFF
:10E1D00021D1D7ED027AB2EE047AC7EE876A16EE45
:10E1E000900AF2F7CBFA4AA3D3E90023F2F738F802
:10E1F00002460B461046194647A3D3E90023F2F71F
:10E200005DF902460B4610461946F2F757FB0346E6
:10E210004C4AD36127E04C4B1B79DBB2032B21D155
:10E22000D7ED027AB2EE047AC7EE876A16EE900A4C
:10E23000F2F7A4FA3AA3D3E90023F2F711F8024661
:10E240000B461046194638A3D3E90023F2F736F9F6
:10E2500002460B4610461946F2F730FB0346394A90
:10E26000D36100E000BF374BD3ED077AF5EEC07AFB
:10E27000F1EE10FA03D8334B4FF00002DA61FB687D
:10E2800007EE903AF8EE677AB2EE047AC7EE876A44
:10E2900016EE900AF2F772FA25A3D3E90023F1F7FC
:10E2A000DFFF02460B461046194623A3D3E900239D
:10E2B000F2F706F902460B4610461946F2F7DEFA67
:10E2C00003469AB21F4BDA801E4BDB889BB2002BB1
:10E2D00002D11C4B0022DA803B691C4AA2FB0323BB
:10E2E000DB089AB2174B1A81164B1B899BB2002B85
:10E2F00002D1144B00221A8100233B614FF000032E
:10E30000BB600023FB601E20FCF7C7F9E3E600BFFB
:10E31000B37BF2B0506B8A3F01DE02098A7F224054
:10E320006EA301BC0512943FEC51B81E85EB2B4047
:10E33000DE718A8EE4F29FBFD578E926311056400F
:10E340007C520020344B0020044B0020CDCCCCCCA0
:10E3500080B586B000AFF860084611461A460346FD
:10E360007B810B467B721346FB800023FB753A8C46
:10E37000FB88D31ABB82F6F773F938611E20FCF7CD
:10E380008CF9FB681A697B891340002B14BF0123A9
:10E390000023DBB21A467B7A9A4245D1FB881846A5
:10E3A000FCF77BF932E0F6F75BF902463B69D21ADB
:10E3B000BB8A9A4218D37B891946F86800F088F81E
:10E3C0000346002B37D17B891946F86800F080F8A6
:10E3D0000346012B2FD00223FB757B8901221946AE
:10E3E000F86800F02FF826E0F6F73AF902463B69A4
:10E3F000D21AFB889A4209D37B891946F86800F043
:10E4000067F80346002B01D10123FB75FB681A69ED
:10E410007B891340002B14BF01230023DBB21A4673
:10E420007B7A9A42BFD007E07B8900221946F868C0
:10E4300000F008F800E000BFFB7D18461837BD4625
:10E4400080BD000080B483B000AF78600B467B8055
:10E4500013467B707B681A4A93420DD17B88022B4E
:10E4600003D1184A7B78137024E07B88042B21D1D8
:10E47000144A7B7893701DE07B68134A93420ED157
:10E480007B88802B03D10F4A7B78537012E07B8806
:10E49000B3F5807F0ED10B4A7B78D3700AE07B689E
:10E4A0000A4A934206D17B88B3F5005F02D1054A40
:10E4B0007B78137100BF0C37BD465DF8047B704755
:10E4C00000040240244B00200010024000080240DB
:10E4D00080B483B000AF78600B467B807B681B4ABA
:10E4E00093420DD17B88022B03D1194B1B78DBB2F1
:10E4F00026E07B88042B22D1154B9B78DBB21FE0F2
:10E500007B68144A93420ED17B88802B03D1104B39
:10E510005B78DBB214E07B88B3F5807F0FD10C4BC6
:10E52000DB78DBB20CE07B680B4A934207D17B8837
:10E53000B3F5005F03D1064B1B79DBB200E000238B
:10E5400018460C37BD465DF8047B70470004024056
:10E55000244B0020001002400008024090B583B018
:10E5600000AF994B1B88FB80984B1B79DBB2042BC7
:10E5700040F03782964BDB7ADBB2012B02D10023CD
:10E58000FB803FE0924BDB79DBB2012B21D1904B3A
:10E590009B79DBB2012B03D18C4BDB8AFB8031E012
:10E5A0008C4BDB78DBB2012B05D13220FDF718FA5A
:10E5B0000346FB8026E0874BDB78DBB2022B05D1DC
:10E5C0006420FDF70DFA0346FB801BE00023FB806F
:10E5D00018E07F4B9B79DBB2012B03D17B4BDB8AAD
:10E5E000FB800FE07B4B5B78DBB2002B08D0794BD4
:10E5F0005B78DBB21846FDF7F3F90346FB8001E0D8
:10E600000023FB80704AFB8813806F4B1B88002B14
:10E610006AD10020FDF74EFC6F4B00221A806F4B31
:10E620001B78002B06D06D4B00221A706C4B002219
:10E630001A6027E06B4B1B78032B20D1684B1B68BB
:10E64000002B0DD1F6F70CF8034603F6B833644AF5
:10E650001360002300220021102000F0F7FFC2E128
:10E66000F5F7FEFF02465E4B1B68D31A002BC0F283
:10E67000BA815B4B00221A60FDF7F0FCB3E1584B06
:10E6800000221A60574B1B78002B13D1564B1B8866
:10E69000002B0FD1554B1B78012B0BD10020FDF720
:10E6A00081F90346002B02D0FDF7D8FCA4E1FDF769
:10E6B000AFFCA1E14B4B1B78012B02D0FDF7CEFC48
:10E6C00093E1FDF7F1FC0346002B00F08E81454BF2
:10E6D00000221A70464B00221A60464B00221A6034
:10E6E000454B00221A6080E13D4B00221A603D4BF1
:10E6F0001B78032B40F0A1800120FDF753F903465E
:10E70000002B1AD00020FDF723F90346002B14D16B
:10E710003A4B1B78D9B2354B1B781A46324B1B88C3
:10E720000B2000F093FF0020FDF7C4FB2D4B0022CF
:10E730001A70294B00221A805EE12B4B1B88002B9C
:10E7400062D02D4B1B68002B5ED00020FDF72AF90C
:10E750000346002B58D0F5F783FF0246264B1B6873
:10E76000D31AB3F5FA7F4FD31A4BD3ED077A9FED47
:10E77000247AF4EEC77AF1EE10FA45D81F4B1B78D5
:10E78000D9B2194B1B8800220C2000F05FFF00203B
:10E79000FDF790FB104B00221A800E4B4FF0000249
:10E7A000DA610020FDF7E2FBF5F75AFF0346104A55
:10E7B0001360104B00221A60124B00221A60094BA2
:10E7C00002221A7018E100BFBA4D0020044B00204D
:10E7D000244B0020344B0020DA4D0020D94D00207E
:10E7E000C44D0020DC4D0020B84D00206E000020FC
:10E7F000BC4D0020C04D0020D44D00206D000020F5
:10E800000AD7233CD04D00207D4B1A887D4B1B88B6
:10E810009A4204D17C4B1B88002B00F0E880784B97
:10E820001B88002B06D1774B1B8800220221112068
:10E8300000F00CFFFDF794FCD9E0744B1B78012B22
:10E840003DD10020FDF736FB0020FDF7ABF8034675
:10E85000002B11D06D4B03221A70F5F701FF034610
:10E860006B4A1360674B1B8800220121112000F0C6
:10E87000EDFEFDF775FCBFE0FDF716FC0346002B2F
:10E8800011D10020FDF772FBF5F7EAFE0346614A5D
:10E8900013605F4B00221A605F4B00221A605B4BD3
:10E8A00002221A70A8E0594B00221A70594B00221C
:10E8B0001A60574B00221A60584B00221A60534BC3
:10E8C0001B78002B18D10020FDF7F4FA544B4FF0C1
:10E8D0000002DA610020FDF749FBF5F7C1FE0346AF
:10E8E0004C4A13604A4B00221A604B4B00221A60BC
:10E8F000464B02221A707FE0444B1B78022B42D118
:10E900000020FDF7D7FAFDF7E9FB0346002B70D096
:10E910003F4B1B68002B04D1F5F7A2FE03463C4A8F
:10E920001360FDF705FC0346002B64D0354B1B88B4
:10E93000002B02D1FDF792FB5EE0F5F791FE024657
:10E94000334B1B68D31A3B603B68FF2B02D83B68F4
:10E95000D9B200E0FF212B4B1B884FF42F720F2000
:10E9600000F074FE2F4B1B78DCB20020FCF7F0FFA8
:10E9700003461A46234B1B8821460A2000F066FEF8
:10E98000224B03221A700120FDF70CF80346002BDE
:10E990001AD00020FCF7DCFF0346002B14D1214BDA
:10E9A0001B78D9B2204B1B781A46154B1B880B20BD
:10E9B00000F04CFE0020FDF77DFA144B00221A7087
:10E9C000114B00221A8017E00D4B1A880D4B1B8843
:10E9D0009A4203D10C4B1B88002B0DD0FDF7C0FBD6
:10E9E0000AE000BF08E000BF06E000BF04E000BF8F
:10E9F00002E000BF00E000BF0C37BD4690BD00BF85
:10EA0000B84D0020BA4D0020DA4D0020DC4D00202A
:10EA1000C04D0020BC4D0020D04D0020D44D002022
:10EA2000344B00206D0000206E00002080B584B0C3
:10EA300000AF03460A46FB711346BB80FB79012BEE
:10EA400004D1474B1B68BA885A6386E0454B0122C4
:10EA50001A73454B1B79DBB2052B04D10022202110
:10EA60004248F5F7B7FB404B1B79DBB2042B2ED1A4
:10EA7000BB88002B03D03E4ABB88138023E0394B70
:10EA8000DB79DBB2012B08D1364BDB7ADBB2002B12
:10EA900003D1344B00221A735FE0324BDB7ADBB2D6
:10EAA000002B0DD1334B5B78DBB2002B04D12D4B07
:10EAB0009B79DBB2012B03D12A4B00221A734CE065
:10EAC0002B4B00221A80274B00221A7345E0BB888B
:10EAD000002B28D0224B1B68BA889A63224B1B79E3
:10EAE000DBB2032B05D1012220212048F5F772FB70
:10EAF00002E0002002F0A2F8EFF30583FB60FB6860
:10EB0000002B0AD00023BB6002E0BB680133BB606E
:10EB1000BB6841F287329342F7DD0022012116489B
:10EB2000F5F758FB16E0012201211348F5F752FBD7
:10EB30000B4B1B68BA889A630B4B1B79DBB2032B18
:10EB400005D1002220210948F5F744FB02E001200D
:10EB500002F074F8034B00221A731037BD4680BDD3
:10EB6000B8540020244B0020044B00200010024029
:10EB7000BA4D0020344B00200004024080B584B020
:10EB800000AF3B4600221A605A609A60DA60314B4F
:10EB9000314A1A602F4B4FF480325A602D4B0022BD
:10EBA0009A602C4B01221A612A4B00221A76294BBB
:10EBB000012283F82020274B01225A62254B002294
:10EBC000DA62244B254A9A62224B0022DA60214BFA
:10EBD0000322DA611F4B002283F830201D4B0122F3
:10EBE0005A611C48F3F7B0FF0346002B01D0FCF735
:10EBF00069FD0B233B6001237B600223BB603B4626
:10EC000019461448F4F74EF90346002B01D0FCF7DF
:10EC100059FD0C233B6002237B603B4619460D489F
:10EC2000F4F740F90346002B01D0FCF74BFD0D2310
:10EC30003B6003237B603B4619460648F4F732F9F4
:10EC40000346002B01D0FCF73DFD00BF1037BD4649
:10EC500080BD00BF7C520020002001400100000F59
:10EC600080B58AB000AF786007F1140300221A6003
:10EC70005A609A60DA601A617B681B68174A93428F
:10EC800027D100233B61164B5B6C154A43F480731C
:10EC90005364134B5B6C03F480733B613B6900234B
:10ECA000FB600F4B1B6B0E4A43F0040313630C4BCA
:10ECB0001B6B03F00403FB60FB680E237B610323E3
:10ECC000BB610023FB6107F1140319460548F4F703
:10ECD000D1FF00BF2837BD4680BD00BF00200140E6
:10ECE000003802400008024080B500AF064B074ADA
:10ECF0001A600548F5F7E4FC0346002B01D0FCF749
:10ED0000E1FC00BF80BD00BFC452002000300240C3
:10ED100080B485B000AF78607B681B680B4A934273
:10ED20000DD10023FB600A4B1B6B094A43F480534F
:10ED30001363074B1B6B03F48053FB60FB6800BF3E
:10ED40001437BD465DF8047B704700BF00300240B9
:10ED50000038024080B500AF124B134A1A60114BC5
:10ED6000124A5A600F4B00229A600E4BF022DA6072
:10ED70000C4B4FF480421A610A4B00225A61094B36
:10ED800000229A61074B0022DA61064B00221A62C8
:10ED90000448F5F7B1FC0346002B01D0FCF792FCC8
:10EDA00000BF80BDCC52002000540040A08601006E
:10EDB00080B58AB000AF786007F1140300221A60B2
:10EDC0005A609A60DA601A617B681B68214A934234
:10EDD0003BD100233B61204B1B6B1F4A43F00203D6
:10EDE00013631D4B1B6B03F002033B613B69C023A4
:10EDF0007B611223BB610123FB6103233B6204237C
:10EE00007B6207F1140319461448F4F733FF00231B
:10EE1000FB60114B1B6C104A43F4001313640E4B40
:10EE20001B6C03F40013FB60FB68002205211F200C
:10EE3000F5F7A3FB1F20F5F7BCFB002205212020DE
:10EE4000F5F79BFB2020F5F7B4FB00BF2837BD4644
:10EE500080BD00BF00540040003802400004024062
:10EE600080B500AF174B184A1A60164B4FF48272E8
:10EE70005A60144B00229A60124B0022DA60114B48
:10EE800000221A610F4B00225A610E4B4FF40072A0
:10EE90009A610C4B1822DA610A4B00221A62094B64
:10EEA00000225A62074B00229A62064B0A22DA625B
:10EEB0000448F7F772FA0346002B01D0FCF702FC76
:10EEC00000BF80BD205300200030014080B500AF5E
:10EED000174B184A1A60164B4FF482725A60144B43
:10EEE00000229A60124B0022DA60114B00221A6154
:10EEF0000F4B00225A610E4B4FF400729A610C4B7B
:10EF00000022DA610A4B00221A62094B00225A627F
:10EF1000074B00229A62064B0A22DA620448F7F78E
:10EF20003CFA0346002B01D0FCF7CCFB00BF80BDB0
:10EF3000785300200038004080B500AF174B184AC6
:10EF40001A60164B4FF482725A60144B00229A607A
:10EF5000124B0022DA60114B02221A610F4B012280
:10EF60005A610E4B4FF400729A610C4B0822DA6121
:10EF70000A4B00221A62094B00225A62074B0022F8
:10EF80009A62064B0A22DA620448F7F706FA034649
:10EF9000002B01D0FCF796FB00BF80BDD0530020B2
:10EFA000003C004080B58EB000AF786007F12403CC
:10EFB00000221A605A609A60DA601A617B681B68E6
:10EFC000544A93422CD100233B62534B5B6C524A10
:10EFD00043F480535364504B5B6C03F480533B62A7
:10EFE0003B6A0023FB614C4B1B6B4B4A43F0020313
:10EFF0001363494B1B6B03F00203FB61FB6938236E
:10F000007B620223BB620123FB6203233B63052374
:10F010007B6307F1240319464048F4F72BFE75E0A3
:10F020007B681B683E4A93422DD10023BB613A4B5B
:10F030001B6C394A43F480431364374B1B6C03F455
:10F040008043BB61BB6900237B61334B1B6B324A3E
:10F0500043F002031363304B1B6B03F002037B612D
:10F060007B694FF460437B620223BB620123FB6236
:10F0700003233B6305237B6307F1240319462748D9
:10F08000F4F7F8FD42E07B681B68264A93423DD1C5
:10F0900000233B61204B1B6C1F4A43F40043136465
:10F0A0001D4B1B6C03F400433B613B690023FB6079
:10F0B000194B1B6B184A43F004031363164B1B6B6D
:10F0C00003F00403FB60FB684FF4A0537B62022350
:10F0D000BB620123FB6203233B6306237B6307F1CF
:10F0E000240319461048F4F7C5FD4FF400637B6212
:10F0F0000223BB620023FB6203233B6306237B6383
:10F1000007F1240319460848F4F7B4FD00BF383767
:10F11000BD4680BD0030014000380240000402407E
:10F1200000380040003C00400008024080B58AB032
:10F1300000AF07F1180300221A605A609A60DA6083
:10F1400007F1100300221A605A603B4600221A6041
:10F150005A609A60DA603E4B3E4A1A603C4B40F27D
:10F160008F625A603A4B00229A60394B4FF6FF7219
:10F17000DA60374B00221A61354B00225A61344B5A
:10F1800000229A613248F2F777F90346002B01D04A
:10F19000FCF798FA4FF48053BB6107F11803194646
:10F1A0002B48F2F71BFF0346002B01D0FCF78AFA2D
:10F1B0002748F2F743FB0346002B01D0FCF782FA05
:10F1C00000233B6100237B6107F1100319462048AF
:10F1D000F3F72AFC0346002B01D0FCF773FA022355
:10F1E0003B6001237B600023BB600023FB603B4648
:10F1F000002219461648F2F793FD0346002B01D072
:10F20000FCF760FA3B46042219461148F2F788FDE4
:10F210000346002B01D0FCF755FA3B46082219465D
:10F220000B48F2F77DFD0346002B01D0FCF74AFAAC
:10F230003B460C2219460648F2F772FD0346002BA6
:10F2400001D0FCF73FFA00BF2837BD4680BD00BFA4
:10F25000285400200000014080B586B000AF07F1BF
:10F26000080300221A605A609A60DA603B46002266
:10F270001A605A601D4B4FF080421A601B4B0022EF
:10F280005A601A4B00229A60184B194ADA60174BE1
:10F2900000221A61154B80229A611448F2F7ECF8AB
:10F2A0000346002B01D0FCF70DFA4FF48053BB60EE
:10F2B00007F1080319460D48F2F790FE0346002BAC
:10F2C00001D0FCF7FFF900233B6080237B603B46C5
:10F2D00019460648F3F7A8FB0346002B01D0FCF7BC
:10F2E000F1F900BF1837BD4680BD00BF7054002043
:10F2F0001F48010080B58EB000AF07F1280300223F
:10F300001A605A609A60DA6007F1200300221A60DE
:10F310005A603B1D00221A605A609A60DA601A61D6
:10F320005A619A61334B344A1A60324B00225A6058
:10F33000304B00229A602F4B42F2D002DA602D4B04
:10F3400000221A612B4B80229A612A48F2F794F826
:10F350000346002B01D0FCF7B5F94FF48053BB6294
:10F3600007F1280319462348F2F738FE0346002B1D
:10F3700001D0FCF7A7F91F48F2F73EF90346002B2E
:10F3800001D0FCF79FF930233B6200237B6207F139
:10F39000200319461748F3F747FB0346002B01D01B
:10F3A000FCF790F960237B600023BB600023FB60C7
:10F3B00000237B613B1D002219460E48F2F74CFDED
:10F3C0000346002B01D0FCF77DF90223FB603B1DB7
:10F3D000042219460748F2F73FFD0346002B01D0EF
:10F3E000FCF770F9034800F0F7F800BF3837BD4666
:10F3F00080BD00BFB85400200004004080B586B036
:10F4000000AF07F1080300221A605A609A60DA60C0
:10F410003B4600221A605A601D4B1E4A1A601C4B64
:10F4200000225A601A4B00229A60194B4FF6FF7265
:10F43000DA60174B00221A61154B80229A6114483A
:10F44000F2F71AF80346002B01D0FCF73BF94FF412
:10F450008053BB6007F1080319460D48F2F7BEFD63
:10F460000346002B01D0FCF72DF900233B608023DD
:10F470007B603B4619460648F3F7D6FA0346002B55
:10F4800001D0FCF71FF900BF1837BD4680BD00BF93
:10F49000005500200008004080B58CB000AF7860B7
:10F4A00007F11C0300221A605A609A60DA601A6140
:10F4B0007B681B68434A934235D10023BB61424BB2
:10F4C0005B6C414A43F0010353643F4B5B6C03F0B8
:10F4D0000103BB61BB6900237B613B4B1B6B3A4A59
:10F4E00043F010031363384B1B6B03F010037B6175
:10F4F0007B694FF4D443FB6102233B6200237B62B0
:10F500000323BB620123FB6207F11C0319462F484A
:10F51000F4F7B0FB002205211B20F5F72EF81B2085
:10F52000F5F747F84AE07B681B68B3F1804F16D1C6
:10F5300000233B61244B1B6C234A43F001031364FB
:10F54000214B1B6C03F001033B613B690022052149
:10F550001C20F5F712F81C20F5F72BF82EE07B683D
:10F560001B681B4A93420ED10023FB60164B1B6C99
:10F57000154A43F002031364134B1B6C03F00203A0
:10F58000FB60FB681AE07B681B68124A934215D146
:10F590000023BB600C4B1B6C0B4A43F00403136449
:10F5A000094B1B6C03F00403BB60BB680022052100
:10F5B0001E20F4F7E2FF1E20F4F7FBFF00BF3037F8
:10F5C000BD4680BD000001400038024000100240EE
:10F5D000000400400008004080B588B000AF7860AB
:10F5E00007F10C0300221A605A609A60DA601A610F
:10F5F0007B681B68124A93421DD10023BB60114BEC
:10F600001B6B104A43F0010313630E4B1B6B03F09B
:10F610000103BB60BB68C023FB6002233B61002386
:10F620007B610023BB610223FB6107F10C031946D8
:10F630000548F4F71FFB00BF2037BD4680BD00BF63
:10F6400000040040003802400000024090B585B040
:10F6500000AF0446084611461A462346FB7103468E
:10F66000BB710B46BB8013467B80204B1B6803F0AD
:10F670007F03FB60F4F7F4FF01461D48FA68134668
:10F680005B0013449B00034419601949FA68134650
:10F690005B0013449B000B440433FA791A7014493D
:10F6A000FA6813465B0013449B000B440533BA7998
:10F6B0001A700F49FA6813465B0013449B000B4411
:10F6C0000633BA881A800A49FA6813465B00134465
:10F6D0009B000B4408337A881A80044B1B68013363
:10F6E000024A136000BF1437BD4690BD4C5B00203A
:10F6F0004C55002080B500AF114B124A1A60104BD8
:10F700004FF4E1325A600E4B00229A600C4B0022FB
:10F71000DA600B4B00221A61094B0C225A61084B2C
:10F7200000229A61064B0022DA610548F7F706FCD1
:10F730000346002B01D0FBF7C5FF00BF80BD00BF13
:10F74000785B00200010014080B582B000AF214BF3
:10F75000214A1A601F4B4FF416525A601D4B00226B
:10F760009A601C4B0022DA601A4B00221A61194B76
:10F770000C225A61174B00229A61164B0022DA6163
:10F780001448F7F7DBFB0346002B01D0FBF79AFF89
:10F7900000237B600F4B1B681B687B600D4B1B6855
:10F7A0005B687B607B680B4B1B68DA68094B1B68E6
:10F7B00022F01002DA60094B0022A3F83C22074B2A
:10F7C000002283F84022064B00229A7200BF0837BD
:10F7D000BD4680BDC05B002000440040604B00205F
:10F7E000244B002080B500AF114B124A1A60104B19
:10F7F0004FF4E1325A600E4B00229A600C4B00220B
:10F80000DA600B4B00221A61094B0C225A61084B3B
:10F8100000229A61064B0022DA610548F7F78EFB59
:10F820000346002B01D0FBF74DFF00BF80BD00BF9A
:10F83000085C00200014014080B58EB000AF7860F5
:10F8400007F1240300221A605A609A60DA601A6194
:10F850007B681B68574A934235D100233B62564B65
:10F860005B6C554A43F010035364534B5B6C03F0DD
:10F8700010033B623B6A0023FB614F4B1B6B4E4AFC
:10F8800043F0010313634C4B1B6B03F00103FB615B
:10F89000FB694FF4C0637B620223BB620123FB62FE
:10F8A00003233B6307237B6307F124031946434883
:10F8B000F4F7E0F9002205212520F4F75EFE25206B
:10F8C000F4F777FE72E07B681B683D4A934234D1BF
:10F8D0000023BB61384B1B6C374A43F4003313647D
:10F8E000354B1B6C03F40033BB61BB6900237B61A8
:10F8F000314B1B6B304A43F0010313632E4B1B6BE0
:10F9000003F001037B617B690C237B620223BB62F2
:10F910000123FB6203233B6307237B6307F124037B
:10F9200019462648F4F7A6F9002205212620F4F707
:10F9300024FE2620F4F73DFE38E07B681B68214A50
:10F94000934233D100233B611B4B5B6C1A4A43F05B
:10F9500020035364184B5B6C03F020033B613B694D
:10F960000023FB60144B1B6B134A43F00403136327
:10F97000114B1B6B03F00403FB60FB68C0237B622D
:10F980000223BB620123FB6203233B6308237B63E7
:10F9900007F1240319460C48F4F76CF900220521FD
:10F9A0004720F4F7EAFD4720F4F703FE00BF38379D
:10F9B000BD4680BD001001400038024000000240FA
:10F9C00000440040001401400008024080B582B0AD
:10F9D00000AF78607B681B681D4A93420ED11D4BB7
:10F9E0005B6C1C4A23F0100353644FF4C0611A4847
:10F9F000F4F7DCFA2520F4F7EAFD24E07B681B68C5
:10FA0000164A93420DD1134B1B6C124A23F4003358
:10FA100013640C211048F4F7C9FA2620F4F7D7FD37
:10FA200011E07B681B680E4A93420CD1094B5B6C5A
:10FA3000084A23F020035364C0210A48F4F7B6FAB9
:10FA40004720F4F7C4FD00BF0837BD4680BD00BFA6
:10FA50000010014000380240000002400044004015
:10FA6000001401400008024080B582B000AF254B71
:10FA70009B79DBB2012B02D0FFF766FE3EE0224B02
:10FA8000224A1A60204B224A5A601F4B00229A6079
:10FA90001D4B4FF40052DA601B4B00221A611A4BC7
:10FAA0000C225A61184B00229A61174B0022DA612E
:10FAB0001548F7F743FA0346002B01D0FBF702FE87
:10FAC00000237B60104B1B681B687B600E4B1B6820
:10FAD0005B687B607B680C4B1B68DA680A4B1B68B1
:10FAE00022F01002DA600B4B0022A3F83C22094BF3
:10FAF000012283F84022084B00229A720837BD4643
:10FB000080BD00BF044B0020C05B002000440040CB
:10FB100090D00300604B0020244B002080B500AF44
:10FB2000154B164A1A60144B154A5A60124B0022A4
:10FB30009A60114B4FF40052DA600F4B00221A61A9
:10FB40000D4B04225A610C4B00229A610A4B002291
:10FB5000DA610948F7F7F2F90346002B01D0FBF709
:10FB6000B1FD054B1B68DA68034B1B6842F01002BD
:10FB7000DA6000BF80BD00BF785B0020001001404C
:10FB800090D0030080B586B000AF0346FB712520FE
:10FB9000F4F71DFD3F48F7F739FB3E4B1B68DA6869
:10FBA0003C4B1B6822F01002DA6000237B61394B6A
:10FBB0001B681B687B61374B1B685B687B617B69DB
:10FBC00000233B61334B1B681B683B61314B1B6857
:10FBD0005B683B613B690023FB602E4B1B681B6825
:10FBE000FB602C4B1B685B68FB60FB680023BB6001
:10FBF000284B1B681B68BB60264B1B685B68BB609F
:10FC0000BB682448F7F7EAF90346002B03D0252008
:10FC1000F4F7CFFC3BE0FB79022B09D1FFF77EFF25
:10FC200001F002FB01221C491A48F7F7CAFA2BE03F
:10FC3000FB79032B26D1FFF75DFD184B002283F8DB
:10FC40001D22164B0022A3F80A22144B0022A3F80F
:10FC50000C22124B002283F81E22104B002283F844
:10FC60001C220E4B0022C3F814220C4B0022C3F8B6
:10FC700010220B4B0B4A1A60012208490548F7F77E
:10FC8000A0FA01E0FFF736FD2520F4F792FC1837C3
:10FC9000BD4680BD785B0020A05C0020D85E0020BF
:10FCA00000610020044B002080B483B000AF034605
:10FCB000FB71FB79092B03D8FB793033FB7102E030
:10FCC000FB793733FB71FB7918460C37BD465DF87D
:10FCD000047B704780B584B000AF0023FB81002314
:10FCE000BB8100237B8100233B817F4B01221A7063
:10FCF0007E4BB3F83C325A1C91B27C4AA2F83C12BB
:10FD000019467A4B1A78794B0B445A70774B5B78CB
:10FD1000022B40F0DE80754BB3F83C32062B36D117
:10FD2000724B9B78A52B04D1704B0B22A3F83E227B
:10FD30002DE06E4B9B78A92B04D16C4B0922A3F8C4
:10FD40003E2224E0694B9B78A62B03D0674B9B781F
:10FD5000A72B15D1654B5B79A3F1300213469B00AD
:10FD600013445B001A46614B9B79303B13449BB2B2
:10FD70009B009BB209339AB25C4BA3F83E2206E08B
:10FD80005A4B0022A3F83C22574B00221A70574BC3
:10FD9000B3F83C32082B40F2A380544BB3F83C221A
:10FDA000524BB3F83E329A42C0F09A804F4BB3F8B0
:10FDB0003E32013B4D4A13445B78032B6FD1012344
:10FDC000BB810AE0BB89494A13445B781A46FB8928
:10FDD0001344FB81BB890133BB81BA89434BB3F820
:10FDE0003E32033B9A42EDDBFB89DBB2FB81FB89B0
:10FDF0001B099BB2DBB21846FFF756FF03463B8157
:10FE0000FB89DBB203F00F03DBB21846FFF74CFFB0
:10FE100003467B81354BB3F83E32033B334A1344F0
:10FE20005B781A463B89934222D1304BB3F83E327D
:10FE3000023B2E4A13445B781A467B89934217D1C2
:10FE40002B4BDB79DBB2002B0ED1294BDB7ADBB2FB
:10FE5000002B09D1264B1B7BDBB2002B04D1244B9A
:10FE600001225A7106F0C8F81F4B00221A7011E0E7
:10FE7000204B1B689B680021184606F037FD1E4B7F
:10FE80001B78BB711C4B00221A7000F057FB1A4AFA
:10FE9000BB791370154B0022A3F83C2220E0154BD0
:10FEA0001B689B680021184606F020FD124B1B784A
:10FEB000FB71114B00221A7000F040FB0E4AFB79D7
:10FEC00013700A4B0022A3F83C22074B00221A7041
:10FED00006E0064B0022A3F83C22034B00221A70D6
:10FEE00000BF1037BD4680BDA44D0020604B0020F0
:10FEF000244B00200C0000204955002080B582B022
:10FF000000AF0023BB800023FB718E4B1B680133C5
:10FF10008C4A13608C4B01225A718C4B93F814322B
:10FF2000072B01D900F010FF884B93F814325A1CAC
:10FF3000D1B2864A82F814121946844B93F80B22E8
:10FF4000824B0B4483F80C22804B93F80C32012B2C
:10FF500040F0F0807D4B93F81432012B11D97B4B8C
:10FF600093F80D32032B02D10723FB7109E0774B85
:10FF700093F80D32062B02D10823FB7101E000F04B
:10FF8000E3FEFB79002B00F0D780704B93F814321E
:10FF9000FA799A4200F2D080FB79023BDBB2194633
:10FFA0006B4800F0EBFC0346BB806A4B1B680133D7
:10FFB000684A1360FB79023B644A134493F80C329D
:10FFC0001A46BB88DBB29BB29A4240F09E80FB7916
:10FFD000013B5E4A134493F80C321A46BB881B0A55
:10FFE0009BB29A4240F091805B4B1B6801335A4AA6
:10FFF0001360564B93F80D32032B4FD1534B93F8AC
:020000040802F0
:100000000E32022B4AD1514B93F80F321B029BB296
:100010004E4A92F8102213447B80504B1B78DBB27F
:10002000002B0DD14E4B1B6801334D4A1360474BDB
:1000300093F80F127B8800220920FFF707FB04E0EA
:10004000484B1B680133474A1360444B1B78DBB2B3
:10005000012B12D17B8807EE903AF8EE677A9FED7C
:10006000427A67EE877A414BC3ED077A7B8800229C
:1000700000210E20FFF7EAFA0BE0384B1B78DBB2C9
:10008000022B06D17B88DAB2394B1A70394B012228
:100090001A70324B00221A7000BF47E02B4B93F8C6
:1000A0000D32062B42D1294B93F80E32002B3DD155
:1000B000264B93F80F32062B38D1244B93F811229C
:1000C0002D4B1A702D4B1B78DAB22D4B1A702D4B1D
:1000D00001221A70284B1B78DAB2254B1A70254B77
:1000E00001221A70284B1B680133274A1360224BE8
:1000F0001B78D9B2224B1B78DBB21A461F4B1B78F8
:10010000DBB20720FFF7A2FA10E0204B1B68013397
:100110001E4A13600D4B93F80D120C4B93F81432DA
:100120001A4600230620FFF791FA00E000BF00F016
:100130000BFE01E000F008FE0023BB8000BF083783
:10014000BD4680BD505B0020A44D0020604B0020C8
:100150006C4D00205C5B0020605B0020544B002055
:10016000745B00206C5B00205839343C344B002019
:100170006D000020584B00206C000020564B0020E2
:10018000574B0020554B0020685B0020645B00202B
:1001900080B584B000AF394B93F84032002B4AD081
:1001A000364BB3F83C32364A1278D2B2934242D937
:1001B000344BDB7ADBB2002B3DD1324BDB79DBB247
:1001C000002B38D12F4B1B7BDBB2002B33D12B4BB9
:1001D0005B78002B2FD12A4B1B78DBB21A46274BBA
:1001E00013445B7807EE903AF8EE677A9FED267A33
:1001F00067EE877AC7ED037AD7ED037A9FED237A0E
:10020000F4EEC77AF1EE10FA01DD214BFB60D7ED79
:10021000037AFCEEE77AC7ED017A3B79DAB21D4B3F
:100220005A701C4B5B78DBB21846FBF7D9FB0346D0
:100230001A46184B1A83114B0022A3F83C220F4B8D
:10024000012283F840220F4BDB7ADBB2002B0DD169
:100250000C4BDB79DBB2002B08D10A4B1B7BDBB2EA
:10026000002B03D1074B01229A7203E0054B0022B9
:100270009A7200BF00BF1037BD4680BD604B0020A2
:10028000044B0020244B0020355ECA3E0000C842CB
:100290000000C842344B002080B400AF1A4B9B7959
:1002A000DBB2012B28D1194B93F8403283F00103C4
:1002B000DBB2002B22D1154BB3F83C32B3F5007FF3
:1002C0000ED8124BB3F83C325A1C91B20F4AA2F826
:1002D0003C1219460D4B1A780C4B0B445A700EE029
:1002E0000A4B0022A3F83C22084B002283F840224C
:1002F000074B00229A7202E000BF00E000BFBD463B
:100300005DF8047B704700BF044B0020604B002069
:10031000244B002080B582B000AF78607B681B68FA
:100320001F4A934213D11F4B9B79DBB2022B07D19B
:1003300001F044F801221C491C48F6F742FF06E090
:1003400005F0A6FA01221A491848F6F73AFF7B6829
:100350001B68184A934213D1174B1B78184600F0BC
:1003600089F8104B9B79DBB2012B02D1FFF794FF88
:1003700001E0FFF7AFFC01220F491048F6F721FF1B
:100380007B681B680E4A934206D1FFF7B7FD012236
:100390000C490D48F6F715FF00BF0837BD4680BD74
:1003A00000100140044B0020A05C0020785B00207E
:1003B000D85E002000440040604B0020C05B00205D
:1003C000001401406B4D0020085C002080B483B015
:1003D00000AF78607B681B68054A934202D1054BE9
:1003E00000221A7000BF0C37BD465DF8047B7047D1
:1003F000001001404855002080B582B000AF786001
:100400007B681B68134A934215D1134B9B79DBB26F
:10041000022B05D1012211491148F6F7D2FE14E052
:100420000D4B9B79DBB2032B0FD101220D490C48F8
:10043000F6F7C7FE09E07B681B680B4A934204D1BC
:1004400001220A490A48F6F7BCFE00BF0837BD463C
:1004500080BD00BF00100140044B0020A05C0020C4
:10046000785B0020D85E002000440040604B0020F4
:10047000C05B002080B483B000AF0346FB71144B17
:100480001B781A46134B9B5CFA799A4210D1104B99
:100490001B780133DAB20E4B1A700D4B1B781F2BF1
:1004A0000FD90D4B01221A70094B00221A7008E077
:1004B0005022FB79934201D1012200E00022044B3B
:1004C0001A7000BF0C37BD465DF8047B704700BF53
:1004D000505C0020187702084A55002080B483B091
:1004E00000AF0346FB71FB79002B14BF01230023EF
:1004F000DBB21A46034B1A7000BF0C37BD465DF8DD
:10050000047B70474955002080B400AF094B9B79AC
:10051000DBB2032B06D1084B1B78DBB2002B01D0DA
:10052000012300E00023DBB21846BD465DF8047BE2
:10053000704700BF044B00204955002080B500AF34
:100540001B4B022283F81522194B062283F8162230
:10055000174B152283F81722164B1B78DAB2144B6F
:1005600083F81822134B1B78DBB215335A42DBB2E7
:10057000D2B258BF5342DAB20D4B83F819220C4B5A
:10058000032283F81A22FFF7BFFF0346012B06D18F
:100590006423062208490948F6F752FD05E0642362
:1005A000062205490648F6F74BFD00BF80BD00BF97
:1005B000604B0020044B0020754D0020785B00202C
:1005C000C05B002080B582B000AF0023FB80AF4B42
:1005D000022283F81B22AD4BA92283F81C22AB4BCD
:1005E000322283F81D22AA4B1B79DBB2062B2AD8B4
:1005F00001A252F823F000BF1506020815060208F2
:100600001F06020829060208290602083306020806
:100610003D0602089D4B332283F81E2218E09B4BB7
:10062000352283F81E2213E0984B342283F81E22D1
:100630000EE0964B362283F81E2209E0934B3722B8
:1006400083F81E2204E0914B302283F81E2200BF63
:100650008F4B1B78DBB28F4AA2FB0323DB08DBB294
:100660003033DAB2894B83F81F22894B1B78DAB218
:10067000884BA3FB0213D9080B469B000B445B007D
:10068000D31ADBB23033DAB2804B83F82022824BAC
:100690005B78DBB2814AA2FB03235B09DBB2303318
:1006A000DAB27A4B83F821227B4B5B78DBB2794A52
:1006B000A2FB0323DB08DAB2764BA3FB0213D908B3
:1006C0000B469B000B445B00D31ADBB23033DAB22B
:1006D0006E4B83F82222704B5B78DAB26D4BA3FB32
:1006E0000213D9080B469B000B445B00D31ADBB204
:1006F0003033DAB2654B83F82322644B302283F81F
:100700002422654BDB889BB2644AA2FB03235B096E
:100710009BB2DBB23033DAB25C4B83F825225E4BFE
:10072000DB889BB25B4AA2FB0323DB089AB2594BDE
:10073000A3FB0213D9080B469B000B445B00D31AA2
:100740009BB2DBB23033DAB2504B83F82622524BE5
:10075000DB889AB24F4BA3FB0213D9080B469B00D0
:100760000B445B00D31A9BB2DBB23033DAB2474B97
:1007700083F82722484B1B8A9BB2494AA2FB0323DA
:100780009B099BB2DBB23033DAB2404B83F82822AC
:10079000414B1B8A9BB2414AA2FB03235B099AB2DD
:1007A0003C4BA3FB0213D9080B469B000B445B0098
:1007B000D31A9BB2DBB23033DAB2344B83F829223E
:1007C000354B1B8A9BB2334AA2FB0323DB089AB248
:1007D000304BA3FB0213D9080B469B000B445B0074
:1007E000D31A9BB2DBB23033DAB2284B83F82A2219
:1007F000294B1B8A9AB2274BA3FB0213D9080B463D
:100800009B000B445B00D31A9BB2DBB23033DAB2ED
:100810001E4B83F82B22204BD3ED077AFCEEE77AB0
:1008200017EE903A9BB21B4AA2FB0323DB089BB254
:10083000DBB23033DAB2154B83F82C22164BD3EDF2
:10084000077AFCEEE77A17EE903A9AB2114BA3FBC7
:100850000213D9080B469B000B445B00D31A9BB2D2
:10086000DBB23033DAB2094B83F82D22074B30224A
:1008700083F82E22084B1B78DBB23033DAB2034BFD
:1008800083F82F220123BB8018E000BF604B0020BB
:10089000044B0020CDCCCCCC344B00201F85EB5139
:1008A000D34D6210BB88304A134493F81B321A466A
:1008B000FB881344FB80BB880133BB80BB88142BAF
:1008C000F0D9FB88DBB2FB80FB881B099BB2DBB253
:1008D0001846FFF7E9F903467B80FB88DBB203F09B
:1008E0000F03DBB21846FFF7DFF903463B807B8836
:1008F000DAB21D4B83F830223B88DAB21A4B83F808
:100900003122194B032283F83222FFF7FDFD034603
:10091000012B1FD1154B1B78DBB2002B05D01448DF
:10092000F6F75FFD114B00221A70104B01221A706E
:10093000182210490E48F6F70EFC0346002B0FD084
:100940000A4B00221A70642318220A490848F6F755
:1009500077FB05E06423182206490748F6F770FB89
:1009600000BF0837BD4680BD604B002048550020C1
:10097000785B00207B4D0020C05B002080B485B0F8
:1009800000AF78600B46FB704FF6FF73FB810023CE
:100990007B730023BB601EE07B685A1C7A601B7867
:1009A0001A46FB895340FB8100237B7310E0FB89CF
:1009B00003F00103BB60FB895B08FB810C4ABB6849
:1009C00032F81320FB895340FB817B7B01337B731F
:1009D0007B7B072BEBD9FB785A1EFA70002BDBD1FF
:1009E000FB8918461437BD465DF8047B704700BF8D
:1009F000AC7A020880B584B000AF0346FB800023C8
:100A0000FB811D4B012283F833221B4B062283F806
:100A10003422194B002283F83522174B002283F829
:100A20003622FB881B0A9BB2DAB2134B83F83722BB
:100A3000FB88DAB2104B83F8382206210F48FFF703
:100A40009DFF0346FB81FB89DAB20B4B83F8392209
:100A5000FB891B0A9BB2DAB2074B83F83A22642364
:100A6000082206490648F6F7EBFA0023FB8100BF8F
:100A70001037BD4680BD00BF604B0020934D002065
:100A8000085C002080B500AFF3F7EAFD0246054B95
:100A90001B68D31A002B01DB012300E0002318465A
:100AA00080BD00BF5C4B002080B500AF054B00222D
:100AB0001A70F3F7D5FD03465033034A136000BFA5
:100AC00080BD00BF584B00205C4B002080B582B039
:100AD00000AF0023FB80FFF7D5FF0346002B43D078
:100AE000234B1B78DBB2002B3ED100F02DF9204BBD
:100AF00001221A7000F03AF9FFF7D6FF1D4B0122D0
:100B000083F833221B4B032283F83422194B002233
:100B100083F83522174B082283F83622154B002222
:100B200083F83722134B012283F83822062112481A
:100B3000FFF724FF0346FB80FB88DAB20D4B83F8F6
:100B40003922FB881B0A9BB2DAB20A4B83F83A229D
:100B50000A4B1B680133094A1360642308220649C3
:100B60000748F6F76DFA00E000BF0837BD4680BDC4
:100B7000544B0020604B0020934D0020585B002018
:100B8000085C002080B582B000AF0023FB80FFF737
:100B900079FF0346002B43D0234B1B78DBB2002B9D
:100BA0003ED100F0D1F8204B02221A7000F0DEF89E
:100BB000FFF77AFF1D4B012283F833221B4B0322E0
:100BC00083F83422194B002283F83522174B062272
:100BD00083F83622154B002283F83722134B01226B
:100BE00083F8382206211248FFF7C8FE0346FB802F
:100BF000FB88DAB20D4B83F83922FB881B0A9BB2C3
:100C0000DAB20A4B83F83A220A4B1B680133094ACD
:100C100013606423082206490748F6F711FA00E03A
:100C200000BF0837BD4680BD544B0020604B0020FC
:100C3000934D0020585B0020085C002080B584B0F4
:100C400000AF0346FB710023BB810023FB73364BCF
:100C50001B78DBB2002B08D0FB7B43F00103FB7356
:100C6000324B1B680133314A1360FFF70BFF034619
:100C7000002B03D1FB7B43F00203FB7300F064F80D
:100C8000294B00221A702A4B00221A70294B1B781C
:100C9000DBB20133DAB2274B1A70FFF705FF264BA0
:100CA000012283F83322244B062283F83422224B7C
:100CB000002283F83522204B062283F836221E4B71
:100CC000002283F837221C4AFB7982F83832062149
:100CD0001A48FFF753FE0346BB81BB89DAB2164BB5
:100CE00083F83922BB891B0A9BB2DAB2124B83F814
:100CF0003A22134B1B680133114A1360FB7B9AB2F3
:100D00000C4B1B78DBB2F9790120FEF79FFC6423C2
:100D100008220A490B48F6F793F90023BB8100BF6C
:100D20001037BD4680BD00BF544B0020705B0020D3
:100D3000554B0020564B0020604B0020934D002067
:100D4000545B0020085C002080B400AF054B0022FB
:100D500083F81422044B00225A7100BFBD465DF88F
:100D6000047B7047604B0020A44D002080B400AF8E
:100D7000054B0022DA80044B01225A7100BFBD46A8
:100D80005DF8047B704700BFA44D002080B400AF25
:100D900000BFFDE780B400AF00BFFDE780B400AF47
:100DA00000BFFDE780B400AF00BFFDE780B400AF37
:100DB00000BFFDE780B400AF00BFBD465DF8047B17
:100DC0007047000080B500AF0248F0F7B9FE00BFE1
:100DD00080BD00BF2854002080B500AF0248F0F766
:100DE000AFFE00BF80BD00BF7054002080B500AFD3
:100DF0000248F0F7A5FE00BF80BD00BF00550020EF
:100E000080B500AF0248F3F7D0FD00BF80BD00BF42
:100E1000CC52002080B500AF0248F3F737FF00BF87
:100E200080BD00BFCC52002080B582B000AF1B4B0C
:100E30009B79DBB2022B2BD1194B1B681B687B60A3
:100E40007B6803F01003002B05D0154B1B685B6813
:100E500000F02AFA1FE07B6803F00203002B17D092
:100E60007B6803F02003002B12D00D4B202283F867
:100E700042200B4B002283F84020094B1B685B6823
:100E800000F012FA012207490548F6F79AF902E044
:100E90000348F6F70FFB0837BD4680BD044B002022
:100EA000785B0020A05C002080B582B000AF164BBC
:100EB0009B79DBB2012B20D1144B1B681B687B6034
:100EC0007B6803F00203002B17D07B6803F020033C
:100ED000002B12D00D4B202283F842200B4B002216
:100EE00083F84020094B1B685B68FFF751F901222A
:100EF00007490648F6F765F902E00448F6F7DAFA1A
:100F00000837BD4680BD00BF044B0020C05B0020F9
:100F1000604B002080B500AF0248F0F711FE00BF23
:100F200080BD00BF545C002080B500AF0248F6F7DA
:100F3000C1FA00BF80BD00BF085C002080B582B050
:100F400000AF00237B60124B5B6C114A43F480437B
:100F500053640F4B5B6C03F480437B607B6800231E
:100F60003B600B4B1B6C0A4A43F080531364084BE5
:100F70001B6C03F080533B603B6800220F216FF035
:100F80000100F3F7FAFA00BF0837BD4680BD00BF85
:100F90000038024080B58EB000AF78600023FB625D
:100FA0000023BB620023FB60334B1B6C324A43F0CF
:100FB00010031364304B1B6C03F01003FB60FB68E1
:100FC00007F1100207F1140311461846F2F720FE4C
:100FD0003B6AFB62FB6A002B03D1F2F7F1FD7863F9
:100FE00004E0F2F7EDFD03465B007B637B6B234A75
:100FF000A2FB03239B0C013BBB62214B214A1A60DD
:101000001F4B40F2E732DA601D4ABB6A53601C4B4B
:1010100000221A611A4B00229A60194B00229A6131
:101020001748F0F729FA034687F8333097F833303A
:10103000002B1BD11248F0F76FFA034687F83330C4
:1010400097F83330002B11D13620F3F7B2FA7B68D2
:101050000F2B08D8002279683620F3F78EFA0A4A57
:101060007B68136002E0012387F8333097F8333050
:1010700018463837BD4680BD0038024083DE1B432A
:10108000545C0020001000406000002080B586B055
:1010900000AF7860144A154BD31A7B617B693B61C2
:1010A000134B1B68002B02D1114B124A1A60104BD4
:1010B0001A687B6813443A699A4207D205F098FD92
:1010C00003460C221A604FF0FF3309E0084B1B68FF
:1010D000FB60074B1A687B681344054A1360FB6882
:1010E00018461837BD4680BD0000022000040000ED
:1010F0009C5C0020D86C002080B586B000AFF86002
:10110000B9607A6000237B610AE0AFF3008001469A
:10111000BB685A1CBA60CAB21A707B6901337B6122
:101120007A697B689A42F0DB7B6818461837BD46BF
:1011300080BD80B586B000AFF860B9607A600023EA
:101140007B6109E0BB685A1CBA601B781846FAF745
:1011500025F87B6901337B617A697B689A42F1DB10
:101160007B6818461837BD4680BD80B483B000AF99
:1011700078604FF0FF3318460C37BD465DF8047BAE
:10118000704780B483B000AF786039603B684FF43B
:1011900000525A60002318460C37BD465DF8047BA8
:1011A000704780B483B000AF7860012318460C37D5
:1011B000BD465DF8047B704780B485B000AFF86031
:1011C000B9607A60002318461437BD465DF8047B89
:1011D00070470000DFF834D0F0F738F90C480D49BB
:1011E0000D4A002302E0D458C4500433C4188C4282
:1011F000F9D30A4A0A4C002301E013600432A242E8
:10120000FBD3EFF749FFF9F7E1FF70470000022039
:1012100000000020880000203CA502088800002073
:10122000D86C0020FEE7000080B500AF064B00221E
:101230001A80064B01221A70054B00229A7200F0A8
:101240002FF900BF80BD00BFA65E0020A85E002071
:10125000244B002080B400AF0C4B00221A800C4BB2
:1012600000221A700B4B00229A720B4B00221A704C
:101270000A4B00221A700A4B00221A60094B002206
:101280001A6000BFBD465DF8047B7047A65E002073
:10129000A85E0020244B0020A95E0020B85E00203C
:1012A000B05E0020B45E002080B584B000AF3A4B41
:1012B0001B78012B01D100F0BBF8374B1B78012BB9
:1012C00049D1364B1B78DBB21A46354B1B889A4204
:1012D00041D2344BDB7ADBB2002B3CD1314BDB7992
:1012E000DBB2002B37D12F4B1B7BDBB2002B32D173
:1012F0002D4B1B78002B2ED1284B1B78DBB21A46C6
:10130000294B9B5C07EE903AF8EE677A9FED277ABF
:1013100067EE877AC7ED037AD7ED037A9FED247ADB
:10132000F4EEC77AF1EE10FA01DD224BFB60D7ED47
:10133000037AFCEEE77AC7ED017A3B79DAB21E4B0D
:101340005A701D4B5B78DBB21846FAF749FB03462F
:101350001A46194B1A83124B00221A800E4B012297
:101360001A70104BDB7ADBB2002B0DD10D4BDB7901
:10137000DBB2002B08D10B4B1B7BDBB2002B03D164
:10138000084B01229A7203E0064B00229A7200BFBA
:1013900000BF1037BD4680BDA85E0020044B002072
:1013A000A65E0020244B0020A45C0020355ECA3ECF
:1013B0000000C8420000C842344B002080B400AF97
:1013C000154B9B79DBB2022B1ED1144B1B78002BE3
:1013D0001CD0134B1B88B3F5007F0BD8104B1B8818
:1013E0005A1C91B20E4A11801A460E4B19780E4BB8
:1013F00099540CE00A4B00221A80084B00221A7004
:101400000A4B00229A7202E000BF00E000BFBD4616
:101410005DF8047B704700BF044B0020A85E0020ED
:10142000A65E0020A05C0020A45C0020244B0020CD
:1014300080B483B000AF164B1B88202B1DD9154BF1
:101440001B78F92B19D9134B1B78FA2B17D10023D2
:10145000FB800BE0FB8801330E4AD25CFB880E490F
:10146000CB5C9A420DD1FB880133FB80FB881F2B9C
:10147000F0D90A4B01221A7004E000BF02E000BF5D
:1014800000E000BF0C37BD465DF8047B704700BF2D
:10149000A65E0020A45C00203C7702084A5500208C
:1014A00080B586B000AF3B1D00221A605A609A607A
:1014B000DA601A614FF400637B600023BB60002395
:1014C000FB603B1D19461048F2F7D4FB0F4B00227E
:1014D0001A704FF400610C48F2F764FE03461A4696
:1014E0000B4B1A70F3F7BCF803460A4A13600A4B19
:1014F00000221A60094B00221A60094B01221A705F
:1015000000BF1837BD4680BD00000240A95E002024
:10151000AA5E0020AC5E0020B05E0020B45E002019
:10152000B85E002080B485B000AFF860B9607A6022
:10153000FA68BB689A4205D3FA687B689A4201D878
:10154000012300E0002318461437BD465DF8047BF4
:101550007047000080B500AF194B1B68B4223C21D6
:101560001846FFF7DFFF0346002B0DD0154B1B6815
:10157000B4223C211846FFF7D5FF0346002B03D0C9
:10158000114B02221A7018E00D4B1B68B4223C214B
:101590001846FFF7C7FF0346002B0ED0094B1B6808
:1015A00040F27E4240F28A211846FFF7BBFF034615
:1015B000002B02D0044B03221A7000BF80BD00BF75
:1015C000B45E0020B05E0020A95E002080B584B02B
:1015D00000AF2B4B9B79DAB22A4B1B789A4207D08B
:1015E000294B00221A70264B9B79DAB2254B1A70D0
:1015F000234B9B79DBB2022B3DD1234B1B78002B75
:1016000001D1FFF74DFFF3F72BF8F8604FF40061BD
:101610001E48F2F7C7FD0346FB721D4B1B78FA7A92
:101620009A4218D01B4B1B68FA68D31A7B60184B80
:101630001B78012B03D1184A7B68136002E0174A1C
:101640007B681360124AFB7A1370124AFB681360BE
:10165000FFF780FF10E00F4B1B68FA68D31AB3F551
:10166000966F09D3FB7A012B01D1042200E00122FD
:101670000B4B1A7000E000BF1037BD4680BD00BFA5
:10168000044B00206F000020B85E002000000240E4
:10169000AA5E0020AC5E0020B05E0020B45E002098
:1016A000A95E002080B400AF0E4B1B78013B032BDA
:1016B00012D801A252F823F0C9160208CD1602086A
:1016C000D1160208D5160208074B06E0074B04E0C6
:1016D000074B02E0074B00E0074B1846BD465DF89C
:1016E000047B7047A95E00206077020864770208D7
:1016F000687702086C7702087077020880B400AF40
:1017000000231846BD465DF8047B704780B582B063
:1017100000AF0346FB71F91D0A2301220348F4F7C9
:10172000C5FE002318460837BD4680BDD0530020B3
:1017300080B582B000AF78607868F2F79DFF00BF97
:101740000837BD4680BD000080B485B000AFF860AA
:10175000084611461A4603467B810B463B811346D9
:10176000FB80234B00221A60214AFB681360204A49
:101770007B8913811E4A3B8953811D4A3B8B938190
:101780001B4B0222DA827B8903F007039BB2002BFA
:1017900003D17B89DB089BB204E07B89DB089BB229
:1017A00001339BB2124A5382114A3B899382104AF9
:1017B000FB88D3810E4B00221A82FB88002B02D0BB
:1017C000FB88B42B06D10A4A7B899380084A3B895F
:1017D000D38006E0064A3B899380054A7B89D38003
:1017E00000BF00BF1437BD465DF8047B704700BFE3
:1017F000BC5E002080B483B000AF7860044A7B6890
:10180000136000BF0C37BD465DF8047B704700BF16
:10181000BC5E002080B48BB000AF0346FB800B465B
:10182000BB8013467B809B4B9B88FA889A4200F2D0
:101830005281984BDB88BA889A4200F24C81954BD2
:10184000DB89B3F5877F2BD0B3F5877F00F3458124
:10185000B42B16D0B42B00F34081002B02D05A2BAE
:1018600005D03AE1FB88FB84BB88BB8422E0894B2E
:101870001A89BB88D31A9BB2013BFB84FB88BB84CB
:1018800018E0844B1A89FB88D31A9BB2013BFB8476
:10189000804B5A89BB88D31A9BB2013BBB8409E0B9
:1018A000BB88FB847B4B5A89FB88D31A9BB2013BD4
:1018B000BB8400BF774B1B8A032B00F2108101A26F
:1018C00052F823F013190208D5180208E518020887
:1018D000F51802086F4B1A89FB8CD31A9BB2013B97
:1018E000FB8417E06B4B5A89BB8CD31A9BB2013B2C
:1018F000BB840FE0674B1A89FB8CD31A9BB2013B68
:10190000FB84644B5A89BB8CD31A9BB2013BBB84CA
:1019100000E000BF5F4B1B89FA8C9A4200F2E18025
:101920005C4B5B89BA8C9A4200F2DB80594BDB8AB4
:10193000022B38D1FB8CDB089BB21946BB8C554A75
:10194000528A02FB03F30B44FB60524B1A68FB689C
:1019500013441B78FB727B88002B12D1FB8C03F0A5
:1019600007036FF0800242FA03F35AB297F90B3083
:10197000134059B2474B1A68FB681344CAB21A7035
:10198000B0E0FB8C03F00703802242FA03F35AB263
:1019900097F90B30134359B23E4B1A68FB68134456
:1019A000CAB21A709EE03B4BDB8A042B36D1FB8C0B
:1019B0009B089BB21946BB8C364A528A02FB03F342
:1019C0000B447B617B8803F003037B80314B1A68F7
:1019D0007B6913441B78FB74FB8C03F003035B00EF
:1019E0006FF0C00242FA03F35AB297F91330134072
:1019F0005BB2FB747B889A01FB8C03F003035B00F2
:101A000042FA03F35AB297F91330134359B2214BF8
:101A10001A687B691344CAB21A7063E01D4BDB8AF3
:101A2000102B39D1FB8C5B089BB21946BB8C194A31
:101A3000528A02FB03F30B44FB61164B1A68FB69E5
:101A400013441B78FB767B8803F00F037B80FB8CB1
:101A500003F001039B006FF0F00242FA03F35AB265
:101A600097F91B3013405BB2FB767B881A01FB8C25
:101A700003F001039B0042FA03F35AB297F91B30BB
:101A8000134359B2034B1A68FB691344CAB21A7064
:101A900028E000BFBC5E0020154BDB8A412B21D122
:101AA000FB8C5A00BB8C1249498A01FB03F3134497
:101AB0003B627B881B0A99B20D4B1A683B6A134440
:101AC000CAB21A700A4B1A683B6A013313447A8807
:101AD000D2B21A7006E000BF04E000BF02E000BF0F
:101AE00000E000BF2C37BD465DF8047B704700BFA7
:101AF000BC5E002080B489B000AF0346FB80524B2F
:101B0000DB8A022B03D0504BDB8A042B25D1002328
:101B1000FB831CE00023BB8311E0BA8BFB8B4A499B
:101B2000498A01FB03F31344BB60474B1A68BB6847
:101B30001344FA88D2B21A70BB8B0133BB83424B79
:101B40005B8ABA8B9A42E8D3FB8B0133FB833E4B13
:101B50009B8AFA8B9A42DDD36FE03B4BDB8A102BDA
:101B600030D100237B8327E000233B831CE03A8BAA
:101B70007B8B3549498A01FB03F31344FB60FB88E7
:101B800003F00F03FB80FB885BB21B015AB2FB889A
:101B90005BB2134359B22C4B1A68FB681344CAB2A8
:101BA0001A703B8B01333B83274B5B8A3A8B9A42FB
:101BB000DDD37B8B01337B83234B9B8A7A8B9A42C9
:101BC000D2D33AE0204BDB8A412B36D10023FB8273
:101BD0002DE00023BB8222E0BB8A5A00FB8A1A490F
:101BE000498A01FB03F313443B61FB881B0A9BB248
:101BF000DAB2154B19683B690B4402F00F02D2B2FE
:101C00001A70FB88DAB2104B19683B6901330B4438
:101C100002F00F02D2B21A70BB8A0133BB820A4BA8
:101C20005B8ABA8A9A42D7D3FB8A0133FB82064B7E
:101C30009B8AFA8A9A42CCD3FFE700BF2437BD467D
:101C40005DF8047B704700BFBC5E002090B585B096
:101C500000AF0446084611461A462346FB80034659
:101C6000BB800B467B8013467B70424B9B88FA8877
:101C70009A427AD83F4BDB88BA889A4275D897F84F
:101C80002030012B44D10023FB8139E00023BB81AC
:101C900029E0FA88B7F90E301A447B78D31A002B62
:101CA00028DBBA88B7F90C301A447B78D31A002B9A
:101CB00020DBFA89FB8813449AB27B789BB2D31A53
:101CC00098B2BA89BB8813449AB27B789BB2D31A74
:101CD0009BB27A881946FFF79DFDB7F90C309BB28D
:101CE00001339BB2BB81B7F90C207B785B00013BD1
:101CF0009A42CEDBB7F90E309BB201339BB2FB8127
:101D0000B7F90E207B785B00013B9A42BEDB2DE0E9
:101D10000023FB8123E00023BB8115E0FA89FB88C7
:101D200013449BB2013B98B2BA89BB8813449BB25F
:101D3000013B9BB27A881946FFF76CFDB7F90C306E
:101D40009BB201339BB2BB81B7F90C207B789A42DE
:101D5000E4DBB7F90E309BB201339BB2FB81B7F9DC
:101D60000E207B789A42D6DB00E000BF1437BD46D8
:101D700090BD00BFBC5E002090B58DB002AF0446A0
:101D8000084611461A462346FB800346BB800B4695
:101D90007B8013463B80534B9B88FA889A4200F223
:101DA0009880504BDB88BA889A4200F292804D4B63
:101DB0009B887A889A4200F28C804A4BDB883A886A
:101DC0009A4200F28680FB88FB84BB88BB847A88B9
:101DD000FB88D31A002BB8BF5B42BB613A88BB8833
:101DE000D31A002BB8BF5B425B427B61FA887B88C9
:101DF0009A4201D2012301E04FF0FF333B61BA88E0
:101E00003B889A4201D2012301E04FF0FF33FB608F
:101E1000BA697B6913443B620023FB77FB7F013384
:101E2000FB7797F84030012B25D1FA7F2E4BA3FB8F
:101E3000021359080B465B000B44D31ADBB2002B8C
:101E400019D13B8F002B09D097F83C30B98CF88C16
:101E5000012200920022FFF7F9FE09E097F83C30DA
:101E6000B98CF88C012200924FF6FF72FFF7EEFE5C
:101E70000023FB7708E097F83C303A8FB98CF88C58
:101E800001240094FFF7E2FE3B6A5B007A699A4204
:101E90000CDCFA8C7B889A421DD03A6A7B69134429
:101EA0003B623B699AB2FB8C1344FB843B6A5B0048
:101EB000BA699A42B2DBBA8C3B889A420DD03A6A30
:101EC000BB6913443B62FB689AB2BB8C1344BB846E
:101ED000A4E700BF02E000BF00E000BF2C37BD4612
:101EE00090BD00BFBC5E0020ABAAAAAA90B589B085
:101EF00004AF0446084611461A462346FB800346B3
:101F0000BB800B467B8013463B80374B9B88FA880F
:101F10009A4264D8344BDB88BA889A425FD8324BF5
:101F20009B887A889A425AD82F4BDB883A889A4203
:101F300055D897F82830002B18D0BB88FB8110E0CB
:101F4000FC897A88F989F8880023029397F824306D
:101F500001933B8C00932346FFF70EFFFB8901336F
:101F6000FB81FA893B889A42EAD339E0BC887A88B7
:101F7000B988F8880023029397F8243001933B8CAA
:101F800000932346FFF7F8FE3C88FA88B988F88862
:101F90000023029397F8243001933B8C009323464F
:101FA000FFF7EAFEBC887A88398878880023029394
:101FB00097F8243001933B8C00932346FFF7DCFE17
:101FC0003C88FA88398878880023029397F824306F
:101FD00001933B8C00932346FFF7CEFE00E000BF49
:101FE0001437BD4690BD00BFBC5E002080B588B0F0
:101FF00000AF7B600346FB810B46BB811346FB723F
:102000004D4B9B88FA899A4200F291804A4BDB88BB
:10201000BA899A4200F28B80FB7A203B7A68D28898
:1020200002FB03F37A689288D20892B211467A686A
:10203000928802F0070292B2002A14BF0122002205
:10204000D2B20A4402FB03F37B617B681A687B69A6
:102050001344BB610023FB8363E00023BB834EE09A
:10206000BB8D4FF6FF72934218D1BB691B7819469E
:10207000BB8B03F00703802242FA03F30B40002BD3
:1020800031D0FA89BB8B134498B2BA89FB8B1344C5
:102090009BB23A8D1946FFF7BDFB24E0BB691B7864
:1020A0001946BB8B03F00703802242FA03F30B406F
:1020B000002B0CD0FA89BB8B134498B2BA89FB8BE6
:1020C00013449BB23A8D1946FFF7A4FB0BE0FA8943
:1020D000BB8B134498B2BA89FB8B13449BB2BA8D65
:1020E0001946FFF797FBBB8B03F007039BB2072B47
:1020F00002D1BB690133BB61BB8B0133BB837B68FE
:102100009B88BA8B9A42ABD37B689B8803F007030A
:102110009BB2002B02D0BB690133BB61FB8B013347
:10212000FB837B68DB88FA8B9A4296D300E000BF82
:102130002037BD4680BD00BFBC5E002080B588B0A2
:1021400002AFBA607B600346FB810B46BB81FB8913
:10215000FB82BB89BB82214B9B88FA899A4238D883
:102160001E4BDB88BA899A4233D82DE0FB8A7A6805
:1021700092881344194A9288934206DDFB89FB82B8
:102180007B68DA88BB8A1344BB82BB8A7A68D288B0
:102190001344124AD288934203DDFB89FB82BB8938
:1021A000BB82BB681A78B98AF88A3B8C0193BB8CD6
:1021B00000937B68FFF71AFFBB680133BB607B6845
:1021C0009A88FB8A1344FB82BB681B78002BCDD115
:1021D00000E000BF1837BD4680BD00BFBC5E0020D8
:1021E00090B5ADF50F7D02AF0446084607F110012A
:1021F00001ED020B07F50C71A1F508710A60194693
:1022000007F50C73A3F21A2322461A8007F50C7304
:10221000A3F5077302461A8007F50C73A3F22A236D
:102220000A461A800023A7F82E320023A7F82C3282
:1022300007F50C73A3F58C731846FF231A4600218B
:10224000EEF77EFE07F50C73A3F506731846FF2321
:102250001A460021EEF774FE07F58C73C7F81C329E
:1022600007F1100353E90201EEF7E0FA0346C7F85D
:102270002832934B9B8807F50C72A2F21A2212881F
:102280009A4200F218818E4BDB8807F50C72A2F59A
:10229000077212889A4200F20E8107F50C73A3F2BE
:1022A0002A231B88002B7DD0D7F82802EEF754FA9A
:1022B00002460B4607F1100151E90201EEF7FEF864
:1022C00002460B4610461946EEF7F8FA0346C7F8E1
:1022D000243207F50C73A3F22A231B8887F82332D4
:1022E0000CE0D7ED897AB2EE047A67EE877AC7ED13
:1022F000897A97F82332013B87F8233297F8233203
:10230000002BEED1D7ED897AFDEEE77A17EE903A01
:10231000C7F8283207F50C73A3F22A231B8887F825
:1023200023322CE0D7F82822664B83FB0213991046
:10233000D317C91A0B469B000B445B00D11ACAB2D3
:10234000B7F92E323032D1B207F50C72A2F506720F
:10235000D154B7F92E329BB201339BB2A7F82E327B
:10236000D7F82832574A82FB03129210DB17D31A90
:10237000C7F8283297F82332013B87F8233297F8C1
:102380002332002BCED1B7F92E3207F50C72A2F50D
:1023900006722E21D154B7F92E329BB201339BB273
:1023A000A7F82E3207F1100353E90201EEF73EFAC7
:1023B0000346C7F82832D7F82832C7F8183227E082
:1023C000D7F828223F4B83FB02139910D317C91A61
:1023D0000B469B000B445B00D11ACAB2B7F92E32F0
:1023E0003032D1B207F50C72A2F50672D154B7F9AA
:1023F0002E329BB201339BB2A7F82E32D7F8283287
:10240000304A82FB03129210DB17D31AC7F8283226
:10241000D7F82832002BD3D1D7F81832002B2CD183
:10242000B7F92E3207F50C72A2F506723021D1549D
:10243000B7F92E329BB201339BB2A7F82E321CE0C3
:10244000B7F92E325A1EB7F92C3207F50C71A1F5E7
:102450000671895C07F50C72A2F58C72D154B7F93C
:102460002C329BB201339BB2A7F82C32B7F92E3233
:102470009BB2013B9BB2A7F82E32B7F92E32002B4C
:10248000DEDC07F50C73A3F5087307F50C72A2F5F3
:102490000772118807F50C72A2F21A221088B7F899
:1024A00040220192B7F8442200921B68D7F81C2200
:1024B000FFF744FE00E000BF07F50D77BD4690BD75
:1024C000BC5E00206766666680B500AF01224FF4EF
:1024D00080510D48F1F77EFE6420FFF729F90022B4
:1024E0004FF480510848F1F775FE6420FFF720F99A
:1024F00001224FF480510448F1F76CFE6420FFF78D
:1025000017F900BF80BD00BF0000024080B582B057
:1025100000AF0346FB7100224FF400410A48F1F777
:1025200059FE002201210948F1F754FEFB791846B3
:10253000FFF7ECF8012201210448F1F74BFE00BF40
:102540000837BD4680BD00BF00000240000C0240BD
:1025500080B582B000AF0346FB7101224FF4004109
:102560000A48F1F737FE002201210948F1F732FE4F
:10257000FB791846FFF7CAF8012201210448F1F758
:1025800029FE00BF0837BD4680BD00BF00000240E5
:10259000000C024080B500AFAE20FFF7B7FF00206F
:1025A000FFF7B4FF1020FFF7B1FFB020FFF7AEFF39
:1025B000DC20FFF7ABFF0020FFF7A8FF8120FFF72B
:1025C000A5FF6F20FFF7A2FF2120FFF79FFFA020AC
:1025D000FFF79CFFC020FFF799FFA420FFF796FFAD
:1025E000A620FFF793FFA820FFF790FF3F20FFF7FB
:1025F0008DFFD320FFF78AFF6020FFF787FFD520EC
:10260000FFF784FF4120FFF781FFD920FFF77EFF0E
:102610002220FFF77BFFDB20FFF778FF3520FFF755
:1026200075FFAD20FFF772FF8A20FFF76FFF00BF35
:1026300080BD80B500AFFFF747FFFFF7ABFFC820B5
:10264000FFF776F8AF20FFF761FF00BF80BD80B5D0
:1026500084B000AF10237B8140233B81B020FFF783
:1026600055FF0023FB8124E0FB89C3F13F03FB807E
:10267000FB88DBB203F00F03DBB21846FFF746FF1F
:10268000FB881B099BB2DBB21033DBB21846FFF7A5
:102690003DFF0023BB8105E00020FFF759FFBB8908
:1026A0000133BB81BA897B899A42F5D3FB89013317
:1026B000FB81FA893B899A42D6D300BF00BF10370D
:1026C000BD4680BD80B483B000AF0346FB7197F96F
:1026D00007305B005BB223F055035AB2FB795B1005
:1026E0005BB203F055035BB213435BB2FB7197F926
:1026F00007309B005BB223F033035AB2FB799B1087
:102700005BB203F033035BB213435BB2FB7197F927
:1027100007301B015AB2FB791B09DBB25BB21343D2
:102720005BB2FB71FB7918460C37BD465DF8047B44
:10273000704780B586B000AF786010237B8240235D
:102740003B82B020FFF7E2FE0023FB8238E0FB8AE9
:10275000C3F13F03FB81FB89DBB203F00F03DBB264
:102760001846FFF7D3FEFB891B099BB2DBB210337F
:10277000DBB21846FFF7CAFE0023BB8219E0BA8A13
:10278000FB8A798A01FB03F313441A467B681344DE
:102790001B78BB81BB89DBB21846FFF793FF03466A
:1027A000BB81BB89DBB21846FFF7D2FEBB8A01337F
:1027B000BB82BA8A7B8A9A42E1D3FB8A0133FB82CD
:1027C000FA8A3B8A9A42C2D300BF00BF1837BD467F
:1027D00080BD000080B584B002AFFEF78FFF0346D6
:1027E000002B02D04FF0FF3327E0FFF722FFFFF767
:1027F0002EFF4FF48063FB80FB88184603F0FEFF3A
:1028000003461A460F4B1A600E4B1B68002B02D171
:102810004FF0FF3311E00B4B186800230093B423F3
:1028200040228021FEF790FF064B1B681846FEF7FA
:10283000E1FF0020FFF75EF9002318460837BD4688
:1028400080BD00BFD45E002080B586B004AF0023F9
:102850000293012301934FF6FF73009340238022DC
:1028600001210120FFF742FB002302930123019382
:102870004FF6FF7300934023502214215020FFF79E
:102880007BFA00230293012301934FF6FF73009319
:102890001423802214210020FFF76EFAFF230193F6
:1028A00000230093B44BB54A05210520FFF746FCF1
:1028B000B34B1B78DBB21846EDF73EFF00230193C4
:1028C000FF2300930023AC4A41EC100B05211B2091
:1028D000FFF786FCAA4B5B78DBB21846EDF72CFFBE
:1028E00000230193FF2300930023A34A41EC100B24
:1028F00005213920FFF774FCFF2301930023009387
:102900009D4BA04A18210520FFF718FC9E4BDB8841
:102910009BB21846EDF710FF00230193FF230093AD
:102920000023954A41EC100B18212A20FFF758FC90
:10293000FF230193002300938F4B944A2521052008
:10294000FFF7FCFB904BDB691846EDF717FF002300
:102950000193FF2300930123874A41EC100B2521AB
:102960002A20FFF73DFCFF23019300230093824BB5
:10297000874A32210520FFF7E1FB834B1B78DBB24E
:10298000062B5ED801A252F823F000BFA929020845
:10299000BF2902082D2A0208D5290208EB290208BE
:1029A000012A0208172A0208FF230193002300933B
:1029B000714B784A32212A20FFF7C0FB54E0FF23F5
:1029C0000193002300936C4B734A32212A20FFF7B6
:1029D000B5FB49E0FF23019300230093664B6F4A48
:1029E00032212A20FFF7AAFB3EE0FF2301930023B8
:1029F0000093614B6A4A32212A20FFF79FFB33E0A4
:102A0000FF230193002300935B4B664A32212A2067
:102A1000FFF794FB28E000230193FF230093564B1C
:102A2000614A32212A20FFF789FB1DE0FF23019331
:102A300000230093504B5D4A32212A20FFF77EFB92
:102A400012E0514B1B78DBB21846EDF775FE002300
:102A50000193FF2300930023474A41EC100B3221DE
:102A60002A20FFF7BDFB00BF514B9B79DBB2012B46
:102A70001CD1FF230193002300933F4B4D4A1821A3
:102A80005520FFF75BFB404B5B79DBB21846EDF757
:102A900053FE00230193FF2300930023464A41EC99
:102AA000100B29215320FFF79BFB38E0364B5B7856
:102AB000FB713F4BDB7ADBB2012B02D10023FB71B0
:102AC00013E03B4BDB79DBB2012B0ED12E4BDB78D5
:102AD000DBB2012B02D13223FB7106E02A4BDB78FB
:102AE000DBB2022B01D16423FB71FF23019300238E
:102AF0000093214B314A18215520FFF71FFBFB792A
:102B00001846EDF719FE00230193FF2300930023DD
:102B1000294A41EC100B29215320FFF761FB184B88
:102B20001B79DBB2062B5AD801A252F823F000BF62
:102B30004D2B02084D2B0208632B0208C92B0208FB
:102B4000C92B02084D2B02084D2B0208FF230193CD
:102B500000230093084B1A4A05215F20FFF7EEFA85
:102B60003EE0FF23019300230093034B154A052108
:102B70005F20FFF7E3FA33E070000020747702086B
:102B8000044B002080770208344B00208C77020829
:102B9000947702089C770208A0770208A4770208BD
:102BA000A8770208AC770208B0770208B477020869
:102BB000244B0020BC77020878000020C47702086C
:102BC000CC770208D4770208FF23019300230093F7
:102BD000084B094A05215F20FFF7B0FA00E000BF6B
:102BE000064B1B681846FFF7A4FD00BF0837BD461B
:102BF00080BD00BF70000020DC770208D45E00209A
:102C000080B58CB004AF00230293012301934FF6EB
:102C1000FF7300934023802201210120FFF766F912
:102C2000FF23019300230093714B724A0521052075
:102C3000FFF784FA704B9B79DBB2032B67D801A2B4
:102C400052F823F0552C02086B2C0208812C020844
:102C5000AB2C0208FF23019300230093644B674AC7
:102C600005213720FFF76AFA52E0FF230193002382
:102C700000935F4B624A05213720FFF75FFA47E078
:102C8000FEF710FD024607F110035E49184603F0F7
:102C9000E9FE07F11002FF23019300230093544B38
:102CA00005213720FFF74AFA32E0574B7B6007F1E6
:102CB000080300221A601A710023FB77534B5B79DB
:102CC000012B01D10123FB77514B1B79012B01D142
:102CD0000223FB774E4B5B79012B01D10323FB775A
:102CE000FB7F4C4AD35C1A463B1D4B49184603F008
:102CF000B9FE474B01229A703A1DFF23019300232E
:102D000000933B4B05213720FFF718FA00E000BF86
:102D1000FF23019300230093354B404A14210520E3
:102D2000FFF70CFA3E4B1B8A9BB21846EDF704FDE9
:102D300000230193FF23009300232D4A41EC100B45
:102D400014213720FFF74CFA354B5B8A9BB21846AB
:102D5000EDF7F2FC00230193FF2300930023244AA4
:102D600041EC100B14215A20FFF73AFAFF2301938C
:102D7000002300931E4B2B4A23210520FFF7DEF989
:102D8000274B9B8A9BB21846EDF7D6FC0023019394
:102D9000FF2300930023164A41EC100B2321372018
:102DA000FFF71EFA1E4BDB8A9BB21846EDF7C4FCF8
:102DB00000230193FF23009300230D4A41EC100BE5
:102DC00023215A20FFF70CFAFF23019300230093DD
:102DD000074B154A32210520FFF7B0F9134B1B684A
:102DE0001846FFF7A6FC00BF2037BD4680BD00BFD8
:102DF00070000020E4770208044B0020EC77020802
:102E0000F4770208F8770208574946490061002024
:102E100038620020F4A4020804780208107802083E
:102E2000344B00202078020830780208D45E00205D
:102E3000F0B58DB004AF00230293012301934FF648
:102E4000FF7300934023802201210120FFF74EF8F9
:102E50005A4B9B79DBB2032B40F09A80584B1B7F77
:102E6000012B40F09580FF23019300230093554BE5
:102E7000554A05210520FFF761F9514B1B7C194686
:102E80004F4B5B7C1C464E4B9B7C1A464C4BDB7C71
:102E900038460193009223460A464C4903F0E2FD6E
:102EA0003A46FF23019300230093494B0721282032
:102EB000FFF744F9424B93F82330012B31D1FF2324
:102EC0000193002300933F4B424A14210520FFF752
:102ED00035F93B4B5B7F1D46394B9B7F1E46384B7C
:102EE000DB7F1A46364B93F820301946344B93F863
:102EF00021301C46324B93F822303846039302941B
:102F00000191009233462A46334903F0ABFD3A461D
:102F1000FF230193002300932D4B16212820FFF758
:102F20000DF9274B93F86630012B19D1FF2301933C
:102F300000230093234B294A23210520FFF7FEF8A5
:102F40003B46274A2749184603F08CFD3A46FF23A3
:102F50000193002300931E4B25212820FFF7EEF854
:102F6000214B5B78012B1ED11F4B93F900301A4681
:102F70003B461E49184603F075FD3A46FF23019370
:102F8000002300930F4B32210520FFF7D7F80AE00A
:102F9000FF230193002300930A4B154A14210520B7
:102FA000FFF7CCF800E000BF124B1B681846FFF794
:102FB000C0FB00BF2437BD46F0BD00BF044B00205E
:102FC0000061002070000020407802084878020864
:102FD00080000020547802085C7802087C7802089F
:102FE0002461002084780208386200208878020872
:102FF00094780208D45E002090B595B004AF002309
:103000000293012301934FF6FF7300934023802224
:1030100001210120FEF76AFF4E4B9B79DBB2032BA7
:1030200040F082804C4B93F86E30012B7CD1FF2313
:10303000019300230093494B494A05210520FFF7DE
:103040007DF8454B93F867301946434B93F8683049
:103050001C46414B93F869301A463F4B93F86A304F
:1030600038460193009223460A463E4903F0FAFC93
:103070003A46FF230193002300933B4B072128206E
:10308000FFF75CF8344BB3F86C301A463B463749CF
:10309000184603F0E7FC3A46FF2301930023009310
:1030A0002E4B14210520FFF749F82B4B93F8D13014
:1030B000012B0FD13B462E4A2E49184603F0D2FC75
:1030C0003A46FF23019300230093244B222105203D
:1030D000FFF734F8204B93F83531012B2FD1FF2324
:1030E0000193002300931D4B234A31210520FFF754
:1030F00025F83B46214A2249184603F0B3FC3A46DC
:10310000FF23019300230093174B2E212820FFF764
:1031100015F8FF23019300230093134B194A37211D
:103120002820FFF70BF80AE0FF2301930023009308
:103130000A4B154A14210520FFF700F800E000BFF4
:10314000124B1B681846FFF7F4FA00BF4437BD4620
:1031500090BD00BF044B00200061002070000020E3
:10316000A47802084878020880000020AC780208A1
:10317000B0610020B4780208BC780208F461002035
:10318000C478020802620020CC780208D45E0020D5
:1031900080B584B004AF00230293012301934FF65E
:1031A000FF7300934023802201210120FEF79EFE41
:1031B0008B4B1B78DBB2012B0AD100230193FF2339
:1031C0000093884B884A05210520FEF7B7FF09E0E8
:1031D000FF23019300230093824B834A052105209E
:1031E000FEF7ACFF7E4B1B78DBB2152B12D17F4B69
:1031F0001B78DBB21846EDF79FFAFF2301930023FB
:1032000000930023774A41EC100B05214620FEF77E
:10321000E7FF11E0754B1B78DBB21846EDF78CFA2F
:1032200000230193FF23009300236E4A41EC100B0F
:1032300005214620FEF7D4FF694B1B78DBB2022B39
:103240000AD100230193FF230093664B684A14219F
:103250000520FEF773FF09E0FF230193002300938D
:10326000604B634A14210520FEF768FF5C4B1B7816
:10327000DBB2162B12D15D4B5B78DBB21846EDF753
:103280005BFAFF230193002300930023554A41EC8E
:10329000100B14214620FEF7A3FF11E0534B5B787F
:1032A000DBB21846EDF748FA00230193FF230093A1
:1032B00000234C4A41EC100B14214620FEF790FFEE
:1032C000474B1B78DBB2032B0AD100230193FF236A
:1032D0000093444B474A23210520FEF72FFF09E0C6
:1032E000FF230193002300933E4B424A23210520F4
:1032F000FEF724FF3A4B1B78DBB2172B12D13B4B66
:103300009B78DBB21846EDF717FAFF2301930023F1
:1033100000930023334A41EC100B23214620FEF793
:103320005FFF11E0314B9B78DBB21846EDF704FAF2
:1033300000230193FF23009300232A4A41EC100B42
:1033400023214620FEF74CFF254B1B78DBB2042BD4
:103350000AD100230193FF230093224B264A3221F6
:103360000520FEF7EBFE09E0FF2301930023009305
:103370001C4B214A32210520FEF7E0FE184B1B783A
:10338000DBB2182B12D1194BDB78DBB21846EDF704
:10339000D3F9FF230193002300930023114A41EC4A
:1033A000100B32214620FEF71BFF11E00F4BDB789C
:1033B000DBB21846EDF7C0F900230193FF23009319
:1033C0000023084A41EC100B32214620FEF708FF8B
:1033D0000A4B1B681846FFF7ACF900BFBD4680BD1D
:1033E000204B002070000020DC780208044B0020F5
:1033F000E8780208F478020800790208D45E002018
:1034000080B584B004AF00230293012301934FF6EB
:10341000FF7300934023802201210120FEF766FD07
:10342000A14B1B78DBB2052B0AD100230193FF23AC
:1034300000939E4B9E4A05210520FEF77FFE09E082
:10344000FF23019300230093984B994A05210520FF
:10345000FEF774FE944B1B78DBB2192B56D1954BBB
:103460001B79DBB2052B00F2A78001A252F823F0F2
:10347000893402089F340208B5340208CB340208AC
:10348000E1340208F734020800230193FF2300937C
:10349000864B894A05214620FEF750FE8FE0002327
:1034A0000193FF230093814B844A05214620FEF7B8
:1034B00045FE84E000230193FF2300937B4B804A69
:1034C00005214620FEF73AFE79E000230193FF2311
:1034D0000093764B7B4A05214620FEF72FFE6EE0D7
:1034E00000230193FF230093704B774A0521462068
:1034F000FEF724FE63E000230193FF2300936B4B50
:10350000724A05214620FEF719FE58E0694B1B79E7
:10351000DBB2052B52D801A252F823F03535020850
:103520004B35020861350208773502088D350208EF
:10353000A3350208FF230193002300935B4B5E4AEF
:1035400005214620FEF7FAFD39E0FF230193002311
:103550000093564B594A05214620FEF7EFFD2EE019
:10356000FF23019300230093504B554A0521462029
:10357000FEF7E4FD23E0FF230193002300934B4B70
:10358000504A05214620FEF7D9FD18E0FF2301939C
:1035900000230093454B4C4A05214620FEF7CEFD03
:1035A0000DE0FF23019300230093404B474A052180
:1035B0004620FEF7C3FD02E000BF00E000BF3A4B2B
:1035C0001B78DBB2062B0AD100230193FF23009363
:1035D000364B3F4A14210520FEF7B0FD25E0324B63
:1035E0001B78DBB21A2B16D1324B1B79DBB2052BC1
:1035F00011D1FF230193002300932C4B344A142153
:103600000520FEF79BFD284B1B78DBB2143BDAB29A
:10361000254B1A7009E0FF23019300230093234BED
:103620002B4A14210520FEF789FD224B1B79DBB2C2
:10363000052B18D11F4B1B79DBB2052B02D19FED57
:10364000167B01E09FED167B00230193FF2300937F
:103650000023164AB0EE470AF0EE670A142146200E
:10366000FEF7BEFD48E0104B1B78DBB21A2B31D1C0
:10367000104B5B79DBB21846EDF75EF8FF23019340
:10368000002300930023094A41EC100B142146202B
:10369000FEF7A6FD30E000BF00000000000069401A
:1036A0000000000000805B40204B002070000020E4
:1036B0000C790208044B00201879020820790208CE
:1036C000D47702082879020830790208387902088C
:1036D00040790208874B5B79DBB21846EDF72CF88E
:1036E00000230193FF2300930023834A41EC100B36
:1036F00014214620FEF774FD804B1B78DBB2072BAC
:103700000AD100230193FF2300937B4B7C4A2321A2
:103710000520FEF713FD09E0FF230193002300932A
:10372000754B774A23210520FEF708FD734B1B7864
:10373000DBB21B2B3CD16F4B9B79DBB2032B73D8D5
:1037400001A252F823F000BF593702086F37020870
:10375000853702089B37020800230193FF2300935B
:10376000654B684A23214620FEF7E8FC5FE0002312
:103770000193FF230093604B634A23214620FEF709
:10378000DDFC54E000230193FF2300935A4B5F4A72
:1037900023214620FEF7D2FC49E000230193FF23BA
:1037A0000093554B5A4A23214620FEF7C7FC3EE0C2
:1037B000504B9B79DBB2032B38D801A252F823F08F
:1037C000D1370208E7370208FD370208133802082C
:1037D000FF23019300230093474B4A4A23214620AD
:1037E000FEF7ACFC23E0FF23019300230093424B40
:1037F000454A23214620FEF7A1FC18E0FF23019350
:10380000002300933C4B414A23214620FEF796FCBF
:103810000DE0FF23019300230093374B3C4A232103
:103820004620FEF78BFC02E000BF00E000BF334BF8
:103830001B78DBB2082B0AD100230193FF230093EE
:103840002D4B344A32210520FEF778FC09E0FF2396
:10385000019300230093284B2E4A32210520FEF7C6
:103860006DFC264B1B78DBB21C2B1DD1214BDB7969
:10387000DBB2002B02D0012B0BD033E000230193ED
:10388000FF2300931C4B244A32214620FEF756FCAE
:1038900028E000230193FF230093174B1F4A322196
:1038A0004620FEF74BFC1DE0124BDB79DBB2002B10
:1038B00002D0012B0BD015E0FF23019300230093CE
:1038C0000D4B154A32214620FEF738FC0AE0FF2353
:1038D000019300230093084B104A32214620FEF743
:1038E0002DFC00BF0E4B1B681846FEF722FF00BFE1
:1038F000BD4680BD044B002070000020204B0020FE
:103900004C790208EC770208F4770208587902082B
:103910006079020868790208747902087C790208E3
:10392000D45E002080B584B004AF0023029301234D
:1039300001934FF6FF730093402380220121012061
:10394000FEF7D4FA8B4B1B78DBB2092B0AD100238C
:103950000193FF230093884B884A05210520FEF739
:10396000EDFB09E0FF23019300230093824B834A80
:1039700005210520FEF7E2FB7E4B1B78DBB21D2BF9
:1039800012D17F4B1B7ADBB21846ECF7D5FEFF2332
:103990000193002300930023774A41EC100B05218B
:1039A0004620FEF71DFC11E0754B1B7ADBB2184672
:1039B000ECF7C2FE00230193FF23009300236E4A1D
:1039C00041EC100B05214620FEF70AFC694B1B78E1
:1039D000DBB20A2B0AD100230193FF230093664B2D
:1039E000684A14210520FEF7A9FB09E0FF23019393
:1039F00000230093604B634A14210520FEF79EFBD1
:103A00005C4B1B78DBB21E2B12D15D4B5B7ADBB2B9
:103A10001846ECF791FEFF23019300230093002347
:103A2000554A41EC100B14214620FEF7D9FB11E05A
:103A3000534B5B7ADBB21846ECF77EFE0023019312
:103A4000FF23009300234C4A41EC100B1421462025
:103A5000FEF7C6FB474B1B78DBB20B2B0AD10023CA
:103A60000193FF230093444B474A23210520FEF78F
:103A700065FB09E0FF230193002300933E4B424A7C
:103A800023210520FEF75AFB3A4B1B78DBB21F2B94
:103A900012D13B4B9B7ADBB21846ECF74DFEFF236D
:103AA0000193002300930023334A41EC100B2321A0
:103AB0004620FEF795FB11E0314B9B7ADBB21846AE
:103AC000ECF73AFE00230193FF23009300232A4AD8
:103AD00041EC100B23214620FEF782FB254B1B787F
:103AE000DBB20C2B0AD100230193FF230093224B5E
:103AF000264A32210520FEF721FB09E0FF2301932E
:103B0000002300931C4B214A32210520FEF716FBAF
:103B1000184B1B78DBB2202B12D1194BDB7ADBB2AE
:103B20001846ECF709FEFF230193002300930023BE
:103B3000114A41EC100B32214620FEF751FB11E0F7
:103B40000F4BDB7ADBB21846ECF7F6FD002301934E
:103B5000FF2300930023084A41EC100B322146203A
:103B6000FEF73EFB0A4B1B681846FEF7E2FD00BF5E
:103B7000BD4680BD204B00207000002080790208E7
:103B8000044B002090790208A0790208B07902085D
:103B9000D45E002080B584B004AF002302930123DB
:103BA00001934FF6FF7300934023802201210120EF
:103BB000FEF79CF99E4B1B78DBB20D2B0AD100233C
:103BC0000193FF2300939B4B9B4A05210520FEF7A1
:103BD000B5FA09E0FF23019300230093954B964A21
:103BE00005210520FEF7AAFA914B1B78DBB2212BA9
:103BF0001DD1924B1B7BDBB2002B02D0012B0BD0D3
:103C000033E000230193FF2300938A4B8C4A052164
:103C10004620FEF793FA28E000230193FF23009348
:103C2000844B884A05214620FEF788FA1DE0834B25
:103C30001B7BDBB2002B02D0012B0BD015E0FF2346
:103C40000193002300937B4B7D4A05214620FEF71C
:103C500075FA0AE0FF23019300230093754B794A1C
:103C600005214620FEF76AFA00BF714B1B78DBB2D4
:103C70000E2B0AD100230193FF2300936D4B724A50
:103C800014210520FEF75AFA09E0FF2301930023CF
:103C90000093684B6C4A14210520FEF74FFA644BE1
:103CA0001B78DBB2222B2CD1644B5B7BDBB2022B6B
:103CB0001CD0022B52DC002B02D0012B0BD04DE08C
:103CC00000230193FF2300935A4B604A142146209E
:103CD000FEF734FA45E000230193FF230093554B90
:103CE0005B4A14214620FEF729FA3AE000230193AB
:103CF000FF2300934F4B574A14214620FEF71EFA2C
:103D00002FE04E4B5B7BDBB2022B1CD0022B27DC5F
:103D1000002B02D0012B0BD022E0FF2301930023C4
:103D20000093444B494A14214620FEF707FA18E055
:103D3000FF230193002300933E4B454A1421462064
:103D4000FEF7FCF90DE0FF23019300230093394BAC
:103D5000404A14214620FEF7F1F902E000BF00E0DE
:103D600000BF334B1B78DBB20F2B0AD1002301932A
:103D7000FF2300932F4B384A23210520FEF7DEF95D
:103D800009E0FF230193002300932A4B324A2321A9
:103D90000520FEF7D3F9264B1B78DBB2232B12D17B
:103DA000264BDB899BB21846ECF7C6FCFF23019338
:103DB0000023009300231F4A41EC100B23214620CF
:103DC000FEF70EFA11E01D4BDB899BB21846ECF7AB
:103DD000B3FC00230193FF2300930023154A41EC19
:103DE000100B23214620FEF7FBF9114B1B78DBB2A9
:103DF000102B0AD100230193FF2300930D4B174A88
:103E000032210520FEF79AF909E0FF2301930023F0
:103E10000093084B114A32210520FEF78FF9104B11
:103E20001B681846FEF785FC00BFBD4680BD00BF7D
:103E3000204B002070000020C0790208044B0020B5
:103E4000CC790208D4790208DC790208E879020802
:103E5000EC790208F8790208047A0208107A02085C
:103E6000D45E002080B584B004AF00230293012308
:103E700001934FF6FF73009340238022012101201C
:103E8000FEF734F8744B1B78DBB2112B0AD10023F8
:103E90000193FF230093714B714A05210520FEF722
:103EA0004DF909E0FF230193002300936B4B6C4A0B
:103EB00005210520FEF742F9674B1B78DBB2252B65
:103EC00012D1684B1B8A9BB21846ECF735FCFF23D6
:103ED0000193002300930023604A41EC100B05215D
:103EE0004620FEF77DF911E05E4B1B8A9BB2184617
:103EF000ECF722FC00230193FF2300930023574A91
:103F000041EC100B05214620FEF76AF9524B1B7855
:103F1000DBB2122B0AD100230193FF2300934F4BF6
:103F2000514A14210520FEF709F909E0FF23019306
:103F300000230093494B4C4A14210520FEF7FEF85C
:103F4000454B1B78DBB2262B12D1464B9B8A9BB28A
:103F50001846ECF7F1FBFF230193002300930023A5
:103F60003E4A41EC100B14214620FEF739F911E0CE
:103F70003C4B9B8A9BB21846ECF7DEFB0023019377
:103F8000FF2300930023354A41EC100B14214620F7
:103F9000FEF726F9334B1B79DBB2052B53D12E4BA1
:103FA0001B78DBB2132B0AD100230193FF2300936C
:103FB0002A4B2E4A23210520FEF7C0F809E0FF23F3
:103FC000019300230093254B284A23210520FEF767
:103FD000B5F8214B1B78DBB2272B1AD1214B1B7E66
:103FE000DBB2012B0AD100230193FF2300931B4B6B
:103FF0001F4A23214620FEF7A1F824E00023019365
:10400000FF230093154B1B4A23214620FEF796F809
:1040100019E0144B1B7EDBB2012B0AD1FF23019365
:10402000002300930D4B124A23214620FEF786F809
:1040300009E0FF23019300230093084B0D4A23213D
:104040004620FEF77BF80C4B1B681846FEF771FB09
:1040500000BFBD4680BD00BF204B00207000002087
:10406000247A0208044B0020307A02083C7A0208C5
:10407000A07702089C770208D45E002080B584B047
:1040800000AF0346FB71FB793B7300228021094896
:10409000F0F7A0F807F10C01642301220648F2F7BB
:1040A00005FA012280210348F0F794F800BF103789
:1040B000BD4680BD000C02402053002080B584B076
:1040C00000AF78600023FB7203233B737B681B0AFD
:1040D000DBB27B737B68DBB2BB73002280210D48AF
:1040E000F0F778F807F10C01642303220A48F2F78D
:1040F000DDF907F10B01642301220748F2F71AFBEF
:10410000012280210348F0F765F8FB7A1846103742
:10411000BD4680BD000C02402053002080B584B015
:1041200000AF78600B46FB7002233B737B681B0A71
:10413000DBB27B737B68DBB2BB73FB78FB7306205F
:10414000FFF79CFF002280210948F0F743F807F1B0
:104150000C01642304220748F2F7A8F90122802108
:104160000348F0F737F800BF1037BD4680BD00BFE9
:10417000000C02402053002090B583B000AF002314
:10418000FB710020FFF79AFF0346FB71FB79AA2B16
:1041900040F0A6800120FFF791FF03461A467E4BB0
:1041A0001A700220FFF78AFF03461A467A4B5A70AC
:1041B0000320FFF783FF03461A46774B9A700420CB
:1041C000FFF77CFF03461A46734BDA700520FFF7B2
:1041D00075FF03461A46704B1A710620FFF76EFFF3
:1041E00003461A466C4B5A710720FFF767FF0346D8
:1041F0001A46694B9A710820FFF760FF03461A467A
:10420000654BDA710920FFF759FF03461A46624BE6
:104210001A720A20FFF752FF03461A465E4B5A7283
:104220000B20FFF74BFF03461A465B4B9A720C209C
:10423000FFF744FF03461A46574BDA720D20FFF78B
:104240003DFF03461A46544B1A730E20FFF736FF04
:1042500003461A46504B5A730F20FFF72FFF0346B1
:104260001A46920013441A4691001A460B4613440C
:104270009B009AB2484BDA811020FFF71FFF0346DC
:104280001A46920013441A4691001A460B461344EC
:104290009B009CB21120FFF711FF034623449AB202
:1042A0003D4B1A821220FFF709FF03461A4692007F
:1042B00013441A4691001A460B4613449B009CB2C5
:1042C0001320FFF7FBFE034623449AB2324B9A8237
:1042D0001420FFF7F3FE03461A462F4B1A7657E0D9
:1042E000AA210020FFF71AFF01210120FFF716FF86
:1042F00001210220FFF712FF01210320FFF70EFF2B
:104300000A210420FFF70AFF03210520FFF706FF1B
:10431000DC210620FFF702FF00210720FFF7FEFE49
:1043200000210820FFF7FAFE28210920FFF7F6FEFA
:104330003C210A20FFF7F2FE28210B20FFF7EEFEBA
:104340001E210C20FFF7EAFE00210D20FFF7E6FEFC
:1043500000210E20FFF7E2FE2D210F20FFF7DEFEE9
:1043600000211020FFF7DAFE2A211120FFF7D6FEE8
:1043700017211220FFF7D2FE00211320FFF7CEFEF7
:1043800001211420FFF7CAFE00211520FFF7C6FE09
:1043900000BF0C37BD4690BD044B002080B400AF79
:1043A0001A4B00225A71194B0022DA72174B002265
:1043B000DA60164B00221A77144B002283F8232070
:1043C000124B002283F86620104B002283F86E20E7
:1043D0000E4B002283F8D1200C4B002283F8F320EF
:1043E0000A4B002283F83721084B002283F835213D
:1043F000074B00225A70064B00221A71044B002210
:104400005A7100BFBD465DF8047B70470061002013
:104410003862002080B400AF0C4B00225A710B4B65
:1044200001229A72094B1B79002B04D0074B1B7990
:104430001A46064B1A81054B0022DA72034B002202
:10444000DA6000BFBD465DF8047B70470061002064
:1044500090B587B002AF544B9B79DBB2032B40F091
:104460009180514B1B78DBB2FB71FB79002B00F084
:104470008B80FB79A02B00F287804C4B5B79012B62
:104480000BD14A4B1A79FB799A4206D1474B00224D
:104490009A72464B0022DA7283E0444B9B7A83F097
:1044A0000103DBB2002B03D0404BDB7A012B6DD133
:1044B00000F08CFC0346012B6AD000F093FC03460D
:1044C000012B65D000F09AFC03461C4600F0AEFCC0
:1044D00003469C425ED100F09DFC03461C4600F062
:1044E000B1FC03469C4255D1314B93F81C32002B52
:1044F00052D12F4B93F81F32002B4DD12B4BDB7A2F
:10450000012B11D1F0F7ACF8B860284BDB68002B19
:1045100007D0264BDB68BA68D31A40F2DB529342CD
:104520003CD9224B0022DA72F0F79AF8B8601F4BA0
:10453000DB68002B06D01D4BDB68BA68D31AB3F5D5
:10454000FA7F2DD3194B1B89FB73FB7B002B02D108
:10455000164B1B79FB73FB7B002B01D1FB79FB73A3
:10456000124ABB68D360114B0122DA720F4B002252
:104570005A71FB1DF97B012200920122BA2000F042
:104580004FFE0EE000BF0CE000BF0AE000BF08E0F5
:1045900000BF06E000BF04E000BF02E000BF00E093
:1045A00000BF1437BD4690BD044B002000610020C1
:1045B000D85E002080B500AF044B01221A7100F0D4
:1045C00065FC00F04BFC00BF80BD00BF38620020DE
:1045D00080B500AF00F05AFC234B5B79002B02D171
:1045E000012000F0F1FC204B1B7F002B02D1122098
:1045F00000F0EAFC1C4B93F82330002B02D114206E
:1046000000F0E2FC184B93F86630002B02D1112029
:1046100000F0DAFC144B93F86E30002B02D121200D
:1046200000F0D2FC104B93F8D130002B04D00E4B8D
:1046300093F8F330002B02D1222000F0C5FC0A4B86
:1046400093F83731002B02D1152000F0BDFC064B4A
:1046500093F83531002B02D1232000F0B5FC162051
:1046600000F0B2FC00BF80BD0061002080B500AF4B
:1046700000F00CFC1E4B5B79002B02D1012000F0F6
:10468000A3FC1B4B1B7F002B02D1122000F09CFCD3
:10469000174B93F82330002B02D1142000F094FC28
:1046A000134B93F86630002B02D1112000F08CFCE4
:1046B0000F4B93F86E30002B02D1212000F084FCC8
:1046C0000B4B93F8D130002B04D0094B93F8F33007
:1046D000002B02D1222000F077FC054B93F83731F4
:1046E000002B02D1152000F06FFC00BF80BD00BF81
:1046F0000061002080B500AF00F0C8FB1F4B5B7964
:10470000002B02D1012000F05FFC1C4B1B7F002B13
:1047100002D1122000F058FC184B93F82330002BE4
:1047200002D1142000F050FC144B93F86630002B9B
:1047300002D1112000F048FC104B93F86E30002B92
:1047400002D1212000F040FC0C4B93F8D130002B1B
:1047500004D00A4B93F8F330002B02D1222000F052
:1047600033FC064B93F83731002B02D1152000F0B3
:104770002BFC162000F028FC00BF80BD006100204B
:1047800080B588B000AF03463960FB711346BB713A
:10479000FB79F22B7FD0F22B00F3EB82232B4FDC43
:1047A000002B40F3E682013B222B00F2E28201A2C1
:1047B00052F823F0C7480208734D0208734D0208EF
:1047C000734D0208734D0208734D0208734D0208C1
:1047D000734D0208734D0208734D0208734D0208B1
:1047E000734D0208734D0208734D0208734D0208A1
:1047F000494802088D49020823490208734D0208FE
:104800006D490208FD4C0208174D0208734D02085D
:10481000734D0208734D0208734D0208734D020870
:10482000734D0208734D0208734D0208734D020860
:1048300067480208174A0208D94B02086B4C020865
:10484000F02B00F0748294E2BB79002B00F093828D
:104850003B681B78012B0CBF01230023DBB21A46F7
:10486000A14B1A7187E2BB79002B00F086823B686E
:104870001B78012B0CBF01230023DBB21A469A4B95
:104880005A71994B5B79012B40F07782964B5A799C
:10489000954B1A7171E2BB79002B00F070823B6876
:1048A0001B78002B08D0904B01229A71EFF7D8FEAD
:1048B00003468D4A936062E28B4B00229A718A4BC9
:1048C00000229A605BE2BB79002B00F05A823B68C1
:1048D0001A78864B1A713B681A78854B1B78DBB2C5
:1048E0009A4211D0814B00225A71804B01229A7258
:1048F0003B681B781A467D4B1A817C4B0022DA728A
:104900007A4B0022DA603CE2784B01225A71774BF5
:1049100000229A72754B00221A81744B0022DA72BF
:104920002FE2BB790B2B40F22E823B681B681A46A4
:104930006E4B1A613B6804331B681A466B4B5A6115
:104940003B6808331B681A46684B9A61674B1B7CAF
:10495000002B07D0654B1B7D002B03D0634B01223E
:104960001A7710E2614B00221A770CE2BB79052B13
:1049700040F20B825D4B3A681D33116819609288D2
:104980009A805A4B012283F82320FEE1FF23FB7714
:104990000023BB770BE0BB7F3A6813441B782C2BBA
:1049A00002D1BB7FFB7706E0BB7F0133BB77BA7FC9
:1049B000BB799A42EFD3FB7FFF2B00F0E881FB7FAE
:1049C000202B28BF2023BB73BB7B1A46396849487C
:1049D00002F014F9454ABB7B82F84430BA79FB7F78
:1049E000D31ADBB2013B7B777B7F202B01D92023BD
:1049F0007B77FB7F01333A6813447A7F19463E4840
:104A000002F0FCF8394A7B7F82F86530374B01228F
:104A100083F86620BBE1BB79062B1AD13B681B6883
:104A20001A46324BC3F867203B6804331B781BB22D
:104A30001B021AB23B6805331B781BB213431BB22F
:104A40009AB22A4BA3F86C20284B012283F86E20DF
:104A50009FE1BB79062B40F29C810023BB600023C1
:104A60007B8300237B7600233B760023FB75BB7999
:104A70001A463968214802F0C1F81C4ABB7982F80D
:104A8000AF30BB79072B0AD907221D49386802F0DD
:104A90009DF80346002B02D10723FB750CE0BB7980
:104AA000062B09D906221749386802F08FF8034609
:104AB000002B01D10623FB75FB7D3B7659E03B7E45
:104AC0003A6813441B782E2B1ED17B7E032B08D80B
:104AD0007B7E5A1C7A767A8BD2B220333B4403F821
:104AE000182C00237B8341E0386200200061002005
:104AF000044B002024610020456100206F610020EC
:104B0000487A0208507A02083B7E3A6813441B78C0
:104B10003A2B11D17B7E032B08D87B7E5A1C7A76E8
:104B20007A8BD2B220333B4403F8182C00237B83CA
:104B30003B7E01333B7620E03B7E3A6813441B7892
:104B40002F2B13D93B7E3A6813441B78392B0DD891
:104B50007B8B1A46920013445B009BB23A7E396805
:104B60000A44127813449BB2303B7B833B7E013373
:104B70003B763A7EBB799A42A1D31CE03B7E3A68F1
:104B800013441B782F2B13D93B7E3A6813441B78B0
:104B9000392B0DD87B8B1A46920013445B009BB2D5
:104BA0003A7E39680A44127813449BB2303B7B83C7
:104BB0003B7E01333B763A7EBB799A42DED3BB68BB
:104BC0007B4AC2F867307A4A7B8BA2F86C30784B0C
:104BD000012283F86E20DCE0FF23BB7500237B7588
:104BE0000BE07B7D3A6813441B782C2B02D17B7D34
:104BF000BB7506E07B7D01337B757A7DBB799A427C
:104C0000EFD3BB7DFF2B00F0C680BB7D202B28BFE0
:104C10002023FB73FB7B1A463968664801F0EEFFE0
:104C2000634AFB7B82F8D030BA79BB7DD31ADBB202
:104C3000013B3B753B7D202B01D920233B75BB7D80
:104C400001333A6813443A7D19465B4801F0D6FFB8
:104C5000574A3B7D82F8F230554B012283F8D12030
:104C6000534B012283F8F32095E0BB79002B00F031
:104C70009480FF23FB74FF23BB7400237B7411E03B
:104C80007B7C3A6813441B782F2B08D1FB7CFF2BCD
:104C900002D17B7CFB7402E07B7CBB7406E07B7CF6
:104CA00001337B747A7CBB799A42E9D3FB7CFF2B7E
:104CB00073D0BB7CFF2B70D0BA7CFB7C01339A4253
:104CC0006BDDBA7CFB7CD31ADBB2013B3B743B7CD3
:104CD000402B01D940233B74FB7C01333A681344D9
:104CE0003A7C1946354801F089FF314A3B7C82F80D
:104CF00034312F4B012283F835214EE0BB79002B54
:104D00004DD03B681A782A4B83F83621284B012274
:104D100083F8372143E0BB79002B42D03B681B78F6
:104D20005AB2274B1A70264B01225A7039E0BB79D0
:104D3000002B38D000224FF400612248EFF74AFAE6
:104D4000214B0022C3F818223220F5F7A6FCFFF70A
:104D500025FB01224FF400611A48EFF73BFAEFF709
:104D60007FFC0346184AC2F818323220F5F795FC4A
:104D700019E000BF18E000BF16E000BF14E000BF5C
:104D800012E000BF10E000BF0EE000BF0CE000BF6B
:104D90000AE000BF08E000BF06E000BF04E000BF7B
:104DA00002E000BF00E000BF00BF2037BD4680BD6D
:104DB00000610020B0610020D2610020F461002079
:104DC0003862002000000240D85E002080B400AFAE
:104DD000034B1B781846BD465DF8047B704700BF47
:104DE0005662002080B400AF034B1B781846BD46C6
:104DF0005DF8047B704700BFAA64002080B400AF58
:104E0000034B1B781846BD465DF8047B704700BF16
:104E10005462002080B400AF034B1B781846BD4697
:104E20005DF8047B704700BFA864002080B400AF29
:104E3000034B1B781846BD465DF8047B704700BFE6
:104E40005562002080B400AF034B1B781846BD4666
:104E50005DF8047B704700BFA964002080B400AFF8
:104E6000074B00221A70074B00221A70064B0022D3
:104E70001A7001231846BD465DF8047B704700BFD9
:104E8000A8640020A9640020AA64002080B400AFB8
:104E9000074B00221A70074B00221A70064B0022A3
:104EA0001A7001231846BD465DF8047B704700BFA9
:104EB00054620020556200205662002080B582B006
:104EC00000AF144B1B78012B1FD1EFF7C9FB7860A3
:104ED000114B1B68002B19D00F4B1B687A68D31A33
:104EE0004FF4FA72934211D30C4B1B78184600F022
:104EF00041F8084B00221A70084B00221A70064B2A
:104F000000221A6000F0C8F800E000BF0837BD4674
:104F100080BD00BF5662002058620020576200200A
:104F200080B582B000AF104B1B78012B17D1EFF783
:104F300097FB02460D4B1B68D31A7B607B6840F2DF
:104F4000DC5293420BD97968094801F05FFC064BAB
:104F500000221A70054B00221A6000F027F900BFEA
:104F60000837BD4680BD00BFAA640020AC640020A5
:104F7000587A020880B485B000AF0346FB710F4B2E
:104F80001B7801335A4203F00F0302F00F0258BF9F
:104F90005342FB730A4B1B78FA7B9A4208D0074BAB
:104FA0001B781946074AFB795354044AFB7B13705C
:104FB00000BF1437BD465DF8047B70475562002082
:104FC000546200204462002080B584B000AF0346E4
:104FD000FB71FB791846FFF7CDFF144B1B78002BB4
:104FE0001FD1134B1A78134B1B789A4219D00F4BD1
:104FF00001221A700E4B1B781A460F4B9B5CFB73F9
:105000000B4B1B7801335A4203F00F0302F00F02DF
:1050100058BF5342DAB2064B1A70FB7B184600F0B9
:1050200097F900BF1037BD4680BD00BF5662002013
:1050300054620020556200204462002080B483B096
:1050400000AF7860114B1A78114B1B789A4201D14E
:10505000002314E00D4B1B781A460E4B9A5C7B68BC
:105060001A700A4B1B7801335A4203F00F0302F007
:105070000F0258BF5342DAB2044B1A70012318468C
:105080000C37BD465DF8047B704700BF54620020BA
:10509000556200204462002080B582B000AF154BFD
:1050A0001B78012B22D0FB1D1846FFF7C7FF0346D4
:1050B000002B1CD0EFF7D4FA02460F4B1B68D31A13
:1050C0001D2B03D80C4B1B68002B10D1094B012260
:1050D0001A70FA79094B1A70EFF7C2FA0346064ABA
:1050E0001360FB79184600F033F900E000BF083781
:1050F000BD4680BD566200205862002057620020E5
:1051000080B584B000AFF860B9607A60234B1A783C
:10511000234B1B789A4201D100233AE01F4B1B78A6
:105120001946204A622301FB03F313441A78FB68F3
:105130001A701A4B1B7819461A4A622301FB03F3B3
:10514000134461331A787B681A707B681B78002BD4
:105150000ED0124B1B781A46622302FB03F3114A4E
:105160001344591C7B681B781A46B86801F046FD49
:105170000A4B1B785A1C0C4B83FB0231D317C91AFC
:105180000B465B000B445B00D11ACAB2034B1A708A
:10519000012318461037BD4680BD00BFA86400201B
:1051A000A96400205C620020ABAAAA2A80B59CB04A
:1051B00002AF184B1B78012B28D007F16402391D70
:1051C00007F165031846FFF79BFF0346002B1ED02F
:1051D000EFF746FA0346104A13600E4B01221A708D
:1051E00097F8653087F8673097F8643087F866304D
:1051F0000A4B1B78D9B2381D97F8672097F86630AC
:1052000000930346BA2000F00BF800E000BF6837B7
:10521000BD4680BDAA640020AC640020044B002081
:1052200080B5A4B000AF3B600346FB710B46BB7179
:1052300013467B710023A7F88E30B7F88E305A1CC6
:10524000A7F88E2090333B44022203F8842CB7F851
:105250008E305A1CA7F88E20194697F898300133E3
:10526000DAB201F190033B4403F8842CB7F88E3096
:105270005A1CA7F88E2090333B44FA7903F8842C0B
:10528000B7F88E305A1CA7F88E2090333B44BA7979
:1052900003F8842CB7F88E305A1CA7F88E20903370
:1052A0003B447A7903F8842C002387F88D3017E08B
:1052B0003B68002B05D097F88D303A6813441A7874
:1052C00000E00022B7F88E30591CA7F88E109033FA
:1052D0003B4403F8842C97F88D30013387F88D30E8
:1052E00097F88D2097F898309A42E1D397F8983044
:1052F0009BB203339AB207F10C03023311461846EE
:1053000000F058F9034687F88C30B7F88E305A1CF5
:10531000A7F88E2090333B4497F88C2003F8842C18
:10532000B7F88E305A1CA7F88E2090333B440322E6
:1053300003F8842CB7F88E2007F10C01C82303482A
:10534000F1F77EFE00BF9037BD4680BD785B002040
:1053500080B584B002AF0346FB71074B1B78D9B20E
:10536000FA79002300930023BC20FFF759FF00BF08
:105370000837BD4680BD00BF044B002080B582B019
:1053800000AF184B93F81F32012B25D1154B93F822
:105390002032FB71134B002283F81F22124B1B7823
:1053A000012B1BD0114BDB7A012B08D10F4B0022B4
:1053B000DA72FB79062B02D10120FFF705FE0C4BB8
:1053C0001B78012B0BD10A4B00221A70094B0022CB
:1053D0001A60FFF7EBFE02E000BF00E000BF0837F5
:1053E000BD4680BDD85E00205662002000610020CE
:1053F000AA640020AC64002080B582B000AF2A4BC4
:10540000DB78FB71284B5B79BB71274B9B78013BA9
:105410007B71264B3B60FB79BC2B36D17A79BB790B
:1054200039681846FFF7ACF9BB79F22B26D0F22B7E
:1054300026DC102B02D0202B10D021E07B79002B12
:1054400020D06420F5F729F93B681B78002B02D0A7
:10545000FFF7B0F816E0FFF709F913E07B79002BAE
:1054600012D06420F5F719F93B681B78002B02D0A5
:10547000FFF7AEF808E0FFF73DF905E000BF04E0F4
:1054800000BF02E000BF00E000BF094B00221A701D
:10549000084B00221A70084B00221A60FFF7FCFD2F
:1054A00000BF0837BD4680BDD85E0020DE5E00200C
:1054B00056620020576200205862002080B5C2B0BA
:1054C00000AF3A4BB3F80A32023BA7F80431B7F801
:1054D0000431364A13445B7887F8003107F584734A
:1054E000A3F5847318464FF480731A460021EBF736
:1054F00027FD0023A7F80631B7F806315A1CA7F894
:1055000006211A46294BD97807F58473A3F58473CD
:105510009954B7F806315A1CA7F806211A46234BAE
:10552000197907F58473A3F584739954B7F8063194
:105530005A1CA7F806211A461C4B597907F58473A3
:10554000A3F584739954194B9B78013B87F8033179
:1055500097F80331002B11D0B7F806313A461344BF
:1055600097F803211249184601F048FB97F80331D8
:105570009AB2B7F806311344A7F80631B7F80621F6
:105580003B461146184600F015F8034687F80231ED
:1055900097F8003197F802219A4201D0002300E0E9
:1055A0000123184607F58477BD4680BDD85E0020EC
:1055B000DE5E002080B485B000AF78600B467B8053
:1055C0000023FB6000237B810DE07B897A68134414
:1055D0001B781A46FB681344FB60FB68DBB2FB6078
:1055E0007B8901337B817A897B889A42EDD3FB6882
:1055F000DBB218461437BD465DF8047B704780B4B3
:1056000083B000AF0346FB71FB79092B03D8FB790C
:105610003033DBB20AE0FB79092B06D9FB790F2B7B
:1056200003D8FB793733DBB200E0002318460C3790
:10563000BD465DF8047B704780B487B000AFF8606A
:10564000B9607A60BB68002B01D10A230FE0FB68C8
:105650004FF4FA5203FB02F2BB68B2FBF3F27B6831
:1056600002FB03F37B617B690A2B38BF0A231846D0
:105670001C37BD465DF8047B704780B584B000AF31
:10568000F860B9607A607A68B968F868FFF7D4FFA3
:10569000034618461037BD4680BD000080B586B071
:1056A00000AF78600B46FB7001237B740023FB7511
:1056B0000023BB8200233B740023FB730023FB7495
:1056C00000BF7B7C002B00F0D180FB78062B31D90A
:1056D0007B6801331B78A52B02D10B23FB742CE0D4
:1056E0007B6801331B78A92B02D10923FB7424E0CA
:1056F0007B6801331B78A62B04D07B6801331B78B1
:10570000A72B14D17B6804331B78A3F13002134616
:105710009B0013445B001A467B6805331B78303BC3
:105720001344DBB29B00DBB20933FB7405E00023BA
:105730007B749BE000237B7498E0FB78082B40F29D
:105740009280FA78FB7C9A42C0F08A80FB78013B19
:105750007A6813441B78032B73D10123FB750AE08D
:10576000FB7D7A6813441B781A46BB8A1344BB82BC
:10577000FB7D0133FB75FA7DFB78033B9A42EFDB3F
:10578000BB8ADBB2BB82BB8A1B099BB2DBB2184669
:10579000FFF735FF03463B74BB8ADBB203F00F0310
:1057A000DBB21846FFF72BFF0346FB73FB78033B86
:1057B0007A6813441B783A7C9A423FD1FB78023BCB
:1057C0007A6813441B78FA7B9A4237D12D4BDB79E8
:1057D000DBB2002B2CD12B4BDB7ADBB2002B27D199
:1057E0000023BB747B6801331B78A92B02D10123F2
:1057F000BB7406E0234B1B7BDBB2002B01D10123E2
:10580000BB74BB7C012B13D1FB789BB21946786823
:1058100000F072F90346012B0AD1FB789BB21946BE
:10582000786800F0D3FA0346012B01D100F0E4FBC5
:10583000154B00221A7000237B7417E000237B7441
:1058400014E0124B1B689B680021184601F04EF8CB
:105850000120FAF743FEFAF771FE00237B7405E09E
:1058600000237B7402E000237B7400BF00F038F952
:105870000346002B14BF01230023DBB21846183760
:10588000BD4680BD244B0020A44D00200C0000200C
:1058900080B582B000AF914B93F81D32012B40F0E0
:1058A00097808E4BB3F80A32B3F5027F18D38B4B37
:1058B000002283F81D22894B0022A3F80A22874B7D
:1058C0000022A3F80C22854B002283F81E22834B72
:1058D0000022C3F81422814B0022C3F81022F9E001
:1058E0007E4BB3F80A325A1C91B27C4AA2F80A12D3
:1058F00019467A4B1A78794B0B445A70774B93F8C8
:105900001E32002B09D1EEF7ABFE0346734AC2F8F4
:105910001032724B0522C3F81422704BB3F80A32CE
:10592000032B36D100237B606C4BB3F80A32012B7A
:1059300003D96A4B9B7806337B607B68002B13D0BE
:105940007B68B3F5027F0FD202224FF416517868BC
:10595000FFF793FE0346614AC2F814327B689AB29D
:105960005E4BA3F80C2233E05C4B002283F81D222F
:105970005A4B0022A3F80C22584B0022A3F80A220B
:10598000564B0022C3F81422544B0022C3F81022B5
:105990001EE0524BD3F81432002B19D04F4BB3F802
:1059A0000A32042B14D14D4BDB78BA2B03D04B4B6E
:1059B000DB78BC2B04D1494B012283F81E2207E07F
:1059C000464B0622A3F80C22444B002283F81E22E9
:1059D000424B1B78022B29D1404B93F81D32002BF0
:1059E00024D13E4B012283F81D223C4B0022A3F818
:1059F0000A223A4BB3F80A325A1C91B2374AA2F83B
:105A00000A121946354B1A78344B0B445A70EEF78C
:105A100027FE0346314AC2F81032304B3022C3F819
:105A200014222E4B022283F81E2253E02B4B1B78AC
:105A3000032B31D1294BB3F80C32002B07D0274B65
:105A4000B3F80A22254BB3F80C329A4204D2234B06
:105A500093F81E32012B1FD0204B0022C3F81022D6
:105A60001E4B0022C3F814221C4B002283F81D2277
:105A70001A4B93F81E32002B06D1184B012283F8E3
:105A80001C2200F0D1FA25E0FFF718FD03461A4664
:105A9000124B83F81C221DE0104B93F81D32002B93
:105AA00018D10E4B1B78062B03D00C4B1B78152BF3
:105AB00010D10A4B012283F81F22084B1A78074B9A
:105AC00083F82022054B0022C3F81422034B002246
:105AD000C3F810220837BD4680BD00BFD85E002045
:105AE00080B400AF034B1B78DBB21846BD465DF8AF
:105AF000047B7047C26C002080B485B000AF786032
:105B00000B467B807B68002B02D07B88052B01D85D
:105B100000239FE07B6801331B78FB73FB7BA92B81
:105B200033D17B88082B01D8002393E07B680433B2
:105B30001B782F2B0ED97B6804331B78392B09D89F
:105B40007B6805331B782F2B04D97B6805331B78C2
:105B5000392B01D900237DE07B6804331B781A467A
:105B6000920013445B00DAB27B6805331B78134460
:105B7000DBB2103BBB733A4B1B78DBB2BA7B9A4269
:105B80000CBF01230023DBB264E0FB7BA62B2ED1EC
:105B90007B6804331B782F2B0ED97B6804331B786A
:105BA000392B09D87B6805331B782F2B04D97B68E8
:105BB00005331B78392B01D900234BE07B68043374
:105BC0001B781A46920013445B00DAB27B680533F7
:105BD0001B781344DBB2103B7B73214B5B78DBB249
:105BE0007A7B9A422CBF01230023DBB232E0FB7B9D
:105BF000A72B2ED17B6804331B782F2B0ED97B6803
:105C000004331B78392B09D87B6805331B782F2B7D
:105C100004D97B6805331B78392B01D9002319E09F
:105C20007B6804331B781A46920013445B00DAB297
:105C30007B6805331B781344DBB2103BBB73084B06
:105C40001B78DBB2BA7B9A422CBF01230023DBB264
:105C500000E0012318461437BD465DF8047B704709
:105C6000044B002080B483B000AF78600B467B808B
:105C700013463B807B8802339BB23A889A4201D814
:105C800000234CE07B887A6813441B782F2B21D9A2
:105C90007B887A6813441B78392B1BD87B880133A7
:105CA0007A6813441B782F2B14D97B8801337A68C8
:105CB00013441B78392B0DD87B8802337A68134440
:105CC0001B782F2B06D97B8802337A6813441B7804
:105CD000392B01D9002322E07B887A6813441B7892
:105CE0001A46920013441A4691001A460B46134472
:105CF0009B00DAB27B88013379680B441B78194624
:105D000089000B445B00DBB21344DAB27B880233B8
:105D100079680B441B781344DBB23033DBB218468E
:105D20000C37BD465DF8047B7047000080B584B039
:105D300000AF78600B467B807B68002B02D07B88AD
:105D4000062B01D800233BE07B6801331B78BB7333
:105D5000BB7BA52B08D17B881A4604217868FFF706
:105D600081FF0346FB7325E0BB7BA62B0ED1164BB0
:105D70005B78DBB29B009BB202339BB27A881946F8
:105D80007868FFF76FFF0346FB7313E0BB7BA72B1D
:105D90000ED10D4B1B78DBB29B009BB202339BB242
:105DA0007A8819467868FFF75DFF0346FB7301E0C8
:105DB000002305E0FB7B642B8CBF01230023DBB2B7
:105DC00018461037BD4680BD044B002080B584B016
:105DD00000AF78600B467B804E4B9B79DBB2032B88
:105DE00009D17B68002B06D07B88002B03D07B88F1
:105DF000B3F5807F01D9002387E07B881946786856
:105E0000FFF77AFE0346002B01D100237DE07B885B
:105E100019467868FFF78AFF0346012B38D13D4BBE
:105E2000DB78DBB2002B04D03B4B9B79DBB2012B40
:105E300001D1002369E00023FB7323E0374B1B787B
:105E4000DAB2FB7B1344DBB203F00703BB73BA7B0C
:105E50001346DB0113445B00314A1344981CBA7BA0
:105E60002F491346DB0113445B000B441B88194682
:105E7000FFF75CFF0346012B01D1002345E0FB7BCC
:105E80000133FB73274B1B78DBB2FA7B9A42D5D3E5
:105E9000244B1B78DBB2072B10D9204B1B78DBB2CD
:105EA0000133DBB203F00703DAB21C4B1A701D4B4F
:105EB0001B78DBB2013BDAB21A4B1A701A4B1B7813
:105EC000DBB21A461346DB0113445B00144A134449
:105ED000BB60BB687A881A80BB6802337A887968AD
:105EE000184600F08BFE104B1B78DBB20133DBB29F
:105EF00003F00703DAB20C4B1A700A4B1B78DBB2C3
:105F00000133DAB2074B1A70012318461037BD4629
:105F100080BD00BF044B0020244B0020C16C00203A
:105F2000B0640020C26C0020C06C002080B586B038
:105F300000AFF860B9601346FB802B4B9B79DBB256
:105F4000032B0AD1294B1B78DBB2002B05D0FB6851
:105F5000002B02D0BB68002B01D1002340E0244B72
:105F60001B78DBB21A461346DB0113445B00214A5F
:105F700013447B617B691B88FA889A4212D21C4BBE
:105F80001B78DBB20133DBB203F00703DAB2184B44
:105F90001A70164B1B78DBB2013BDAB2134B1A7046
:105FA00000231DE07B69991C7B691B881A46F868F1
:105FB00000F024FE7B691A88BB681A800C4B1B78A2
:105FC000DBB20133DBB203F00703DAB2084B1A701D
:105FD000064B1B78DBB2013BDAB2044B1A7001238B
:105FE00018461837BD4680BD044B0020C26C002007
:105FF000C16C0020B064002080B500AF084B9B79D5
:10600000DBB2032B0AD1074B1B68002B06D0054BD4
:106010001B6801211846F4F755FB00E000BF80BD66
:10602000044B0020E44D002080B500AF084B9B7965
:10603000DBB2032B0AD1074B1B68002B06D0054BA4
:106040001B6802211846F4F73DFB00E000BF80BD4D
:10605000044B0020F44D002080B582B000AF124BFD
:106060009B79012B01D000231AE0EEF7F9FA786052
:106070000D4B9B68002B0FD00B4B9B687A68D31A93
:1060800044F62062934207D9074B00229A71064BCF
:1060900000229A60002303E0044A7B681360012316
:1060A00018460837BD4680BD38620020D06C0020FD
:1060B00080B586B000AF3B1D00221A605A609A601E
:1060C000DA601A614FF400637B600123BB60012337
:1060D000FB6000233B613B1D19460348EDF7CAFDF9
:1060E00000BF1837BD4680BD0000024080B588B0B3
:1060F00000AF7861784800F0F1FBFF23FB77FF23C6
:10610000BB77764B9B79DBB2FA7F9A420CD0734B0C
:106110009B79DBB2022B01D0FFF7CAFF6F4B9B7953
:10612000FB776E4B1B78BB776C4B9B79DBB2032BF9
:106130000AD16A4B1B78DBB2BA7F9A4204D0674B14
:106140001B78BB77FEF766F9644B9B79DBB2022BB9
:1061500003D16420F4F7A1FABDE0604B9B79DBB278
:10616000032B17D04FF400615D48EEF71BF8034690
:10617000012B0BD1FEF712F900224FF400615848B1
:10618000EEF728F8574B0022C3F818226420F4F7E2
:1061900084FAA0E0514B9B79DBB2032B26D14FF45C
:1061A00000614F48EDF7FEFF0346012B1ED0002291
:1061B0004FF400614A48EEF70DF84A4B0022C3F84D
:1061C00018223220F4F769FAFEF7E8F801224FF4BA
:1061D00000614348EDF7FEFFEEF742FA0346414AFD
:1061E000C2F818323220F4F758FA74E03D4BD3F875
:1061F0001432002B28D03B4BD3F81032002B23D085
:10620000EEF72EFA0246374BD3F81032D21A354B3E
:10621000D3F814329A4217D9324B0022C3F8142211
:10622000304B0022C3F810222E4B0022A3F80A2282
:106230002C4B0022A3F80C222A4B002283F81D22AB
:10624000284B002283F81E22264B93F81C32002B89
:1062500028D0244B002283F81C22EEF701FA0346D3
:10626000204AC2F824321F4B93F81E32002B0AD169
:106270001C4BB3F80A32DBB219461B48FFF70EFA83
:1062800003467B7727E0FFF7B7F8164B0022A3F809
:106290000A22144B0022A3F80C22124B002283F88E
:1062A0001E2206E00F4B93F81F32002B01D0FFF7A0
:1062B00065F800F01BF800F0B7F8FEF7FFFDFEF7F9
:1062C0002FFEFEF7C5F800F0B1F93B460A22022185
:1062D0001846F4F737FA14E7847A0208044B0020D2
:1062E00000000240D85E0020D95E002080B584B056
:1062F00002AF484B1B79012B40F08680454B5B7900
:10630000012B40F08180EEF7ABF97860424B93F8B7
:106310001C32002B04D1404B93F81F32002B03D0CA
:106320003E4A7B68136072E03C4B1B68002B63D0D5
:106330003A4B1B687A68D31A41F2883293425BD396
:10634000344B5B79002B08D1334BD3F818327A6881
:10635000D31A43F6972293424ED92E4B5B79002BEA
:106360001ED02D4BD3F824327A68D31A40F6B732B8
:10637000934215D82A4B1B78042B06D8284B1B7840
:106380000133DAB2264B1A7006E0254B1B78042B3A
:1063900002D9204B91221A70204A7B68136036E0A4
:1063A0001C4B93F90030B3F1FF3F03D1194B00228E
:1063B0005A702BE0FEF70AFD0346002B26D1FEF7AC
:1063C00011FD0346002B21D1144A7B681360114B49
:1063D0009B78012B0CD1134B1B78D9B2002300936F
:1063E00000231622BC20FEF71BFF0A4B00229A70E6
:1063F0000B4B00221A7009E0084B1B68002B06D1DA
:10640000064A7B68136002E000BF00E000BF083767
:10641000BD4680BD38620020D85E0020C46C0020DC
:10642000C86C0020044B002080B582B000AF7A4BCE
:106430001B79012B40F0E480774B5B79012B40F016
:10644000DF80EEF70DF93860744B93F81C32002BA7
:1064500004D1724B93F81F32002B03D0704A3B6873
:106460001360D6E00023FB716E4B5B79002B01D1EA
:106470000123FB716B4B1B7F002B01D10123FB71AF
:10648000684B93F82330002B01D10123FB71654B3E
:1064900093F86630002B01D10123FB71614B93F817
:1064A0006E30002B01D10123FB715E4B93F8D1308C
:1064B000002B04D05B4B93F8F330002B01D1012368
:1064C000FB71584B93F83731002B01D10123FB713D
:1064D000544B93F83531002B01D10123FB71FB792B
:1064E00083F00103DBB2002B40F08C804B4BD3F8E0
:1064F00018323A68D31A4EF6602293422DD9464B91
:106500001B79002B08D0444B5B79002B04D0454B02
:1065100093F83531002B77D1FFF79EFD0346012B11
:1065200074D0FDF73BFF00224FF400613E48EDF7C9
:1065300051FE3A4B0022C3F818226420F4F7ADF85C
:1065400001224FF400613848EDF744FEEEF788F879
:106550000346324AC2F8183256E0314B1B68002B12
:1065600007D02F4B1B683A68D31A42F2107293423D
:106570004ED32B4A3B6813602A4B5B79002B02D128
:106580000120FEF721FD274B1B7F002B02D113209A
:10659000FEF71AFD234B93F82330002B02D1142071
:1065A000FEF712FD1F4B93F86630002B02D111202D
:1065B000FEF70AFD1B4B93F86E30002B02D1212011
:1065C000FEF702FD174B93F8D130002B04D0154B8A
:1065D00093F8F330002B02D12220FEF7F5FC114B8B
:1065E00093F83731002B02D11520FEF7EDFC0D4B4F
:1065F00093F83531002B0CD12320FEF7E5FC08E0A1
:1066000000BF06E000BF04E000BF02E000BF00E002
:1066100000BF0837BD4680BD38620020D85E00202C
:10662000CC6C0020006100200000024090B585B0D5
:1066300002AF6B4BD3F81832002B03D1694B002209
:106640001A60CAE0FFF708FD0346012B00F0C48082
:10665000EEF706F87860644B1B79012B07D1624B8B
:106660005B79012B03D15F4B00221A60B5E05D4BD3
:106670001B68002B07D15C4B5B79012B03D0594A77
:106680007B681360A9E0594B5B79002B16D1544B02
:10669000D3F818327A68D31A544AD28801324FF4A8
:1066A0007A7101FB02F2934208D9504BDB88013327
:1066B0009AB24E4BDA800120FEF74AFE494B1B6826
:1066C0007A68D31A4CF2503293421ED9454A7B68FD
:1066D0001360FDF763FE00224FF400614448EDF7BC
:1066E00079FD3F4B0022C3F818226420F3F7D5FF51
:1066F00001224FF400613E48EDF76CFDEDF7B0FF6D
:106700000346374AC2F8183267E0354BD3F81832DF
:106710007A68D31A47F2305293425ED9354B1B68E0
:10672000002B07D0334B1B687A68D31A41F28832AA
:10673000934252D3FEF762FB03461C46FEF776FBFC
:1067400003469C4249D1FEF741FB0346002B44D14E
:10675000FEF760FB03461C46FEF774FB03469C42B3
:106760003BD1FEF73FFB0346002B36D11C4B93F881
:106770001C32002B31D11A4B93F81F32002B2CD135
:10678000194B1B79002B28D1174B1B79002B0FD1EC
:106790000123FB70184B1B78D9B2FB1C012200921D
:1067A0001022BA20FEF73CFD124A7B68136014E009
:1067B0000D4B5B79002B10D10123BB700E4B1B7866
:1067C000D9B2BB1C012200922022BA20FEF728FD7C
:1067D000084A7B68136000E000BF0C37BD4690BDDF
:1067E000D85E0020D06C00203862002000610020BC
:1067F00000000240D46C0020044B0020024B0146F4
:106800001868EAF7DDBC00BF0C0000200FB407B524
:10681000064904AB086853F8042B8168019300F023
:106820007DFB03B05DF804EB04B070470C00002062
:10683000036A70B5846805460E460BB9EAF706FB95
:10684000636EDB0705D4A389980502D4A06DEAF72F
:1068500048FCA389190702D52369002B35D12146AD
:10686000284600F05FF980B34FF0FF35636EDA071A
:1068700005D4A3899B0502D4A06DEAF733FC284612
:1068800070BD002B04DAA269934217DB0A2915D0E8
:1068900023685A1C22601970A36816F8011F013B77
:1068A000A3600029EDD1002B11DA22460A212846E7
:1068B00000F0FAF80130D7D00A25D7E7224628465B
:1068C00000F0F2F80130E7D1CEE7013EE4E72368BB
:1068D0005A1C22600A221A70EEE70000024B0146A1
:1068E0001868FFF7A5BF00BF0C000020B1FA81F2C5
:1068F00052094FF48063520000F000B82DE9F743CD
:106900001D46574B1F6804460E46904627B13B6A0A
:1069100013B93846EAF79AFAB8F1020F06D0B8F17F
:10692000010F00F29A80002DC0F29780636ED907A4
:1069300005D4A3899A0502D4A06DEAF7D2FB2146BB
:106940003846EAF74BFD616B41B104F144039942CB
:1069500002D03846EAF7C8FB002363630023A36133
:106960006360A3891B0603D521693846EAF7BCFB9F
:10697000A38923F44A6323F00303B8F1020FA38130
:1069800061D001AB6A462146384600F06FFDA3890D
:106990001843A0812DBB009D2846FFF72FFF064618
:1069A000002852D1DDF80090A94540D14FF0FF35C5
:1069B000B4F90C3043F00202A2810022A26004F17B
:1069C00047022260226101226261626ED60704D40E
:1069D000980502D4A06DEAF785FB284603B0BDE810
:1069E000F083002ED8D03B6A13B93846EAF72EFA66
:1069F000B8F1010F08BFA389266004BF43F001036B
:106A0000A381B4F90C3013F00802C4E904651ED068
:106A1000D90741BF00226D42A260A56158BFA560A1
:106A2000626ED20701D49B0513D50025D5E74846F1
:106A3000FFF7E4FE06460028B8D0A38943F08003A0
:106A4000A3814D46CFE70025B2E7A946F5E7A2604E
:106A5000E6E7A06DEAF746FBE7E74FF0FF35BCE756
:106A60000C0000200EB410B59DB01FAB0290069034
:106A70006FF000410A48079104910A4953F8042B2A
:106A80000591002402A9006801931B9400F024F9E9
:106A9000029B1C701DB0BDE8104003B0704700BFE2
:106AA0000C0000200802FFFFF8B50E46144605460C
:106AB00018B1036A0BB9EAF7C9F9A369A360A389FE
:106AC0001A0701D5236943B92146284600F02AF860
:106AD00018B14FF0FF373846F8BD23682269981A7D
:106AE0006369F6B28342374605DC21462846EAF759
:106AF00075FC0028EDD1A368013BA36023685A1CF4
:106B000022601E706269431C9A4204D0A389DB078D
:106B1000E1D50A2EDFD121462846EAF75FFC00289E
:106B2000D9D0D6E738B5284B054618680C4618B1B9
:106B3000036A0BB9EAF78AF9B4F90C301A0721D4C1
:106B4000D80607D409222A6043F04003A3814FF0FE
:106B5000FF3030E0590712D5616B41B104F14403B5
:106B6000994202D02846EAF7BFFA00236363002265
:106B7000B4F90C3062602269226023F0240343F0F0
:106B80000803A38122693AB99A0501D5180603D5ED
:106B90002146284600F08EFCB4F90C3013F00102B7
:106BA0000AD00022A26062695242A261226942B9FF
:106BB00013F08000C8D138BD990758BF6269A26040
:106BC000F4E70020F7E700BF0C00002010B56AB121
:106BD0000139841810F8012B11F8013F9A4203D1B2
:106BE000A04201D0002AF5D1D01A10BD1046FCE712
:106BF000014B1868704700BF0C0000200A44914206
:106C000000F1FF3300D1704710B511F8014B03F8C4
:106C1000014F9142F9D110BD2DE9F0478E681F4612
:106C2000BE4282460C469046334653D8B1F90C001A
:106C300010F4906F2BD065692368096905EB450551
:106C4000A3EB010905EBD5757B1C6D104B44AB42E2
:106C50002A4684BF1D462A46430527D5114650467D
:106C6000EAF7AEFA064658B321694A46FFF7C6FF6F
:106C7000A38923F4906343F08003A38126616561B7
:106C80004E44A5EB09052660A5603E463B461F46DF
:106C900020683A46414600F046FCA3689B1BA3606F
:106CA00023683B4423600020BDE8F087504600F095
:106CB00075FC06460028E1D121695046EAF714FA2E
:106CC0000C23CAF80030A38943F04003A3814FF09E
:106CD000FF30E9E73E46DBE72DE9F0471F468B89A9
:106CE0001B069CB006460D46144610D50B6973B9B9
:106CF0004021EAF765FA2860286130B90C23336037
:106D00004FF0FF301CB0BDE8F08740236B610023DB
:106D1000099320238DF8293003973023654F8DF890
:106D20002A304FF001082346994613F8012B0AB187
:106D3000252AF9D1B9EB040A0BD05346224629463D
:106D40003046FFF769FF013000F0A480099A5244F1
:106D5000099299F80030002B00F09C8000234FF03E
:106D6000FF32CDE9052309F10109049307938DF85A
:106D700053301A934C464F4814F8011B0522E9F78B
:106D800087FF049BD0B9D80644BF20228DF853203A
:106D9000190744BF2B228DF8532099F800202A2A86
:106DA00013D0079A4C4600204FF00A0C214611F8E8
:106DB000013B303B092B49D968B913E0C01B08FAE5
:106DC00000F018430490A146D4E7039A111D1268FD
:106DD0000391002A01DB079204E0524243F00203D0
:106DE0000792049323782E2B0AD163782A2B32D171
:106DF000039B1A1D1B68039243EAE3730234059355
:106E0000DFF8C090217803224846E9F741FF38B106
:106E1000049BA0EB090040228240134301340493F9
:106E200014F8011B24488DF828100622E9F730FFDA
:106E3000002835D0214818BB039B073323F00703F4
:106E400008330393099B034409936CE70CFB02325C
:106E50000C460120AAE700230134059319464FF0A0
:106E60000A0C204610F8012B303A092A03D9002BCE
:106E7000C6D00591C4E70CFB012104460123F0E7CD
:106E800003AB00932A460E4B04A93046AFF30080B3
:106E9000421CD7D1AB895B063FF532AF099831E789
:106EA00003AB00932A46064B04A9304600F0B8F91C
:106EB000EEE700BFF8A4020802A5020800000000E7
:106EC000196C0208FEA402089368013B002B10B461
:106ED000936008DA9469A34201DB0A2903D15DF8C3
:106EE000044BFFF7E1BD1368581C10601970084689
:106EF0005DF8044B7047F8B506460F461446D518A2
:106F0000AC4201D1002007E014F8011B3A4630469C
:106F1000FFF7DAFF431CF3D1F8BD00002DE9F0477D
:106F20000D469CB014461F46064618B1036A0BB9BD
:106F3000E9F78CFF6B6ED90705D4AB899A0502D4AB
:106F4000A86DEAF7CEF8AB891B0701D52B699BB971
:106F500029463046FFF7E6FD70B16B6EDC0704D5BD
:106F60004FF0FF301CB0BDE8F087AB899805F7D42F
:106F7000A86DEAF7B7F8F3E70023099320238DF80B
:106F80002930039730236A4F8DF82A304FF00108DB
:106F90002346994613F8012B0AB1252AF9D1B9EBFA
:106FA000040A0BD05346224629463046FFF7A3FF7A
:106FB000013000F0A480099A5244099299F80030F7
:106FC000002B00F09C8000234FF0FF32CDE9052319
:106FD00009F10109049307938DF853301A934C4635
:106FE000534814F8011B0522E9F752FE049BD0B95F
:106FF000D90644BF20228DF853201A0744BF2B2204
:107000008DF8532099F800202A2A13D0079A4C466D
:1070100000204FF00A0C214611F8013B303B092BB0
:1070200049D968B913E0C01B08FA00F0184304906E
:10703000A146D4E7039A111D12680391002A01DBCF
:10704000079204E0524243F002030792049323782C
:107050002E2B0AD163782A2B32D1039B1A1D1B6871
:10706000039243EAE37302340593DFF8D490217866
:1070700003224846E9F70CFE38B1049BA0EB090057
:107080004022824013430134049314F8011B294821
:107090008DF828100622E9F7FBFD00283ED026488F
:1070A00018BB039B073323F0070308330393099BA3
:1070B000034409936CE70CFB02320C460120AAE75B
:1070C00000230134059319464FF00A0C204610F8AE
:1070D000012B303A092A03D9002BC6D00591C4E709
:1070E0000CFB012104460123F0E703AB00932A4681
:1070F000124B04A93046AFF30080431CD7D16B6E0E
:10710000D90705D4AB899A0502D4A86DE9F7EAFF3F
:10711000AB895B063FF524AF099823E703AB0093E7
:107120002A46064B04A9304600F07AF8E5E700BF8E
:10713000F8A4020802A5020800000000F76E020889
:10714000FEA402082DE9F047164698468A680B69A6
:10715000DDF820909342B8BF1346336091F8432086
:1071600007460C460AB1013333602368990642BFD3
:10717000336802333360256815F0060506D104F143
:10718000190AE36832689B1AAB4226DC94F8433054
:107190002268003B18BF012392062BD404F143025E
:1071A00041463846C84701301ED02368226903F0A3
:1071B0000603042B02BFE5683368ED1AA3680CBF11
:1071C00025EAE57500259342C4BF9B1AED180026F9
:1071D0001A34B5421AD1002008E001235246414634
:1071E0003846C847013003D14FF0FF30BDE8F08783
:1071F0000135C6E7E1185A1C302081F843002244CB
:1072000094F8451082F843100233C7E70123224661
:1072100041463846C8470130E6D00136D9E700007C
:107220002DE9F0430D7E85B0782D90460C9E0746E3
:107230000C46994601F1430207D8622D0AD8002D69
:1072400000F0D780582D00F0BC8004F1420684F88D
:1072500042503BE0A5F16303152BF6D801A151F88C
:1072600023F000BFBD720208D17202084B720208FF
:107270004B7202084B7202084B720208D17202086C
:107280004B7202084B7202084B7202084B720208E2
:10729000D9730208FB7202088B7302084B72020852
:1072A0004B720208FB7302084B720208FB72020861
:1072B0004B7202084B7202089373020833681A1D5E
:1072C0001B68326004F1420684F842300123A1E0D9
:1072D00033682068191D3160060601D51D6803E07A
:1072E0004506FBD5B3F90050002D03DA2D236D427E
:1072F00084F843305B480A2311E0216833680806AC
:1073000053F8045B02D4490648BFADB23360237E14
:1073100054486F2B5CD10823002184F84310666821
:10732000A660002E05DB21682E4321F004012160B8
:1073300050D01646B5FBF3F103FB115C10F80CC0FE
:1073400006F801CDAC4663450D46F3D9082B0BD1A9
:107350002368DB0708D5236961689942DEBF3023C3
:1073600006F8013C06F1FF36921B2261CDF8009031
:10737000434603AA21463846FFF7E4FE01304ED1CA
:107380004FF0FF3005B0BDE8F083236843F02003E1
:1073900023603548782584F845502368316813F018
:1073A000800F51F8045B03D113F0400F18BFADB24A
:1073B0003160D90744BF43F0200323601DB110237F
:1073C000AAE72848E7E7236823F020032360F6E7CD
:1073D0000A23A1E71646B9E7336825686169181DD5
:1073E00030602E061B6801D5196002E06806FBD5E7
:1073F0001980002323611646B8E733681A1D3260EE
:107400001E68626800213046E9F742FC08B1801B23
:10741000606063682361002384F84330A6E7236932
:10742000324641463846C8470130A9D023689B07F9
:1074300013D4E068039B9842B8BF1846A2E7012323
:10744000324641463846C847013099D00135E36895
:1074500003995B1AAB42F2DCEBE7002504F1190655
:10746000F5E700BF09A502081AA5020870B50C4689
:10747000B1F90E10002996B015461E460ADAA18908
:1074800011F0800113D14FF48062002031602A6036
:1074900016B070BD6A4600F05FF80028EFDB019976
:1074A00001F47041A1F5005359425941EBE7002125
:1074B0004022EAE78B8973B59E0705460C4607D53F
:1074C00004F14703236023610123636102B070BDAF
:1074D00001AB6A46FFF7CAFF009E28463146E9F72E
:1074E0006FFEB4F90C3038B99A05EFD423F00303DA
:1074F00043F00203A381E3E743F08003A381019BF0
:107500002060C4E90406002BE0D0B4F90E10284630
:1075100000F034F80028D9D0A38923F0030343F006
:107520000103A381D2E7884210B501EB020402D91E
:107530008442234607D8431EA14207D011F8012BED
:1075400003F8012FF8E70244824200D110BD13F87E
:10755000011D02F8011DF7E738B5074D0023044669
:10756000084611462B60F9F70CFE431C02D12B682C
:1075700003B1236038BD00BFE001002038B5064DDF
:107580000023044608462B60F9F70BFE431C02D18A
:107590002B6803B1236038BDE00100202DE9F041E4
:1075A000074614460D4621B9BDE8F0411146E9F7FA
:1075B00007BE2AB9E9F798FD25462846BDE8F081BF
:1075C00000F01AF88442064602D8B4EB500FF4D803
:1075D00021463846E9F7F4FD804608B94546ECE710
:1075E000B4422246294628BF3246FFF707FB294608
:1075F0003846E9F779FDF1E751F8043C181F002BF4
:10760000BCBF0B58C0187047F8B500BFF8BC08BC29
:107610009E467047F8B500BFF8BC08BC9E46704750
:1076200049444C450000000064656661756C745403
:1076300061736B002876020845C401080000000051
:107640000000000000020000000000000000000038
:1076500053657269616C5461736B00005076020867
:10766000D9CA0108FEFF000000000000000400006D
:1076700000000000000000005377697463685461E3
:10768000736B0000787602088DCE010800000000C0
:1076900000000000000100000000000000000000E9
:1076A0004C63645461736B00A076020805E0010826
:1076B00000000000000000000004000000000000C6
:1076C0000000000053656E736F725461736B0000AD
:1076D000C4760208C1E001080000000000000000BC
:1076E0000002000000000000000000005769666909
:1076F000556172745461736B00000000EC760208EF
:10770000ED600208FEFF0000000000000002000023
:107710000000000000000000504F57524159554EE4
:10772000495F424F4F545F55504C4F41445F524563
:1077300051554553545F303100000000504F5752AF
:107740004159554E495F424F4F545F55504C4F4140
:10775000445F524551554553545F3031000000009D
:107760005B585D005B7E5D005B4F5D005B475D00CD
:107770005B3F5D0049443A2020202820202029003A
:1077800054656D703A20202027430000416D702021
:107790003A000000537461743A0000004F464600FE
:1077A0004F4E00004F4350004F5650004F54500072
:1077B00046414E00424F4F5354000000426F6F73DA
:1077C0007400000044696D2825290000322E304BDA
:1077D00000000000322E354B00000000332E304BED
:1077E00000000000434F4D4D2E203A0052532D34DF
:1077F00038350000444D5800575F444D58202573DC
:107800000000000057494649205B25635D000000E9
:1078100046414E312F323A202020202F0000000018
:1078200046414E332F343A202020202F0000000004
:10783000462F57205645523A20312E352E30000023
:10784000495020203A00000025642E25642E25642E
:107850002E2564004D4143203A0000002530325867
:107860003A253032583A253032583A253032583A93
:10787000253032583A2530325800000053534944DD
:107880003A00000025730000525353493A25642002
:1078900064426D0057694669204E6F7420436F6ED5
:1078A00066696700424950203A000000506F7274C8
:1078B0003A256400557365723A25730043494420A4
:1078C0003A000000252E3134730000004D5154540D
:1078D000204E6F7420436F6E6669670044455620E2
:1078E0004944203A0000000047524F555020203AAA
:1078F00000000000574946492063683A0000000034
:10790000426F6F737420203A000000004D4F4445D1
:107910004C20203A00000000322E304B5F4D00001A
:10792000322E304B5F430000332E304B5F4D000052
:10793000332E304B5F430000322E304B5F4A000045
:10794000414328562920203A00000000434F4D4D66
:107950002E20203A00000000575F444D58000000E0
:1079600057494649000000005061636B6574203A36
:1079700000000000415343494900000048455800B9
:107980004C4544204F4E203A202020202743000021
:107990004C4544204F46463A2020202027430000F3
:1079A00046414E204F4E203A202020202743000001
:1079B00046414E204F46463A2020202027430000D3
:1079C000535749544348203A00000000505553484B
:1079D00000000000544F47474C4500004578742E86
:1079E0007374723A000000004D4355004558545FCF
:1079F000414C494E450000004558545F4F4E4C598C
:107A000000000000534D50532856293A0000000052
:107A10004578697420776974686F7574207361762E
:107A20006500000044555459203125203A000000DB
:107A300020202031303025203A000000536D6F6F38
:107A40007468203A000000006D7174743A2F2F00A2
:107A50007463703A2F2F000053455420636F6D6D8F
:107A6000616E642074696D656F7574212028656C82
:107A700061707365643A20256C75206D73290D0A59
:107A800000000000576966695461736B207374616C
:107A900072740D00000000000000000001020304E9
:107AA000060708090000000001020304000001A00D
:107AB0000000000000000000000000000010101096
:107AC0001010000010000000006C4848000000008A
:107AD00000000000001414287C287C28505000006E
:107AE0000010384040384870101000000020522428
:107AF0000810244A04000000000000182020544808
:107B00003400000000081414080000000000000009
:107B10000008081010101010100808000020201095
:107B2000101010101020200000107C1028280000D9
:107B3000000000000000101010FE101010000000E7
:107B400000000000000000181030200000000000BD
:107B5000007C000000000000000000000000003079
:107B6000300000000004040808101020204000002D
:107B700000384444444444443800000000301010AD
:107B8000101010107C00000000384404081020443D
:107B90007C0000000038440418040444380000004D
:107BA000000C141424447E040E000000003C20202D
:107BB0003804044438000000001C20407844444449
:107BC00038000000007C4404080808101000000081
:107BD00000384444384444443800000000384444E9
:107BE000443C040870000000000000303000003009
:107BF00030000000000000181800001830200000BD
:107C000000000C10608060100C00000000000000FC
:107C10007C007C00000000000000C0201804182038
:107C2000C00000000000182404081000300000000C
:107C30003844444C54544C40443800000030102820
:107C400028287C44EE00000000F844447844444472
:107C5000F8000000003C4440404040443800000030
:107C600000F0484444444448F000000000FC445004
:107C700070504044FC000000007E2228382820205C
:107C800070000000003C4440404E44443800000076
:107C900000EE44447C444444EE000000007C10109C
:107CA000101010107C000000003C080808484848EC
:107CB0003000000000EE444850704844E6000000E8
:107CC00000702020202024247C00000000EE6C6C3A
:107CD00054544444EE00000000EE64645454544C88
:107CE000EC000000003844444444444438000000A0
:107CF00000782424243820207000000000384444F8
:107D000044444444381C000000F844444478484447
:107D1000E200000000344C403804046458000000C5
:107D200000FE9210101010103800000000EE4444C5
:107D3000444444443800000000EE444428282810FD
:107D40001000000000EE4444545454542800000035
:107D500000C6442810102844C600000000EE442845
:107D60002810101038000000007C44081010204437
:107D70007C00000000382020202020202020380017
:107D800000402020201010080808000000380808D3
:107D900008080808080838000010102844000000EF
:107DA000000000000000000000000000000000FED5
:107DB0000010080000000000000000000000003873
:107DC000443C44443E00000000C0405864444444E5
:107DD000F80000000000003C44404044380000002F
:107DE000000C04344C4444443E00000000000038C1
:107DF000447C40403C000000001C207C20202020CF
:107E00007C000000000000364C4444443C04380030
:107E100000C0405864444444EE000000001000706C
:107E2000101010107C0000000010007808080808EE
:107E30000808700000C0405C48705048DC0000003A
:107E400000301010101010107C000000000000E83E
:107E500054545454FE000000000000D864444444CC
:107E6000EE000000000000384444444438000000A4
:107E7000000000D8644444447840E000000000362C
:107E80004C4444443C040E000000006C3020202090
:107E90007C0000000000003C4438044478000000EE
:107EA0000000207C202020221C000000000000CCCC
:107EB0004444444C36000000000000EE44442828AE
:107EC00010000000000000EE44545454280000004C
:107ED000000000CC48303048CC000000000000EE2C
:107EE00044242818101078000000007C481020441A
:107EF0007C00000000081010101020101010080066
:107F000000101010101010101010000000201010A1
:107F1000101008101010200000000000002458006D
:107F20000000000000000000000000000000000051
:107F30000000000000000000000000000000000041
:107F4000000000000000000000000000000007002A
:107F500007000700070007000700070002000200F3
:107F60000000000007000700000000000000000003
:107F700000000000000000001CE01CE01CE00840C5
:107F80000840084000000000000000000000000061
:107F90000000000000000000000000000CC00CC049
:107FA0000CC00CC00CC03FF03FF00CC00CC03FF048
:107FB0003FF00CC00CC00CC00CC00CC00000000096
:107FC000000000000300030007E00FE01860180045
:107FD0001F000FC000E0186018601FC01F80030062
:107FE00003000300000000000000000000001C006F
:107FF0002200220022001C6001E00F803C0031C002
:1080000002200220022001C0000000000000000049
:108010000000000000000000000003E00FE00C0082
:108020000C0006000F301FF019E018C01FF007B059
:108030000000000000000000000000000000000040
:1080400003800380038001000100010000000000A4
:108050000000000000000000000000000000000020
:1080600000000000000000C000C00180018001800D
:1080700003000300030003000300030001800180EC
:10808000018000C000C000000000000000000C00E3
:108090000C000600060006000300030003000300B6
:1080A000030003000600060006000C000C000000A0
:1080B0000000000000000300030003001B601FE03D
:1080C000078007800FC00CC0000000000000000007
:1080D00000000000000000000000000000000000A0
:1080E000000003000300030003003FF03FF0030023
:1080F0000300030003000000000000000000000077
:10810000000000000000000000000000000000006F
:1081100000000000000000000000038003000300D6
:10812000060006000400000000000000000000003F
:10813000000000000000000000003FE03FE0000001
:10814000000000000000000000000000000000002F
:10815000000000000000000000000000000000001F
:108160000000000000000000000003800380038086
:10817000000000000000000000000000006000603F
:1081800000C000C000C001800180030003000600A1
:1081900006000C000C000C00180018000000000085
:1081A0000000000000000F801FC018C03060306069
:1081B0003060306030603060306018C01FC00F80A9
:1081C00000000000000000000000000000000300AC
:1081D0001F001F000300030003000300030003004F
:1081E000030003001FE01FE000000000000000008B
:1081F0000000000000000F801FC038E03060006009
:1082000000C00180030006000C0018003FE03FE0C2
:1082100000000000000000000000000000000F80CF
:108220003FC030E0006000E007C007C000E0006031
:10823000006060E07FC03F800000000000000000A0
:1082400000000000000001C003C003C006C00CC055
:108250000CC018C030C03FE03FE000C003E003E0C6
:1082600000000000000000000000000000001FC02F
:108270001FC0180018001F801FC018E000600060B9
:10828000006030E03FC01F800000000000000000E0
:1082900000000000000003E00FE01E00180038009E
:1082A00037803FC038E03060306018E01FC0078082
:1082B00000000000000000000000000000003FE09F
:1082C0003FE03060006000C000C000C0018001805D
:1082D0000180030003000300000000000000000014
:1082E0000000000000000F801FC038E0306038E060
:1082F0001FC01FC038E03060306038E01FC00F8002
:1083000000000000000000000000000000000F005E
:108310001FC038C03060306038E01FE00F6000E000
:1083200000C003C03F803E000000000000000000CD
:1083300000000000000000000000000000000380BA
:10834000038003800000000000000380038003809E
:10835000000000000000000000000000000000001D
:1083600000000000000001C001C001C000000000CA
:108370000000038003000600060004000000000067
:1083800000000000000000000000003000F003C00A
:1083900007001C0078001C00070003C000F000303C
:1083A00000000000000000000000000000000000CD
:1083B0000000000000007FF07FF0000000007FF070
:1083C0007FF000000000000000000000000000003E
:1083D0000000000000000000000030003C000F0022
:1083E000038000E0007800E003800F003C003000D4
:1083F000000000000000000000000000000000007D
:108400000F801FC018601860006001C00380030067
:10841000000000000700070000000000000000004E
:1084200000000000000003800C8008401040104055
:1084300011C012401240124011C010000800084044
:1084400007800000000000000000000000000000A5
:108450001F801F80038006C006C00CC00C601FE098
:108460001FE03030787878780000000000000000CD
:1084700000000000000000003F803FC0186018604E
:1084800018E01FC01FE01870183018303FF03FE0B0
:1084900000000000000000000000000000000000DC
:1084A00007B00FF01C703830300030003000300062
:1084B00038301C700FE007C0000000000000000012
:1084C00000000000000000007F807FC030E03070BE
:1084D0003030303030303030307030E07FC07F802E
:1084E000000000000000000000000000000000008C
:1084F0003FF03FF01830183019801F801F8019801E
:10850000183018303FF03FF000000000000000007D
:1085100000000000000000003FF03FF0183018306D
:1085200019801F801F801980180018003F003F002D
:10853000000000000000000000000000000000003B
:1085400007B01FF0187030303000300031F831F8CB
:10855000303018301FF007C000000000000000009D
:1085600000000000000000003CF03CF018601860C3
:1085700018601FE01FE01860186018603CF03CF0C5
:1085800000000000000000000000000000000000EB
:108590001FE01FE0030003000300030003000300CB
:1085A000030003001FE01FE00000000000000000C7
:1085B000000000000000000003F803F80060006005
:1085C0000060006030603060306030E03FC00F809D
:1085D000000000000000000000000000000000009B
:1085E0003EF83EF818E019801B001F001D8018C0DF
:1085F00018C018603E783E380000000000000000FF
:1086000000000000000000003F003F000C000C00D4
:108610000C000C000C000C300C300C303FF03FF024
:10862000000000000000000000000000000000004A
:108630007878787838703CF034B037B037B0333071
:10864000333030307CF87CF800000000000000007F
:10865000000000000000000039F03DF01C601E60CA
:108660001E601B601B6019E019E018E03EE03E60F0
:1086700000000000000000000000000000000000FA
:1086800007800FC01CE03870303030303030303070
:1086900038701CE00FC007800000000000000000E0
:1086A00000000000000000003FC03FE018701830DC
:1086B000183018701FE01FC0180018003F003F005E
:1086C00000000000000000000000000000000000AA
:1086D00007800FC01CE03870303030303030303020
:1086E00038701CE00FC0078007B00FF00CE00000EE
:1086F00000000000000000003FC03FE0187018308C
:1087000018701FE01FC018E0186018703E383E183F
:108710000000000000000000000000000000000059
:108720000FB01FF03870303038001F8007E0007045
:10873000303038703FE037C000000000000000001B
:1087400000000000000000003FF03FF03330333005
:108750003330030003000300030003000FC00FC009
:108760000000000000000000000000000000000009
:108770003CF03CF0186018601860186018601860D1
:1087800018601CE00FC0078000000000000000001F
:10879000000000000000000078F078F030603060E9
:1087A00018C018C00D800D800D800700070007005D
:1087B00000000000000000000000000000000000B9
:1087C0007C7C7C7C301833983398339836D816D01C
:1087D0001C701C701C7018300000000000000000AD
:1087E000000000000000000078F078F0306018C051
:1087F0000D80070007000D8018C0306078F078F019
:108800000000000000000000000000000000000068
:108810003CF03CF018600CC00780078003000300A8
:10882000030003000FC00FC00000000000000000A4
:1088300000000000000000001FE01FE0186018C0EA
:1088400001800300030006000C6018601FE01FE0B9
:10885000000000000000000000000000000003C055
:1088600003C0030003000300030003000300030030
:108870000300030003000300030003C003C0000063
:1088800000000000180018000C000C000C0006008E
:108890000600030003000180018000C000C000C08A
:1088A00000600060000000000000000000000F00F9
:1088B0000F00030003000300030003000300030094
:1088C000030003000300030003000F000F0000007B
:1088D000000000000000020007000D8018C030609A
:1088E0002020000000000000000000000000000048
:1088F0000000000000000000000000000000000078
:108900000000000000000000000000000000000067
:108910000000000000000000000000000000000057
:10892000FFFCFFFC000004000300008000000000CA
:108930000000000000000000000000000000000037
:108940000000000000000000000000000000000027
:108950000000000000000FC01FE000600FE01FE0FB
:10896000386030E03FF01F700000000000000000A1
:108970000000000000007000700030003000378000
:108980003FE0386030303030303038607FE0778022
:1089900000000000000000000000000000000000D7
:1089A00000000000000007B01FF018303030300029
:1089B000300038301FF00FC0000000000000000041
:1089C000000000000000007000700030003007B0B0
:1089D0001FF0187030303030303038701FF807B862
:1089E0000000000000000000000000000000000087
:1089F00000000000000007801FE018603FF03FF01B
:108A0000300018301FF007C0000000000000000018
:108A100000000000000003F007F0060006001FE061
:108A20001FE0060006000600060006001FE01FE02B
:108A30000000000000000000000000000000000036
:108A400000000000000007B81FF818703030303008
:108A5000303018701FF007B0003000700FE00FC00A
:108A600000000000000038003800180018001BC08B
:108A70001FE01C6018601860186018603CF03CF043
:108A800000000000000000000000000000000300E3
:108A90000300000000001F001F000300030003008C
:108AA000030003001FE01FE00000000000000000C2
:108AB00000000000000003000300000000001FC0D1
:108AC0001FC000C000C000C000C000C000C000C087
:108AD00000C001C03F803F000000000000003800DF
:108AE0003800180018001BE01BE01B001E001E00D1
:108AF0001B00198039F039F0000000000000000070
:108B00000000000000001F001F000300030003001E
:108B10000300030003000300030003001FE01FE045
:108B20000000000000000000000000000000000045
:108B30000000000000007EE07FF03330333033303F
:108B4000333033307BB87BB80000000000000000F9
:108B500000000000000000000000000000003BC01A
:108B60003FE01C6018601860186018603CF03CF032
:108B700000000000000000000000000000000000F5
:108B800000000000000007801FE018603030303027
:108B9000303018601FE00780000000000000000077
:108BA00000000000000000000000000000007780CE
:108BB0007FE0386030303030303038603FE0378030
:108BC000300030007C007C0000000000000000004D
:108BD00000000000000007B81FF818703030303077
:108BE000303018701FF007B00030003000F800F887
:108BF00000000000000000000000000000003CE059
:108C00003DF00F300E000C000C000C003FC03FC0C8
:108C10000000000000000000000000000000000054
:108C200000000000000007E01FE018601E000FC0F9
:108C300001E018601FE01F8000000000000000003D
:108C400000000000000000000C000C000C003FE0E1
:108C50003FE00C000C000C000C000C300FF007C0C3
:108C60000000000000000000000000000000000004
:108C700000000000000038E038E01860186018605C
:108C8000186018E01FF00F700000000000000000E6
:108C9000000000000000000000000000000078F06C
:108CA00078F0306018C018C00D800D8007000700F4
:108CB00000000000000000000000000000000000B4
:108CC00000000000000078F078F03260326037E099
:108CD0001DC01DC018C018C000000000000000002A
:108CE00000000000000000000000000000003CF058
:108CF0003CF00CC00780030007800CC03CF03CF047
:108D00000000000000000000000000000000000063
:108D100000000000000078F078F0306018C018C043
:108D20000D800F800700060006000C007F007F000A
:108D300000000000000000000000000000001FE034
:108D40001FE018C00180030006000C601FE01FE058
:108D5000000000000000000000000000000001C052
:108D600003C00300030003000300030007000E001C
:108D70000700030003000300030003C001C000005C
:108D800000000000000003000300030003000300D4
:108D900003000300030003000300030003000300BB
:108DA00003000300030000000000000000001C009E
:108DB0001E000600060006000600060007000380ED
:108DC000070006000600060006001E001C0000004A
:108DD0000000000000000000000000000000000093
:108DE0000E003F3033F001E0000000000000000002
:108DF0000000000000000000000000000000000073
:108E00000000000020202020002000005050000022
:108E1000000000002850F850F850A00020306030CA
:108E20001060200020201860101000000038206022
:108E3000507800002020200000000000102020209A
:108E400020201000402020202020400020702050B2
:108E500000000000002020F820200000000000009A
:108E60001020200000000070000000000000000042
:108E70000020000010202020404080002050505052
:108E8000502000006020202020F8000020501020FA
:108E9000407000006010201010600000103050780A
:108EA00010380000704060101060000030406050CA
:108EB00050600000705010202020000020502050F2
:108EC00050200000305050301060000000002000A2
:108ED000002000000000100010200000001020C042
:108EE00020100000007000700000000000402018FA
:108EF000204000002050102000200000304848583A
:108F0000484038006020507088D80000F048704811
:108F100048F000007050404040300000F0484848A1
:108F200048F00000F848604048F80000F848604009
:108F300040E000007040405850300000E848784859
:108F400048E80000702020202070000038101050E9
:108F500050200000D850607050D80000E0404040E1
:108F600048F80000D8D8D8A888D80000D868685831
:108F700058E800003048484848300000F048487041
:108F800040E000003048484848301800F048487039
:108F900048E800007050201050700000F8A8202011
:108FA00020700000D848484848300000D888485011
:108FB00050300000D888A8A8A8500000D850202021
:108FC00050D80000D8885020207000007848102029
:108FD00048780000302020202020300080404020B1
:108FE0002020100060202020202060002020500041
:108FF0000000000000000000000000F82010000049
:10900000000000000000301070780000C040704880
:1090100048F0000000007040407000001808384818
:1090200048380000000070704030000010207020B0
:10903000207000000000384848380830C0407048B0
:1090400048E8000020006020207000002000701020
:1090500010101070C040587050D8000060202020C0
:10906000207000000000D0A8A8A800000000F04870
:1090700048C8000000003048483000000000F048B8
:10908000487040E000003848483808180000782050
:109090002070000000003020106000000040F04010
:1090A000483000000000D848483800000000C84898
:1090B000303000000000D8A8A85000000000483060
:1090C000304800000000D850502020600000785048
:1090D0002878000010202060202010002020202070
:1090E00020202000402020302020400000000028C8
:1090F0005000000000000000000000000000000020
:10910000000000000000000000000000000000005F
:10911000000000000000000000000000000000004F
:10912000000000000000000000000000000000003F
:10913000000000000000000000000000000000002F
:10914000000000000000000000000000000000001F
:10915000000000000000000000000000000000000F
:1091600000000000000000000000000000000000FF
:1091700000000000000000000000000000000000EF
:1091800000000000000000000000000000000000DF
:1091900000000000000000000000000000000000CF
:1091A00000000000000000000000000000000000BF
:1091B00000000000000000000000000000000000AF
:1091C000000000000000000000000000000000009F
:1091D0000303018000000000000000000000000008
:1091E00006030300000000000FC0007E0000000026
:1091F00006060700000FFFC07FF807FFE0FE01FE34
:109200000C0E0600000FFFC1FFFC0FFFF1FE03FF75
:109210001C0C0600001FFF87FFFE1FFFF1FE03FF6F
:109220003C1C0E00001FFF87FFFF3FCFF1FC07FF34
:10923000383C1C0000003F8FF0FF3FC7F1FC0FFFE0
:1092400078383C0000003F8FE0FF7FFF01FC1FFFEC
:10925000F038780000007F9FE0FF3FFF01FC1FFF18
:10926000F070700000007F1FC0FF1FFFC3FC3FFFB6
:10927000E0F0F00000007F1FC0FF07FFE3F87F3F32
:10928000E1E0F00000007F1FC1FE02FFE3F87F3F36
:10929000E1E1E0000000FF1FE3FC7E1FE3F8FE3F7A
:1092A000C3E1E00000007F1FFFFC7F1FC3F9FC3F0C
:1092B000C3C3E0000000FF0FFFF87FFF87F1FC3F12
:1092C000C7C7C0000000FE07FFE03FFF07F3F83FFD
:1092D000CF87C00000007C01FF801FFE07F3F01F56
:1092E000DF8FC000000000007C0003E00000001FD2
:1092F0001F8F800000000000000000000000003F01
:109300003F1F800000000000000000000000007F00
:109310003F3F00000000000000000000000000FED1
:109320007F3F00000000000000000000000000FC83
:10933000FE7E00000000000000000000000001FCB4
:10934000FEFE00000000000000000000000001FD23
:10935000FCFC00000000000000000000000003F919
:10936000F9FC00000000000000000000000007FB06
:10937000FBFC00000000000000000000000007FFF0
:10938000F3F80000000000000000000000000FF7EC
:10939000F7F80000000000000000000000001FFFC0
:1093A000FFF80000000000000000000000001FFFA8
:1093B000FFF00000000000000000000000000FFFB0
:1093C000FFE00000000000000000000000000000BE
:1093D000000000000000000000000000000000008D
:1093E000000000000000000000000000000000007D
:1093F000000000000000000000000000000000006D
:10940000000000000000000000000000000000005C
:10941000000000000000000000000000000000004C
:10942000000000000000000000000000000000003C
:10943000000000000000000000000000000000002C
:10944000000000000000000000000000000000001C
:10945000000000000000000000000000000000000C
:1094600000000000000000000000000000000000FC
:1094700000000000000000000000000000000000EC
:1094800000000000000000000000000000000000DC
:1094900000000000000000000000000000000000CC
:1094A00000000000000000000000000000000000BC
:1094B00000000000000000000000000000000000AC
:1094C000000000000000000000000000000000009C
:1094D000000000000000000000000000000000008C
:1094E000000000000000000000000000000000007C
:1094F000000000000000000000000000000000006C
:10950000000000000000000000000000000000005B
:10951000000000000000000000000000000000004B
:10952000000000000000000000000000000000003B
:10953000000000000000000000000000000000002B
:10954000000000000000000000000000000000001B
:10955000000000000000000000000000000000000B
:1095600000000000000000000000000000000000FB
:1095700000000000000000000000000000000000EB
:1095800000000000000000000000000000000000DB
:1095900000000000000000000000000000000000CB
:1095A00000000000000000000000000000000000BB
:1095B00000000000000000000000000000000000AB
:1095C000000000000000000000000000000000009B
:1095D000000000000000000000000000000000008B
:1095E000000000000000000000000000000000007B
:1095F000000000000000000000000000000000006B
:10960000000000000000000000000000000000005A
:10961000000000000000000000000000000000004A
:10962000000000000000000000000000000000003A
:10963000000000000000000000000000000000002A
:10964000000000000000000000000000000000001A
:10965000000000000000000000000000000000000A
:1096600000000000000000000000000000000000FA
:1096700000000000000000000000000000000000EA
:1096800000000000000000000000000000000000DA
:1096900000000000000000000000000000000000CA
:1096A00000000000000000000000000000000000BA
:1096B00000000000000000000000000000000000AA
:1096C000000000000000000000000000000000009A
:1096D000000000000000000000000000000000008A
:1096E000000000000000000000000000000000007A
:1096F000000000000000000000000000000000006A
:109700000000000000000000000000000000000059
:109710000000000000000000000000000000000049
:109720000000000000000000000000000000000039
:109730000000000000000000000000000000000029
:109740000000000000000000000000000000000019
:109750000000000000000000000000000000000009
:1097600000000000000000000000000000000000F9
:1097700000000000000000000000000000000000E9
:1097800000000000000000000000000000000000D9
:1097900000000000000000000000000000000000C9
:1097A00000000000000000000000000000000000B9
:1097B00000000000000000000000000000000000A9
:1097C0000000000000000000000000000000000099
:1097D0000000000000000000000000000000000089
:1097E0000000000000000000000000000000000079
:1097F0000000000000000000000000000000000069
:109800000000000000000000000000000000000058
:109810000000000000000000000000000000000048
:109820000000000000000000000000000000000038
:109830000000000000000000000000000000000028
:109840000000000000000000000000000000000018
:109850000000000000000000000000000000000008
:1098600000000000000000000000000000000000F8
:1098700000000000000000000000000000000000E8
:1098800000000000000000000000000000000000D8
:1098900000000000000000000000000000000000C8
:1098A00000000000000000000000000000000000B8
:1098B00000000000000000000000000000000000A8
:1098C0000000000000000000000000000000000098
:1098D0000000000000000000000000000000000088
:1098E0000000000000000000000000000000000078
:1098F0000000000000000000000000000000000068
:109900000000000000000000000000000000000057
:109910000000000000000000000000000000000047
:109920000000000000000000000000000000000037
:109930000000000000000000000000000000000027
:109940000000000000000000000000000000000017
:109950000000000000000000000000000000000007
:1099600000000000000000000000000000000000F7
:1099700000000000000000000000000000000000E7
:1099800000000000000000000000000000000000D7
:1099900000000000000000000000000000000000C7
:1099A00000000000000000000000000000000000B7
:1099B00000000000000000000000000000000000A7
:1099C0000000000000000000000000000000000097
:1099D0000000000000000000000000000000000087
:1099E0000000000000000000000000000000000077
:1099F0000000000000000000000000000000000067
:109A00000000000000000000000000000000000056
:109A10000000000000000000000000000000000046
:109A20000000000000000000000000000000000036
:109A30000000000000000000000000000000000026
:109A40000000000000000000000000000000000016
:109A50000000000000000000000000000000000006
:109A600000000000000000000000000000000000F6
:109A700000000000000000000000000000000000E6
:109A800000000000000000000000000000000000D6
:109A900000000000000000000000000000000000C6
:109AA00000000000000000000000000000000000B6
:109AB00000000000000000000000000000000000A6
:109AC0000000000000000000000000000000000096
:109AD0000000000000000000000000000000000086
:109AE0000000000000000000000000000000000076
:109AF0000000000000000000000000000000000066
:109B00000000000000000000000000000000000055
:109B10000000000000000000000000000000000045
:109B20000000000000000000000000000000000035
:109B30000000000000000000000000000000000025
:109B40000000000000000000000000000000000015
:109B50000000000000000000000000000000000005
:109B600000000000000000000000000000000000F5
:109B700000000000000000000000000000000000E5
:109B800000000000000000000000000000000000D5
:109B900000000000000000000000000000000000C5
:109BA00000000000000000000000000000000000B5
:109BB00000000000000000000000000000000000A5
:109BC0000000000000000000000000000000000095
:109BD0000000000000000000000000000000000085
:109BE0000000000000000000000000000000000075
:109BF0000000000000000000000000000000000065
:109C00000000000000000000000000000000000054
:109C10000000000000003F87F0E3C7F00C1800F8D8
:109C2000001FFC0000007F87F1FFEFF81C3807FCE5
:109C3000001FFC0000007F07E1FFE7F03C780F9E6B
:109C4000001FFC0000007E07E18FE7E03CF81F1FCB
:109C5000000FF00000007E07F987EFE07CF83F3F3F
:109C6000001FF00000007E07FF0FCFC07DF87E3F91
:109C7000001FF0000000FC07E70FCFC0FFF87E3F99
:109C8000001FE0000000FC07C607FFC0FFF8FE7FD2
:109C9000003FE0000000FC0FCC07FF81FFF8FC7ED6
:109CA000013FC0000001FC0FCC0FFF83FFF8FC7EDA
:109CB0001FFFC0000003FC0FD81FBF07FFF1FCFC13
:109CC0007FFFC0000006FC0FF03F3F06FFF1F8FCED
:109CD000FF7F8000000CFE0FF03F3F0CFBF1F8F916
:109CE000FE7F80000018FE0FE07E7E08F3F1F1F3A6
:109CF000FCFF80000038FE0FC07E7E18F3F0F1F309
:109D0000FCFF00000078FE0F803FFE39E7F8F3C744
:109D1000F8FF000000F9FE0F801FFE78C7F87F876C
:109D2000F9FF000000000000000000000000000734
:109D3000F9FE000000000000000000000000000725
:109D4000F1FE00000000000000000000000000071D
:109D5000F3FE00000000000000000000000000070B
:109D6000FFFE0000000000000000000000000003F3
:109D7000FFFE0000000000000000000000000000E6
:109D8000FFFE0000000000000000000000000000D6
:109D900000000000000000000000000000000000C3
:109DA00000000000000000000000000000000000B3
:109DB00000000000000000000000000000000000A3
:109DC0000000000000000000000000000000000093
:109DD0000000000000000000000000000000000083
:109DE0000000000000000000000000000000000073
:109DF0000000000000000000000000000000000063
:109E00000000000000000000000000000000000052
:109E10000000000000000000000000000000000042
:109E20000000000000000000000000000000000032
:109E30000000000000000000000000000000000022
:109E40000000000000000000000000000000000012
:109E50000000000000000000000000000000000002
:109E600000000000000000000000000000000000F2
:109E700000000000000000000000000000000000E2
:109E800000000000000000000000000000000000D2
:109E900000000000000000000000000000000000C2
:109EA00000000000000000000000000000000000B2
:109EB00000000000000000000000000000000000A2
:109EC0000000000000000000000000000000000092
:109ED0000000000000000000000000000000000082
:109EE0000000000000000000000000000000000072
:109EF0000000000000000000000000000000000062
:109F00000000000000000000000000000000000051
:109F10000000000000000000000000000000000041
:109F20000000000000000000000000000000000031
:109F30000000000000000000000000000000000021
:109F40000000000000000000000000000000000011
:109F50000000000000000000000000000000000001
:109F600000000000000000000000000000000000F1
:109F700000000000000000000000000000000000E1
:109F800000000000000000000000000000000000D1
:109F900000000000000000000000000000000000C1
:109FA00000000000000000000000000000000000B1
:109FB00000000000000000000000000000000000A1
:109FC0000000000000000000000000000000000091
:109FD0000000000000000000000000000000000081
:109FE0000000000000000000000000000000000071
:109FF0000000000000000000000000000000000061
:10A000000000000000000000000000000000000050
:10A010000000000000000000000000000000000040
:10A020000000000000000000000000000000000030
:10A030000000000000000000000000000000000020
:10A040000000000000000000000000000000000010
:10A050000000000000000000000000000000000000
:10A0600000000000000000000000000000000000F0
:10A0700000000000000000000000000000000000E0
:10A0800000000000000000000000000000000000D0
:10A0900000000000000000000000000000000000C0
:10A0A00000000000000000000000000000000000B0
:10A0B00000000000000000000000000000000000A0
:10A0C0000000000000000000000000000000000090
:10A0D0000000000000000000000000000000000080
:10A0E0000000000000000000000000000000000070
:10A0F0000000000000000000000000000000000060
:10A10000000000000000000000000000000000004F
:10A11000000000000000000000000000000000003F
:10A12000000000000000000000000000000000002F
:10A13000000000000000000000000000000000001F
:10A14000000000000000000000000000000000000F
:10A1500000000000000000000000000000000000FF
:10A1600000000000000000000000000000000000EF
:10A1700000000000000000000000000000000000DF
:10A1800000000000000000000000000000000000CF
:10A1900000000000000000000000000000000000BF
:10A1A00000000000000000000000000000000000AF
:10A1B000000000000000000000000000000000009F
:10A1C000000000000000000000000000000000008F
:10A1D000000000000000000000000000000000007F
:10A1E000000000000000000000000000000000006F
:10A1F000000000000000000000000000000000005F
:10A20000000000000000000000000000000000004E
:10A21000000000000000000000000000000000003E
:10A22000000000000000000000000000000000002E
:10A23000000000000000000000000000000000001E
:10A24000000000000000000000000000000000000E
:10A2500000000000000000000000000000000000FE
:10A2600000000000000000000000000000000000EE
:10A2700000000000000000000000000000000000DE
:10A2800000000000000000000000000000000000CE
:10A2900000000000000000000000000000000000BE
:10A2A00000000000000000000000000000000000AE
:10A2B000000000000000000000000000000000009E
:10A2C000000000000000000000000000000000008E
:10A2D000000000000000000000000000000000007E
:10A2E000000000000000000000000000000000006E
:10A2F000000000000000000000000000000000005E
:10A30000000000000000000000000000000000004D
:10A31000000000000000000000000000000000003D
:10A32000000000000000000000000000000000002D
:10A33000000000000000000000000000000000001D
:10A34000000000000000000000000000000000000D
:10A3500000000000000000000000000000000000FD
:10A3600000000000000000000000000000000000ED
:10A3700000000000000000000000000000000000DD
:10A3800000000000000000000000000000000000CD
:10A3900000000000000000000000000000000000BD
:10A3A00000000000000000000000000000000000AD
:10A3B000000000000000000000000000000000009D
:10A3C000000000000000000000000000000000008D
:10A3D000000000000000000000000000000000007D
:10A3E000000000000000000000000000000000006D
:10A3F000000000000000000000000000000000005D
:10A40000000000000000000000000000000000004C
:10A41000000000000000000000000000000000003C
:10A42000000000000000000000000000000000002C
:10A43000000000000000000000000000000000001C
:10A44000000000000000000000000000000000000C
:10A4500000000000000000000000000000000000FC
:10A4600000000000000000000000000000000000EC
:10A4700000000000000000000000000000000000DC
:10A4800000000000000000000000000000000000CC
:10A4900000000000000000000000000000000000BC
:10A4A00000000000000000000000000000000000AC
:10A4B000000000000000000000000000000000009C
:10A4C000000000000000000000000000000000008C
:10A4D000000000000000000000000000000000007C
:10A4E000000000000000000000000000000000006C
:10A4F0000000000058447E4F232D302B2000686C54
:10A500004C00656667454647003031323334353696
:10A5100037383941424344454600303132333435CF
:0CA52000363738396162636465660000FC
:08A52C006064FE7F01000000E5
:04A5340045020108D3
:04A5380021020108F3
:10A53C000000000003000000A40000201000002018
:10A54C0000000000A40000200C0100207401002079
:10A55C0000000000000000000000000000000000EF
:10A56C0000000000000000000000000000000000DF
:10A57C0000000000000000000000000000000000CF
:10A58C000000000000000000000000000024F400A7
:10A59C001000000001000000AAAAAAAA0101FFFFF6
:10A5AC00B07A020807000C00247F02080E00140089
:08A5BC00FC8D020805000800F7
:04000005080211D507
:00000001FF
