:020000040801F1
:10000000000002206105020819010208210102080E
:10001000290102083101020839010208000000002C
:1000200000000000000000000000000081A50108A1
:100030004101020800000000D1A7010839A8010809
:10004000B1050208B1050208B1050208B1050208B0
:10005000B1050208B1050208B1050208B1050208A0
:10006000B1050208B1050208B1050208B105020890
:10007000B1050208B1050208B1050208B105020880
:10008000B1050208B1050208B1050208B105020870
:10009000B1050208B1050208B1050208B105020860
:1000A000B1050208B1050208B105020851010208B4
:1000B00065010208B1050208790102088D010208F4
:1000C000A1010208B1050208B1050208B105020844
:1000D000B1050208B501020835020208B10502089F
:1000E000B1050208B1050208B1050208B105020810
:1000F000B1050208B1050208B1050208B105020800
:10010000B1050208B1050208B1050208B1050208EF
:10011000B1050208B1050208A1020208B1050208F2
:10012000B1050208B1050208B1050208B1050208CF
:10013000B1050208B1050208B1050208B1050208BF
:10014000B1050208B1050208B1050208B1050208AF
:10015000B1050208B1050208B1050208B50202089E
:10016000B1050208B1050208B1050208B10502088F
:10017000B1050208B1050208B1050208000000003F
:08018000B1050208B1050208F7
:1002200010B5054C237833B9044B13B10448AFF330
:1002300000800123237010BD880000200000000012
:100240007C61020808B5034B1BB103490348AFF3B7
:10025000008008BD000000008C0000207C610208C6
:1002600070B54FF0FF0C4CF4E06C1CEA11541DBF4C
:100270001CEA135594EA0C0F95EA0C0F00F0DEF817
:100280002C4481EA030621EA4C5123EA4C5350EAFC
:10029000013518BF52EA033541F4801143F480134D
:1002A00038D0A0FB02CE4FF00005E1FB02E506F0DE
:1002B0000042E0FB03E54FF00006E1FB03569CF033
:1002C000000F18BF4EF0010EA4F1FF04B6F5007F39
:1002D00064F5407404D25FEA4E0E6D4146EB0606AB
:1002E00042EAC62141EA55514FEAC52040EA5E5034
:1002F0004FEACE2EB4F1FD0C88BFBCF5E06F1ED8DE
:10030000BEF1004F08BF5FEA500E50F1000041EB14
:10031000045170BD06F0004646EA010140EA0200C1
:1003200081EA0301B4EB5C04C2BFD4EB0C0541EAE3
:10033000045170BD41F480114FF0000E013C00F3F8
:10034000AB8014F1360FDEBF002001F0004170BD1C
:10035000C4F10004203C35DA0C341BDC04F1140435
:10036000C4F1200500FA05F320FA04F001FA05F2C1
:1003700040EA020001F0004221F0004110EBD3708E
:1003800021FA04F642EB06015EEA430E08BF20EABA
:10039000D37070BDC4F10C04C4F1200500FA04F35D
:1003A00020FA05F001FA04F240EA020001F00041EF
:1003B00010EBD37041F100015EEA430E08BF20EA62
:1003C000D37070BDC4F1200500FA05F24EEA020EAA
:1003D00020FA04F301FA05F243EA020321FA04F0D9
:1003E00001F0004121FA04F220EA020000EBD37090
:1003F0005EEA430E08BF20EAD37070BD94F0000F90
:100400000FD101F00046400041EB010111F4801FC3
:1004100008BF013CF7D041EA060195F0000F18BF74
:10042000704703F00046520043EB030313F4801FB0
:1004300008BF013DF7D043EA0603704794EA0C0F6A
:100440000CEA135518BF95EA0C0F0CD050EA410680
:1004500018BF52EA4306D1D181EA030101F00041FD
:100460004FF0000070BD50EA410606BF1046194625
:1004700052EA430619D094EA0C0F02D150EA013631
:1004800013D195EA0C0F05D152EA03361CBF104672
:1004900019460AD181EA030101F0004141F0FE4111
:1004A00041F470014FF0000070BD41F0FE4141F495
:1004B000780170BD81F0004102E000BF83F000438D
:1004C00030B54FEA41044FEA430594EA050F08BFEF
:1004D00090EA020F1FBF54EA000C55EA020C7FEAB3
:1004E000645C7FEA655C00F0E2804FEA5454D4EB30
:1004F0005555B8BF6D420CDD2C4480EA020281EAFA
:10050000030382EA000083EA010180EA020281EA31
:100510000303362D88BF30BD11F0004F4FEA013183
:100520004FF4801C4CEA113102D0404261EB410192
:1005300013F0004F4FEA03334CEA133302D0524218
:1005400063EB430394EA050F00F0A780A4F10104D4
:10055000D5F1200E0DDB02FA0EFC22FA05F280180E
:1005600041F1000103FA0EF2801843FA05F35941F4
:100570000EE0A5F120050EF1200E012A03FA0EFC73
:1005800028BF4CF0020C43FA05F3C01851EBE3719D
:1005900001F0004507D54FF0000EDCF1000C7EEBBA
:1005A00000006EEB0101B1F5801F1BD3B1F5001FF8
:1005B0000CD349085FEA30004FEA3C0C04F1010417
:1005C0004FEA445212F5800F80F09A80BCF1004F40
:1005D00008BF5FEA500C50F1000041EB045141EAC2
:1005E000050130BD5FEA4C0C404141EB0101013C8B
:1005F00028BFB1F5801FE9D291F0000F04BF01467A
:100600000020B1FA81F308BF2033A3F10B03B3F14B
:1006100020020CDA0C3208DD02F1140CC2F10C02DB
:1006200001FA0CF021FA02F10CE002F11402D8BF39
:10063000C2F1200C01FA02F120FA0CFCDCBF41EA05
:100640000C019040E41AA2BF01EB0451294330BDD4
:100650006FEA04041F3C1CDA0C340EDC04F11404B1
:10066000C4F1200220FA04F001FA02F340EA030088
:1006700021FA04F345EA030130BDC4F10C04C4F1CE
:10068000200220FA02F001FA04F340EA03002946AE
:1006900030BD21FA04F0294630BD94F0000F83F4F8
:1006A000801306BF81F480110134013D4EE77FEADB
:1006B000645C18BF7FEA655C29D094EA050F08BF27
:1006C00090EA020F05D054EA000C04BF1946104608
:1006D00030BD91EA030F1EBF0021002030BD5FEA4C
:1006E000545C05D14000494128BF41F0004130BD74
:1006F00014F580043CBF01F5801130BD01F00045C8
:1007000045F0FE4141F470014FF0000030BD7FEA3A
:10071000645C1ABF194610467FEA655C1CBF0B4635
:10072000024650EA013406BF52EA033591EA030F4C
:1007300041F4002130BD00BF90F0000F04BF002144
:10074000704730B54FF4806404F132044FF0000577
:100750004FF0000150E700BF90F0000F04BF0021F0
:10076000704730B54FF4806404F1320410F0004556
:1007700048BF40424FF000013EE700BF42004FEA51
:10078000E2014FEA31014FEA02701FBF12F07F43CE
:1007900093F07F4F81F06051704732F07F4208BF85
:1007A000704793F07F4F04BF41F40021704730B58C
:1007B0004FF4607401F0004521F000411CE700BFD8
:1007C00050EA010208BF704730B54FF000050AE05B
:1007D00050EA010208BF704730B511F0004502D55C
:1007E000404261EB41014FF4806404F132045FEA5E
:1007F000915C3FF4D8AE4FF003025FEADC0C18BF07
:1008000003325FEADC0C18BF033202EBDC02C2F1F8
:10081000200300FA03FC20FA02F001FA03FE40EA8A
:100820000E0021FA02F11444BDE600BF4FEA410276
:1008300012F5001215D211D56FF47873B3EB625232
:1008400012D94FEAC12343F0004343EA505311F059
:10085000004F23FA02F018BF404270474FF00000EB
:10086000704750EA013005D111F0004008BF6FF029
:10087000004070474FF00000704700BF4A0011D29F
:1008800012F5001211D20DD56FF47873B3EB6252EA
:100890000ED44FEAC12343F0004343EA505323FAF6
:1008A00002F070474FF00000704750EA013002D16B
:1008B0004FF0FF3070474FF0000070474FEA4102A1
:1008C000B2F1E04324BFB3F5001CDCF1FE5C0DD9AE
:1008D00001F0004C4FEAC0024CEA5070B2F1004FF8
:1008E00040EB830008BF20F00100704711F0804FFB
:1008F00021D113F13872BCBF01F00040704741F4C0
:1009000080114FEA5252C2F11802C2F1200C10FAC3
:100910000CF320FA02F018BF40F001004FEAC123A7
:100920004FEAD32303FA0CFC40EA0C0023FA02F34B
:100930004FEA4303CCE77FEA625307D150EA013321
:100940001EBF4FF0FE4040F44000704701F00040F1
:1009500040F0FE4040F40000704700BF53B94AB970
:10096000002908BF00281CBF4FF0FF314FF0FF30B7
:1009700000F088B9ADF1080C6DE904CE00F006F87E
:10098000DDF804E0DDE9022304B070472DE9F0470B
:10099000089D0F4604468C46002B48D18A421646D5
:1009A00061D9B2FA82F34BB1C3F1200201FA03FC20
:1009B00020FA02F29E4042EA0C0C9C404FEA164E8E
:1009C000B7B2BCFBFEF1220C0EFB11CC42EA0C428A
:1009D00001FB07F0904209D9B21801F1FF3C80F009
:1009E000EE80904240F2EB8002393244121AA4B2F7
:1009F000B2FBFEF00EFB102244EA024400FB07F7B4
:100A0000A74209D9341900F1FF3280F0DA80A742F9
:100A100040F2D7803444023840EA0140E41B002110
:100A20001DB1DC400023C5E90043BDE8F0878B42DF
:100A300006D90DB1C5E9000100210846BDE8F087DF
:100A4000B3FA83F1002948D1BB4202D3824200F2BB
:100A50000781841A67EB030201209446002DE4D03D
:100A6000C5E9004CE1E7002A00F09280B2FA82F377
:100A7000002B40F0A8808A1A4FEA164E1FFA86FC17
:100A80000121200CB2FBFEF70EFB172240EA0242C6
:100A90000CFB07F0904207D9B21807F1FF3802D2D9
:100AA000904200F2E2804746121AA4B2B2FBFEF076
:100AB0000EFB102244EA02440CFB00FCA44507D9BB
:100AC000341900F1FF3202D2A44500F2CB80104667
:100AD000A4EB0C0440EA0740A2E7C1F120068B40DA
:100AE00022FA06FC4CEA030C07FA01F420FA06F39A
:100AF000F7404FEA1C49234300FA01F81FFA8CFE25
:100B0000B7FBF9F01C0C09FB107744EA074400FB23
:100B10000EF7A74202FA01F20AD91CEB040400F115
:100B2000FF3A80F09B80A74240F2988002386444EC
:100B3000E41B9FB2B4FBF9F309FB134447EA0444F6
:100B400003FB0EFEA64509D91CEB040403F1FF3795
:100B500080F08280A6457FD9023B644443EA00408E
:100B6000A4EB0E04A0FB02E7BC427346B94663D374
:100B700060D05DB1B8EB030264EB090404FA06F639
:100B800022FA01F31E43CC40C5E9006400214CE782
:100B90006208480842EAC1710B0C43EA00438AB27A
:100BA00042EA0342B3FBF6F1E407B4463746B646E1
:100BB0001F23B0FBF6F0D21B41EA004161E761461A
:100BC00014E7104628E7C3F1200120FA01F29E4005
:100BD00027FA01F19F403A434FEA164E1FFA86FC6E
:100BE000B1FBFEF70EFB1710110C41EA004107FBA9
:100BF0000CF8884504FA03F43AD9711807F1FF306C
:100C000001D288451FD8A1EB0801B1FBFEF808FB13
:100C10000CF70EFB181192B242EA0142BA422FD2EF
:100C2000B21808F1FF31C6D2BA42C4D2A8F102010B
:100C30003244C0E7F0459CD2BEEB020367EB0C07E1
:100C40000138B94695E7A6EB08084144B81EB1FB48
:100C5000FEF808FB0CF7DCE73B467FE7504667E70A
:100C60000846FBE63444023832E7023F32441BE7D1
:100C7000A1EB08013846B1FBFEF808FB0CF7C8E70A
:100C8000414698E7704700BF0000000000000000E8
:100C900001F0FF01102A2BDB10F0070F08D010F82D
:100CA000013B013A8B422DD010F0070F42B3F6D131
:100CB000F0B441EA012141EA014122F007047FF04A
:100CC00000070023F0E80256083C85EA010586EAA1
:100CD000010685FA47F5A3FA87F586FA47F6A5FADD
:100CE00087F68EB9EED1F0BC01F0FF0102F00702E9
:100CF00032B110F8013B013A83EA010313B1F8D194
:100D00000020704701387047002D06BF3546033874
:100D1000073815F0010F07D1013015F4807F02BFAD
:100D2000013015F4C03F0130F0BC0138704700BFFE
:100D3000002310B50446C0E90033C0E904338360E2
:100D400081814366C2818361194608225C3000F0CC
:100D5000F7F80D4B63620D4BA3620D4BE3620D4B35
:100D600023630D4B24629C4206D003F16802944237
:100D700002D0D0339C4205D104F15800BDE81040A8
:100D800000F0AEB910BD00BFB90E0108DB0E0108BE
:100D9000130F0108390F0108A4000020024A03497B
:100DA000034800F06BB800BF00000020DD1301080D
:100DB0001000002041680C4B994210B5044601D048
:100DC00000F00CFBA168094B994202D0204600F0CC
:100DD00005FBE168064B994204D02046BDE810406F
:100DE00000F0FCBA10BD00BFA40000200C010020E0
:100DF000740100200C4B0D4A0D4810B504211A60F7
:100E00000022FFF795FF0A4B01221C46092103F13E
:100E10006800FFF78DFF04F1D0000222BDE810400A
:100E20001221FFF785BF00BFDC0100209D0D0108E6
:100E3000A4000020014800F054B900BFE5010020E3
:100E4000014800F04FB900BFE501002010B504468D
:100E5000FFF7F0FF236A1BB1BDE81040FFF7F0BFBA
:100E6000044B2362044B1B68002BF5D1FFF7C2FF34
:100E7000F2E700BFB50D0108DC0100202DE9F843C1
:100E80000746884614460026D4E90195B9F10109C0
:100E900005D52468002CF7D13046BDE8F883AB892E
:100EA000012B07D9B5F90E30013303D02946384656
:100EB000C04706436835E9E710B50C46B1F90E1096
:100EC00000F0C6F80028ABBF636DA3891B1823F49C
:100ED0008053ACBF6365A38110BD2DE9F0411F466F
:100EE0008B89DB0505460C46164605D5B1F90E1073
:100EF0000223002200F09AF8A389B4F90E1023F41B
:100F00008053A38132463B462846BDE8F04100F0BD
:100F1000B1B810B50C46B1F90E1000F087F8B4F96D
:100F20000C30421C0BBF23F4805343F48053A38145
:100F3000A38118BF606510BDB1F90E1000F008B8AC
:100F400002440346934200D1704703F8011BF9E7BE
:100F500038B5064D0023044608462B600FF0CBFA47
:100F6000431C02D12B6803B1236038BDE00100208F
:100F70002D4B1B68834270B5044653D0C3691BB325
:100F8000DB6863B10025E369DB685959B1B9043501
:100F9000802DF8D1E3692046D96800F0A5F8E3690F
:100FA000196811B1204600F09FF8E3699D685DB1B2
:100FB000294620462D6800F097F8F8E70E6820468D
:100FC00000F092F83146E1E7616911B1204600F086
:100FD0008BF8E16911B1204600F086F8216B11B160
:100FE000204600F081F8616B11B1204600F07CF8DA
:100FF000A16B11B1204600F077F8A16C11B1204629
:1010000000F072F8616C11B1204600F06DF8E16AF1
:1010100011B1204600F068F8236A1BB12046BDE8F4
:101020007040184770BD00BF0C00002038B5074D58
:1010300004460846114600222A601A460FF082FA3A
:10104000431C02D12B6803B1236038BDE0010020AE
:1010500038B5074D04460846114600222A601A4654
:101060000FF010FA431C02D12B6803B1236038BD86
:10107000E001002038B5074D04460846114600221D
:101080002A601A460FF01BFA431C02D12B6803B1E9
:10109000236038BDE001002070B50D4B0D4D5B1B8A
:1010A0009C100026A64209D115F068F80A4D0B4B9A
:1010B0005B1B9C100026A64205D170BD55F8043B71
:1010C00098470136EEE755F8043B98470136F2E7BA
:1010D000A8900208A8900208A8900208AC90020804
:1010E000704770477047000038B50546002941D069
:1010F00051F8043C0C1F002BB8BFE41800F0E0F8D6
:101100001D4A136833B9636014602846BDE838404F
:1011100000F0DCB8A34208D9206821188B4201BF37
:1011200019685B6809182160EDE71A465B680BB126
:10113000A342FAD911685018A0420BD1206801448B
:10114000501883421160E0D118685B68536008440E
:101150001060DAE702D90C232B60D6E7206821184B
:101160008B4204BF19685B68636004BF0918216083
:101170005460CAE738BD00BFEC01002070B50F4EC7
:101180000C463168054611B900F050F9306021462F
:10119000284600F04BF9431C03D14FF0FF342046A2
:1011A00070BDC41C24F00304A042F8D0211A2846C4
:1011B00000F03CF90130F2D1EFE700BFE801002078
:1011C0002DE9F843CD1C25F0030508350C2D38BF5B
:1011D0000C25002D064601DBA94204D90C233360FF
:1011E0000020BDE8F883DFF8D48000F069F8D8F873
:1011F00000301C4644BB29463046FFF7BFFF431C66
:10120000044658D1D8F800402746002F43D1002C7F
:101210004BD023683946304604EB030900F006F949
:10122000814542D121686D1A29463046FFF7A6FF55
:1012300001303AD023682B442360D8F800305A6834
:1012400062BBC8F800700FE02268521B20D40B2A42
:1012500017D96119A342256018BF5960636808BF98
:10126000C8F8001062514B60304600F02FF804F1CE
:101270000B00231D20F00700C21A1CBF1B1AA3502D
:10128000AFE76268A3420CBFC8F800205A60EBE7E2
:1012900023466468AEE73C467F68B6E71A465B685B
:1012A000A342FBD100235360DEE70C2333603046BA
:1012B00000F00CF894E70560D6E700BFEC010020D1
:1012C0000148FFF70EBF00BFE40100200148FFF70F
:1012D00009BF00BFE4010020B1F90C202DE9F04165
:1012E000160705460C4651D44B68002B02DC0B6CEC
:1012F000002B49DDE66A002E46D0002312F480520E
:101300002F682B6031D0626DA389590705D56368BA
:10131000D21A636B0BB1236CD21A0023E66A216ADE
:101320002846B047421CB4F90C3006D129681D2963
:1013300046D8294ACA40D60742D500226260D9045D
:101340002269226004D5421C01D12B6803B9606573
:10135000616B2F60C1B104F14403994202D0284669
:10136000FFF7C2FE002363630EE0216A01232846D3
:10137000B0470246501CC7D12B68002BC4D01D2B90
:1013800001D0162B1AD12F6000201EE00F69002F0C
:10139000FAD093070E6808BF4B690F6018BF00238F
:1013A000A6EB07088B60B8F1000FEDDD216AA66A95
:1013B00043463A462846B047002808DCB4F90C30CA
:1013C00043F04003A3814FF0FF30BDE8F0810744B4
:1013D000A8EB0008E7E700BF0100402038B50B6923
:1013E00005460C4613B90025284638BD18B1036AD6
:1013F0000BB9FFF72BFDB4F90C30002BF3D0626E64
:10140000D00704D4990502D4A06DFFF76AFE2846E0
:101410002146FFF761FF636EDA070546E4D4A3892E
:101420009B05E1D4A06DFFF75DFEDDE738B5064D05
:101430000023044608462B600EF0EEFF431C02D149
:101440002B6803B1236038BDE001002080B400AFF9
:10145000074BD3F88830064A43F47003C2F888304B
:10146000034B044A9A6000BFBD465DF8047B704799
:1014700000ED00E00000010880B582B000AF7860A8
:101480007B68002B01D1012341E07B6893F83D305C
:10149000DBB2002B06D17B68002283F83C20786801
:1014A0000DF0C6FA7B68022283F83D207B681A683B
:1014B0007B6804331946104600F076FE7B680122F3
:1014C00083F846207B68012283F83E207B68012256
:1014D00083F83F207B68012283F840207B6801224B
:1014E00083F841207B68012283F842207B68012237
:1014F00083F843207B68012283F844207B68012223
:1015000083F845207B68012283F83D20002318469C
:101510000837BD4680BD000080B485B000AF78605C
:101520007B6893F83D30DBB2012B01D001234EE004
:101530007B68022283F83D207B681B68DA687B6841
:101540001B6842F00102DA607B681B68234A934201
:1015500022D07B681B68B3F1804F1DD07B681B686D
:101560001F4A934218D07B681B681E4A934213D0CF
:101570007B681B681C4A93420ED07B681B681B4A21
:10158000934209D07B681B68194A934204D07B6858
:101590001B68184A934211D17B681B689B6803F053
:1015A0000703FB60FB68062B10D07B681B681A687A
:1015B0007B681B6842F001021A6007E07B681B68C9
:1015C0001A687B681B6842F001021A600023184603
:1015D0001437BD465DF8047B704700BF0000014032
:1015E0000004004000080040000C004000040140DE
:1015F000004001400018004080B582B000AF786024
:101600007B68002B01D1012341E07B6893F83D30DA
:10161000DBB2002B06D17B68002283F83C2078687F
:1016200000F039F87B68022283F83D207B681A6855
:101630007B6804331946104600F0B6FD7B68012232
:1016400083F846207B68012283F83E207B680122D4
:1016500083F83F207B68012283F840207B680122C9
:1016600083F841207B68012283F842207B680122B5
:1016700083F843207B68012283F844207B680122A1
:1016800083F845207B68012283F83D20002318461B
:101690000837BD4680BD80B483B000AF786000BF1E
:1016A0000C37BD465DF8047B7047000080B584B000
:1016B00000AF786039603B68002B09D17B6893F8F4
:1016C0003E30DBB2012B14BF01230023DBB222E04A
:1016D0003B68042B09D17B6893F83F30DBB2012BC8
:1016E00014BF01230023DBB215E03B68082B09D1AE
:1016F0007B6893F84030DBB2012B14BF0123002339
:10170000DBB208E07B6893F84130DBB2012B14BFF9
:1017100001230023DBB2002B01D001237CE03B68D6
:10172000002B04D17B68022283F83E2013E03B6843
:10173000042B04D17B68022283F83F200BE03B6836
:10174000082B04D17B68022283F8402003E07B68E9
:10175000022283F841207B681B6801223968184601
:1017600001F03CF97B681B682D4A934204D07B68EA
:101770001B682C4A934201D1012300E00023002B77
:1017800007D07B681B685A6C7B681B6842F4004278
:101790005A647B681B68224A934222D07B681B688C
:1017A000B3F1804F1DD07B681B681F4A934218D04D
:1017B0007B681B681D4A934213D07B681B681C4AD8
:1017C00093420ED07B681B68164A934209D07B680F
:1017D0001B68184A934204D07B681B68164A9342E0
:1017E00011D17B681B689B6803F00703FB60FB68F3
:1017F000062B10D07B681B681A687B681B6842F058
:1018000001021A6007E07B681B681A687B681B6826
:1018100042F001021A60002318461037BD4680BD11
:1018200000000140000401400004004000080040A6
:10183000000C0040004001400018004080B582B01C
:1018400000AF78607B68002B01D1012341E07B6809
:1018500093F83D30DBB2002B06D17B68002283F881
:101860003C20786800F039F87B68022283F83D203C
:101870007B681A687B6804331946104600F094FCB4
:101880007B68012283F846207B68012283F83E2092
:101890007B68012283F83F207B68012283F8402087
:1018A0007B68012283F841207B68012283F8422073
:1018B0007B68012283F843207B68012283F844205F
:1018C0007B68012283F845207B68012283F83D2054
:1018D000002318460837BD4680BD80B483B000AFF2
:1018E000786000BF0C37BD465DF8047B7047000090
:1018F00080B584B000AF786039600023FB733B682B
:10190000002B04D17B6893F83E30DBB213E03B68D8
:10191000042B04D17B6893F83F30DBB20BE03B68CB
:10192000082B04D17B6893F84030DBB203E07B687E
:1019300093F84130DBB2BB733B68002B04D17B686A
:1019400093F84230DBB213E03B68042B04D17B6890
:1019500093F84330DBB20BE03B68082B04D17B6883
:1019600093F84430DBB203E07B6893F84530DBB298
:101970007B73BB7B012B02D17B7B012B01D001232D
:10198000CCE03B68002B04D17B68022283F83E2028
:1019900013E03B68042B04D17B68022283F83F20CC
:1019A0000BE03B68082B04D17B68022283F84020BF
:1019B00003E07B68022283F841203B68002B04D1BE
:1019C0007B68022283F8422013E03B68042B04D199
:1019D0007B68022283F843200BE03B68082B04D18C
:1019E0007B68022283F8442003E07B68022283F8AC
:1019F00045203B680C2B41D801A252F823F000BFD0
:101A0000351A01087D1A01087D1A01087D1A01089E
:101A1000471A01087D1A01087D1A01087D1A01087C
:101A2000591A01087D1A01087D1A01087D1A01085A
:101A30006B1A01087B681B68DA687B681B6842F0D8
:101A40000202DA601DE07B681B68DA687B681B684D
:101A500042F00402DA6014E07B681B68DA687B6895
:101A60001B6842F00802DA600BE07B681B68DA68EA
:101A70007B681B6842F01002DA6002E00123FB730E
:101A800000BFFB7B002B48D17B681B6801223968B3
:101A9000184600F0A3FF7B681B68224A934222D0BD
:101AA0007B681B68B3F1804F1DD07B681B681E4AA2
:101AB000934218D07B681B681C4A934213D07B6802
:101AC0001B681B4A93420ED07B681B68194A9342DD
:101AD00009D07B681B68184A934204D07B681B6856
:101AE000164A934211D17B681B689B6803F0070379
:101AF000BB60BB68062B10D07B681B681A687B68CC
:101B00001B6842F001021A6007E07B681B681A68D4
:101B10007B681B6842F001021A60FB7B1846103795
:101B2000BD4680BD000001400004004000080040A8
:101B3000000C00400004014000400140001800403B
:101B400080B584B000AF78607B681B68DB68FB60A1
:101B50007B681B681B69BB60BB6803F00203002B3A
:101B600020D0FB6803F00203002B1BD07B681B68AE
:101B70006FF002021A617B6801221A777B681B688A
:101B80009B6903F00303002B03D0786809F06EF81B
:101B900005E0786800F0E9FA786800F0F0FA7B6810
:101BA00000221A77BB6803F00403002B20D0FB68E7
:101BB00003F00403002B1BD07B681B686FF004024A
:101BC0001A617B6802221A777B681B689B6903F4A1
:101BD0004073002B03D0786809F048F805E0786876
:101BE00000F0C3FA786800F0CAFA7B6800221A771E
:101BF000BB6803F00803002B20D0FB6803F0080348
:101C0000002B1BD07B681B686FF008021A617B6891
:101C100004221A777B681B68DB6903F00303002B3F
:101C200003D0786809F022F805E0786800F09DFAA2
:101C3000786800F0A4FA7B6800221A77BB6803F08A
:101C40001003002B20D0FB6803F01003002B1BD0E7
:101C50007B681B686FF010021A617B6808221A7794
:101C60007B681B68DB6903F44073002B03D0786842
:101C700008F0FCFF05E0786800F077FA786800F07B
:101C80007EFA7B6800221A77BB6803F00103002B01
:101C90000CD0FB6803F00103002B07D07B681B68A6
:101CA0006FF001021A61786809F01CF8BB6803F054
:101CB0008003002B0CD0FB6803F08003002B07D0BF
:101CC0007B681B686FF080021A61786800F032FF51
:101CD000BB6803F04003002B0CD0FB6803F040030B
:101CE000002B07D07B681B686FF040021A61786890
:101CF00000F04FFABB6803F02003002B0CD0FB6808
:101D000003F02003002B07D07B681B686FF02002D4
:101D10001A61786800F004FF00BF1037BD4680BD2F
:101D200080B586B000AFF860B9607A600023FB75BB
:101D3000FB6893F83C30012B01D1022388E0FB685B
:101D4000012283F83C207B68002B1BD1FB681868BC
:101D5000BB681968BB685A68BB68DB6800F07AFC2E
:101D6000FB681B689A69FB681B6822F00C029A6189
:101D7000FB681B689969BB689A68FB681B680A4323
:101D80009A6160E07B68042B1CD1FB681868BB6813
:101D90001968BB685A68BB68DB6800F0FEFCFB682A
:101DA0001B689A69FB681B6822F440629A61FB68B1
:101DB0001B689969BB689B681A02FB681B680A4329
:101DC0009A6140E07B68082B1BD1FB681868BB68F0
:101DD0001968BB685A68BB68DB6800F04BFDFB689C
:101DE0001B68DA69FB681B6822F00C02DA61FB6889
:101DF0001B68D969BB689A68FB681B680A43DA618B
:101E000021E07B680C2B1CD1FB681868BB68196843
:101E1000BB685A68BB68DB6800F068FDFB681B683C
:101E2000DA69FB681B6822F44062DA61FB681B68B0
:101E3000D969BB689B681A02FB681B680A43DA61B0
:101E400001E00123FB75FB68002283F83C20FB7D49
:101E500018461837BD4680BD80B586B000AFF86023
:101E6000B9607A600023FB75FB6893F83C30012B66
:101E700001D10223AEE0FB68012283F83C207B689D
:101E80000C2B00F29F8001A252F823F0C11E010822
:101E9000C51F0108C51F0108C51F0108011F010852
:101EA000C51F0108C51F0108C51F0108431F010800
:101EB000C51F0108C51F0108C51F0108831F0108B0
:101EC000FB681B68B968184600F014FAFB681B68C9
:101ED0009A69FB681B6842F008029A61FB681B68FC
:101EE0009A69FB681B6822F004029A61FB681B6810
:101EF0009969BB681A69FB681B680A439A6164E0C8
:101F0000FB681B68B968184600F064FAFB681B6838
:101F10009A69FB681B6842F400629A61FB681B685F
:101F20009A69FB681B6822F480629A61FB681B68EF
:101F30009969BB681B691A02FB681B680A439A61AE
:101F400043E0FB681B68B968184600F0B9FAFB6803
:101F50001B68DA69FB681B6842F00802DA61FB68FB
:101F60001B68DA69FB681B6822F00402DA61FB680F
:101F70001B68D969BB681A69FB681B680A43DA6188
:101F800023E0FB681B68B968184600F00DFBFB688E
:101F90001B68DA69FB681B6842F40062DA61FB685F
:101FA0001B68DA69FB681B6822F48062DA61FB68EF
:101FB0001B68D969BB681B691A02FB681B680A4366
:101FC000DA6102E00123FB7500BFFB68002283F8A1
:101FD0003C20FB7D18461837BD4680BD80B584B0D7
:101FE00000AF786039600023FB737B6893F83C3066
:101FF000012B01D10223B4E07B68012283F83C204D
:102000007B68022283F83D207B681B689B68BB606D
:10201000BB6823F07703BB60BB6823F47F43BB60DE
:102020007B681B68BA689A603B681B68B3F5005F01
:102030003ED0B3F5005F00F28780B3F5805F00F01B
:102040008680B3F5805F7FD8702B1AD0702B7BD839
:10205000602B50D0602B77D8502B3CD0502B73D8AE
:10206000402B58D0402B6FD8302B64D0302B6BD8FE
:10207000202B60D0202B67D8002B5CD0102B5AD09F
:1020800062E07B6818683B6899683B685A683B68FF
:10209000DB6800F083FC7B681B689B68BB60BB68E7
:1020A00043F07703BB607B681B68BA689A604FE0B7
:1020B0007B6818683B6899683B685A683B68DB68CE
:1020C00000F06CFC7B681B689A687B681B6842F4B4
:1020D00080429A603CE07B6818683B6859683B68BE
:1020E000DB681A4600F02AFB7B681B685021184603
:1020F00000F039FC2CE07B6818683B6859683B6845
:10210000DB681A4600F086FB7B681B686021184676
:1021100000F029FC1CE07B6818683B6859683B6844
:10212000DB681A4600F00AFB7B681B6840211846F2
:1021300000F019FC0CE07B681A683B681B681946C4
:10214000104600F010FC03E00123FB7300E000BF29
:102150007B68012283F83D207B68002283F83C20C5
:10216000FB7B18461037BD4680BD80B483B000AFFE
:10217000786000BF0C37BD465DF8047B704780B4C3
:1021800083B000AF786000BF0C37BD465DF8047BBC
:10219000704780B483B000AF786000BF0C37BD4695
:1021A0005DF8047B7047000080B485B000AF7860B4
:1021B00039607B681B68FB607B68434A934213D09D
:1021C0007B68B3F1804F0FD07B68404A93420BD0BD
:1021D0007B683F4A934207D07B683E4A934203D0D4
:1021E0007B683D4A934208D1FB6823F07003FB6093
:1021F0003B685B68FA681343FB607B68324A934232
:102200002BD07B68B3F1804F27D07B682F4A934255
:1022100023D07B682E4A93421FD07B682D4A93427D
:102220001BD07B682C4A934217D07B682B4A934281
:1022300013D07B682A4A93420FD07B68294A934285
:102240000BD07B68284A934207D07B68274A934289
:1022500003D07B68264A934208D1FB6823F440737D
:10226000FB603B68DB68FA681343FB60FB6823F0A4
:1022700080023B685B691343FB603B689A687B683C
:10228000DA623B681A687B689A627B680E4A9342FE
:1022900003D07B68104A934203D13B681A697B687C
:1022A0001A637B681B6843F004027B681A607B68D2
:1022B00001225A617B68FA681A6000BF1437BD4674
:1022C0005DF8047B704700BF00000140000400403F
:1022D00000080040000C00400004014000400140A4
:1022E000004401400048014000180040001C00402C
:1022F0000020004080B487B000AF786039607B6810
:102300001B6A7B617B681B6A23F001027B681A628F
:102310007B685B683B617B689B69FB60FB6823F0C3
:102320007003FB60FB6823F00303FB603B681B68E2
:10233000FA681343FB607B6923F002037B613B680F
:102340009B687A6913437B617B68204A934203D080
:102350007B681F4A93420CD17B6923F008037B61A1
:102360003B68DB687A6913437B617B6923F0040374
:102370007B617B68154A934203D07B68144A934281
:1023800011D13B6923F480733B613B6923F40073F3
:102390003B613B685B693A6913433B613B689B69FE
:1023A0003A6913433B617B683A695A607B68FA6813
:1023B0009A613B685A687B685A637B687A691A62DB
:1023C00000BF1C37BD465DF8047B7047000001402C
:1023D0000004014080B487B000AF786039607B684A
:1023E0001B6A7B617B681B6A23F010027B681A62A0
:1023F0007B685B683B617B689B69FB60FB6823F4DF
:10240000E043FB60FB6823F44073FB603B681B68A0
:102410001B02FA681343FB607B6923F020037B6196
:102420003B689B681B017A6913437B617B68224A86
:10243000934203D07B68214A93420DD17B6923F0FC
:1024400080037B613B68DB681B017A6913437B6116
:102450007B6923F040037B617B68174A934203D07A
:102460007B68164A934213D13B6923F480633B6136
:102470003B6923F400633B613B685B699B003A69FD
:1024800013433B613B689B699B003A6913433B6183
:102490007B683A695A607B68FA689A613B685A6857
:1024A0007B689A637B687A691A6200BF1C37BD46F5
:1024B0005DF8047B704700BF00000140000401404C
:1024C00080B487B000AF786039607B681B6A7B613D
:1024D0007B681B6A23F480727B681A627B685B6886
:1024E0003B617B68DB69FB60FB6823F07003FB608A
:1024F000FB6823F00303FB603B681B68FA68134327
:10250000FB607B6923F400737B613B689B681B0263
:102510007A6913437B617B68214A934203D07B68CD
:10252000204A93420DD17B6923F400637B613B68B1
:10253000DB681B027A6913437B617B6923F4806348
:102540007B617B68164A934203D07B68154A9342AD
:1025500013D13B6923F480533B613B6923F400535F
:102560003B613B685B691B013A6913433B613B6814
:102570009B691B013A6913433B617B683A695A6066
:102580007B68FA68DA613B685A687B68DA637B6863
:102590007A691A6200BF1C37BD465DF8047B70473C
:1025A000000001400004014080B487B000AF7860B3
:1025B00039607B681B6A3B617B681B6A23F480522D
:1025C0007B681A627B685B687B617B68DB69FB60A8
:1025D000FB6823F4E043FB60FB6823F44073FB607B
:1025E0003B681B681B02FA681343FB603B6923F4DA
:1025F00000533B613B689B681B033A6913433B6193
:102600007B68124A934203D07B68114A934209D1F6
:102610007B6923F480437B613B685B699B017A693A
:1026200013437B617B687A695A607B68FA68DA6178
:102630003B685A687B681A647B683A691A6200BF13
:102640001C37BD465DF8047B704700BF00000140A9
:102650000004014080B487B000AFF860B9607A60D0
:102660003B60FB681B6A3B61FB681B6A23F001024D
:10267000FB681A62FB689B697B61FB68284A93428E
:102680001BD0FB68B3F1804F17D0FB68254A9342FB
:1026900013D0FB68244A93420FD0FB68234A93422D
:1026A0000BD0FB68224A934207D0FB68214A934231
:1026B00003D0FB68204A934201D1012300E00023AC
:1026C000002B08D07B6923F003037B617A697B6868
:1026D00013437B6103E07B6943F001037B617B690A
:1026E00023F0F0037B613B681B01DBB27A69134383
:1026F0007B613B6923F00A033B61BB6803F00A037B
:102700003A6913433B61FB687A699A61FB683A69ED
:102710001A6200BF1C37BD465DF8047B704700BFDE
:10272000000001400004004000080040000C004090
:1027300000040140004001400018004080B487B010
:1027400000AFF860B9607A60FB681B6A7B61FB6868
:102750001B6A23F00102FB681A62FB689B693B61FC
:102760003B6923F0F0033B617B681B013A6913432B
:102770003B617B6923F00A037B617A69BB68134381
:102780007B61FB683A699A61FB687A691A6200BFEB
:102790001C37BD465DF8047B704780B487B000AF3E
:1027A000F860B9607A603B60FB681B6A7B61FB681C
:1027B0001B6A23F01002FB681A62FB689B693B618D
:1027C0003B6923F440733B617B681B023A69134306
:1027D0003B613B6923F470433B613B681B039BB245
:1027E0003A6913433B617B6923F0A0037B61BB68BB
:1027F0001B0103F0A0037A6913437B61FB683A690C
:102800009A61FB687A691A6200BF1C37BD465DF8A1
:10281000047B704780B487B000AFF860B9607A601D
:10282000FB681B6A7B61FB681B6A23F01002FB6874
:102830001A62FB689B693B613B6923F470433B610F
:102840007B681B033A6913433B617B6923F0A00358
:102850007B61BB681B017A6913437B61FB683A6942
:102860009A61FB687A691A6200BF1C37BD465DF841
:10287000047B704780B487B000AFF860B9607A60BD
:102880003B60FB681B6A7B61FB681B6A23F48072F8
:10289000FB681A62FB68DB693B613B6923F0030359
:1028A0003B613A697B6813433B613B6923F0F0036A
:1028B0003B613B681B01DBB23A6913433B617B69B7
:1028C00023F420637B61BB681B0203F420637A69F5
:1028D00013437B61FB683A69DA61FB687A691A62C3
:1028E00000BF1C37BD465DF8047B704780B487B0DD
:1028F00000AFF860B9607A603B60FB681B6A7B617F
:10290000FB681B6A23F48052FB681A62FB68DB6970
:102910003B613B6923F440733B617B681B023A696E
:1029200013433B613B6923F470433B613B681B03EA
:102930009BB23A6913433B617B6923F420437B617B
:10294000BB681B0303F420437A6913437B61FB6874
:102950003A69DA61FB687A691A6200BF1C37BD46C2
:102960005DF8047B704780B485B000AF7860396053
:102970007B689B68FB60FB6823F07003FB603A6830
:10298000FB68134343F00703FB607B68FA689A60B7
:1029900000BF1437BD465DF8047B704780B487B034
:1029A00000AFF860B9607A603B60FB689B687B6150
:1029B0007B6923F47F437B613B681A027B681A437F
:1029C000BB6813437A6913437B61FB687A699A6039
:1029D00000BF1C37BD465DF8047B704780B487B0EC
:1029E00000AFF860B9607A60BB6803F01F03012292
:1029F00002FA03F37B61FB681A6A7B69DB431A40C6
:102A0000FB681A62FB681A6ABB6803F01F037968E7
:102A100001FA03F31A43FB681A6200BF1C37BD4674
:102A20005DF8047B7047000080B485B000AF78602B
:102A300039607B6893F83C30012B01D102235AE0C6
:102A40007B68012283F83C207B68022283F83D20CA
:102A50007B681B685B68FB607B681B689B68BB606E
:102A6000FB6823F07003FB603B681B68FA68134344
:102A7000FB607B681B68FA685A607B681B68214AA8
:102A8000934222D07B681B68B3F1804F1DD07B68D6
:102A90001B681D4A934218D07B681B681B4A9342EF
:102AA00013D07B681B681A4A93420ED07B681B6860
:102AB000184A934209D07B681B68174A934204D096
:102AC0007B681B68154A93420CD1BB6823F08003D6
:102AD000BB603B685B68BA681343BB607B681B687C
:102AE000BA689A607B68012283F83D207B680022E7
:102AF00083F83C20002318461437BD465DF8047B5C
:102B0000704700BF00000140000400400008004082
:102B1000000C00400004014000400140001800404B
:102B200080B483B000AF786000BF0C37BD465DF85D
:102B3000047B704780B483B000AF786000BF0C376F
:102B4000BD465DF8047B704780B584B000AF786007
:102B50000023FB737B68002B01D1012333E07B68EA
:102B60001B6C002B09D178680BF046FB7B680022B8
:102B70005A647B68002283F83C207B681B6C03F05E
:102B80001003002B18D17B681B6C23F4885323F0AF
:102B9000020343F002027B681A64786800F0A4FA2A
:102BA0007B6800225A647B681B6C23F0030343F0AC
:102BB00001027B681A6401E00123FB737B68002239
:102BC00083F83C20FB7B18461037BD4680BD0000D3
:102BD00080B485B000AF78600023BB607B6893F859
:102BE0003C30012B01D10223B2E07B68012283F843
:102BF0003C207B681B689B6803F00103012B18D005
:102C00007B681B689A687B681B6842F001029A60C7
:102C1000524B1B68524AA2FB03239A0C13465B00DB
:102C20001344BB6002E0BB68013BBB60BB68002B88
:102C3000F9D17B681B689B6803F00103012B7AD1F3
:102C40007B681B6C23F4E06323F0010343F4807280
:102C50007B681A647B681B685B6803F48063002BE5
:102C600007D07B681B6C23F4405343F480527B688D
:102C70001A647B681B6C03F48053B3F5805F06D144
:102C80007B685B6C23F006027B685A6402E07B6819
:102C900000225A647B68002283F83C20314BFB60A1
:102CA0007B681B686FF022021A60FB685B6803F0A8
:102CB0001F03002B2AD17B681B682B4A934215D037
:102CC0007B681B68294A934205D1264B5B6803F059
:102CD0001F03002B0AD07B681B68254A934236D11C
:102CE000204B5B6803F01003002B30D17B681B681E
:102CF0009B6803F04053002B29D17B681B689A68BE
:102D00007B681B6842F080429A6020E07B681B6809
:102D1000154A93421BD17B681B689B6803F04053A4
:102D2000002B14D17B681B689A687B681B6842F093
:102D300080429A600BE07B681B6C43F010027B685A
:102D40001A647B685B6C43F001027B685A64002361
:102D500018461437BD465DF8047B70475C000020C0
:102D600083DE1B430023014000200140002101407D
:102D70000022014080B584B000AF78603960002344
:102D8000FB607B681B689B6803F48063B3F5806F0E
:102D900013D17B681B689B6803F48073B3F5807F55
:102DA0000BD17B681B6C43F020027B681A647B6844
:102DB000002283F83C20012363E001F045FCF86029
:102DC00021E03B68B3F1FF3F1DD03B68002B07D0EB
:102DD00001F03AFC0246FB68D31A3A689A4212D2D2
:102DE0007B681B681B6803F00203022B0BD07B6817
:102DF0001B6C43F004027B681A647B68002283F832
:102E00003C2003233DE07B681B681B6803F0020342
:102E1000022BD6D17B681B686FF012021A607B68A8
:102E20001B6C43F400727B681A647B681B689B68A8
:102E300003F04053002B23D17B681B7E002B1FD156
:102E40007B681B68DB6A03F47003002B06D07B6889
:102E50001B689B6803F48063002B11D17B681B6C9B
:102E600023F480727B681A647B681B6C03F48053C4
:102E7000002B05D17B681B6C43F001027B681A6450
:102E8000002318461037BD4680BD80B483B000AF24
:102E900078607B681B68DB6C18460C37BD465DF8B4
:102EA000047B704780B485B000AF78603960002340
:102EB000BB607B6893F83C30012B01D1022305E114
:102EC0007B68012283F83C203B681B68092B25D9CD
:102ED0007B681B68D9683B681B689BB21A4613461F
:102EE0005B0013441E3B072202FA03F3DA437B68BC
:102EF0001B680A40DA607B681B68D9683B689A687F
:102F00003B681B689BB2184603465B0003441E3BAC
:102F10009A407B681B680A43DA6022E07B681B6882
:102F200019693B681B689BB21A4613465B00134441
:102F3000072202FA03F3DA437B681B680A401A612E
:102F40007B681B6819693B689A683B681B689BB281
:102F5000184603465B0003449A407B681B680A439B
:102F60001A613B685B68062B24D87B681B68596B29
:102F70003B685A6813469B001344053B1F2202FA24
:102F800003F3DA437B681B680A405A637B681B685B
:102F9000596B3B681B689BB218463B685A681346DE
:102FA0009B001344053B00FA03F27B681B680A434D
:102FB0005A634CE03B685B680C2B24D87B681B6829
:102FC000196B3B685A6813469B001344233B1F222E
:102FD00002FA03F3DA437B681B680A401A637B68D2
:102FE0001B68196B3B681B689BB218463B685A68A4
:102FF00013469B001344233B00FA03F27B681B68D3
:103000000A431A6323E07B681B68D96A3B685A68E5
:1030100013469B001344413B1F2202FA03F3DA4399
:103020007B681B680A40DA627B681B68D96A3B6868
:103030001B689BB218463B685A6813469B001344B2
:10304000413B00FA03F27B681B680A43DA62224BB9
:10305000FB607B681B68214A934209D13B681B686F
:10306000122B05D1FB685B6843F48002FB685A6051
:103070007B681B68194A934223D13B681B68102B5D
:1030800003D03B681B68112B1BD1FB685B6843F4C2
:103090000002FB685A603B681B68102B11D1104B73
:1030A0001B68104AA2FB03239A0C13469B0013448F
:1030B0005B00BB6002E0BB68013BBB60BB68002BF0
:1030C000F9D17B68002283F83C200023184614378E
:1030D000BD465DF8047B704700230140002001409D
:1030E0005C00002083DE1B4380B485B000AF7860B5
:1030F000794BFB60FB685B6823F44032FB685A60E5
:10310000FB685A687B685B681A43FB685A607B6897
:103110001B685A687B681B6822F480725A607B685F
:103120001B6859687B681B691A027B681B680A4325
:103130005A607B681B685A687B681B6822F0407283
:103140005A607B681B6859687B689A687B681B6853
:103150000A435A607B681B689A687B681B6822F484
:1031600000629A607B681B6899687B68DA687B6894
:103170001B680A439A607B689B6A584A934222D034
:103180007B681B689A687B681B6822F070629A6093
:103190007B681B6899687B689A6A7B681B680A432E
:1031A0009A607B681B689A687B681B6822F04052B3
:1031B0009A607B681B6899687B68DA6A7B681B6821
:1031C0000A439A600FE07B681B689A687B681B68FB
:1031D00022F070629A607B681B689A687B681B6843
:1031E00022F040529A607B681B689A687B681B6873
:1031F00022F002029A607B681B6899687B681B7EDC
:103200005A007B681B680A439A607B6893F82030F9
:10321000002B1BD07B681B685A687B681B6842F4D4
:1032200000625A607B681B685A687B681B6822F4DE
:1032300060425A607B681B6859687B685B6A013B27
:103240005A037B681B680A435A6007E07B681B6867
:103250005A687B681B6822F400625A607B681B68AE
:10326000DA6A7B681B6822F47002DA627B681B688A
:10327000D96A7B68DB69013B1A057B681B680A43D6
:10328000DA627B681B689A687B681B6822F40072AC
:103290009A607B681B6899687B6893F830305A02A3
:1032A0007B681B680A439A607B681B689A687B6826
:1032B0001B6822F480629A607B681B6899687B684F
:1032C0005B699A027B681B680A439A6000BF1437E7
:1032D000BD465DF8047B7047002301400100000FEC
:1032E00080B586B000AF78607B68002B01D10123E8
:1032F00067E27B681B6803F00103002B75D0884BE5
:103300009B6803F00C03042B0CD0854B9B6803F0E7
:103310000C03082B12D1824B5B6803F48003B3F5D6
:10332000800F0BD17E4B1B6803F40033002B5BD066
:103330007B685B68002B57D1012342E27B685B68A6
:10334000B3F5803F06D1764B1B68754A43F4803352
:1033500013601DE07B685B68B3F5A02F0CD1704B48
:103360001B686F4A43F4802313606D4B1B686C4AE3
:1033700043F4803313600BE0694B1B68684A23F405
:1033800080331360664B1B68654A23F48023136007
:103390007B685B68002B13D001F056F9386108E0B8
:1033A00001F052F902463B69D31A642B01D9032379
:1033B00007E25B4B1B6803F40033002BF0D014E0F2
:1033C00001F042F9386108E001F03EF902463B693C
:1033D000D31A642B01D90323F3E1514B1B6803F487
:1033E0000033002BF0D100E000BF7B681B6803F0C6
:1033F0000203002B63D04A4B9B6803F00C03002BA5
:103400000BD0474B9B6803F00C03082B1CD1444B9B
:103410005B6803F48003002B16D1414B1B6803F05B
:103420000203002B05D07B68DB68012B01D0012350
:10343000C7E13B4B1B6823F0F8027B681B69DB008C
:10344000374913430B603AE07B68DB68002B20D0E0
:10345000344B01221A6001F0F7F8386108E001F0FE
:10346000F3F802463B69D31A022B01D90323A8E1E2
:103470002B4B1B6803F00203002BF0D0284B1B687A
:1034800023F0F8027B681B69DB00254913430B60BE
:1034900015E0244B00221A6001F0D6F8386108E0EC
:1034A00001F0D2F802463B69D31A022B01D903235B
:1034B00087E11B4B1B6803F00203002BF0D17B68F4
:1034C0001B6803F00803002B36D07B685B69002B78
:1034D00016D0154B01221A6001F0B6F8386108E0E9
:1034E00001F0B2F802463B69D31A022B01D903233B
:1034F00067E10B4B5B6F03F00203002BF0D01BE086
:10350000094B00221A6001F09FF838610EE001F0CB
:103510009BF802463B69D31A022B07D9032350E1DB
:103520000038024000004742800E4742884B5B6FE4
:1035300003F00203002BEAD17B681B6803F004034D
:10354000002B00F097800023FB75814B1B6C03F070
:103550008053002B0FD10023BB607D4B1B6C7C4A3A
:1035600043F0805313647A4B1B6C03F08053BB60B1
:10357000BB680123FB75774B1B6803F48073002B3A
:1035800018D1744B1B68734A43F48073136001F0C5
:103590005BF8386108E001F057F802463B69D31A3E
:1035A000022B01D903230CE16A4B1B6803F48073DF
:1035B000002BF0D07B689B68012B06D1644B1B6FFE
:1035C000634A43F0010313671CE07B689B68052B8B
:1035D0000CD15F4B1B6F5E4A43F0040313675C4BD7
:1035E0001B6F5B4A43F0010313670BE0584B1B6FE3
:1035F000574A23F001031367554B1B6F544A23F0BE
:10360000040313677B689B68002B15D001F01CF83E
:1036100038610AE001F018F802463B69D31A41F21A
:103620008832934201D90323CBE0494B1B6F03F04F
:103630000203002BEED014E001F006F838610AE036
:1036400001F002F802463B69D31A41F288329342F4
:1036500001D90323B5E03E4B1B6F03F00203002B9F
:10366000EED1FB7D012B05D1394B1B6C384A23F081
:10367000805313647B689B69002B00F0A180344B5E
:103680009B6803F00C03082B5CD07B689B69022BC2
:1036900041D1314B00221A6000F0D6FF386108E0BA
:1036A00000F0D2FF02463B69D31A022B01D9032353
:1036B00087E0274B1B6803F00073002BF0D17B6879
:1036C000DA697B681B6A1A437B685B6A9B011A4351
:1036D0007B689B6A5B08013B1B041A437B68DB6ABF
:1036E0001B061B4913434B601B4B01221A6000F061
:1036F000ABFF386108E000F0A7FF02463B69D31A30
:10370000022B01D903235CE0114B1B6803F000730B
:10371000002BF0D054E0104B00221A6000F094FF10
:10372000386108E000F090FF02463B69D31A022B93
:1037300001D9032345E0064B1B6803F00073002BFF
:10374000F0D13DE07B689B69012B07D1012338E074
:103750000038024000700040600047421B4B5B682D
:10376000FB607B689B69012B28D0FB6803F4800217
:103770007B68DB699A4221D1FB6803F03F027B68DA
:103780001B6A9A421AD1FA6847F6C07313407A68E6
:10379000526A9201934211D1FB6803F440327B6874
:1037A0009B6A5B08013B1B049A4207D1FB6803F04C
:1037B00070627B68DB6A1B069A4201D0012300E03D
:1037C000002318461837BD4680BD00BF00380240B0
:1037D00080B584B000AF786039607B68002B01D180
:1037E0000123CCE0684B1B6803F007033A689A4258
:1037F0000CD9654B3A68D2B21A70634B1B6803F060
:1038000007033A689A4201D00123B8E07B681B683D
:1038100003F00203002B20D07B681B6803F0040335
:10382000002B05D0594B9B68584A43F4E0539360F2
:103830007B681B6803F00803002B05D0534B9B6883
:10384000524A43F460439360504B9B6823F0F0026C
:103850007B689B684D4913438B607B681B6803F052
:103860000103002B44D07B685B68012B07D1474BD9
:103870001B6803F40033002B19D101237FE07B6820
:103880005B68022B03D07B685B68032B07D13F4B3F
:103890001B6803F00073002B09D101236FE03B4B41
:1038A0001B6803F00203002B01D1012367E0374BB3
:1038B0009B6823F003027B685B68344913438B6089
:1038C00000F0C2FEF8600AE000F0BEFE0246FB68AF
:1038D000D31A41F28832934201D903234FE02B4B94
:1038E0009B6803F00C027B685B689B009A42EBD1FB
:1038F000254B1B6803F007033A689A420CD2224B0F
:103900003A68D2B21A70204B1B6803F007033A687A
:103910009A4201D0012332E07B681B6803F0040364
:10392000002B08D0194B9B6823F4E0527B68DB68BE
:10393000164913438B607B681B6803F00803002B58
:1039400009D0124B9B6823F460427B681B69DB0043
:103950000E4913438B6000F021F802460B4B9B6825
:103960001B0903F00F030A49CB5C22FA03F3094A4F
:103970001360094B1B6818460CF0D2FC0023184654
:103980001037BD4680BD00BF003C024000380240F9
:10399000086602085C000020600000202DE9B04F9E
:1039A00094B000AF00237B640023FB6400233B64DE
:1039B0000023BB64794B9B6803F00C03082B0DD0EC
:1039C000082B00F2E180002B02D0042B03D0DBE0B7
:1039D000734BBB64DBE0734BBB64D8E06F4B5B683D
:1039E00003F03F037B646D4B5B6803F48003002BA3
:1039F00063D06A4B5B689B090022BB63FA63BB6BB5
:103A0000C3F308033B6300237B63D7E90C452246DD
:103A10002B464FF000004FF00001590141EAD261FE
:103A2000500102460B462146511A3961294663EB83
:103A300001037B614FF000024FF00003D7E904ABB4
:103A400059468B01514643EA916351468A015146DA
:103A5000B2EB0108594663EB01094FF000024FF049
:103A600000034FEAC90343EA58734FEAC80290467D
:103A70009946234618EB0303BB602B4649EB03032F
:103A8000FB604FF000024FF00003D7E902452946E2
:103A90004B02214643EAD15321464A0210461946B9
:103AA0007B6C0022BB62FA62D7E90A23FCF756FF5F
:103AB00002460B461346FB6458E0384B5B689B0993
:103AC000002218461146C0F308033B6200237B62C4
:103AD000D7E9088942464B464FF000004FF00001FD
:103AE000590141EAD261500102460B464146B2EB10
:103AF000010A494663EB010B4FF000024FF000034F
:103B00004FEA8B1343EA9A634FEA8A12B2EB0A0434
:103B100063EB0B054FF000024FF00003EB0043EAAC
:103B20005473E20014461D464346E3183B604B467F
:103B300045EB03037B604FF000024FF00003D7E931
:103B4000004529468B02214643EA915321468A02C9
:103B5000104619467B6C0022BB61FA61D7E9062347
:103B6000FCF7FCFE02460B461346FB640B4B5B68FE
:103B70001B0C03F0030301335B003B64FA6C3B6CEA
:103B8000B2FBF3F3BB6402E0054BBB6400BFBB6C4C
:103B900018465037BD46BDE8B08F00BF0038024020
:103BA0000024F40000127A0080B400AF034B1B68BD
:103BB0001846BD465DF8047B704700BF5C000020DE
:103BC00080B500AFFFF7F0FF0246054B9B689B0AEC
:103BD00003F007030349CB5C22FA03F3184680BDC8
:103BE000003802401866020880B500AFFFF7DCFF1E
:103BF0000246054B9B685B0B03F007030349CB5C54
:103C000022FA03F3184680BD003802401866020805
:103C100080B483B000AF786039607B680F221A608F
:103C2000124B9B6803F003027B685A600F4B9B6842
:103C300003F0F0027B689A600C4B9B6803F4E0523F
:103C40007B68DA60094B9B68DB0803F4E0527B6811
:103C50001A61074B1B6803F007023B681A6000BF3C
:103C60000C37BD465DF8047B704700BF003802404A
:103C7000003C024080B489B000AF78603960002316
:103C80007B6100233B610023BB610023FB616BE18F
:103C90000122FB6902FA03F37B613B681B687A69C6
:103CA00013403B613A697B699A4240F05A813B6814
:103CB0005B6803F00303012B05D03B685B6803F0EE
:103CC0000303022B30D17B689B68BB61FB695B00FF
:103CD000032202FA03F3DB43BA691340BB613B687A
:103CE000DA68FB695B0002FA03F3BA691343BB614C
:103CF0007B68BA699A607B685B68BB610122FB697B
:103D000002FA03F3DB43BA691340BB613B685B68AB
:103D10001B0903F00102FB6902FA03F3BA691343BA
:103D2000BB617B68BA695A603B685B6803F0030358
:103D3000032B17D07B68DB68BB61FB695B00032248
:103D400002FA03F3DB43BA691340BB613B689A682C
:103D5000FB695B0002FA03F3BA691343BB617B683A
:103D6000BA69DA603B685B6803F00303022B23D176
:103D7000FB69DA087B68083253F82230BB61FB69C3
:103D800003F007039B000F2202FA03F3DB43BA6937
:103D90001340BB613B681A69FB6903F007039B0092
:103DA00002FA03F3BA691343BB61FB69DA087B6863
:103DB0000832B96943F822107B681B68BB61FB6954
:103DC0005B00032202FA03F3DB43BA691340BB61D1
:103DD0003B685B6803F00302FB695B0002FA03F3D4
:103DE000BA691343BB617B68BA691A603B685B6858
:103DF00003F44033002B00F0B4800023FB60604BE1
:103E00005B6C5F4A43F4804353645D4B5B6C03F42B
:103E10008043FB60FB685B4AFB699B08023352F8F6
:103E20002330BB61FB6903F003039B000F2202FAFE
:103E300003F3DB43BA691340BB617B68524A934288
:103E40002BD07B68514A934225D07B68504A9342DD
:103E50001FD07B684F4A934219D07B684E4A9342E9
:103E600013D07B684D4A93420DD07B684C4A9342F5
:103E700007D07B684B4A934201D107230EE0082309
:103E80000CE006230AE0052308E0042306E00323F0
:103E900004E0022302E0012300E00023FA6902F0BB
:103EA000030292009340BA691343BB613549FB6931
:103EB0009B080233BA6941F823203B4B9B68BB61E6
:103EC0003B69DB43BA691340BB613B685B6803F441
:103ED0008013002B03D0BA693B691343BB61324A9C
:103EE000BB699360304BDB68BB613B69DB43BA69FC
:103EF0001340BB613B685B6803F40013002B03D0E5
:103F0000BA693B691343BB61274ABB69D360264B3F
:103F10005B68BB613B69DB43BA691340BB613B68CB
:103F20005B6803F40033002B03D0BA693B69134389
:103F3000BB611D4ABB6953601B4B1B68BB613B697E
:103F4000DB43BA691340BB613B685B6803F48033B1
:103F5000002B03D0BA693B691343BB61124ABB69AA
:103F60001360FB690133FB61FB690F2B7FF690AE99
:103F700000BF00BF2437BD465DF8047B704700BF1B
:103F800000380240003801400000024000040240B6
:103F900000080240000C02400010024000140240E1
:103FA00000180240001C0240003C014080B487B071
:103FB00000AF7860396000233B610023FB60002381
:103FC000BB6000237B61CDE001227B6902FA03F331
:103FD0003B613A683B691340FB60FA683B699A426F
:103FE00040F0BD80654A7B699B08023352F823305C
:103FF000BB607B6903F003039B000F2202FA03F30B
:10400000BA681340BB607B685D4A93422BD07B68E3
:104010005C4A934225D07B685B4A93421FD07B6801
:104020005A4A934219D07B68594A934213D07B680D
:10403000584A93420DD07B68574A934207D07B6819
:10404000564A934201D107230EE008230CE00623D1
:104050000AE0052308E0042306E0032304E002232A
:1040600002E0012300E000237A6902F003029200DB
:104070009340BA689A4232D1494B1A68FB68DB43D5
:10408000474913400B60464B5A68FB68DB43444981
:1040900013404B60424BDA68FB68DB4340491340F6
:1040A000CB603F4B9A68FB68DB433D4913408B6014
:1040B0007B6903F003039B000F2202FA03F3BB604A
:1040C0002E4A7B699B08023352F82310BB68DA43FF
:1040D0002A487B699B080A40023340F823207B680A
:1040E0001A687B695B00032101FA03F3DB431A4082
:1040F0007B681A607B69DA087B68083253F8221003
:104100007B6903F007039B000F2202FA03F3DB43F2
:104110007A69D20819407B68083243F822107B681C
:10412000DA687B695B00032101FA03F3DB431A4081
:104130007B68DA607B685A6801217B6901FA03F3C6
:10414000DB431A407B685A607B689A687B695B0036
:10415000032101FA03F3DB431A407B689A607B6911
:1041600001337B617B690F2B7FF62EAF00BF00BF51
:104170001C37BD465DF8047B704700BF0038014026
:10418000000002400004024000080240000C02400F
:10419000001002400014024000180240001C0240BF
:1041A000003C014080B485B000AF78600B467B8056
:1041B0007B681A697B881340002B02D00123FB73B4
:1041C00001E00023FB73FB7B18461437BD465DF806
:1041D000047B704780B483B000AF78600B467B806F
:1041E00013467B707B78002B03D07A887B689A61BA
:1041F00003E07B881A047B689A6100BF0C37BD46D8
:104200005DF8047B704780B485B000AF78600B46E2
:104210007B807B685B69FB607A88FB6813401A04CB
:10422000FB68D9437B880B401A437B689A6100BFC7
:104230001437BD465DF8047B704780B584B000AF8D
:1042400078607B689B6DFB6000F0FEF9B8607B686E
:1042500093F83530DBB2022B08D07B6880225A6598
:104260007B68002283F83420012352E07B681B68BE
:104270001A687B681B6822F016021A607B681B684C
:104280005A697B681B6822F080025A617B681B6C4C
:10429000002B03D17B689B6C002B07D07B681B68CD
:1042A0001A687B681B6822F008021A607B681B682A
:1042B0001A687B681B6822F001021A6013E000F0A4
:1042C000C3F90246BB68D31A052B0CD97B682022A0
:1042D0005A657B68032283F835207B68002283F8C7
:1042E0003420032315E07B681B681B6803F001037F
:1042F000002BE4D17B68DB6D3F229A40FB689A601B
:104300007B68012283F835207B68002283F8342003
:10431000002318461037BD4680BD80B483B000AF7F
:1043200078607B6893F83530DBB2022B04D07B6871
:1043300080225A6501230CE07B68052283F8352032
:104340007B681B681A687B681B6822F001021A6090
:10435000002318460C37BD465DF8047B704780B4D7
:1043600083B000AF78607B6893F83530DBB21846D5
:104370000C37BD465DF8047B7047000080B485B003
:1043800000AF78607B6803F00703FB600C4BDB68D1
:10439000BB60BA684FF6FF031340BB60FB681A02AC
:1043A000BB68134343F0BF6343F40033BB60044A6C
:1043B000BB68D36000BF1437BD465DF8047B70470F
:1043C00000ED00E080B400AF044BDB681B0A03F093
:1043D00007031846BD465DF8047B704700ED00E01A
:1043E00080B483B000AF0346FB7197F90730002B10
:1043F0000BDBFB7903F01F02074997F907305B09D4
:10440000012000FA02F241F8232000BF0C37BD461C
:104410005DF8047B704700BF00E100E080B483B02A
:1044200000AF0346FB7197F90730002B12DBFB79D5
:1044300003F01F020A4997F907305B09012000FACF
:1044400002F2203341F82320BFF34F8F00BFBFF3A8
:104450006F8F00BF00BF0C37BD465DF8047B70470F
:1044600000E100E080B483B000AF03463960FB7127
:1044700097F90730002B0ADB3B68DAB20C4997F951
:1044800007301201D2B20B4483F800230AE03B68E4
:10449000DAB20849FB7903F00F03043B1201D2B2F0
:1044A0000B441A7600BF0C37BD465DF8047B70479D
:1044B00000E100E000ED00E080B489B000AFF860FA
:1044C000B9607A60FB6803F00703FB61FB69C3F125
:1044D0000703042B28BF0423BB61FB690433062BAD
:1044E00002D9FB69033B00E000237B614FF0FF3200
:1044F000BB6902FA03F3DA43BB681A407B699A404E
:104500004FF0FF317B6901FA03F3D9437B680B401D
:10451000134318462437BD465DF8047B70470000FE
:1045200080B400AFBFF34F8F00BF064BDB6803F4CE
:10453000E0620449044B1343CB60BFF34F8F00BFCD
:1045400000BFFDE700ED00E00400FA0580B582B091
:1045500000AF78607868FFF711FF00BF0837BD46ED
:1045600080BD80B586B000AF0346B9607A60FB734A
:1045700000237B61FFF726FF78617A68B968786964
:10458000FFF79AFF024697F90F3011461846FFF7DA
:1045900069FF00BF1837BD4680BD80B582B000AF4F
:1045A0000346FB7197F907301846FFF719FF00BF64
:1045B0000837BD4680BD80B582B000AF0346FB71B1
:1045C00097F907301846FFF729FF00BF0837BD46A7
:1045D00080BD80B500AFFFF7A3FF000080B500AF3E
:1045E0000E4B1B680D4A43F4007313600B4B1B68A2
:1045F0000A4A43F480631360084B1B68074A43F47C
:10460000807313600320FFF7A1FF00200BF088FEEA
:104610000BF05AFE0023184680BD00BF003C02404C
:1046200080B400AF064B1B781A46064B1B68134438
:10463000044A136000BFBD465DF8047B704700BFAD
:1046400064000020F001002080B400AF034B1B6821
:104650001846BD465DF8047B704700BFF00100209E
:1046600080B584B000AF7860FFF7EEFFB8607B687C
:10467000FB60FB68B3F1FF3F05D00A4B1B781A467D
:10468000FB681344FB6000BFFFF7DEFF0246BB6818
:10469000D31AFA689A42F7D800BF00BF1037BD4658
:1046A00080BD00BF6400002080B582B000AF78609C
:1046B0007B68002B01D101230EE07B685B79DBB2C4
:1046C000002B05D17B6800221A71786809F0ECFD97
:1046D0007B6801225A71002318460837BD4680BD09
:1046E00080B584B000AF78607B68002B01D10123D6
:1046F0002BE17B6893F83D30DBB2002B06D17B6861
:10470000002283F83C20786809F01EFE7B68242292
:1047100083F83D207B681B681A687B681B6822F061
:1047200001021A607B681B681A687B681B6842F488
:1047300000421A607B681B681A687B681B6822F459
:1047400000421A60FFF73CFAF8607B685B68814AB8
:10475000934207D8FB68804A934294BF0123002309
:10476000DBB206E0FB687D4A934294BF012300233D
:10477000DBB2002B01D00123E7E0FB68784AA2FB03
:1047800003239B0CBB607B681B685B6823F03F01C5
:104790007B681B68BA680A435A607B681B681B6A9F
:1047A00023F03F017B685B686A4A934202D8BB688A
:1047B000013309E0BB684FF4967202FB03F3694AC8
:1047C000A2FB03239B0901337A6812680B4313622F
:1047D0007B681B68DB6923F44F4222F0FF027B6891
:1047E0005B685C498B4219D8FB68591E7B685B6823
:1047F0005B00B1FBF3F3591C40F6FC730B40002B3C
:104800000AD0FB68591E7B685B685B00B1FBF3F361
:104810000133C3F30B0351E004234FE07B689B6833
:10482000002B11D1FB68581E7B6859680B465B0052
:104830000B44B0FBF3F30133C3F30B03002B0CBFAA
:1048400001230023DBB212E0FB68581E7B68596825
:104850000B469B000B4499000B44B0FBF3F3013370
:10486000C3F30B03002B0CBF01230023DBB2002B8F
:1048700001D0012322E07B689B68002B0ED1FB68EE
:10488000581E7B6859680B465B000B44B0FBF3F382
:104890000133C3F30B0343F400430FE0FB68581EDE
:1048A0007B6859680B469B000B4499000B44B0FB96
:1048B000F3F30133C3F30B0343F44043796809680E
:1048C0001343CB617B681B681B6823F0C0017B68C6
:1048D000DA697B681B6A1A437B681B680A431A60A3
:1048E0007B681B689B6823F4034323F0FF037A680B
:1048F00011697A68D26811437A6812680B43936031
:104900007B681B68DB6823F0FF017B685A697B6862
:104910009B691A437B681B680A43DA607B681B68E3
:104920001A687B681B6842F001021A607B680022EB
:104930001A647B68202283F83D207B6800221A637A
:104940007B68002283F83E20002318461037BD46BE
:1049500080BD00BFA08601007F841E00FF083D00CF
:1049600083DE1B43D34D621080B483B000AF786008
:104970007B681B685B6903F08003802B03D17B6835
:104980001B6800221A6100BF0C37BD465DF8047B2E
:10499000704780B588B000AF78600023BB617B684A
:1049A0001B685B687B617B68DB6A3B617B6893F8B3
:1049B0003E30FB737B6893F83D30BB73FB7B102B61
:1049C00003D0FB7B402B40F0C1807B681B689B6958
:1049D000BB617B681B685B69FB61FB6903F00103DA
:1049E000002B0DD13B69B3F52A0F03D03B69B3F11E
:1049F0002A4F01D1012300E00023012B00F0328176
:104A0000FB6903F00103002B0CD07B695B0A03F008
:104A10000103002B06D0786801F098FC786800F05C
:104A20009BFD92E0FB69DB0803F00103002B09D03A
:104A30007B695B0A03F00103002B03D0786800F068
:104A400011FE82E0FB695B0803F00103002B09D033
:104A50007B695B0A03F00103002B03D0786800F048
:104A60002BFE72E0BB699B0803F00103002B3BD0D7
:104A70007B681B685B6803F40063B3F5006F00F0AC
:104A8000F380FB69DB0903F00103002B0FD07B6986
:104A90009B0A03F00103002B09D0FB699B0803F07C
:104AA0000103002B03D1786800F0F3F94DE0FB69B6
:104AB0009B0803F00103002B00F0D6807B695B0AA2
:104AC00003F00103002B00F0CF80BB7B212B03D12F
:104AD000786800F07AFAC7E0FB7B402B40F0C48096
:104AE000786800F0E8FABFE07B681B685B6803F455
:104AF0000063B3F5006F00F0B780FB699B0903F01A
:104B00000103002B0FD07B699B0A03F00103002BEC
:104B100009D0FB699B0803F00103002B03D17868DF
:104B200000F061FB11E0FB699B0803F00103002B1F
:104B300000F09A807B695B0A03F00103002B00F010
:104B40009380786800F017FC8EE08DE07B681B6C2A
:104B5000002B04D07B681B685B69FB6107E07B6806
:104B60001B689B69BB617B681B685B69FB61FB69B8
:104B70005B0803F00103002B12D07B695B0A03F092
:104B80000103002B0CD07B681B6C002B03D07B68CF
:104B90001B689B69BB61B969786800F0DCFF66E05F
:104BA000FB691B0903F00103002B09D07B695B0A39
:104BB00003F00103002B03D0786801F017F856E0EA
:104BC000BB7B212B02D0BB7B292B25D1FB69DB09C9
:104BD00003F00103002B0FD07B699B0A03F0010354
:104BE000002B09D0FB699B0803F00103002B03D1C4
:104BF000786800F0F2FE39E0FB699B0803F00103DE
:104C0000002B33D07B695B0A03F00103002B2DD00E
:104C1000786800F01FFF29E0FB699B0903F001039E
:104C2000002B0FD07B699B0A03F00103002B09D0F6
:104C3000FB699B0803F00103002B03D1786800F0A7
:104C40002AFF14E0FB699B0803F00103002B0ED040
:104C50007B695B0A03F00103002B08D0786800F041
:104C600058FF04E000BF02E000BF00E000BF2037B3
:104C7000BD4680BD80B58AB000AF78607B681B6898
:104C80005B693B627B681B685B68FB6100237B623E
:104C90007B6893F83E30FB763B6A1B0A03F0010306
:104CA000002B0ED0FB691B0A03F00103002B08D078
:104CB0007B6A43F001037B627B681B686FF4807240
:104CC0005A613B6A5B0A03F00103002B0ED0FB69BB
:104CD0001B0A03F00103002B08D07B6A43F0020398
:104CE0007B627B681B686FF400725A613B6A9B0AA7
:104CF00003F00103002B3FD0FB691B0A03F0010303
:104D0000002B39D0FB7EBB767B685B8D9BB27B61D1
:104D10007B6893F83D30FB747B681B6BFB60BB7E4C
:104D2000202B12D17B69002B0FD1FB7C212B08D0CB
:104D3000FB7C292B05D0FB7C282B06D1FB68212B83
:104D400003D1786801F082F816E07B681B686FF485
:104D500080625A617B6A43F004037B62FB7E102B06
:104D600002D0FB7E402B07D17B681B681A687B68EA
:104D70001B6842F400721A603B6ADB0A03F001030D
:104D8000002B0ED0FB691B0A03F00103002B08D097
:104D90007B6A43F008037B627B681B686FF40062E8
:104DA0005A617B6A002B08D07B681A6C7B6A1A43B5
:104DB0007B681A64786801F0BDF800BF2837BD46EB
:104DC00080BD80B483B000AF786000BF0C37BD46B3
:104DD0005DF8047B704780B483B000AF786000BF9B
:104DE0000C37BD465DF8047B704780B483B000AFDC
:104DF000786000BF0C37BD465DF8047B704780B417
:104E000083B000AF786000BF0C37BD465DF8047B0F
:104E1000704780B483B000AF78600B46FB701346D8
:104E20003B8000BF0C37BD465DF8047B704780B403
:104E300083B000AF786000BF0C37BD465DF8047BDF
:104E4000704780B483B000AF786000BF0C37BD46B8
:104E50005DF8047B704780B483B000AF786000BF1A
:104E60000C37BD465DF8047B704780B483B000AF5B
:104E7000786000BF0C37BD465DF8047B704780B496
:104E800083B000AF786000BF0C37BD465DF8047B8F
:104E9000704780B584B000AF78607B6893F83D3090
:104EA000FB737B6893F83E30BB737B68DB6ABB6047
:104EB0007B681B8D002B50D1FB7B212B4DD1BB6818
:104EC000082B1DD0BB68202B1AD0BB6813F5803F80
:104ED00016D07B681B685A687B681B6822F4E06206
:104EE0005A607B6811221A637B68002283F83E2097
:104EF0007B68202283F83D207868FFF762FF60E03E
:104F00007B681B685A687B681B6822F4E0625A6001
:104F10007B681B681A687B681B6842F400721A6021
:104F20007B6800221A637B68202283F83D207B681F
:104F300093F83E30DBB2402B07D17B68002283F828
:104F40003E207868FFF77DFF3BE07B68002283F816
:104F50003E207868FFF735FF33E0FB7B212B05D03F
:104F6000BB7B402B2DD1FB7B222B2AD17B685B8D19
:104F70009BB2002B08D17B681B685A687B681B6852
:104F800022F480625A601CE07B6893F83E30DBB20A
:104F9000402B03D1786800F08EF812E07B685B6AE2
:104FA0001A787B681B681A617B685B6A5A1C7B688D
:104FB0005A627B685B8D9BB2013B9AB27B685A85D3
:104FC000FFE700BF1037BD4680BD80B584B000AF9D
:104FD00078607B68DB6AFB607B6893F83D30DBB20E
:104FE000212B64D17B685B8D9BB2002B12D07B6838
:104FF0005B6A1A787B681B681A617B685B6A5A1C5B
:105000007B685A627B685B8D9BB2013B9AB27B687E
:105010005A854CE0FB68082B1DD0FB68202B1AD06A
:10502000FB6813F5803F16D07B681B685A687B6865
:105030001B6822F4E0625A607B6811221A637B6865
:10504000002283F83E207B68202283F83D20786888
:10505000FFF7B7FE2BE07B681B685A687B681B680C
:1050600022F4E0625A607B681B681A687B681B68E0
:1050700042F400721A607B6800221A637B68202267
:1050800083F83D207B6893F83E30DBB2402B07D19C
:105090007B68002283F83E207868FFF7D2FE06E0A6
:1050A0007B68002283F83E207868FFF78AFE00BF05
:1050B0001037BD4680BD80B584B000AF78607B6896
:1050C00093F83D30FB737B681B6D002B1DD17B6813
:1050D000DB6C012B0BD17B689B6CDAB27B681B68A5
:1050E0001A617B681B6D9A1C7B681A6577E07B6888
:1050F0009B6C9BB21B12DAB27B681B681A617B68DF
:105100001B6D5A1C7B681A6569E07B681B6D012B5F
:105110000BD17B689B6CDAB27B681B681A617B6879
:105120001B6D5A1C7B681A6559E07B681B6D022B4E
:1051300052D1FB7B222B0DD17B681B681A687B68E0
:105140001B6842F480721A607B681B6D5A1C7B6876
:105150001A6544E07B685B8D9BB2002B15D0FB7B0E
:10516000212B12D17B685B6A1A787B681B681A61F5
:105170007B685B6A5A1C7B685A627B685B8D9BB25A
:10518000013B9AB27B685A8529E07B685B8D9BB2B4
:10519000002B24D1FB7B212B21D17B681B685A6813
:1051A0007B681B6822F4E0625A607B681B681A689F
:1051B0007B681B6842F400721A607B6800221A63E5
:1051C0007B68202283F83D207B68002283F83E2004
:1051D0007868FFF736FE02E07868FFF7C5FB00BF8E
:1051E0001037BD4680BD80B584B000AF78607B6865
:1051F00093F83D30DBB2222B40F0B9807B68DB6A4C
:10520000FB607B685B8D9BB2BB60BB68032B21D9C5
:105210007B681B681A697B685B6AD2B21A707B680C
:105220005B6A5A1C7B685A627B685B8D9BB2013B50
:105230009AB27B685A857B685B8D9BB2032B40F0EA
:1052400096807B681B685A687B681B6822F48062C2
:105250005A608CE07B68DB6A022B7FD0BB68012B35
:1052600002D0BB68002B79D1786801F03DF8034685
:10527000002B4CD17B681B681A687B681B6822F482
:1052800080621A607B681B685A687B681B6822F41E
:10529000E0625A607B681B681A697B685B6AD2B2FD
:1052A0001A707B685B6A5A1C7B685A627B685B8DEC
:1052B0009BB2013B9AB27B685A857B68202283F8B7
:1052C0003D207B6893F83E30DBB2402B0AD17B68EF
:1052D000002283F83E207B6800221A637868FFF77B
:1052E000BAFD44E07B68002283F83E20FB68082B6F
:1052F00002D0FB68202B03D17B6800221A6302E0F6
:105300007B6812221A637868FFF765FD2FE07B68DF
:105310001B685A687B681B6822F4E0625A607B68ED
:105320001B681A697B685B6AD2B21A707B685B6A19
:105330005A1C7B685A627B685B8D9BB2013B9AB2B8
:105340007B685A857B68202283F83D207B68002299
:1053500083F83E207868FFF788FD08E07B681B68CB
:105360005A687B681B6822F480625A60FFE700BFBE
:105370001037BD4680BD80B584B000AF78607B68D3
:10538000DB6AFB607B685B8D9BB2042B1BD17B6867
:105390001B685A687B681B6822F480625A607B68CD
:1053A0001B681A697B685B6AD2B21A707B685B6A99
:1053B0005A1C7B685A627B685B8D9BB2013B9AB238
:1053C0007B685A85C4E07B685B8D9BB2032B29D137
:1053D0007B681B685A687B681B6822F480625A608D
:1053E000FB68042B0AD0FB68022B07D07B681B6884
:1053F0001A687B681B6822F480621A607B681B68ED
:105400001A697B685B6AD2B21A707B685B6A5A1C45
:105410007B685A627B685B8D9BB2013B9AB27B686A
:105420005A8595E07B685B8D9BB2022B7DD1FB6832
:10543000012B02D0FB68102B08D17B681B681A680F
:105440007B681B6822F480621A6016E0FB68042BFC
:1054500002D0FB68022B08D17B681B681A687B6846
:105460001B6842F480621A6007E07B681B681A6858
:105470007B681B6842F400721A607B681B681A69BB
:105480007B685B6AD2B21A707B685B6A5A1C7B6865
:105490005A627B685B8D9BB2013B9AB27B685A85EE
:1054A0007B681B681A697B685B6AD2B21A707B687A
:1054B0005B6A5A1C7B685A627B685B8D9BB2013BBE
:1054C0009AB27B685A857B681B685A687B681B6840
:1054D00022F440725A607B68202283F83D207B686A
:1054E00093F83E30DBB2402B0AD17B68002283F870
:1054F0003E207B6800221A637868FFF7ACFC27E047
:105500007B68002283F83E20FB68082B02D0FB68F2
:10551000202B03D17B6800221A6302E07B681222F1
:105520001A637868FFF757FC12E07B681B681A69FA
:105530007B685B6AD2B21A707B685B6A5A1C7B68B4
:105540005A627B685B8D9BB2013B9AB27B685A853D
:1055500000BF1037BD4680BD80B483B000AF786017
:105560007B6893F83E30DBB2402B17D17B681B6D14
:10557000002B09D17B685B6CDBB21A467B681B6829
:1055800002F0FE021A6167E07B685B6CDBB243F0FD
:105590000103DAB27B681B681A615DE07B681B69F6
:1055A000B3F5804F33D17B6893F83D30DBB2212BCC
:1055B00009D17B685B6CDBB21A467B681B6802F022
:1055C000FE021A6108E07B685B6CDBB243F001030A
:1055D000DAB27B681B681A617B685B6B002B04D0B6
:1055E0007B685B6BDB6B002B08D17B689B6B002BB4
:1055F00032D07B689B6BDB6B002B2DD07B681B68EC
:105600005A687B681B6842F400625A6024E07B6839
:105610001B6D002B0ED17B685B6C9BB2DB11DBB288
:1056200003F00603DBB263F00F03DAB27B681B689A
:105630001A6111E07B681B6D012B0DD17B685B6CDF
:105640009BB2DB11DBB203F00603DBB263F00E03A7
:10565000DAB27B681B681A6100BF0C37BD465DF883
:10566000047B704780B483B000AF78607B685B6C6C
:10567000DAB27B681B681A617B685B6B002B04D015
:105680007B685B6BDB6B002B08D17B689B6B002B13
:105690000CD07B689B6BDB6B002B07D07B681B6897
:1056A0005A687B681B6842F400625A6000BF0C377E
:1056B000BD465DF8047B704780B491B000AF786060
:1056C0007B6893F83E3087F83F307B68DB6ABB63CA
:1056D0007B681B6B7B637B6893F83D30DBB2222BCE
:1056E00040F069817B681B6D002B0FD197F83F302C
:1056F000402B0BD100233B637B681B685B693B63DA
:105700007B681B689B693B633B6B60E17B681B6D3F
:10571000002B1DD17B681B69B3F5404F18D10023C6
:10572000FB627B681B685B69FB627B681B689B692B
:10573000FB62FB6A7B681B681A687B681B6842F423
:1057400080721A607B681B6D5A1C7B681A653EE18B
:105750007B685B8D9BB2002B13D10023BB627B68FF
:105760001B685B69BB627B681B689B69BB62BB6A29
:105770007B681B681A687B681B6842F400721A60B9
:1057800015E17B685B8D9BB2012B40F08A80BB6B7F
:1057900013F5803F37D17B681B681A687B681B68EC
:1057A00022F480621A607B681B685B6803F4006304
:1057B000B3F5006F13D17B681B681A687B681B68A0
:1057C00022F480621A6000237B627B681B685B693D
:1057D0007B627B681B689B697B627B6AE7E00023D6
:1057E0003B627B681B685B693B627B681B689B69EB
:1057F0003B623B6A7B681B681A687B681B6842F4E3
:1058000000721A60D3E0BB6B082B2ED0BB6B202B31
:105810002BD07B6B122B02D1BB6B012B25D1BB6B29
:10582000042B0ED0BB6B022B0BD0BB6B102B08D004
:105830007B681B681A687B681B6822F480621A60A8
:1058400007E07B681B681A687B681B6842F480620B
:105850001A600023FB617B681B685B69FB617B68E6
:105860001B689B69FB61FB69A1E07B681B681A6888
:105870007B681B6822F480621A600023BB617B682E
:105880001B685B69BB617B681B689B69BB61BB690B
:105890007B681B681A687B681B6842F400721A6098
:1058A00085E07B685B8D9BB2022B4DD1BB6B042BDB
:1058B00016D0BB6B022B13D0BB6B102B10D07B68A8
:1058C0001B681A687B681B6822F480621A607B6818
:1058D0001B681A687B681B6842F400621A6007E064
:1058E0007B681B681A687B681B6842F480621A60D8
:1058F0007B681B685B6803F40063B3F5006F17D126
:10590000BB6B13F5803F0BD0BB6B012B08D0BB6B7F
:10591000082B05D0BB6B102B02D0BB6B202B07D103
:105920007B681B685A687B681B6842F480525A6027
:1059300000237B617B681B685B697B617B681B68FC
:105940009B697B617B6932E07B681B681A687B68B6
:105950001B6842F480621A607B681B685B6803F412
:105960000063B3F5006F17D1BB6B13F5803F0BD00D
:10597000BB6B012B08D0BB6B082B05D0BB6B102B6E
:1059800002D0BB6B202B07D17B681B685A687B68F1
:105990001B6842F480525A6000233B617B681B689D
:1059A0005B693B617B681B689B693B613B697B680A
:1059B00000221A650BE00023FB607B681B685B69B3
:1059C000FB607B681B689B69FB60FB68FFE700BFAF
:1059D0004437BD465DF8047B704780B584B000AFA6
:1059E00078607B6893F83D30FB737B685B8D9BB27E
:1059F000002B2BD07B685B6A1A787B681B681A6166
:105A00007B685B6A5A1C7B685A627B685B8D9BB2C1
:105A1000013B9AB27B685A857B685B8D9BB2002BF9
:105A200014D1FB7B292B11D17B681B685A687B68DA
:105A30001B6822F480625A607B6821221A637B68AB
:105A4000282283F83D207868FFF7CFF900BF103790
:105A5000BD4680BD80B483B000AF78607B685B8D4D
:105A60009BB2002B11D07B685B6A1A787B681B683D
:105A70001A617B685B6A5A1C7B685A627B685B8D23
:105A80009BB2013B9AB27B685A8500BF0C37BD467A
:105A90005DF8047B704780B584B000AF78607B68A8
:105AA00093F83D30FB737B685B8D9BB2002B2CD051
:105AB0007B681B681A697B685B6AD2B21A707B6864
:105AC0005B6A5A1C7B685A627B685B8D9BB2013BA8
:105AD0009AB27B685A857B685B8D9BB2002B14D190
:105AE000FB7B2A2B11D17B681B685A687B681B687B
:105AF00022F480625A607B6822221A637B68282223
:105B000083F83D207868FFF77AF900BF1037BD466B
:105B100080BD80B483B000AF78607B685B8D9BB242
:105B2000002B12D07B681B681A697B685B6AD2B253
:105B30001A707B685B6A5A1C7B685A627B685B8D53
:105B40009BB2013B9AB27B685A8500BF0C37BD46B9
:105B50005DF8047B704780B584B000AF7860396031
:105B60000023FB737B6893F83D30DBB203F028031E
:105B7000282B27D17B681B685A687B681B6822F436
:105B800080625A603B689B0803F00103002B01D13F
:105B90000123FB733B68DB0903F00103002B03D1F6
:105BA0007B68DB68BB8102E07B689B69BB817B68AB
:105BB000002283F83C20BA89FB7B19467868FFF7FE
:105BC00028F90EE00023BB607B681B685B69BB6043
:105BD0007B681B689B69BB60BB687B68002283F89D
:105BE0003C2000BF1037BD4680BD000080B584B0AA
:105BF00000AF78607B6893F83D30FB737B681B686F
:105C00005A687B681B6822F4E0625A600023BB601C
:105C10007B681B685B69BB607B681B681A687B6874
:105C20001B6842F001021A60BB687B681B681A6837
:105C30007B681B6822F480621A607B681B685B6863
:105C400003F40063B3F5006F72D1FB7B222B02D00B
:105C5000FB7B2A2B35D17B689B6B1B685B689AB2F8
:105C60007B685A857B685B8D9BB2002B05D07B6877
:105C70001B6C43F004027B681A647B681B685A68DB
:105C80007B681B6822F400625A607B689B6B184635
:105C9000FEF765FB0346012B49D07B689B6B694A85
:105CA0001A657B689B6B1846FEF737FB0346002B93
:105CB0003DD07B689B6B1B6D7A68926B1046984752
:105CC00035E07B685B6B1B685B689AB27B685A85C2
:105CD0007B685B8D9BB2002B05D07B681B6C43F00F
:105CE00004027B681A647B681B685A687B681B68BF
:105CF00022F400625A607B685B6B1846FEF72FFB4C
:105D00000346012B14D07B685B6B4E4A1A657B6897
:105D10005B6B1846FEF701FB0346002B08D07B683F
:105D20005B6B1B6D7A68526B1046984700E000BFB2
:105D30007B685B8D9BB2002B3ED07B681B685B69E8
:105D400003F00403042B12D17B681B681A697B687B
:105D50005B6AD2B21A707B685B6A5A1C7B685A62B3
:105D60007B685B8D9BB2013B9AB27B685A857B68EE
:105D70001B685B6903F04003402B12D17B681B68F2
:105D80001A697B685B6AD2B21A707B685B6A5A1CBC
:105D90007B685A627B685B8D9BB2013B9AB27B68E1
:105DA0005A857B685B8D9BB2002B05D07B681B6C92
:105DB00043F004027B681A647B681B6C002B03D0E1
:105DC000786800F0B7F839E0FB7B2A2B09D17B68B3
:105DD00000221A637B68282283F83D207868FFF749
:105DE0000EF87B6893F83D30DBB2282B11D17B682D
:105DF000154ADA627B6800221A637B68202283F8E6
:105E00003D207B68002283F83E207868FFF70FF87A
:105E100014E07B681B6B222B02D0FB7B222B0DD165
:105E20007B6800221A637B68202283F83D207B6810
:105E3000002283F83E207868FEF7E1FF00BF1037AC
:105E4000BD4680BD996101080000FFFF80B584B0A8
:105E500000AF78607B6893F83D30FB737B68DB6A4A
:105E6000BB60BB68082B02D0BB68202B29D1FB7B11
:105E7000282B26D17B682E4ADA627B681B685A6819
:105E80007B681B6822F4E0625A607B681B686FF4D1
:105E900080625A617B681B681A687B681B6822F401
:105EA00080621A607B6800221A637B68202283F874
:105EB0003D207B68002283F83E207868FEF7B7FF1C
:105EC00031E0FB7B212B29D17B68194ADA627B68A0
:105ED00021221A637B68202283F83D207B68002200
:105EE00083F83E207B681B685A687B681B6822F435
:105EF000E0625A607B681B686FF480625A617B685D
:105F00001B681A687B681B6822F480621A607868D4
:105F1000FEF72AFD7868FEF768FF04E07B681B68DF
:105F20006FF480625A6100BF1037BD4680BD00BF6C
:105F30000000FFFF80B584B000AF78607B6893F805
:105F40003D30FB737B6893F83E30BB73BB7B102BFB
:105F500002D0BB7B402B0AD1FB7B222B07D17B6875
:105F60001B681A687B681B6822F400621A60FB7B5E
:105F700003F02803282B07D17B6800221A637B6873
:105F8000282283F83D2015E07B681B685B6803F4DA
:105F90000063B3F5006F0AD0FB7B602B07D07B68F2
:105FA000202283F83D207B68002283F83E207B6816
:105FB00000221A637B681B685B6803F40063B3F517
:105FC000006F62D17B681B685A687B681B6822F48B
:105FD00000625A607B685B6B93F83530DBB2012B53
:105FE00020D07B685B6B6A4A1A657B685B6B1846DE
:105FF000FEF793F90346002B00F089807B681B684D
:106000001A687B681B6822F001021A607B682022F4
:1060100083F83D207B685B6B1B6D7A68526B104682
:10602000984774E07B689B6B594A1A657B689B6B49
:106030001846FEF772F90346002B68D07B681B6890
:106040005B6903F04003402B0BD17B681B681A6926
:106050007B685B6AD2B21A707B685B6A5A1C7B6889
:106060005A627B681B681A687B681B6822F0010211
:106070001A607B68202283F83D207B689B6B1B6D38
:106080007A68926B1046984741E07B6893F83D3000
:10609000DBB2602B25D17B68202283F83D207B6812
:1060A00000221A647B681B685B6903F04003402B85
:1060B0000BD17B681B681A697B685B6AD2B21A7065
:1060C0007B685B6A5A1C7B685A627B681B681A682B
:1060D0007B681B6822F001021A607868FEF7CFFE29
:1060E00015E07B681B685B6903F04003402B0BD114
:1060F0007B681B681A697B685B6AD2B21A707B681E
:106100005B6A5A1C7B685A627868FEF7AEFE7B6851
:106110001B6CBB60BB6803F00103002B0ED1BB6896
:1061200003F00203002B09D1BB6803F00403002B2A
:1061300004D1BB6803F00803002B07D07B681B6801
:106140005A687B681B6822F4E0625A607B6893F8A7
:106150003D30FB737B681B6C03F00403042B13D1ED
:10616000FB7B282B10D17B680A4ADA627B6800220D
:106170001A637B68202283F83D207B68002283F825
:106180003E207868FEF753FE00BF1037BD4680BD45
:10619000996101080000FFFF80B586B000AF78600C
:1061A0000023FB607B689B6B7B617B6993F83D30D0
:1061B000FB744B4B1B68DB084A4AA2FB03231A0AF9
:1061C00013469B001344DA00D31AFB60FB68002BD4
:1061D00006D17B691B6C43F020027B691A640AE0DC
:1061E000FB68013BFB607B691B681B6803F4007361
:1061F000B3F5007FEAD07B695B6B002B03D07B6932
:106200005B6B0022DA637B699B6B002B03D07B699D
:106210009B6B0022DA637B691B681A687B691B68C9
:1062200022F480621A607B6900225A857B695B6B6D
:10623000002B03D07B695B6B00221A657B699B6B2B
:10624000002B03D07B699B6B00221A657B691B685E
:106250001A687B691B6822F001021A607B6993F857
:106260003D30DBB2602B0ED17B69202283F83D20CC
:106270007B69002283F83E207B6900221A647869DA
:10628000FEF7FDFD27E0FB7C03F02803282B17D148
:106290007B691B681A687B691B6842F001021A60FF
:1062A0007B691B681A687B691B6842F480621A600C
:1062B0007B6900221A637B69282283F83D2007E06E
:1062C0007B69202283F83D207B69002283F83E20F1
:1062D0007869FEF7CAFD00BF1837BD4680BD00BF14
:1062E0005C00002089B5F81480B485B000AF7860F8
:1062F0000023FB60134B1B68DB08134AA2FB03233C
:106300001A0A13469B001344FB60FB68013BFB60C9
:10631000FB68002B07D17B681B6C43F020027B6875
:106320001A64012308E07B681B681B6803F4007390
:10633000B3F5007FE9D0002318461437BD465DF859
:10634000047B70475C00002089B5F81480B483B0EA
:1063500000AF78607B68DB6AB3F52A0F03D17B68F6
:106360000122DA6207E07B68DB6AB3F12A4F02D1CF
:106370007B680822DA6200BF0C37BD465DF8047BFB
:10638000704780B582B000AF78607B68002B01D188
:1063900001237BE07B685B6A002B08D17B685B682C
:1063A000B3F5827F09D07B680022DA6105E07B6863
:1063B00000221A617B6800225A617B6800229A627F
:1063C0007B6893F85130DBB2002B06D17B6800224A
:1063D00083F85020786808F0B1F87B68022283F8CF
:1063E00051207B681B681A687B681B6822F040029A
:1063F0001A607B685B6803F482727B689B6803F4B5
:1064000004431A437B68DB6803F400631A437B6828
:106410001B6903F002031A437B685B6903F0010305
:106420001A437B689B6903F400731A437B68DB693A
:1064300003F038031A437B681B6A03F0800342EAC7
:1064400003017B689B6A03F400527B681B680A4364
:106450001A607B689B691B0C03F004017B685B6A14
:1064600003F010027B681B680A435A607B681B6854
:10647000DA697B681B6822F40062DA617B680022BB
:106480005A657B68012283F851200023184608379B
:10649000BD4680BD80B588B000AFF860B9603B6094
:1064A0001346FB80FEF7D0F8F861FB887B83FB681E
:1064B00093F85130DBB2012B01D002232AE1BB68F3
:1064C000002B02D0FB88002B01D1012322E1FB68C5
:1064D00093F85030012B01D102231BE1FB6801220C
:1064E00083F85020FB68032283F85120FB680022C8
:1064F0005A65FB68BA681A63FB68FA889A86FB6873
:10650000FA88DA86FB6800229A63FB6800229A8781
:10651000FB680022DA87FB6800225A64FB680022CD
:106520001A64FB689B68B3F5004F0FD1FB681B68CA
:106530001A68FB681B6822F040021A60FB681B683F
:106540001A68FB681B6842F480421A60FB681B688B
:106550001B6803F04003402B07D0FB681B681A68D8
:10656000FB681B6842F040021A60FB68DB68B3F509
:10657000006F52D1FB685B68002B02D07B8B012B34
:1065800045D1FB681B6B1A88FB681B68DA60FB68E7
:106590001B6B9A1CFB681A63FB68DB8E9BB2013B8A
:1065A0009AB2FB68DA8632E0FB681B689B6803F0EE
:1065B0000203022B12D1FB681B6B1A88FB681B6855
:1065C000DA60FB681B6B9A1CFB681A63FB68DB8E46
:1065D0009BB2013B9AB2FB68DA8618E0FEF734F80A
:1065E0000246FB69D31A3A689A4203D83B68B3F172
:1065F000FF3F02D13B68002B09D1FB68012283F8E1
:106600005120FB68002283F85020032382E0FB68BE
:10661000DB8E9BB2002BC7D153E0FB685B68002B7D
:1066200002D07B8B012B47D1FB681A6BFB681B6880
:106630000C3312781A70FB681B6B5A1CFB681A63C8
:10664000FB68DB8E9BB2013B9AB2FB68DA8633E0D3
:10665000FB681B689B6803F00203022B13D1FB68E5
:106660001A6BFB681B680C3312781A70FB681B6B83
:106670005A1CFB681A63FB68DB8E9BB2013B9AB223
:10668000FB68DA8618E0FDF7DFFF0246FB69D31AE4
:106690003A689A4203D83B68B3F1FF3F02D13B68A6
:1066A000002B09D1FB68012283F85120FB680022EE
:1066B00083F8502003232DE0FB68DB8E9BB2002B78
:1066C000C6D1FA693968F86800F0D8FB0346002B98
:1066D00002D0FB6820225A65FB689B68002B0AD118
:1066E00000237B61FB681B68DB687B61FB681B68C0
:1066F0009B687B617B69FB68012283F85120FB6802
:10670000002283F85020FB685B6D002B01D0012331
:1067100000E0002318462037BD4680BD80B588B014
:1067200002AFF860B9603B601346FB80FB6893F8EA
:106730005130DBB2012B01D0022304E1BB68002BF6
:1067400002D0FB88002B01D10123FCE0FB685B68D1
:10675000B3F5827F12D1FB689B68002B0ED1FB68DA
:10676000042283F85120FA883B6800931346BA68E4
:10677000B968F86800F0EBF80346E4E0FDF764FF61
:106780007861FB6893F85030012B01D10223DAE0E5
:10679000FB68012283F85020FB68042283F8512013
:1067A000FB6800225A65FB68BA689A63FB68FA883E
:1067B0009A87FB68FA88DA87FB6800221A63FB680D
:1067C00000229A86FB680022DA86FB6800221A649F
:1067D000FB6800225A64FB689B68B3F5004F0FD139
:1067E000FB681B681A68FB681B6822F040021A608D
:1067F000FB681B681A68FB681B6822F480421A60F9
:10680000FB681B681B6803F04003402B07D0FB6844
:106810001B681A68FB681B6842F040021A60FB683C
:10682000DB68002B70D135E0FB681B689B6803F0C8
:106830000103012B15D1FB681B6803F10C02FB68F7
:106840009B6B1278D2B21A70FB689B6B5A1CFB6868
:106850009A63FB68DB8F9BB2013B9AB2FB68DA87D5
:1068600018E0FDF7F1FE02467B69D31A3A689A42B6
:1068700003D83B68B3F1FF3F02D13B68002B09D13D
:10688000FB68012283F85120FB68002283F8502026
:10689000032358E0FB68DB8F9BB2002BC4D138E0A8
:1068A000FB681B689B6803F00103012B13D1FB6895
:1068B0001B68DA68FB689B6B92B21A80FB689B6B63
:1068C0009A1CFB689A63FB68DB8F9BB2013B9AB210
:1068D000FB68DA8718E0FDF7B7FE02467B69D31A3A
:1068E0003A689A4203D83B68B3F1FF3F02D13B6854
:1068F000002B09D1FB68012283F85120FB6800229C
:1069000083F8502003231EE0FB68DB8F9BB2002B33
:10691000C6D17A693968F86800F04AFA0346002B54
:1069200002D0FB6820225A65FB68012283F85120BF
:10693000FB68002283F85020FB685B6D002B01D0C0
:10694000012300E0002318461837BD4680BD80B5FE
:106950008AB000AFF860B9607A607B8001237B6207
:10696000FDF772FE3862FB6893F85130FB77FB68E5
:106970005B68BB617B88FB82FB7F012B0CD0BB6912
:10698000B3F5827F06D1FB689B68002B02D1FB7FA9
:10699000042B01D002237FE1BB68002B05D07B686C
:1069A000002B02D07B88002B01D1012374E1FB680E
:1069B00093F85030012B01D102236DE1FB680122D5
:1069C00083F85020FB6893F85130DBB2042B03D0DE
:1069D000FB68052283F85120FB6800225A65FB689A
:1069E0007A689A63FB687A88DA87FB687A889A877C
:1069F000FB68BA681A63FB687A88DA86FB687A886B
:106A00009A86FB6800221A64FB6800225A64FB68BD
:106A10001B681B6803F04003402B07D0FB681B6812
:106A20001A68FB681B6842F040021A60FB68DB686A
:106A3000B3F5006F7ED1FB685B68002B02D0FB8A48
:106A4000012B6CD1FB681B6B1A88FB681B68DA6032
:106A5000FB681B6B9A1CFB681A63FB68DB8E9BB29E
:106A6000013B9AB2FB68DA8659E0FB681B689B68B9
:106A700003F00203022B1BD1FB68DB8E9BB2002BC1
:106A800016D07B6A012B13D1FB681B6B1A88FB683D
:106A90001B68DA60FB681B6B9A1CFB681A63FB6857
:106AA000DB8E9BB2013B9AB2FB68DA8600237B62E5
:106AB000FB681B689B6803F00103012B19D1FB687D
:106AC000DB8F9BB2002B14D0FB681B68DA68FB6875
:106AD0009B6B92B21A80FB689B6B9A1CFB689A6353
:106AE000FB68DB8F9BB2013B9AB2FB68DA8701231C
:106AF0007B62FDF7A9FD02463B6AD31A3A6B9A42C4
:106B00000DD83B6BB3F1FF3F09D0FB68012283F83E
:106B10005120FB68002283F850200323BCE0FB686F
:106B2000DB8E9BB2002BA0D1FB68DB8F9BB2002BCE
:106B30009BD182E0FB685B68002B02D0FB8A012BB3
:106B400071D1FB681A6BFB681B680C3312781A70E2
:106B5000FB681B6B5A1CFB681A63FB68DB8E9BB2DD
:106B6000013B9AB2FB68DA865DE0FB681B689B68B4
:106B700003F00203022B1CD1FB68DB8E9BB2002BBF
:106B800017D07B6A012B14D1FB681A6BFB681B685A
:106B90000C3312781A70FB681B6B5A1CFB681A6363
:106BA000FB68DB8E9BB2013B9AB2FB68DA8600235E
:106BB0007B62FB681B689B6803F00103012B19D102
:106BC000FB68DB8F9BB2002B14D0FB681B68DA6874
:106BD000FB689B6BD2B21A70FB689B6B5A1CFB68FC
:106BE0009A63FB68DB8F9BB2013B9AB2FB68DA8742
:106BF00001237B62FDF728FD02463B6AD31A3A6BFC
:106C00009A4203D83B6BB3F1FF3F02D13B6B002BA1
:106C100009D1FB68012283F85120FB68002283F828
:106C20005020032338E0FB68DB8E9BB2002B9CD105
:106C3000FB68DB8F9BB2002B97D13A6A396BF868FF
:106C400000F01CF90346002B08D0FB6820225A658F
:106C5000FB68002283F8502001231DE0FB689B683D
:106C6000002B0AD100233B61FB681B68DB683B619A
:106C7000FB681B689B683B613B69FB68012283F8EA
:106C80005120FB68002283F85020FB685B6D002BCD
:106C900001D0012300E0002318462837BD4680BDFF
:106CA00080B588B000AFF860B9603B601346FB71F7
:106CB000FDF7CAFC0246BB6A9B1A3A681344FB61A3
:106CC000FDF7C2FCB861394B1B685B011B0DFA690B
:106CD00002FB03F37B6155E03B68B3F1FF3F51D00A
:106CE000FDF7B2FC0246BB69D31AFA699A4202D98F
:106CF000FB69002B3DD1FB681B685A68FB681B6869
:106D000022F0E0025A60FB685B68B3F5827F11D124
:106D1000FB689B68B3F5004F04D0FB689B68B3F534
:106D2000806F07D1FB681B681A68FB681B6822F03C
:106D300040021A60FB689B6AB3F5005F0FD1FB68E5
:106D40001B681A68FB681B6822F400521A60FB6813
:106D50001B681A68FB681B6842F400521A60FB68E3
:106D6000012283F85120FB68002283F8502003237E
:106D700018E07B69002B02D10023FB6102E07B69F4
:106D8000013B7B61FB681B689A68BB681340BA686B
:106D90009A420CBF01230023DBB21A46FB799A42C8
:106DA0009AD1002318462037BD4680BD5C000020E4
:106DB00080B586B002AFF860B9607A60FB685B6846
:106DC000B3F5827F11D1FB689B68B3F5004F04D007
:106DD000FB689B68B3F5806F07D1FB681B681A6876
:106DE000FB681B6822F040021A60FB685B68B3F521
:106DF000827F2AD1FB689B68B3F5806F12D07B68D5
:106E00000093BB6800228021F868FFF749FF034622
:106E1000002B2DD0FB685B6D43F02002FB685A65A8
:106E2000032326E07B680093BB6800220121F868F9
:106E3000FFF736FF0346002B1AD0FB685B6D43F06B
:106E40002002FB685A65032313E07B680093BB684C
:106E500000220121F868FFF723FF0346002B07D02B
:106E6000FB685B6D43F02002FB685A65032300E07A
:106E7000002318461037BD4680BD000080B588B09D
:106E800002AFF860B9607A607B680093BB6801224A
:106E90000221F868FFF704FF0346002B07D0FB68C8
:106EA0005B6D43F02002FB685A65032332E01B4B05
:106EB0001B681B4AA2FB03235B0D4FF47A7202FB93
:106EC00003F37B61FB685B68B3F5827F12D17B685B
:106ED0000093BB6800228021F868FFF7E1FE0346BB
:106EE000002B16D0FB685B6D43F02002FB685A65EF
:106EF00003230FE07B69002B0AD07B69013B7B6198
:106F0000FB681B689B6803F08003802BF2D000E0D5
:106F100000BF002318461837BD4680BD5C00002026
:106F2000819F5E1680B582B000AF78607B68002BD1
:106F300001D1012342E07B6893F84130DBB2002BA2
:106F400006D17B68002283F84020786807F040FF74
:106F50007B68242283F841207B681B68DA687B68A1
:106F60001B6822F40052DA60786800F0FBFD7B6851
:106F70001B681A697B681B6822F490421A617B685F
:106F80001B685A697B681B6822F02A025A617B6879
:106F90001B68DA687B681B6842F40052DA607B6821
:106FA00000225A647B68202283F841207B682022DB
:106FB00083F842207B6800225A6300231846083772
:106FC000BD4680BD80B582B000AF78607B68002B85
:106FD00001D1012324E07B68242283F841207B68CF
:106FE0001B68DA687B681B6822F40052DA607868F4
:106FF00007F0B8FF7B6800225A647B68002283F8A0
:1070000041207B68002283F842207B6800221A63BB
:107010007B6800225A637B68002283F840200023AB
:1070200018460837BD4680BD80B58AB002AFF8600B
:10703000B9603B601346FB8000237B61FB6893F8DB
:107040004130DBB2202B75D1BB68002B02D0FB880E
:10705000002B01D101236EE0FB6800225A64FB681B
:10706000212283F84120FDF7EFFA7861FB68FA8866
:107070009A84FB68FA88DA84FB689B68B3F5805FC2
:1070800008D1FB681B69002B04D10023FB61BB689E
:10709000BB6103E0BB68FB610023BB612EE03B6882
:1070A00000937B6900228021F86800F02DFB0346E5
:1070B000002B05D0FB68202283F8412003233AE00F
:1070C000FB69002B0BD1BB691B881A46FB681B6848
:1070D000C2F308025A60BB690233BB6107E0FB6977
:1070E0001A78FB681B685A60FB690133FB61FB6817
:1070F000DB8C9BB2013B9AB2FB68DA84FB68DB8CC9
:107100009BB2002BCBD13B6800937B6900224021CE
:10711000F86800F0F9FA0346002B05D0FB6820223E
:1071200083F84120032306E0FB68202283F84120F6
:10713000002300E0022318462037BD4680BD80B5FD
:1071400084B000AFF860B9601346FB80FB6893F829
:107150004230DBB2202B12D1BB68002B02D0FB885F
:10716000002B01D101230BE0FB6800221A63FB888E
:107170001A46B968F86800F020FB034600E00223D5
:1071800018461037BD4680BD80B5BAB000AF7860F4
:107190007B681B681B68C7F8E4307B681B68DB688A
:1071A000C7F8E0307B681B685B69C7F8DC300023F8
:1071B000C7F8D8300023C7F8D430D7F8E43003F04C
:1071C0000F03C7F8D830D7F8D830002B0FD1D7F835
:1071D000E43003F02003002B09D0D7F8E03003F0AF
:1071E0002003002B03D0786800F0FDFB73E2D7F892
:1071F000D830002B00F0DE80D7F8DC3003F001033C
:10720000002B06D1D7F8E03003F49073002B00F088
:10721000D180D7F8E43003F00103002B0BD0D7F86E
:10722000E03003F48073002B05D07B685B6C43F087
:1072300001027B685A64D7F8E43003F00403002BA2
:107240000BD0D7F8DC3003F00103002B05D07B68AE
:107250005B6C43F002027B685A64D7F8E43003F0B9
:107260000203002B0BD0D7F8DC3003F00103002B16
:1072700005D07B685B6C43F004027B685A64D7F8E6
:10728000E43003F00803002B11D0D7F8E03003F00E
:107290002003002B05D1D7F8DC3003F00103002BCD
:1072A00005D07B685B6C43F008027B685A647B689E
:1072B0005B6C002B00F00A82D7F8E43003F0200367
:1072C000002B08D0D7F8E03003F02003002B02D0C9
:1072D000786800F088FB7B681B685B6903F04003FB
:1072E000402B0CBF01230023DBB2C7F8D4307B68EE
:1072F0005B6C03F00803002B03D1D7F8D430002BCC
:107300004FD0786800F093FA7B681B685B6903F0E4
:107310004003402B41D17B681B681433C7F89C3075
:10732000D7F89C3053E8003FC7F89830D7F898302A
:1073300023F04003C7F8D0307B681B681433D7F8BC
:10734000D020C7F8A820C7F8A430D7F8A410D7F8E1
:10735000A82041E80023C7F8A030D7F8A030002BC0
:10736000D9D17B68DB6B002B13D07B68DB6B8A4A3F
:107370001A657B68DB6B1846FCF7CFFF0346002BD2
:1073800016D07B68DB6B1B6D7A68D26B1046984712
:107390000EE0786808F03EFA0AE0786808F03AFAF9
:1073A00006E0786808F036FA7B6800225A648DE1BE
:1073B00000BF8BE17B681B6B012B40F06781D7F826
:1073C000E43003F01003002B00F06081D7F8E030C8
:1073D00003F01003002B00F059810023BB607B6891
:1073E0001B681B68BB607B681B685B68BB60BB6815
:1073F0007B681B685B6903F04003402B40F0CE8044
:107400007B68DB6B1B685B68A7F8BE30B7F8BE30E3
:10741000002B00F0A9807B689B8DB7F8BE209A42B4
:1074200080F0A2807B68B7F8BE20DA857B68DB6BD2
:10743000DB69B3F5807F00F088807B681B680C33C4
:10744000C7F88830D7F8883053E8003FC7F8843051
:10745000D7F8843023F48073C7F8B8307B681B6892
:107460000C33D7F8B820C7F89420C7F89030D7F875
:107470009010D7F8942041E80023C7F88C30D7F853
:107480008C30002BD9D17B681B6814337B677B6FF2
:1074900053E8003F3B673B6F23F00103C7F8B4306C
:1074A0007B681B681433D7F8B420C7F88020FB67CB
:1074B000F96FD7F8802041E80023BB67BB6F002B32
:1074C000E1D17B681B6814333B663B6E53E8003F99
:1074D000FB65FB6D23F04003C7F8B0307B681B6889
:1074E0001433D7F8B020FA66BB66B96EFA6E41E87D
:1074F00000237B667B6E002BE3D17B68202283F820
:1075000042207B6800221A637B681B680C33FB6493
:10751000FB6C53E8003FBB64BB6C23F01003C7F85F
:10752000AC307B681B680C33D7F8AC20BA657B6540
:10753000796DBA6D41E800233B653B6D002BE3D1CB
:107540007B68DB6B1846FCF778FE7B6802225A6387
:107550007B689A8D7B68DB8D9BB2D31A9BB21946F0
:10756000786800F0C5F8B3E07B689B8DB7F8BE2063
:107570009A4240F0AD807B68DB6BDB69B3F5807FBE
:1075800040F0A6807B6802225A637B689B8D194677
:10759000786800F0ADF89BE0F57801087B689A8D7B
:1075A0007B68DB8D9BB2D31AA7F8CE307B68DB8D6E
:1075B0009BB2002B00F08E80B7F8CE30002B00F08D
:1075C00089807B681B680C33BB63BB6B53E8003F4F
:1075D0007B637B6B23F49073C7F8C8307B681B68B0
:1075E0000C33D7F8C8207A643B64396C7A6C41E874
:1075F0000023FB63FB6B002BE3D17B681B68143318
:107600007B627B6A53E8003F3B623B6A23F00103E5
:10761000C7F8C4307B681B681433D7F8C4203A63BA
:10762000FB62F96A3A6B41E80023BB62BB6A002B3C
:10763000E3D17B68202283F842207B6800221A6312
:107640007B681B680C333B613B6953E8003FFB6080
:10765000FB6823F01003C7F8C0307B681B680C334D
:10766000D7F8C020FA61BB61B969FA6941E8002323
:107670007B617B69002BE3D17B6802225A63B7F8F8
:10768000CE301946786800F033F823E0D7F8E430BC
:1076900003F08003002B09D0D7F8E03003F080031B
:1076A000002B03D0786800F036F914E0D7F8E43006
:1076B00003F04003002B0ED0D7F8E03003F0400376
:1076C000002B08D0786800F076F904E000BF02E0F3
:1076D00000BF00E000BFE837BD4680BD80B483B086
:1076E00000AF786000BF0C37BD465DF8047B704783
:1076F00080B483B000AF78600B467B8000BF0C374E
:10770000BD465DF8047B704780B586B000AFF86079
:10771000B9603B601346FB713BE03B6AB3F1FF3F4E
:1077200037D0FCF791FF02463B68D31A3A6A9A4277
:1077300002D33B6A002B01D103233AE0FB681B68AC
:10774000DB6803F00403002B23D0BB68802B20D020
:10775000BB68402B1DD0FB681B681B6803F0080347
:10776000082B16D100237B61FB681B681B687B61BB
:10777000FB681B685B687B617B69F86800F057F801
:10778000FB6808225A64FB68002283F8402001232A
:107790000FE0FB681B681A68BB681340BA689A421E
:1077A0000CBF01230023DBB21A46FB799A42B4D006
:1077B000002318461837BD4680BD80B485B000AFA1
:1077C000F860B9601346FB80FB68BA689A62FB6890
:1077D000FA889A85FB68FA88DA85FB6800225A6481
:1077E000FB68222283F84220FB681B69002B07D02C
:1077F000FB681B68DA68FB681B6842F48072DA6019
:10780000FB681B685A69FB681B6842F001025A61F9
:10781000FB681B68DA68FB681B6842F02002DA60CC
:10782000002318461437BD465DF8047B704780B4CA
:1078300095B000AF78607B681B680C337B637B6B13
:1078400053E8003F3B633B6B23F49073FB647B681E
:107850001B680C33FA6C3A64FB63F96B3A6C41E8D1
:107860000023BB63BB6B002BE5D17B681B68143323
:107870003B623B6A53E8003FFB61FB6923F0010375
:10788000BB647B681B681433BA6CFA62BB62B96A6A
:10789000FA6A41E800237B627B6A002BE5D17B68B2
:1078A0001B6B012B19D17B681B680C33FB60FB68D9
:1078B00053E8003FBB60BB6823F010037B647B6828
:1078C0001B680C337A6CBA617B617969BA6941E8EB
:1078D00000233B613B69002BE5D17B68202283F8C4
:1078E00042207B6800221A6300BF5437BD465DF812
:1078F000047B704780B584B000AF78607B689B6B79
:10790000FB60FB680022DA85F86807F083FF00BFA0
:107910001037BD4680BD80B485B000AF78607B680D
:1079200093F84130DBB2212B3ED17B689B68B3F5E5
:10793000805F14D17B681B69002B10D17B681B6AA8
:10794000FB60FB681B881A467B681B68C2F3080251
:107950005A607B681B6A9A1C7B681A6208E07B6825
:107960001B6A591C7A6811621A787B681B685A6016
:107970007B68DB8C9BB2013B9BB27A681946D18451
:10798000002B0FD17B681B68DA687B681B6822F0CC
:107990008002DA607B681B68DA687B681B6842F0EB
:1079A0004002DA60002300E0022318461437BD4687
:1079B0005DF8047B704780B582B000AF78607B686B
:1079C0001B68DA687B681B6822F04002DA607B681B
:1079D000202283F841207868FFF780FE00231846B4
:1079E0000837BD4680BD80B58CB000AF78600023FD
:1079F000FB620023BB627B6893F84230DBB2222B30
:107A000040F0AA807B689B68B3F5805F15D17B68E6
:107A10001B69002B11D17B689B6ABB627B681B686A
:107A20005B689BB2C3F308039AB2BB6A1A807B6897
:107A30009B6A9A1C7B689A6224E07B689B6AFB6263
:107A40007B689B68B3F5805F07D07B689B68002BE1
:107A50000AD17B681B69002B06D17B681B685B68B9
:107A6000DAB2FB6A1A7008E07B681B685B68DBB2FD
:107A700003F07F03DAB2FB6A1A707B689B6A5A1CB8
:107A80007B689A627B68DB8D9BB2013B9BB27A6814
:107A90001946D185002B5DD17B681B68DA687B684D
:107AA0001B6822F02002DA607B681B68DA687B685A
:107AB0001B6822F48072DA607B681B685A697B68F5
:107AC0001B6822F001025A617B68202283F8422061
:107AD0007B6800225A637B681B6B012B35D17B6866
:107AE00000221A637B681B680C337B617B6953E857
:107AF000003F3B613B6923F010037B627B681B689E
:107B00000C337A6A3A62FB61F9693A6A41E8002308
:107B1000BB61BB69002BE5D17B681B681B6803F068
:107B20001003102B0AD10023FB607B681B681B68C5
:107B3000FB607B681B685B68FB60FB687B689B8DF8
:107B400019467868FFF7D4FD02E0786807F006FE72
:107B5000002302E0002300E0022318463037BD4630
:107B600080BD00002DE9B04FC0B000AFC7F8F400F1
:107B7000D7F8F4301B681B6923F44050D7F8F43071
:107B8000D968D7F8F4301A6840EA01031361D7F8CE
:107B9000F4309A68D7F8F4301B691A43D7F8F430F8
:107BA0005B691A43D7F8F430DB691343C7F8F83040
:107BB000D7F8F4301B68DB6823F4164121F00C0180
:107BC000D7F8F4301A68D7F8F8300B43D360D7F8F9
:107BD000F4301B685B6923F44070D7F8F43099697E
:107BE000D7F8F4301A6840EA01035361D7F8F4304B
:107BF0001A688F4B9A4205D0D7F8F4301A688D4B2B
:107C00009A4204D1FBF7F0FFC7F8FC0003E0FBF752
:107C1000D7FFC7F8FC00D7F8F430DB69B3F5004FA5
:107C200040F00C81D7F8FC300022C7F8E830C7F8E4
:107C3000EC20D7E93A4522462B469118B9655B41BD
:107C4000FB65D7E91623214612EB0108294643EBD1
:107C500001094FF000024FF000034FEAC90343EA65
:107C600058734FEAC80290469946234618EB03031F
:107C7000C7F8E0302B4649EB0303C7F8E430D7F8E8
:107C8000F4305B680022C7F8D830C7F8DC20D7E9A9
:107C900036120B46DB183B65134642EB03037B654C
:107CA000D7E91423D7E93801F8F758FE02460B4606
:107CB000614BA3FB02235B091C01D7F8FC300022B7
:107CC000C7F8D030C7F8D420D7E9348942464B46AC
:107CD0009118B9645B41FB64D7E91223414612EB6A
:107CE000010A494643EB010B4FF000024FF000033D
:107CF0004FEACB0343EA5A734FEACA0292469B46C5
:107D000043461AEB0303C7F8C8304B464BEB03035B
:107D1000C7F8CC30D7F8F4305B680022C7F8C03021
:107D2000C7F8C420D7E930120B46DB183B64134672
:107D300042EB03037B64D7E91023D7E93201F8F75C
:107D40000DFE02460B4611463B4BA3FB01235B098C
:107D5000642202FB03F3CB1ADB0003F13202364B41
:107D6000A3FB02235B095B0003F4F8731C44D7F800
:107D7000FC300022C7F8B830C7F8BC20D7E92E89FC
:107D800042464B469118B9635B41FB63D7E90E232A
:107D900041465118396349464B417B634FF000021D
:107DA0004FF00003D7E90CAB5946CB00514643EAEC
:107DB00051735146CA0010461946034642469B1865
:107DC000C7F8B0304B460A4642EB0303C7F8B4305D
:107DD000D7F8F4305B680022C7F8A830C7F8AC20A9
:107DE000D7E92A120B46DB18BB62134642EB0303AA
:107DF000FB62D7E90A23D7E92C01F8F7AFFD024669
:107E00000B460D4BA3FB02135B09642101FB03F33B
:107E1000D31ADB003233084AA2FB03235B0903F0C9
:107E20000702D7F8F4301B6822449A6006E100BFCD
:107E300000100140001401401F85EB51D7F8FC30C1
:107E40000022C7F8A030C7F8A420D7E92889424605
:107E50004B46911839625B417B62D7E90823414662
:107E60005418494643EB01054FF000024FF0000360
:107E7000EB0043EA5473E20014461D464346E31800
:107E8000C7F898304B4645EB0303C7F89C30D7F84A
:107E9000F4305B680022C7F89030C7F894204FF0A8
:107EA00000024FF00003D7E9244529468B00214604
:107EB00043EA917321468A00D7E92601F8F74EFD7F
:107EC00002460B46604BA3FB02235B091C01D7F85B
:107ED000FC300022C7F88830C7F88C20D7E9228907
:107EE00042464B469118B9615B41FB61D7E90623D5
:107EF00041465118396149464B417B614FF00002C0
:107F00004FF00003D7E904AB5946CB00514643EA92
:107F100051735146CA0010461946034642469B1803
:107F2000C7F880304B460A4642EB0303C7F884305B
:107F3000D7F8F4305B680022BB67FA674FF00002A5
:107F40004FF00003D7E91E8949468B00414643EABA
:107F5000917341468A00D7E92001F8F7FFFC0246F9
:107F60000B461146384BA3FB01235B09642202FB3D
:107F700003F3CB1A1B013233334AA2FB03235B0901
:107F800003F0F0031C44D7F8FC3000223B677A670B
:107F9000D7E91C8942464B469118B9605B41FB60AA
:107FA000D7E9022341465118396049464B417B606D
:107FB0004FF000024FF00003D7E900AB5946CB0069
:107FC000514643EA51735146CA00104619460346CA
:107FD00042469B18BB664B460A4642EB0303FB66D0
:107FE000D7F8F4305B6800223B667A664FF00002F7
:107FF0004FF00003D7E9188949468B00414643EA10
:10800000917341468A00D7E91A01F8F7A7FC0246A6
:108010000B460D4BA3FB02135B09642101FB03F329
:10802000D31A1B013233084AA2FB03235B0903F076
:108030000F02D7F8F4301B6822449A6000BF07F59E
:108040008077BD46BDE8B08F1F85EB5180B483B00B
:1080500000AF78607B6803F108027B685A607B6838
:108060004FF0FF329A607B6803F108027B68DA60A8
:108070007B6803F108027B681A617B6800221A6042
:1080800000BF0C37BD465DF8047B704780B483B0F9
:1080900000AF78607B6800221A6100BF0C37BD46D4
:1080A0005DF8047B704780B485B000AF78603960BC
:1080B0007B685B68FB603B68FA685A60FB689A689B
:1080C0003B689A60FB689B683A685A60FB683A684C
:1080D0009A603B687A681A617B681B685A1C7B68E7
:1080E0001A6000BF1437BD465DF8047B704780B44A
:1080F00085B000AF786039603B681B68BB60BB68C7
:10810000B3F1FF3F03D17B681B69FB600CE07B6828
:108110000833FB6002E0FB685B68FB60FB685B6840
:108120001B68BA689A42F6D2FB685A683B685A6084
:108130003B685B683A689A603B68FA689A60FB68DB
:108140003A685A603B687A681A617B681B685A1CF7
:108150007B681A6000BF1437BD465DF8047B70472A
:1081600080B485B000AF78607B681B69FB607B687A
:108170005B687A6892689A607B689B687A685268E4
:108180005A60FB685B687A689A4203D17B689A6898
:10819000FB685A607B6800221A61FB681B685A1EE4
:1081A000FB681A60FB681B6818461437BD465DF80B
:1081B000047B704780B584B000AF786039607B681D
:1081C000FB60FB68002B0BD14FF0500383F3118849
:1081D000BFF36F8FBFF34F8FBB6000BF00BFFDE7E2
:1081E00002F09AFAFB681A68FB68DB6BF968096CA5
:1081F00001FB03F31A44FB689A60FB6800229A6350
:10820000FB681A68FB685A60FB681A68FB68DB6BDE
:10821000013BF968096C01FB03F31A44FB68DA605F
:10822000FB68FF2283F84420FB68FF2283F8452087
:108230003B68002B14D1FB681B69002B1AD0FB682C
:108240001033184601F02AFA0346002B12D00D4BCA
:108250004FF080521A60BFF34F8FBFF36F8F09E06A
:10826000FB6810331846FFF7F1FEFB68243318460D
:10827000FFF7ECFE02F082FA012318461037BD46E4
:1082800080BD00BF04ED00E080B58EB002AFF860A5
:10829000B9607A603B60FB68002B0BD14FF0500354
:1082A00083F31188BFF36F8FBFF34F8FBB6200BFA3
:1082B00000BFFDE73B68002B0BD14FF0500383F369
:1082C0001188BFF36F8FBFF34F8F7B6200BF00BF7A
:1082D000FDE77B68002B02D0BB68002B01D0012397
:1082E00000E00023002B0BD14FF0500383F31188E3
:1082F000BFF36F8FBFF34F8F3B6200BF00BFFDE73F
:108300007B68002B02D1BB68002B01D1012300E068
:108310000023002B0BD14FF0500383F31188BFF3E0
:108320006F8FBFF34F8FFB6100BF00BFFDE7482396
:108330007B617B69482B0BD04FF0500383F311888E
:10834000BFF36F8FBFF34F8FBB6100BF00BFFDE76F
:108350007B693B68FB62FB6A002B0DD0FB6A012244
:1083600083F8462097F83820FB6A009313467A6812
:10837000B968F86800F040F8FB6A18463037BD4627
:1083800080BD80B58AB002AFF860B9601346FB715A
:10839000FB68002B0BD14FF0500383F31188BFF320
:1083A0006F8FBFF34F8F3B6100BF00BFFDE7FB68DE
:1083B000BA6802FB03F3FB61FB694833184601F01E
:1083C00089FEB861BB69002B11D0BB697B617B69F9
:1083D00048337B61BB69002283F84620FA79BB6988
:1083E000009313467A69B968F86800F005F8BB692C
:1083F00018462037BD4680BD80B584B000AFF86018
:10840000B9607A60FB70BB68002B03D1BB69BA69A5
:108410001A6002E0BB697A681A60BB69FA68DA63BD
:10842000BB69BA681A640121B869FFF7C3FE00BFCF
:108430001037BD4680BD80B582B000AF78607B68E4
:10844000002B0ED07B6800229A607B6800221A60A5
:108450007B680022DA60002300220021786800F0A7
:1084600037F800BF0837BD4680BD80B586B000AF85
:108470000346FB7101237B6100233B61FB791A46B4
:1084800039697869FFF77DFFF860F868FFF7D3FF77
:10849000FB6818461837BD4680BD80B588B002AF6E
:1084A00003463960FB7101237B6100233B61FB794B
:1084B00000933B68002239697869FFF7E5FEF860B0
:1084C000F868FFF7B8FFFB6818461837BD4680BD4F
:1084D00080B58EB000AFF860B9607A603B60002371
:1084E0007B63FB683B633B6B002B0BD14FF050036E
:1084F00083F31188BFF36F8FBFF34F8FBB6200BF51
:1085000000BFFDE7BB68002B03D13B6B1B6C002B4E
:1085100001D1012300E00023002B0BD14FF05003C9
:1085200083F31188BFF36F8FBFF34F8F7B6200BF60
:1085300000BFFDE73B68022B03D13B6BDB6B012BDC
:1085400001D1012300E00023002B0BD14FF0500399
:1085500083F31188BFF36F8FBFF34F8F3B6200BF70
:1085600000BFFDE701F062FA0346002B02D17B68F1
:10857000002B01D1012300E00023002B0BD14FF091
:10858000500383F31188BFF36F8FBFF34F8FFB61ED
:1085900000BF00BFFDE702F0BFF83B6B9A6B3B6B7F
:1085A000DB6B9A4202D33B68022B29D13A68B96847
:1085B000386B00F0C9FAF8623B6B5B6A002B10D095
:1085C0003B6B2433184601F069F80346002B13D0A7
:1085D0003F4B4FF080521A60BFF34F8FBFF36F8F46
:1085E0000AE0FB6A002B07D0394B4FF080521A602B
:1085F000BFF34F8FBFF36F8F02F0C0F8012363E02A
:108600007B68002B03D102F0B9F800235CE07B6BA0
:10861000002B06D107F11403184601F0A3F801233B
:108620007B6302F0ABF800F025FE02F075F83B6BBF
:1086300093F844305BB2B3F1FF3F03D13B6B0022B0
:1086400083F844203B6B93F845305BB2B3F1FF3FB6
:1086500003D13B6B002283F8452002F08FF83A1DCE
:1086600007F114031146184601F092F80346002B57
:1086700024D1386B00F060FB0346002B18D03B6B15
:1086800010337A681146184600F0E2FF386B00F0AC
:10869000EBFA00F0FDFD0346002B7FF47CAF0C4BA2
:1086A0004FF080521A60BFF34F8FBFF36F8F72E7A6
:1086B000386B00F0D9FA00F0EBFD6CE7386B00F096
:1086C000D3FA00F0E5FD002318463837BD4680BDDB
:1086D00004ED00E080B58EB000AF786039607B6853
:1086E0003B633B6B002B0BD14FF0500383F311889E
:1086F000BFF36F8FBFF34F8F3B6200BF00BFFDE73B
:108700003B6B1B6C002B0BD04FF0500383F3118895
:10871000BFF36F8FBFF34F8FFB6100BF00BFFDE75B
:108720003B6B1B68002B03D13B6B9B68002B01D17B
:10873000012300E00023002B0BD14FF0500383F303
:108740001188BFF36F8FBFF34F8FBB6100BF00BFB6
:10875000FDE702F0C1F8EFF311824FF0500383F30D
:108760001188BFF36F8FBFF34F8F7A613B617B69D5
:10877000FB623B6B9B6BBB623B6BDB6BBA6A9A42E7
:108780002BD23B6B93F8453087F82730BB6A5A1CD5
:108790003B6B9A6397F92730B3F1FF3F12D13B6BE4
:1087A0005B6A002B16D03B6B2433184600F076FF33
:1087B0000346002B0ED03B68002B0BD03B680122F8
:1087C0001A6007E097F827300133DBB25AB23B6BEF
:1087D00083F8452001237B6301E000237B63FB6A70
:1087E000FB60FB6883F3118800BF7B6B184638374A
:1087F000BD4680BD80B58EB000AF78603960002383
:108800007B637B68FB6200233B63FB6A002B0BD11D
:108810004FF0500383F31188BFF36F8FBFF34F8F77
:108820003B6200BF00BFFDE7FB6A1B6C002B0BD057
:108830004FF0500383F31188BFF36F8FBFF34F8F57
:10884000FB6100BF00BFFDE701F0F0F80346002B1D
:1088500002D13B68002B01D1012300E00023002B53
:108860000BD14FF0500383F31188BFF36F8FBFF329
:108870004F8FBB6100BF00BFFDE701F04DFFFB6AFA
:108880009B6BBB62BB6A002B24D0BB6A5A1EFB6A7F
:108890009A63FB6A1B68002B04D101F073FA02464D
:1088A000FB6A9A60FB6A1B69002B0FD0FB6A1033CE
:1088B000184600F0F3FE0346002B07D0544B4FF050
:1088C00080521A60BFF34F8FBFF36F8F01F056FFD6
:1088D000012398E03B68002B12D13B6B002B0BD09F
:1088E0004FF0500383F31188BFF36F8FBFF34F8FA7
:1088F0007B6100BF00BFFDE701F040FF002382E085
:108900007B6B002B06D107F10C03184600F02AFF01
:1089100001237B6301F032FF00F0ACFC01F0FCFEB0
:10892000FB6A93F844305BB2B3F1FF3F03D1FB6ABB
:10893000002283F84420FB6A93F845305BB2B3F120
:10894000FF3F03D1FB6A002283F8452001F016FFA8
:108950003A4607F10C031146184600F019FF03468A
:10896000002B32D1F86A00F0D1F90346002B26D053
:10897000FB6A1B68002B09D101F0CEFEFB6A9B68E5
:10898000184601F071F8386301F0F8FEFB6A2433F1
:108990003A681146184600F05BFEF86A00F064F988
:1089A00000F076FC0346002B7FF467AF184B4FF0C6
:1089B00080521A60BFF34F8FBFF36F8F5DE7F86A85
:1089C00000F052F900F064FC57E7F86A00F04CF947
:1089D00000F05EFCF86A00F099F90346002B3FF4C2
:1089E0004CAF3B6B002B0DD001F096FEF86A00F007
:1089F00093F87862FB6A9B68796A184601F032F94D
:108A000001F0BCFE002318463837BD4680BD00BFCC
:108A100004ED00E080B58EB000AFF860B9607A6018
:108A2000FB683B633B6B002B0BD14FF0500383F390
:108A30001188BFF36F8FBFF34F8F3B6200BF00BF42
:108A4000FDE7BB68002B03D13B6B1B6C002B01D1F6
:108A5000012300E00023002B0BD14FF0500383F3E0
:108A60001188BFF36F8FBFF34F8FFB6100BF00BF53
:108A7000FDE701F031FFEFF311824FF0500383F374
:108A80001188BFF36F8FBFF34F8FBA617B61BB69F2
:108A9000FB623B6B9B6BBB62BB6A002B2FD03B6BBB
:108AA00093F8443087F82730B968386B00F0B6F88F
:108AB000BB6A5A1E3B6B9A6397F92730B3F1FF3FAD
:108AC00012D13B6B1B69002B16D03B6B1033184641
:108AD00000F0E4FD0346002B0ED07B68002B0BD08A
:108AE0007B6801221A6007E097F827300133DBB278
:108AF0005AB23B6B83F8442001237B6301E00023DF
:108B00007B63FB6A3B613B6983F3118800BF7B6B2E
:108B100018463837BD4680BD80B485B000AF786058
:108B20007B685B6A002B06D07B681B6B1B68C3F1FC
:108B30000703FB6001E00023FB60FB681846143765
:108B4000BD465DF8047B704780B586B000AFF86025
:108B5000B9607A6000237B61FB689B6B3B61FB68BB
:108B60001B6C002B0DD1FB681B68002B4DD1FB68E3
:108B70009B68184600F0EEFF7861FB6800229A605F
:108B800043E07B68002B19D1FB685868FB681B6CBD
:108B90001A46B9680CF0ECFDFB685A68FB681B6C60
:108BA0001A44FB685A60FB685A68FB689B689A42E3
:108BB0002BD3FB681A68FB685A6026E0FB68D8680C
:108BC000FB681B6C1A46B9680CF0D2FDFB68DA68CA
:108BD000FB681B6C5B421A44FB68DA60FB68DA686E
:108BE000FB681B689A4207D2FB689A68FB681B6C9B
:108BF0005B421A44FB68DA607B68022B05D13B6953
:108C0000002B02D03B69013B3B613B695A1CFB686E
:108C10009A637B6918461837BD4680BD80B582B01F
:108C200000AF786039607B681B6C002B18D07B68C4
:108C3000DA687B681B6C1A447B68DA607B68DA68E8
:108C40007B689B689A4203D37B681A687B68DA600A
:108C50007B68D9687B681B6C1A4638680CF088FD05
:108C600000BF0837BD4680BD80B584B000AF7860D6
:108C700001F052FD7B6893F84530FB7311E07B688F
:108C80005B6A002B12D07B682433184600F006FD87
:108C90000346002B01D000F0DFFDFB7B013BDBB284
:108CA000FB7397F90F30002BE9DC00E000BF7B6815
:108CB000FF2283F8452001F061FD01F02DFD7B6866
:108CC00093F84430BB7311E07B681B69002B12D012
:108CD0007B681033184600F0E1FC0346002B01D0FE
:108CE00000F0BAFDBB7B013BDBB2BB7397F90E30E2
:108CF000002BE9DC00E000BF7B68FF2283F8442002
:108D000001F03CFD00BF1037BD4680BD80B584B08A
:108D100000AF786001F000FD7B689B6B002B02D1F7
:108D20000123FB6001E00023FB6001F027FDFB68ED
:108D300018461037BD4680BD80B584B000AF78605E
:108D400001F0EAFC7B689A6B7B68DB6B9A4202D18C
:108D50000123FB6001E00023FB6001F00FFDFB68D5
:108D600018461037BD4680BD80B58EB004AFF860A0
:108D7000B9607A603B607B6B002B0BD14FF05003E6
:108D800083F31188BFF36F8FBFF34F8F3B6200BF38
:108D900000BFFDE7BB6B002B0BD14FF0500383F3FB
:108DA0001188BFF36F8FBFF34F8FFB6100BF00BF10
:108DB000FDE74FF4BC733B613B69B3F5BC7F0BD05F
:108DC0004FF0500383F31188BFF36F8FBFF34F8FC2
:108DD000BB6100BF00BFFDE73B69BB6B002B1ED032
:108DE0007B6B002B1BD0BB6B7B627B6A7A6B1A633D
:108DF0007B6A022283F87521002303937B6A029326
:108E000007F1140301933B6B00933B687A68B968E0
:108E1000F86800F051F8786A00F022F901E00023C8
:108E20007B617B6918462837BD4680BD80B58CB014
:108E300004AFF860B9603B601346FB80FB889B0081
:108E4000184601F047F978617B69002B0FD04FF489
:108E5000BC7001F03FF9F861FB69002B03D0FB699E
:108E60007A691A6305E0786901F008FA01E00023E5
:108E7000FB61FB69002B17D0FB69002283F8752189
:108E8000FA8800230393FB690293FB6A0193BB6A90
:108E900000933B68B968F86800F00EF8F86900F0D4
:108EA000DFF80123BB6102E04FF0FF33BB61BB6918
:108EB00018462037BD4680BD80B588B000AFF86049
:108EC000B9607A603B603B6B186B7B689B001A460D
:108ED000A521F8F735F83B6B1A6B7B6803F18043EB
:108EE000013B9B001344BB61BB6923F00703BB61DB
:108EF000BB6903F00703002B0BD04FF0500383F343
:108F00001188BFF36F8FBFF34F8F7B6100BF00BF2E
:108F1000FDE7BB68002B1FD00023FB6112E0BA689D
:108F2000FB69134419783A6BFB69134434330A46DE
:108F30001A70BA68FB6913441B78002B06D0FB69D2
:108F40000133FB61FB690F2BE9D900E000BF3B6BEC
:108F5000002283F8432003E03B6B002283F8342097
:108F6000BB6A062B01D90623BB623B6BBA6ADA6285
:108F70003B6BBA6A5A643B6B00229A643B6B0433C6
:108F80001846FFF783F83B6B18331846FFF77EF857
:108F90003B6B3A6B1A61BB6AC3F107023B6B9A6188
:108FA0003B6B3A6B5A623B6B0022DA643B6B0022EC
:108FB000C3F870213B6B002283F874213B6B503364
:108FC0004FF4907200211846F7F7BAFF3B6B214A25
:108FD0005A653B6B204A9A653B6B204ADA65396BD0
:108FE0004FF001024FF00003C1E93A233B6B43F21B
:108FF0000E32A3F8F0203B6B4AF6CD32A3F8F220F4
:109000003B6B41F23422A3F8F4203B6B4EF26D62CD
:10901000A3F8F6203B6B4DF6EC62A3F8F8203B6B0F
:109020000522A3F8FA203B6B0B22A3F8FC203A6838
:10903000F968B86901F042FA02463B6B1A60FB6AB4
:10904000002B02D0FB6A3A6B1A6000BF2037BD4686
:1090500080BD00BFA40000200C010020740100208E
:1090600080B582B000AF786001F056FB2A4B1B68D8
:109070000133294A1360294B1B68002B09D1274A69
:109080007B681360244B1B68012B10D100F00AFC95
:109090000DE0234B1B68002B09D1204B1B68DA6ABB
:1090A0007B68DB6A9A4202D81C4A7B6813601D4BBE
:1090B0001B6801331B4A13607B68DB6A01229A40FC
:1090C000194B1B681343184A13607B68DA6A13460E
:1090D0009B0013449B00154A1A447B6804331946CD
:1090E0001046FEF7E0FF01F049FB0D4B1B68002B1B
:1090F0000ED00A4B1B68DA6A7B68DB6A9A4207D299
:109100000B4B4FF080521A60BFF34F8FBFF36F8F3E
:1091100000BF0837BD4680BDF4020020F4010020E6
:109120000003002010030020FC020020F8010020B2
:1091300004ED00E080B584B000AF78600023FB60F0
:109140007B68002B18D0144B1B68002B0BD04FF002
:10915000500383F31188BFF36F8FBFF34F8FBB6052
:1091600000BF00BFFDE700F085F80021786800F03F
:109170001DFE00F08DF8F860FB68002B07D1074B4F
:109180004FF080521A60BFF34F8FBFF36F8F00BF55
:109190001037BD4680BD00BF1C03002004ED00E079
:1091A00080B58AB004AF0023BB6000237B603A46E1
:1091B000391D07F10803184602F01AFC39687B686C
:1091C000BA68029201930023009300230A462149C2
:1091D0002148FFF7C9FD0346204A13601F4B1B6857
:1091E000002B02D001237B6101E000237B617B69BE
:1091F000012B1BD14FF0500383F31188BFF36F8F06
:10920000BFF34F8F3B6100BF154B1B685033154AAE
:109210001360154B4FF0FF321A60144B01221A6095
:10922000134B00221A6001F0D3F90FE07B69B3F110
:10923000FF3F0BD14FF0500383F31188BFF36F8FC3
:10924000BFF34F8FFB6000BF00BFFDE700BF1837C3
:10925000BD4680BD94610208719801081803002082
:10926000F40100200C000020140300200003002063
:10927000F802002080B400AF044B1B680133034A9E
:10928000136000BFBD465DF8047B70471C030020DF
:1092900080B584B000AF0023FB600023BB60424B6D
:1092A0001B68002B0BD14FF0500383F31188BFF3E1
:1092B0006F8FBFF34F8F3B6000BF00BFFDE701F032
:1092C0002BFA394B1B68013B374A1360364B1B683E
:1092D000002B61D1354B1B68002B5DD02EE0344B49
:1092E000DB68DB68FB60FB6818331846FEF738FF65
:1092F000FB6804331846FEF733FFFB68DB6A012284
:109300009A402C4B1B6813432A4A1360FB68DA6AA5
:1093100013469B0013449B00274A1A44FB680433FE
:1093200019461046FEF7BFFEFB68DA6A234B1B683E
:10933000DB6A9A4202D3224B01221A601C4B1B6843
:10934000002BCCD1FB68002B01D000F04FFB1D4B54
:109350001B687B607B68002B10D000F037F8034659
:10936000002B02D0164B01221A607B68013B7B6008
:109370007B68002BF1D1134B00221A60104B1B6845
:10938000002B09D00123BB600F4B4FF080521A60B5
:10939000BFF34F8FBFF36F8F01F0F0F9BB68184632
:1093A0001037BD4680BD00BF1C030020F402002022
:1093B000B4020020FC020020F8010020F40100208B
:1093C000080300200403002004ED00E080B586B00F
:1093D00000AF00237B614F4B1B68002B40F08F8058
:1093E0004D4B1B6801333B614B4A3B6913603B6942
:1093F000002B21D1494B1B681B68002B0BD04FF071
:10940000500383F31188BFF36F8FBFF34F8F3B601F
:1094100000BF00BFFDE7414B1B68FB60404B1B6872
:109420003E4A13603E4AFB6813603E4B1B680133A3
:109430003C4A136000F0DAFA3B4B1B683A699A42E7
:1094400048D3364B1B681B68002B04D1364B4FF0BA
:10945000FF321A603EE0314B1B68DB68DB68BB60A3
:10946000BB685B687B603A697B689A4203D22E4A8C
:109470007B6813602EE0BB6804331846FEF770FE6D
:10948000BB689B6A002B04D0BB6818331846FEF7F4
:1094900067FEBB68DB6A01229A40244B1B681343BA
:1094A000224A1360BB68DA6A13469B0013449B0090
:1094B0001F4A1A44BB68043319461046FEF7F3FDF1
:1094C000BB68DA6A1B4B1B68DB6A9A42B9D301237B
:1094D0007B61B6E7174B1B68DA6A154913469B0098
:1094E00013449B000B441B68012B01D901237B61B2
:1094F000114B1B68002B07D001237B6104E00F4B4D
:109500001B6801330D4A13607B6918461837BD4646
:1095100080BD00BF1C030020F8020020AC02002028
:10952000B00200200C03002014030020FC020020E5
:10953000F8010020F40100200803002004030020AB
:1095400080B588B000AF3C4B1B68002B03D03B4B71
:1095500001221A606CE0394B00221A60384B1B68FC
:109560001B6BFB614FF0A533BB61FB691B68BA69DC
:109570009A4211D1FB6904331B68BA699A420BD134
:10958000FB6908331B68BA699A4205D1FB690C3341
:109590001B68BA699A4208D0294B1A68284B1B6885
:1095A00034331946104602F010FA264B1B68FB6054
:1095B000FB68B3FA83F3FB72FB7AC3F11F037B6191
:1095C00021497A6913469B0013449B000B441B6896
:1095D000002B0BD14FF0500383F31188BFF36F8F33
:1095E000BFF34F8F7B6000BF00BFFDE77A69134672
:1095F0009B0013449B00144A13443B613B695B6826
:109600005A683B695A603B695A683B6908339A4219
:1096100004D13B695B685A683B695A603B695B6887
:10962000DB68074A1360064B1B685033074A136018
:1096300000BF2037BD4680BD1C030020080300206A
:10964000F4010020FC020020F80100200C000020A2
:1096500080B584B000AF786039607B68002B0BD197
:109660004FF0500383F31188BFF36F8FBFF34F8F19
:10967000FB6000BF00BFFDE7074B1B6818331946AE
:109680007868FEF734FD0121386800F08FFB00BFD9
:109690001037BD4680BD00BFF401002080B586B004
:1096A00000AF78607B68DB68DB683B613B69002B5F
:1096B0000BD14FF0500383F31188BFF36F8FBFF3CB
:1096C0004F8FFB6000BF00BFFDE73B6918331846B2
:1096D000FEF746FD1D4B1B68002B1CD13B69043374
:1096E0001846FEF73DFD3B69DB6A01229A40184BA4
:1096F0001B681343164A13603B69DA6A13469B00E2
:1097000013449B00134A1A443B690433194610461C
:10971000FEF7C9FC05E03B69183319460E48FEF711
:10972000C2FC3B69DA6A0D4B1B68DB6A9A4205D9B9
:1097300001237B610A4B01221A6001E000237B6157
:109740007B6918461837BD4680BD00BF1C0300204A
:10975000FC020020F8010020B4020020F4010020E7
:109760000803002080B483B000AF7860064B1A680D
:109770007B681A60054B1A687B685A6000BF0C371B
:10978000BD465DF8047B70470C030020F802002002
:1097900080B588B000AF786039607B68002B0BD152
:1097A0004FF0500383F31188BFF36F8FBFF34F8FD8
:1097B0003B6100BF00BFFDE73B68002B0BD14FF0C2
:1097C000500383F31188BFF36F8FBFF34F8FFB609C
:1097D00000BF00BFFDE700F09FFF1D4B1B68BB6192
:1097E0007B685B68BA69D31A7B613B681B68B3F11D
:1097F000FF3F02D10023FB6123E07B681A68154B11
:109800001B689A4207D07B685B68BA699A4202D3A8
:109810000123FB6115E03B681B687A699A420BD211
:109820003B681A687B69D21A3B681A607868FFF750
:1098300099FF0023FB6104E03B6800221A600123CA
:10984000FB6100F09BFFFB6918462037BD4680BDD9
:10985000F80200200C03002080B400AF034B01226B
:109860001A6000BFBD465DF8047B70470803002006
:1098700080B582B000AF786000F054F8074B1B68E9
:10988000012B07D9064B4FF080521A60BFF34F8F60
:10989000BFF36F8F02F092F8EEE700BFF8010020EF
:1098A00004ED00E080B582B000AF00237B600CE0E7
:1098B0007A6813469B0013449B00124A13441846CF
:1098C000FEF7C4FB7B6801337B607B68062BEFD916
:1098D0000D48FEF7BBFB0D48FEF7B8FB0C48FEF742
:1098E000B5FB0C48FEF7B2FB0B48FEF7AFFB0B4B8A
:1098F000054A1A600A4B054A1A6000BF0837BD4680
:1099000080BD00BFF80100208402002098020020E2
:10991000B4020020C8020020E0020020AC020020B7
:10992000B002002080B582B000AF19E000F0F4FE74
:10993000104BDB68DB687B607B6804331846FEF7FE
:109940000FFC0D4B1B68013B0B4A13600B4B1B6854
:10995000013B0A4A136000F011FF786800F010F82C
:10996000064B1B68002BE1D100BF00BF0837BD4686
:1099700080BD00BFC8020020F4020020DC020020ED
:1099800080B584B000AF78607B6850331846F7F735
:10999000EFFA7B6893F87531002B08D17B681B6B5D
:1099A000184600F06BFC786800F068FC19E07B68F2
:1099B00093F87531012B03D1786800F05FFC10E05B
:1099C0007B6893F87531022B0BD04FF0500383F373
:1099D0001188BFF36F8FBFF34F8FFB6000BF00BFD5
:1099E000FDE700BF1037BD4680BD000080B483B0E6
:1099F00000AF0C4B1B681B68002B04D10A4B4FF0C7
:109A0000FF321A6008E0074B1B68DB68DB687B608D
:109A10007B685B68044A136000BF0C37BD465DF885
:109A2000047B7047AC0200201403002080B483B094
:109A300000AF0B4B1B68002B02D101237B6008E0B9
:109A4000084B1B68002B02D102237B6001E000233E
:109A50007B607B6818460C37BD465DF8047B704719
:109A6000000300201C03002080B584B000AF7860A4
:109A70007B68BB600023FB607B68002B5ED0BB680B
:109A8000DA6A314B1B68DB6A9A424ED2BB689B692B
:109A9000002B06DB2C4B1B68DB6AC3F10702BB689B
:109AA0009A61BB685969BB68DA6A13469B00134424
:109AB0009B00264A134499422FD1BB6804331846B1
:109AC000FEF74EFB0346002B0AD1BB68DB6A01227E
:109AD00002FA03F3DA431E4B1B6813401C4A13605F
:109AE000194B1B68DA6ABB68DA62BB68DB6A012261
:109AF0009A40174B1B681343154A1360BB68DA6A18
:109B000013469B0013449B00104A1A44BB6804335D
:109B100019461046FEF7C7FA04E00B4B1B68DA6AD9
:109B2000BB68DA620123FB6008E0BB685A6C064B35
:109B30001B68DB6A9A4201D20123FB60FB6818466E
:109B40001037BD4680BD00BFF4010020F8010020A1
:109B5000FC02002080B586B000AF78607B683B6176
:109B600000237B617B68002B70D03B4B1B683A69FC
:109B70009A420BD04FF0500383F31188BFF36F8FDD
:109B8000BFF34F8FFB6000BF00BFFDE73B699B6CDD
:109B9000002B0BD14FF0500383F31188BFF36F8F6D
:109BA000BFF34F8FBB6000BF00BFFDE73B699B6CFD
:109BB0005A1E3B699A643B69DA6A3B695B6C9A425C
:109BC00044D03B699B6C002B40D13B690433184661
:109BD000FEF7C6FA0346002B15D13B69DA6A1F4926
:109BE00013469B0013449B000B441B68002B0AD1B7
:109BF0003B69DB6A012202FA03F3DA43184B1B6864
:109C00001340174A13603B695A6C3B69DA623B693F
:109C1000DB6AC3F107023B699A613B69DB6A012297
:109C20009A400F4B1B6813430D4A13603B69DA6A75
:109C300013469B0013449B00084A1A443B690433B3
:109C400019461046FEF72FFA01237B617B691846FF
:109C50001837BD4680BD00BFF4010020F801002088
:109C6000FC02002080B588B000AF786039607B6866
:109C7000BB6101237B617B68002B79D0BB699B6C46
:109C8000002B0BD14FF0500383F31188BFF36F8F7C
:109C9000BFF34F8FFB6000BF00BFFDE7BB695B6C8C
:109CA0003A689A4202D93B68FB6102E0BB695B6C8F
:109CB000FB61BB69DB6AFA699A4259D0BB699B6C4C
:109CC0007A699A4254D12C4B1B68BA699A420BD1DB
:109CD0004FF0500383F31188BFF36F8FBFF34F8FA3
:109CE000BB6000BF00BFFDE7BB69DB6A3B61BB69CE
:109CF000FA69DA62BB699B69002B04DBFB69C3F17B
:109D00000702BB699A61BB6959693A6913469B00AE
:109D100013449B00194A1344994229D1BB69043367
:109D20001846FEF71DFA0346002B0AD1BB69DB6A11
:109D3000012202FA03F3DA43114B1B681340104A65
:109D40001360BB69DB6A01229A400D4B1B68134309
:109D50000B4A1360BB69DA6A13469B0013449B00ED
:109D6000064A1A44BB69043319461046FEF79BF9AC
:109D700000BF2037BD4680BDF4010020F80100205F
:109D8000FC02002080B400AF074B1B68002B04D0FE
:109D9000054B1B689A6C01329A64034B1B6818468A
:109DA000BD465DF8047B7047F401002080B584B0A7
:109DB00000AF78603960294B1B68FB60284B1B683B
:109DC00004331846FEF7CCF90346002B0BD1244B85
:109DD0001B68DB6A012202FA03F3DA43214B1B689A
:109DE0001340204A13607B68B3F1FF3F0AD13B6800
:109DF000002B07D01A4B1B68043319461A48FEF78C
:109E000052F926E0FA687B681344BB60144B1B6868
:109E1000BA685A60BA68FB689A4209D2134B1A684A
:109E20000F4B1B68043319461046FEF760F910E02B
:109E30000F4B1A680A4B1B68043319461046FEF78D
:109E400056F90C4B1B68BA689A4202D2094ABB68A1
:109E5000136000BF1037BD4680BD00BFF802002070
:109E6000F4010020FC020020E0020020B0020020EB
:109E7000AC0200201403002080B485B000AF03467C
:109E8000FB800023FB60B7F90630842B05D0B7F9BF
:109E90000620FB6813440333FB60FB681846143745
:109EA000BD465DF8047B704780B483B000AFEFF32C
:109EB00005837B607B68002B14BF01230023DBB28A
:109EC00018460C37BD465DF8047B704780B500AF7F
:109ED000FFF766F90023184680BDF0B589B004AFDE
:109EE000786039607B685B69002B20D07B689B6958
:109EF000002B1CD07B685C687B681D687B681E69D2
:109F00007B68B3F908301846FFF7B6FF01467B6857
:109F10005B697A6892690292019300913B683246CC
:109F200029462046FEF720FF0346FB601CE07B68C5
:109F30005C687B681D687B681B699EB27B68B3F9AF
:109F400008301846FFF798FF024607F10C0301930B
:109F500000923B68324629462046FEF767FF0346DB
:109F6000012B01D0002300E0FB6818461437BD46E2
:109F7000F0BD80B584B000AF78607B68FB60FB68A3
:109F8000002B01D0FB6800E001231846FFF7D2F850
:109F9000002318461037BD4680BD80B582B000AFA3
:109FA00078607B685B68002B07D07B685B6819462C
:109FB0000120FEF772FA034603E00120FEF755FA8E
:109FC000034618460837BD4680BD000080B584B002
:109FD00000AF786039600023BB607B68002B01D143
:109FE00080233AE00023FB603B68B3F1FF3F03D1DD
:109FF0004FF0FF33FB6009E03B68002B06D03B6865
:10A00000FB60FB68002B01D10123FB60FFF74CFFD5
:10A010000346002B17D007F108031A460021786881
:10A02000FEF7F8FC0346012B01D0FF2315E0BB68C7
:10A03000002B11D00B4B4FF080521A60BFF34F8FA3
:10A04000BFF36F8F08E0F9687868FEF7D3FB03462B
:10A05000012B01D0FF2300E0002318461037BD4636
:10A0600080BD00BF04ED00E080B584B000AF786033
:10A070000023FB600023BB60FFF716FF0346002BA5
:10A0800016D007F1080319467868FEF723FB03464C
:10A09000012B01D0FF2317E0BB68002B13D00C4B22
:10A0A0004FF080521A60BFF34F8FBFF36F8F0AE0FB
:10A0B0000023002200217868FEF70AFA0346012BEC
:10A0C00001D0FF23FB60FB6818461037BD4680BDFA
:10A0D00004ED00E080B58AB000AF78600023FB613A
:10A0E000FFF7C8F85F4B1B68002B01D100F02AF97D
:10A0F0005D4B1A687B681340002B40F095807B68AD
:10A10000002B1ED008227B6813447B607B6803F021
:10A110000703002B15D07B6823F0070308337B600F
:10A120007B6803F00703002B0BD04FF0500383F341
:10A130001188BFF36F8FBFF34F8F7B6100BF00BFEC
:10A14000FDE77B68002B6FD0484B1B687A689A420A
:10A150006AD8474B3B62464B1B687B6204E07B6AD4
:10A160003B627B6A1B687B627B6A5B687A689A42A7
:10A1700003D97B6A1B68002BF1D13A4B1B687A6AC2
:10A180009A4251D03B6A1B6808221344FB617B6AE8
:10A190001A683B6A1A607B6A5A687B68D21A08237D
:10A1A0005B009A4220D97A6A7B681344BB61BB6921
:10A1B00003F00703002B0BD04FF0500383F31188FB
:10A1C000BFF36F8FBFF34F8F3B6100BF00BFFDE751
:10A1D0007B6A5A687B68D21ABB695A607B6A7A6864
:10A1E0005A60B86900F010F9204B1A687B6A5B6806
:10A1F000D31A1E4A13601D4B1A681E4B1B689A42E5
:10A2000003D21A4B1B681B4A13607B6A5A68164BB1
:10A210001B681A437B6A5A607B6A00221A60164BDD
:10A220001B680133144A1360FFF732F8FB69002BF7
:10A2300001D101F0D5FBFB6903F00703002B0BD024
:10A240004FF0500383F31188BFF36F8FBFF34F8F2D
:10A25000FB6000BF00BFFDE7FB6918462837BD461D
:10A2600080BD00BFE04A0020F44A0020E44A0020FC
:10A27000D84A0020E84A0020EC4A002080B586B089
:10A2800000AF78607B687B617B68002B4FD0082330
:10A290005B427A6913447B617B693B613B695A6825
:10A2A000254B1B681340002B0BD14FF0500383F359
:10A2B0001188BFF36F8FBFF34F8FFB6000BF00BFEC
:10A2C000FDE73B691B68002B0BD04FF0500383F375
:10A2D0001188BFF36F8FBFF34F8FBB6000BF00BF0C
:10A2E000FDE73B695A68144B1B681340002B1ED0D6
:10A2F0003B691B68002B1AD13B695A680E4B1B68DF
:10A30000DB431A403B695A60FEF7B4FF3B695A6869
:10A310000A4B1B681344094A1360386900F074F84B
:10A32000074B1B680133064A1360FEF7B1FF00BFFD
:10A330001837BD4680BD00BFF44A0020E44A002023
:10A34000F04A002080B485B000AF44F2B873BB601F
:10A35000274BFB60FB6803F00703002B0CD0FB6866
:10A360000733FB60FB6823F00703FB60BA68FB68F8
:10A37000D31A1F4A1344BB60FB687B601D4A7B688D
:10A3800013601C4B00225A607B68BA681344FB6060
:10A390000822FB689B1AFB60FB6823F00703FB6045
:10A3A000FB68154A1360144B1B6800225A60124B5D
:10A3B0001B6800221A607B683B603B68FA68D21A0F
:10A3C0003B685A600C4B1A683B681A603B685B68D4
:10A3D0000A4A13603B685B68094A1360094B4FF0F7
:10A3E00000421A6000BF1437BD465DF8047B704719
:10A3F00020030020D84A0020E04A0020E84A00203C
:10A40000E44A0020F44A002080B485B000AF7860B0
:10A41000284BFB6002E0FB681B68FB60FB681B6865
:10A420007A689A42F7D8FB68BB60FB685B68BA68D9
:10A4300013447A689A4208D1FB685A687B685B6863
:10A440001A44FB685A60FB687B607B68BB607B6872
:10A450005B68BA681A44FB681B689A4218D1FB68AB
:10A460001A68154B1B689A420DD07B685A68FB68C6
:10A470001B685B681A447B685A60FB681B681A6833
:10A480007B681A6008E00C4B1A687B681A6003E06E
:10A49000FB681A687B681A60FA687B689A4202D087
:10A4A000FB687A681A6000BF1437BD465DF8047B0C
:10A4B000704700BFD84A0020E04A002080B485B031
:10A4C00000AFF860B9607A60FB68043BFB60FB6832
:10A4D0004FF080721A60FB68043BFB60BB6823F09E
:10A4E0000102FB681A60FB68043BFB600C4AFB68D6
:10A4F0001A60FB68143BFB607A68FB681A60FB68B3
:10A50000043BFB60FB686FF002021A60FB68203BB3
:10A51000FB60FB6818461437BD465DF8047B704746
:10A5200025A5010880B485B000AF00237B60134BE4
:10A530001B68B3F1FF3F0BD04FF0500383F311883A
:10A54000BFF36F8FBFF34F8FFB6000BF00BFFDE70E
:10A550004FF0500383F31188BFF36F8FBFF34F8F1A
:10A56000BB6000BF00BF7B68002BFCD000BF00BFFA
:10A570001437BD465DF8047B704700BF68000020BB
:10A58000074B19680868B0E8F04F80F30988BFF3FB
:10A590006F8F4FF0000080F311887047AFF3008099
:10A5A000F401002000BF00BF08480068006880F385
:10A5B00008884FF0000080F3148862B661B6BFF3DC
:10A5C0004F8FBFF36F8F00DF00BF00BF08ED00E0CB
:10A5D00080B586B000AF474B1B68474A93420BD10A
:10A5E0004FF0500383F31188BFF36F8FBFF34F8F8A
:10A5F000FB6000BF00BFFDE73E4B1B683F4A934234
:10A600000BD14FF0500383F31188BFF36F8FBFF36B
:10A610004F8F3B6100BF00BFFDE7394B7B617B691A
:10A620001B78DBB27B607B69FF221A707B691B7829
:10A63000DBB2FB70FB78DBB203F05003DAB2314BD4
:10A640001A70314B07221A6009E02F4B1B68013B3F
:10A650002D4A1360FB78DBB25B00DBB2FB70FB784A
:10A66000DBB203F08003802BEFD0274B1B68C3F1D4
:10A670000703042B0BD04FF0500383F31188BFF373
:10A680006F8FBFF34F8FBB6000BF00BFFDE71E4B56
:10A690001B681B021C4A13601B4B1B6803F4E0631E
:10A6A000194A13607B68DAB27B691A70174B1B6812
:10A6B000164A43F470031360144B1B68134A43F0AB
:10A6C0007043136000F0DAF8114B00221A6000F0BA
:10A6D000F9F8104B1B680F4A43F040431360FFF733
:10A6E00063FFFEF72DFFFFF71DFF00231846183705
:10A6F000BD4680BD00ED00E071C20F4170C20F4148
:10A7000000E400E0F84A0020FC4A002020ED00E0D0
:10A710006800002034EF00E080B483B000AF4FF059
:10A72000500383F31188BFF36F8FBFF34F8F7B60AC
:10A7300000BF104B1B6801330E4A13600D4B1B68A2
:10A74000012B10D10C4B1B68DBB2002B0BD04FF050
:10A75000500383F31188BFF36F8FBFF34F8F3B60BC
:10A7600000BF00BFFDE700BF0C37BD465DF8047BAE
:10A77000704700BF6800002004ED00E080B483B0A3
:10A7800000AF124B1B68002B0BD14FF0500383F32B
:10A790001188BFF36F8FBFF34F8F7B6000BF00BF87
:10A7A000FDE70A4B1B68013B084A1360074B1B6817
:10A7B000002B05D100233B603B6883F3118800BF69
:10A7C00000BF0C37BD465DF8047B70476800002071
:10A7D000EFF30980BFF36F8F154B1A681EF0100F4F
:10A7E00008BF20ED108A20E9F04F106009B44FF047
:10A7F000500080F31188BFF34F8FBFF36F8FFEF7C8
:10A800009FFE4FF0000080F3118809BC19680868AA
:10A81000B0E8F04F1EF0100F08BFB0EC108A80F3C4
:10A820000988BFF36F8F7047AFF30080AFF30080EC
:10A83000F401002000BF00BF80B582B000AF4FF030
:10A84000500383F31188BFF36F8FBFF34F8F7B608B
:10A8500000BFFEF7BBFD0346002B03D0064B4FF0B5
:10A8600080521A6000233B603B6883F3118800BF6D
:10A8700000BF0837BD4680BD04ED00E080B400AFE6
:10A880000B4B00221A600B4B00221A600A4B1B680C
:10A890000A4AA2FB03239B09094A013B1360044BAC
:10A8A00007221A6000BFBD465DF8047B704700BFF9
:10A8B00010E000E018E000E05C000020D34D6210E2
:10A8C00014E000E0DFF80C00016841F47001016061
:10A8D000704700BF88ED00E080B485B000AFEFF3B3
:10A8E0000583FB60FB680F2B15D9184AFB681344DE
:10A8F0001B78FB72164B1B78FA7A9A420BD24FF0F8
:10A90000500383F31188BFF36F8FBFF34F8F7B60CA
:10A9100000BF00BFFDE70F4B1B6803F4E0620E4B66
:10A920001B689A420BD94FF0500383F31188BFF391
:10A930006F8FBFF34F8F3B6000BF00BFFDE700BFCD
:10A940001437BD465DF8047B704700BFF0E300E0BC
:10A95000F84A00200CED00E0FC4A002080B582B0EF
:10A9600000AF7860391D4FF0FF3301220648FCF735
:10A970005BFB0346002B02D04FF0FF3300E07B6807
:10A9800018460837BD4680BDC05A002080B500AFCC
:10A99000F9F724FE00F000F900F07AFA03F0BAFBB0
:10A9A00003F0A4FC03F028FD03F05CFD03F06EFF50
:10A9B00004F06CF904F094F904F0E0F903F018FFE6
:10A9C00003F080FE03F0E6FF03F082FD07F09EF83F
:10A9D00003F056FC062008F0E9FC0120F9F740FEE0
:10A9E00008F062FD0120F9F73BFE0021022003F090
:10A9F000E9FA012201215748F9F7ECFB002000F0A9
:10AA0000F9FC554B9B79DBB2012B02D104F0F8FA2B
:10AA100001E004F065F901224FF480414F48F9F755
:10AA2000D9FB4D4B5B7BDBB2022B26D0022B34DCF7
:10AA3000002B02D0012B10D02FE001220421484826
:10AA4000F9F7C8FB012208214548F9F7C3FB0122A9
:10AA500001214048F9F7BEFB20E0012204214048D3
:10AA6000F9F7B8FB002208213D48F9F7B3FB0122B2
:10AA700001213848F9F7AEFB10E0002204213848E4
:10AA8000F9F7A8FB002208213548F9F7A3FB0122BA
:10AA900001213048F9F79EFB00E000BF3148F6F78E
:10AAA0003BFD2D4B9B79DBB2032B08D101222E49B4
:10AAB0002E48FCF744FB2E4B274A1A600DE0264B2C
:10AAC0009B79DBB2022B08D104F0F4FA05F072FD99
:10AAD000012228492548FCF732FB01222649274854
:10AAE000FCF72DFB012226492648FCF728FB002114
:10AAF0002548F6F7FDFE04212348F6F7F9FE082164
:10AB00002148F6F7F5FE0C211F48F6F7F1FE00216B
:10AB10001E48F6F7CBFD04211C48F6F7C7FD0020C0
:10AB200006F084F91A4806F0A0FF4FF47A70F9F79E
:10AB300097FD002006F07AF9164806F096FF4FF4CC
:10AB40007A70F9F78DFD00F06DFFFFF7BFF900BFD8
:10AB5000FDE700BF00040240044B00200008024053
:10AB60000010024070530020D85D0020785A002069
:10AB700000600020A05B0020604B0020C05A002035
:10AB80006B4D0020085B002028530020B8530020A4
:10AB9000687C02086886020880B594B000AF07F1AF
:10ABA0002003302200211846F6F7CAF907F10C03FA
:10ABB00000221A605A609A60DA601A610023BB6052
:10ABC000284B1B6C274A43F080531364254B1B6CA6
:10ABD00003F08053BB60BB6800237B60224B1B6883
:10ABE000214A43F4804313601F4B1B6803F48043E6
:10ABF0007B607B6802233B620123FB6210233B6383
:10AC00000223BB630023FB6308233B64A8237B640C
:10AC10000223BB640423FB6407F120031846F8F702
:10AC20005FFB0346002B01D000F02CF90F23FB60E3
:10AC300002233B6100237B614FF4A053BB614FF4BF
:10AC40008053FB6107F10C0305211846F8F7C0FD9E
:10AC50000346002B01D000F015F900BF5037BD4668
:10AC600080BD00BF003802400070004080B483B057
:10AC700000AF78607B681B68184A934227D17B68D5
:10AC80001B7F012B05D1164B5B8901339AB2144B04
:10AC90005A817B681B7F022B05D1114B9B890133A5
:10ACA0009AB20F4B9A817B681B7F042B05D10C4B0A
:10ACB000DB8901339AB20A4BDA817B681B7F082B50
:10ACC00005D1074B1B8A01339AB2054B1A8200BF8C
:10ACD0000C37BD465DF8047B704700BF00000140A3
:10ACE000A44D002080B582B000AF78607B681B68FF
:10ACF0005E4A934201D1F9F793FC7B681B68B3F17C
:10AD0000804F40F0AE805A4B9B79DBB2012B2AD1A9
:10AD1000584B5B8AB3F57A7F1FD3574B5B79DBB215
:10AD2000002B1AD0544B5B79DBB23C2B15D8524B1D
:10AD30005B79DBB2013BDAB24F4B5A714E4B5B7918
:10AD4000DBB2002B03D14A4B00229A7101E04A4B3F
:10AD50005B79484B00225A8205E0464B5B8A0133FF
:10AD60009AB2444B5A82434B1B78012B15D1414B6D
:10AD70005B88B3F5967F0AD33E4B00225A803F4B47
:10AD80000022A3F83C223B4B00221A7005E0394B0D
:10AD90005B8801339AB2374B5A80364B5B79012B73
:10ADA00018D1344BDB88B3F5967F0DD3314B00229D
:10ADB000DA80324B002283F81422314B00221A70C1
:10ADC0002C4B00225A7105E02A4BDB8801339AB2E2
:10ADD000284BDA80274B1B89B3F57A7F3BD3254B71
:10ADE0005B895B089BB21A461201D31A9B009AB288
:10ADF000214B1A821F4B00225A811E4B9B895B08F4
:10AE00009BB21A461201D31A9B009AB21A4B5A826D
:10AE1000184B00229A81174BDB895B089BB21A46BC
:10AE20001201D31A9B009AB2134B9A82114B002243
:10AE3000DA81104B1B8A5B089BB21A461201D31AA7
:10AE40009B009AB20C4BDA820A4B00221A82094B01
:10AE500000221A8105E0074B1B8901339AB2054B8A
:10AE60001A8100BF0837BD4680BD00BF00100040FA
:10AE7000244B0020A44D0020344B0020604B0020C8
:10AE8000544B002080B400AF72B600BF00BFFDE796
:10AE900080B58CB000AF07F11C0300221A605A6025
:10AEA0009A60DA601A610023BB61934B1B6B924A74
:10AEB00043F010031363904B1B6B03F01003BB6153
:10AEC000BB6900237B618C4B1B6B8B4A43F00403F3
:10AED0001363894B1B6B03F004037B617B690023C5
:10AEE0003B61854B1B6B844A43F080031363824BA9
:10AEF0001B6B03F080033B613B690023FB607E4BCF
:10AF00001B6B7D4A43F0010313637B4B1B6B03F008
:10AF10000103FB60FB680023BB60774B1B6B764A29
:10AF200043F002031363744B1B6B03F00203BB601B
:10AF3000BB6800237B60704B1B6B6F4A43F00803B8
:10AF400013636D4B1B6B03F008037B607B6800226F
:10AF50003C216A48F9F73EF900224FF480416848E5
:10AF6000F9F738F9002249F603116648F9F732F982
:10AF7000002201216448F9F72DF900224CF29F319B
:10AF80006248F9F727F93C23FB6101233B62012367
:10AF90007B620023BB6207F11C0319465748F8F790
:10AFA00069FE4FF40053FB6100233B6202237B6286
:10AFB00007F11C0319465248F8F75CFE4FF4804332
:10AFC000FB6101233B6201237B620023BB6207F12B
:10AFD0001C0319464A48F8F74DFE0A23FB61032378
:10AFE0003B6200237B6207F11C0319464448F8F7D3
:10AFF00041FE40F20313FB6101233B6200237B62AD
:10B000000023BB6207F11C0319463E48F8F732FEE5
:10B010000123FB6101233B6201237B620323BB62AB
:10B0200007F11C0319463848F8F724FE41F20603DD
:10B03000FB6100233B6201237B6207F11C0319467D
:10B040003148F8F717FE4FF4C073FB6100233B62F1
:10B0500001237B6207F11C0319462848F8F70AFE12
:10B060004CF29E33FB6101233B6201237B62002390
:10B07000BB6207F11C0319462448F8F7FBFD4FF4A7
:10B080000063FB6101233B6201237B6207F11C0328
:10B0900019461C48F8F7EEFD4FF48053FB6101237D
:10B0A0003B6201237B620223BB6207F11C0319464A
:10B0B0001448F8F7DFFD4FF40043FB6101233B62C6
:10B0C00001237B620023BB6207F11C0319460D4874
:10B0D000F8F7D0FD0123FB6101233B6201237B6272
:10B0E0000323BB6207F11C0319460848F8F7C2FDA9
:10B0F00000BF3037BD4680BD00380240001002401E
:10B10000000802400000024000040240000C02401F
:10B1100080B483B000AF0346FB710E4B1B78DBB2EB
:10B12000012B0ED10C4B1B78DBB2FA799A4208D175
:10B130000A4B1B78DAB20A4B1B789A4201D10123E1
:10B1400000E00023DBB218460C37BD465DF8047BF7
:10B15000704700BF554B00206C000020574B00206B
:10B16000D84D002080B483B000AF0346FB710A4B7A
:10B170001B78DBB2012B07D1084B1B78DBB2FA79C5
:10B180009A4201D1012300E00023DBB218460C37BC
:10B19000BD465DF8047B7047584B00206D000020D1
:10B1A00080B485B000AF0346FB71FB79002B01D161
:10B1B00000231BE0FB79632B03D90F4B9B8A9BB2C7
:10B1C00014E00D4B1B8A9BB21A46FB7902FB03F37A
:10B1D000FB60094B9B8A9BB21A46FB68934203D9DA
:10B1E000054B9B8A9BB2FB60FB689BB218461437E9
:10B1F000BD465DF8047B7047044B002080B586B0E7
:10B2000000AFF8607A603B600B467B81F9F71CFA6F
:10B210007861FB681A697B891340002B04D07B6836
:10B2200000221A70002321E07B681B78002B0AD1D2
:10B230007B6801221A703B687A691A603B6A7A69F6
:10B240001A60012312E03B681B687A69D31AB3F5D0
:10B25000167F0AD33B6A1B687A69D31A4F2B04D92D
:10B260003B6A7A691A60012300E000231846183708
:10B27000BD4680BD80B582B000AF0346FB71FB794F
:10B28000012B15D1184B1B8A9AB2174B5B8A9BB2C4
:10B290009A4207D2144B1B8A9BB201339AB2124BCB
:10B2A0001A8215E0104B5B8A9AB20F4B1A820FE09C
:10B2B0000D4B1B8A9BB2012B07D90B4B1B8A9BB2F0
:10B2C000013B9AB2084B1A8202E0074B01221A8214
:10B2D000054B1B8A9BB21946022002F073FE00BF89
:10B2E0000837BD4680BD00BF044B002080B582B04A
:10B2F00000AF0346FB71FB79012B16D11C4B9B8AD7
:10B300009BB20A331A4AD28A92B2934205D3184B9F
:10B31000DB8A9AB2164B9A821EE0154B9B8A9BB22F
:10B320000A339AB2124B9A8216E0114B9B8A9BB257
:10B330001A460F4B5B8A9BB20A339A4207D90C4BD1
:10B340009B8A9BB20A3B9AB2094B9A8204E0084B53
:10B350005B8A9AB2064B9A826420FFF721FF03466C
:10B360001946022002F02EFE00BF0837BD4680BD00
:10B37000044B002080B400AF1D4B1B79DBB2062BC1
:10B3800030D801A252F823F0A5B30108A5B30108F3
:10B39000E5B30108B5B30108B5B30108C5B30108A9
:10B3A000D5B30108124B4FF42F629A82104B1C2226
:10B3B0001A8218E00E4B40F6F6129A820C4B1922B4
:10B3C0001A8210E00A4B40F692129A82084B182219
:10B3D0001A8208E0064B4FF416629A82044B182238
:10B3E0001A8200E000BF00BFBD465DF8047B7047D5
:10B3F000044B002080B582B000AF0346FB71FB799F
:10B40000012B01D1FFF7B6FF3220FFF7C9FE03463B
:10B410001A464C4B5A824B4B1B79DBB2062B00F27F
:10B420008B8001A252F823F045B401086FB40108E3
:10B4300039B501088DB40108B7B40108E5B40108B5
:10B440000FB501083F4B41F61462DA813D4B41F2E2
:10B450004462DA823B4BDB899BB21946012002F041
:10B46000B1FD002220213848F8F7B4FE65E0354BE5
:10B4700041F61462DA81334B41F24462DA82314B95
:10B48000DB899BB2184604F07BFC56E02D4B41F261
:10B49000EC32DA812B4B40F63C72DA82294BDB89A5
:10B4A0009BB21946012002F08DFD01222021264881
:10B4B000F8F790FE41E0234B41F2EC32DA81214B68
:10B4C00040F63C72DA821F4BDB899BB2184604F0CF
:10B4D00057FC4FF47A70F9F7C3F80021022002F00C
:10B4E00071FD2AE0174B41F6B642DA81154B40F662
:10B4F0009212DA82134BDB899BB21946012002F0CB
:10B5000061FD012220211048F8F764FE15E00D4B83
:10B5100041F6B642DA810B4B4FF41662DA82094BE0
:10B52000DB899BB21946012002F04CFD012220214B
:10B530000548F8F74FFE00E000BF00BF0837BD46E2
:10B5400080BD00BF044B00200010024080B500AF5A
:10B550001E4B1B8A9BB21E4AA2FB03235B099BB2B4
:10B56000DBB21946102007F071FF184B1B8A9BB203
:10B57000174AA2FB03125209642101FB02F29B1A33
:10B580009BB2DBB21946112007F060FF0F4B9B8A7C
:10B590009BB20F4AA2FB03235B099BB2DBB21946A5
:10B5A000122007F053FF094B9B8A9BB2084AA2FB6B
:10B5B00003125209642101FB02F29B1A9BB2DBB217
:10B5C0001946132007F042FF00BF80BD044B002046
:10B5D0001F85EB5180B584B000AF0346FB80FB882C
:10B5E000002B13D1012201212248F8F7F3FD224B51
:10B5F0001B6800229A63214B00221A80204B0022F4
:10B600001A60204B4FF00002DA612EE01B4B1B88C2
:10B61000002B19D11C4B1B68002B06D0F9F714F82E
:10B620000246194B1B68D31A00E00023FB60FB683D
:10B63000FF2B02D8FB68D9B200E0FF21FB884FF452
:10B640002F720D2003F0CEFA0B4B1B68FA889A6319
:10B650000A4AFB881380F8F7F7FF0346084A13608D
:10B66000002201210348F8F7B5FD00BF1037BD46A1
:10B6700080BD00BF00040240B8530020B84D002038
:10B68000D44D0020344B0020C04D002080B584B044
:10B6900000AF0346FB710F4B1B78FB73FB79184619
:10B6A00004F092FC0B4B1B78DBB2FA7B9A420CD075
:10B6B000084B1B78DAB2084B1A70084AFB791370F2
:10B6C000F8F7C2FF0346064A136000BF1037BD46B5
:10B6D00080BD00BF564B0020D84D00206E000020DA
:10B6E000CC4D002080B582B000AF0346FB71FB79E2
:10B6F0001846FFF70DFD0346002B13D1FB791846C2
:10B70000FFF730FD0346002B0CD1F8F79DFF0246F2
:10B71000064B1B68D31A952B05D9FB791846FFF702
:10B72000B5FF00E000BF0837BD4680BDCC4D00200E
:10B7300080B500AF0F4B1B78DBB2002B14D104F0A7
:10B7400067FB0346002B11D0F8F77EFF02460A4B39
:10B750001B68D31AC72B0BD9F8F776FF0346064AA6
:10B76000136004F0D5FB04E000BF02E000BF00E07E
:10B7700000BF80BD544B0020D04D002080B500AFED
:10B780000020FFF727FF0120FFF780FFF8F75CFF9D
:10B790000346084A1360084B00221A60074B002238
:10B7A0001A60074B00221A60064B01221A7000BF74
:10B7B00080BD00BFC84D0020BC4D0020C04D002002
:10B7C000D04D0020DC4D002080B500AF0120FFF7F8
:10B7D00089FFFFF7ADFF0120FFF79AFC0346002B1E
:10B7E00005D10120FFF7BEFC0346002B01D0012349
:10B7F00000E00023DBB2184680BD000080B582B0B7
:10B8000000AFF8F721FF0246104B1B68D31A7B608C
:10B810007B68632B01D8002314E00020FFF762FF50
:10B82000FFF786FF0020FFF773FC0346002B05D1CE
:10B830000020FFF797FC0346002B01D0012300E016
:10B840000023DBB218460837BD4680BDBC4D002042
:10B8500080B500AF094B1B68002B01D100230BE022
:10B86000F8F7F2FE0246054B1B68D31AB3F52F7F9B
:10B8700001D3012300E00023184680BDC04D002005
:10B8800080B582B000AF274B1B88BB80264B1B883E
:10B89000002B25D0254B1A88234B1B889A421CD29B
:10B8A000234B1B8A9AB2214B1B881344FB801E4BEF
:10B8B0001B88FA889A4202D91B4B1B88FB80FB88A5
:10B8C0001846FFF787FE194B1A88174B1B889A42B8
:10B8D00024D3154B00221A8020E0134B00221A803B
:10B8E000124B1B88002B0FD1114B1B8A9BB2BA88BD
:10B8F0009A4209D90C4ABB8813800D4B1B8A9BB214
:10B900001846FFF767FE0AE0084B1B88BA889A4280
:10B9100005D0BB881846FFF75DFE00E000BF083782
:10B92000BD4680BDBA4D0020DA4D0020B84D002044
:10B93000044B002080B400AF064B01221A70064B66
:10B9400000221A60054B00221A8000BFBD465DF838
:10B95000047B7047D94D0020C44D0020DA4D0020F3
:10B9600080B500AF114B1B79DBB2042B01D0012352
:10B9700019E00F4B1B78032B01D0002313E00D4B74
:10B980001B88002B01D100230DE004F041FA03468F
:10B99000002B06D0084B1B78DBB2002B01D1012312
:10B9A00000E00023DBB2184680BD00BF044B00203E
:10B9B000DC4D0020BA4D0020544B002080B400AF75
:10B9C00000BFBD465DF8047B704780B483B000AF14
:10B9D0007860396000BF0C37BD465DF8047B704766
:10B9E00080B400AF00BFBD465DF8047B7047000027
:10B9F00080B485B000AFF860B9607A60FB68074A30
:10BA00001A60BB68064A1A607B6880221A6000BF11
:10BA10001437BD465DF8047B704700BF004E002020
:10BA2000784F0020B0B5ACB000AF0023C7F8A83005
:10BA30000023C7F8AC3007F1A8031846FEF7ADFAAB
:10BA400003463B4A13603B4B07F18C041D460FCD68
:10BA50000FC495E8070084E8070007F18C03002174
:10BA60001846FEF73AFA0346334A1360334B07F1A0
:10BA700070041D460FCD0FC495E8070084E8070049
:10BA800007F1700300211846FEF727FA03462C4AF7
:10BA900013602C4B07F154041D460FCD0FC495E8DD
:10BAA000070084E8070007F1540300211846FEF759
:10BAB00014FA0346244A1360244B07F138041D4648
:10BAC0000FCD0FC495E8070084E8070007F138039D
:10BAD00000211846FEF701FA03461D4A13601D4B6C
:10BAE00007F11C041D460FCD0FC495E8070084E83C
:10BAF000070007F11C0300211846FEF7EEF9034684
:10BB0000154A1360154B3C461D460FCD0FC495E8F2
:10BB1000070084E807003B4600211846FEF7DDF9E0
:10BB200003460F4A136000BFB037BD46B0BD00BF2B
:10BB3000F84D0020A8610208E04D0020D061020805
:10BB4000E44D0020F8610208E84D00201C62020864
:10BB5000EC4D002044620208F04D002070620208A3
:10BB6000F44D002080B584B000AF78600023FB73F3
:10BB70000023BB60BB68002B17D0F8F765FD0246B9
:10BB8000BB68D31A914A93420FD9914B00229A7104
:10BB9000904B5B78DBB21846FFF702FB0346194671
:10BBA000022002F00FFA0023BB60FB7B884A9279E7
:10BBB000D2B2934231D0864B9B79DBB2002B14BFBB
:10BBC00001230023FB73824B9B79DBB2002B21D135
:10BBD0007F4BDB79DBB2012B0ED17E4B0122DA7079
:10BBE0007C4B32225A703220FFF7DAFA03461946AC
:10BBF000022002F0E7F90AE0764B5B78DBB21846E8
:10BC0000FFF7CEFA03461946022002F0DBF90023C3
:10BC1000BB6002E0F8F718FDB8606F4B1B79DBB230
:10BC2000012B04D06C4B1B79DBB2042B10D16B4B76
:10BC30001B78DBB2002B0BD1654B1B7BDBB2002BDF
:10BC400006D1FFF78DFE0346002B01D004F004F966
:10BC5000604BDB889BB2604A927AD2B2934204D2A4
:10BC60005B4B9B79DBB2012B1FD1594B01221A721E
:10BC7000012210215A48F8F7ADFA9620FEF779F91B
:10BC8000012208215648F8F7A5FA9620FEF771F927
:10BC9000012204215248F8F79DFA9620FEF769F92F
:10BCA000012202214E48F8F795FA4A4BDB889BB2F5
:10BCB000494AD27AD2B293421BD8454B9B79DBB228
:10BCC000002B16D1424B00221A7200221021444848
:10BCD000F8F780FA002208214148F8F77BFA0022A1
:10BCE00004213F48F8F776FA002202213C48F8F791
:10BCF00071FA384BDB889BB2374A527AD2B2934200
:10BD00001BD3344B05221A70314B0122DA72304BAF
:10BD10000022DA712E4B00229A712E4B0022DA702B
:10BD20002C4B00225A702B4B00221A83FFF702FE85
:10BD30000021022002F046F940E0264BDB889BB24E
:10BD4000254A127AD2B2934202D8214B0022DA72EB
:10BD50001F4B9B79DBB2012B03D11E4B02221A70C1
:10BD60002CE01B4B1B7ADBB2012B1BD1194B1B8A1E
:10BD70009BB2B3F57A6F11D9164B5B8A9BB2B3F5C0
:10BD80007A6F0BD9134B9B8A9BB2B3F57A6F05D9A7
:10BD9000104BDB8A9BB2B3F57A6F03D80D4B0622AA
:10BDA0001A700BE00B4B5B78DBB2002B03D1094B15
:10BDB00000221A7002E0074B01221A701021094874
:10BDC000F8F721FAC820FEF7D4F8D3E6D04E0900E0
:10BDD000244B0020344B0020044B0020004B00205B
:10BDE000000C02400010024080B586B000AF7860C1
:10BDF00000237B73814B1B78DBB2012B08D17F4B77
:10BE000000221A70A521152007F020FBF8F7E1FBAE
:10BE100004F078FD01F06EFE794BDB7ADBB2012B8A
:10BE200002D1784B00221A80774B9B79DBB2012B31
:10BE300005D0754B9B79DBB2022B40F06981704BCA
:10BE4000DB7ADBB2002B40F063816D4BDB79DBB238
:10BE5000002B40F05D816C4B1B7EDBB2012B40F070
:10BE60004581684B1B887B814FF07E533B61674B5C
:10BE70001B8B9AB2634B1B889A4207D9634B1B8B6F
:10BE80009AB2604B1B88D31AFB8206E05D4B1A887E
:10BE90005E4B1B8B9BB2D31AFB825B4B1B8A9BB204
:10BEA000002B00F0C580584B1B8A9BB2FA8AB2FB6C
:10BEB000F3F33B813B89022B38D8544B1B8B9BB24D
:10BEC000002B30D04F4B1B881A464F4B1B8A9BB21E
:10BED0001946322301FB03F39A4221DC494B1B88AC
:10BEE0001946494B1B8A9BB21A4613469B001344C2
:10BEF0009A001344994210DC424B1B881946424B6E
:10BF00001B8A9BB21A4613469B0013445B0099425E
:10BF100001DD3F4B05E03F4B03E04FF07C5300E079
:10BF20003D4B3B6184E03D4B3B6181E03B890A2B0B
:10BF300039D8364B1B8B9BB2002B31D0314B1B8831
:10BF40001A46314B1B8A9BB21946322301FB03F37D
:10BF50009A4222DC2B4B1B8819462B4B1B8A9BB227
:10BF60001A4613469B0013449A001344994212DC6C
:10BF7000244B1B881946244B1B8A9BB21A46134636
:10BF80009B0013445B00994202DD4FF07C5305E0B7
:10BF90004FF07A5302E0204B00E01F4B3B6147E03B
:10BFA0001E4B3B6144E03B89142B0BD8174B1B8B7A
:10BFB0009BB2002B03D04FF07E533B6138E0184B0F
:10BFC0003B6135E03B89322B0AD8104B1B8B9BB26F
:10BFD000002B02D0114B3B612AE0124B3B6127E062
:10BFE0003B89502B22D8094B1B8B9BB2002B02D0D4
:10BFF0000B4B3B611CE00C4B3B6119E048540020AB
:10C00000244B002078510020044B0020344B0020AA
:10C010009A99993E0AD7A33DCDCC4C3F00004040B1
:10C020000000A0400000E04000002041A24B3B6126
:10C03000A24B1B8A9BB207EE903AB8EEE77AD7ED97
:10C04000047A67EE277AFCEEE77A17EE903AFB81E6
:10C05000FB89002B01D10123FB81994B1B8B9AB2E9
:10C06000984B1B889A4217D9954B1B8B9BB21A464B
:10C07000944B1B88D21AFB899A4205DA904B1B8B92
:10C080009AB2904B1A8025E08E4B1A88FB89134494
:10C090009AB28C4B1A801DE0894B1B8B9AB2894B4C
:10C0A0001B889A4216D2874B1B881A46844B1B8BDF
:10C0B0009BB2D21AFB899A4205DA814B1B8B9AB24A
:10C0C000804B1A8006E07F4B1A88FB89D31A9AB2FC
:10C0D0007C4B1A807B4B1B887A899A4218D0794B0B
:10C0E0001B881946022001F06DFF11E0744B1B8B79
:10C0F0009AB2744B1B889A420AD0714B1B8B9AB22E
:10C10000704B1A806F4B1B881946022001F05AFFB2
:10C110006D4B5B79DBB2012B40F0B4816B4B1B683C
:10C120004FF0FF311846FDF751FF0346002B40F05A
:10C13000A981674B9B78A53B042B00F2908101A25B
:10C1400052F823F059C10108FFC101081FC30108BB
:10C150005FC401081BC401085D4B5B791A4692005D
:10C1600013441A4691001A460B4613449B00DAB258
:10C17000574B9B79194689000B445B00DBB2134493
:10C18000DAB2534BDB791344DBB230337B734E4B63
:10C190009B79DBB2002B2AD17B7B642B0ED8484ADB
:10C1A0007B7B5370464B5B78DBB21846FEF7F8FF9B
:10C1B00003461946022001F005FF52E17B7B454A08
:10C1C000A2FB03125209642101FB02F29B1ADBB2AB
:10C1D0000133DAB23A4B5A713B4B01229A71374B19
:10C1E000DB8A9BB21946022001F0ECFE39E17B7B31
:10C1F000642B00F23681324A7B7B537031E1344B41
:10C200005B791A46920013445B00DAB2304B9B799B
:10C210001344DBB2103BDAB22D4B83F80A22274BD2
:10C220005B78DAB22A4B93F80A329A4275D8234BDC
:10C230005B78DBB29B000233254A13445B781A46D5
:10C24000920013441A4691001A460B4613449B0071
:10C25000DAB21A4B5B78DBB29B0003331C490B4408
:10C260005B78194689000B445B00DBB21344DAB2F9
:10C27000124B5B78DBB201339B0015490B445B78B2
:10C280001344DBB230337B730F4B9B79DBB2002B53
:10C290003BD17B7B642B1FD8094A7B7B5370084BB7
:10C2A0005B78DBB21846FEF77BFF03461946022097
:10C2B00001F088FED7E000BF00002041044B0020C1
:10C2C000344B002078510020244B0020F84D0020F2
:10C2D000604B00201F85EB517B7B6C4AA2FB031255
:10C2E0005209642101FB02F29B1ADBB20133DAB27C
:10C2F000674B5A71674B01229A71674BDB8A9BB27D
:10C300001946022001F05EFEADE07B7B642B00F25B
:10C31000AA805F4A7B7B5370A5E000BFA3E05F4B20
:10C320005B791A46920013445B00DAB25B4B9B794F
:10C330001344DBB2103BDAB2584B83F80922564B58
:10C340001B78DAB2554B93F809329A4263D8524BB4
:10C350001B78DBB29B000233504A13445B781A46C9
:10C36000920013441A4691001A460B4613449B0050
:10C37000DAB2494B1B78DBB29B00033347490B44CD
:10C380005B78194689000B445B00DBB21344DAB2D8
:10C39000414B1B78DBB201339B0040490B445B7877
:10C3A0001344DBB230337B733A4B9B79DBB2002B07
:10C3B0002AD17B7B642B0ED8354A7B7B5370344B60
:10C3C0005B78DBB21846FEF7EBFE03461946022007
:10C3D00001F0F8FD49E07B7B2C4AA2FB03125209D5
:10C3E000642101FB02F29B1ADBB20133DAB2284B63
:10C3F0005A71284B01229A71274BDB8A9BB219464E
:10C40000022001F0DFFD30E07B7B642B2DD8204A39
:10C410007B7B537029E000BF27E0204B5B791A46F5
:10C42000920013445B00DAB21C4B9B791344DBB2DD
:10C43000103BDAB2194B83F80922174B1B78DAB29A
:10C44000164B93F809329A4211D1154B1B689B6821
:10C450000021184609F004F803F08EFA07E000BF47
:10C4600006E000BF04E000BF02E000BF00E000BF44
:10C47000084B00225A710B4B1B681846FDF7F4FD60
:10C4800000237B730A20FDF774FDB3E41F85EB5195
:10C49000344B0020244B0020044B0020604B002034
:10C4A0000C000020F84D002080B58AB002AF786003
:10C4B0000023FB770023BB7700237B770023BB7629
:10C4C00000237B7600237B6100233B610023FB601C
:10C4D0000023BB60A74B1B7BDBB2002B03D0012BDF
:10C4E00000F0BF80C0E04FF4FA63009332230022D3
:10C4F0004FF40051A04801F0F7F90346FB77FB7FAA
:10C50000022B51D19D4B1B78DBB2032B3CD09B4BB4
:10C510001B78DBB2042B37D0984B1B78DBB2052B92
:10C5200032D0974BDB79DBB2012B12D1944B002236
:10C53000DA71924B0022DA70904B00225A70904BC5
:10C5400000229A71FFF7F6F90021022001F03AFD6E
:10C5500086E08B4B0122DA7101224FF4804186483C
:10C56000F7F738FE854B0122DA70844B32225A707D
:10C57000834B00229A713220FEF712FE03461946C1
:10C58000022001F01FFD6BE07D4B0022DA717B4B36
:10C590000022DA70794B00225A70FFF7CBF90021A4
:10C5A000022001F00FFD5EE0FB7F012B53D1744BA5
:10C5B000DB79DBB2012B56D1704BDB78DBB2013378
:10C5C000DAB26E4BDA706D4BDB78DBB2032B2CD01A
:10C5D000032B42DC012B02D0022B0FD03DE0674B36
:10C5E00032225A70664B00229A713220FEF7D8FD33
:10C5F00003461946022001F0E5FC31E05F4B64225E
:10C600005A705F4B00229A716420FEF7C9FD034601
:10C610001946022001F0D6FC564B1B79DBB2052BE4
:10C620001DD1564B0022DA7019E0524BDB78DAB29A
:10C63000524B5A714F4BDB8A9BB21946022001F0D4
:10C64000C1FC4E4B00225A704C4B0022DA704C4B0E
:10C6500001229A7104E000BF05E000BF03E000BFC3
:10C6600001E000BF00E000BF464B1B78DBB2082BA7
:10C6700000F2758701A252F823F000BFA1C601089D
:10C68000F5C6010895C7010813C8010891C801083B
:10C69000C7CA01080BCE01084DD00108D3D201084A
:10C6A0004FF4FA630093142300224FF4807136484C
:10C6B00001F01AF90346FB77FB7F012B0CD1314BBC
:10C6C0009B78DBB2002B02D12E4B01221A702D4B2E
:10C6D00000229A7000F05ABFFB7F022B07D1294B32
:10C6E00004221A70294B01221A7000F04FBF00BFBC
:10C6F00000F04CBF4FF4FA630093142300224FF470
:10C700008071214801F0F0F80346FB77FB7F012B95
:10C7100002D11C4B00221A70164B9B79DBB2032B03
:10C7200040F01F874FF4FA63009314230022042182
:10C73000174801F0D9F80346BB774FF4FA6300932A
:10C74000142300228021104801F0CEF803467B77A5
:10C75000BB7F012B04D10B4B03221A7000F003BFE7
:10C760007B7F012B40F0FF86064B02221A7000F0FF
:10C77000FABE00BF044B002000080240344B0020EA
:10C78000244B0020004B002000100240204B0020D2
:10C79000000402404FF4FA630093142300224FF484
:10C7A0008071B24801F0A0F80346FB77FB7F012BB4
:10C7B00002D1AF4B00221A70AE4B9B79DBB2032B38
:10C7C00040F0D3864FF4FA6300931423002204212F
:10C7D000A94801F089F80346BB774FF4FA63009348
:10C7E000142300228021A14801F07EF803467B77C4
:10C7F000BB7F012B04D19E4B01221A7000F0B7BE03
:10C800007B7F012B40F0B386994B03221A7000F016
:10C81000AEBE4FF4FA630093142300224FF48071EC
:10C82000924801F061F80346FB77FB7F012B02D1B0
:10C830008F4B00221A708F4B9B79DBB2032B40F099
:10C8400098864FF4FA6300931423002204218A4847
:10C8500001F04AF80346BB774FF4FA6300931423C0
:10C8600000228021814801F03FF803467B77BB7F9F
:10C87000012B04D17E4B02221A7000F07CBE7B7F1C
:10C88000012B40F078867A4B01221A7000F073BEBB
:10C890004FF4FA630093142300224FF4807173481D
:10C8A00001F022F80346FB77FB7F022B22D1714B6C
:10C8B0001B78DBB21946012006F0C8FD6D4B5B7892
:10C8C000DBB21946022006F0C1FD6A4B9B78DBB251
:10C8D0001946032006F0BAFD664BDB78DBB2194639
:10C8E000042006F0B3FD624B01229A70604B0022D7
:10C8F0001A700AE0FB7F012B06D15D4B05221A70EE
:10C900005E4B05221A7000E000BF4FF4FA630093FB
:10C91000142300220221584800F0E6FF0346FB776B
:10C92000FB7F012B13D1554B1B78DBB2132B07D8A0
:10C93000524B1B78DBB21433DAB2504B1A7006E05C
:10C940004E4B1B78DBB2143BDAB24C4B1A704FF4EF
:10C95000FA630093142300228021444800F0C4FFAE
:10C960000346FB77FB7F012B47D1444B1B78DBB29F
:10C97000132B10D8414B1B78DBB2012B03D83F4B54
:10C9800004221A7039E03D4B1B78DBB2013BDAB26E
:10C990003A4B1A7031E0394B1B78DBB2153B032B55
:10C9A0002AD801A252F823F0B9C90108C9C901085F
:10C9B000D9C90108E9C901082E4B1B78DBB2013344
:10C9C000DAB22C4B1A7018E02A4B5B78DBB20133D9
:10C9D000DAB2284B5A7010E0264B9B78DBB2013359
:10C9E000DAB2244B9A7008E0224BDB78DBB20133D9
:10C9F000DAB2204BDA7000E000BF4FF4FA63009324
:10CA00001423002204211C4800F06EFF0346FB772C
:10CA1000FB7F012B40F0B185184B1B78DBB2132B49
:10CA200012D8164B1B78DBB2032B04D9134B01220F
:10CA30001A7000F0A2BD114B1B78DBB20133DAB2E1
:10CA40000E4B1A7000F099BD0C4B1B78DBB2153BF6
:10CA5000032B35D801A252F823F000BF81CA010888
:10CA600091CA0108A1CA0108B1CA01080010024018
:10CA7000004B0020044B002000040240204B00200B
:10CA8000AB4B1B78DBB2013BDAB2A94B1A7018E052
:10CA9000A74B5B78DBB2013BDAB2A54B5A7010E0D2
:10CAA000A34B9B78DBB2013BDAB2A14B9A7008E052
:10CAB0009F4BDB78DBB2013BDAB29D4BDA7000E0D2
:10CAC00000BF00F05ABD4FF4FA6300931423002214
:10CAD0004FF48071974800F007FF0346FB77FB7F18
:10CAE000022B2FD1944B5B7BDBB2012B07D10120B2
:10CAF000FEF780FCFEF72AFD8F4B00225A738C4B09
:10CB00001B79DBB21946052006F0A0FC884B5B7947
:10CB1000DBB21946062006F099FC854B9B79DBB207
:10CB20001946072006F092FC814BDB79DBB21946EF
:10CB3000082006F08BFC814B01229A707F4B00226B
:10CB40001A700AE0FB7F012B06D17C4B06221A707B
:10CB50007B4B09221A7000E000BF4FF4FA63009388
:10CB6000142300220221774800F0BEFE0346FB7723
:10CB7000FB7F012B13D1724B1B78DBB2132B07D831
:10CB80006F4B1B78DBB21433DAB26D4B1A7006E0D0
:10CB90006B4B1B78DBB2143BDAB2694B1A704FF463
:10CBA000FA630093142300228021624800F09CFE67
:10CBB0000346FB77FB7F012B40F08280604B1B78A4
:10CBC000DBB2132B10D85E4B1B78DBB2052B03D8DE
:10CBD0005B4B08221A7073E0594B1B78DBB2013BA8
:10CBE000DAB2574B1A706BE0554B1B78DBB2193B2E
:10CBF000032B62D801A252F823F000BF0DCC01082C
:10CC000047CC01084FCC0108B3CC0108484B1B7935
:10CC10003B77474B1B79DBB2042B03D9444B0022F3
:10CC20001A7106E0424B1B79DBB20133DAB2404B9A
:10CC30001A713F4B1B79DBB23A7F9A423FD03E4B91
:10CC400001225A733BE03A4B6E225A7138E0384B5E
:10CC50009B79DBB2022B03D9354B00229A712FE06E
:10CC6000334B9B79DBB20133DAB2314B9A71304BE3
:10CC70009B79DBB2012B0BD13348FAF7A3F90346BA
:10CC8000002B10D1314B00225A7002F0B9F90AE0A2
:10CC90002D48FAF797F90346002B04D12B4B0022BD
:10CCA0005A7002F01DF8012229492748FAF747FA7D
:10CCB00006E01F4B0122DA7102E000BF00E000BF76
:10CCC0004FF4FA6300931423002204211D4800F05E
:10CCD0000BFE0346FB77FB7F012B40F05084184B83
:10CCE0001B78DBB2132B12D8154B1B78DBB2072B4A
:10CCF00004D9134B05221A7000F041BC104B1B786D
:10CD0000DBB20133DAB20E4B1A7000F038BC0C4BB8
:10CD10001B78DBB2193B032B73D801A252F823F026
:10CD200055CD01088FCD010897CD0108FBCD010835
:10CD3000044B002000100240244B0020004B002038
:10CD4000204B002000040240C05A0020344B002039
:10CD5000604B0020A74B1B79FB76A64B1B79DBB2FF
:10CD6000002B03D1A34B05221A7106E0A14B1B79BE
:10CD7000DBB2013BDAB29F4B1A719E4B1B79DBB2DF
:10CD8000FA7E9A423FD09C4B01225A733BE0994B6A
:10CD9000DC225A7138E0974B9B79DBB2002B03D130
:10CDA000944B03229A712FE0924B9B79DBB2013BAB
:10CDB000DAB2904B9A718F4B9B79DBB2012B0BD17E
:10CDC0008E48FAF7FFF80346002B10D18C4B002257
:10CDD0005A7002F015F90AE08848FAF7F3F80346AA
:10CDE000002B04D1864B00225A7001F079FF0122FA
:10CDF00084498248FAF7A3F906E07E4B0022DA71F3
:10CE000002E000BFBBE300BFB9E34FF4FA63009355
:10CE1000142300224FF480717B4800F065FD034627
:10CE2000FB77FB7F022B22D1724B1B7ADBB21946B8
:10CE3000092006F00BFB6F4B5B7ADBB219460A2028
:10CE400006F004FB6B4B9B7ADBB219460B2006F015
:10CE5000FDFA684BDB7ADBB219460C2006F0F6FAD5
:10CE60006A4B01229A70694B00221A700AE0FB7F1C
:10CE7000012B06D1654B07221A70654B0D221A70E3
:10CE800000E000BF4FF4FA63009314230022022154
:10CE9000604800F029FD0346FB77FB7F012B13D18F
:10CEA0005B4B1B78DBB2132B07D8594B1B78DBB2DB
:10CEB0001433DAB2564B1A7006E0554B1B78DBB2CE
:10CEC000143BDAB2524B1A704FF4FA6300931423F6
:10CED000002280214C4800F007FD0346FB77FB7FD2
:10CEE000012B48D14A4B1B78DBB2132B10D8484B8F
:10CEF0001B78DBB2092B03D8454B0C221A703AE0A1
:10CF0000434B1B78DBB2013BDAB2414B1A7032E083
:10CF10003F4B1B78DBB21D3B032B2BD801A252F8F1
:10CF200023F000BF35CF010845CF010855CF0108D8
:10CF300065CF01082F4B1B7ADBB20133DAB22D4BE0
:10CF40001A7218E02B4B5B7ADBB20133DAB2294B51
:10CF50005A7210E0274B9B7ADBB20133DAB2254BD1
:10CF60009A7208E0234BDB7ADBB20133DAB2214B51
:10CF7000DA7200E000BF4FF4FA630093142300223A
:10CF80000421244800F0B0FC0346FB77FB7F012B13
:10CF900040F0F7821E4B1B78DBB2132B10D81C4BD2
:10CFA0001B78DBB20B2B03D9194B09221A70E8E26C
:10CFB000174B1B78DBB20133DAB2154B1A70E0E283
:10CFC000134B1B78DBB21D3B032B3DD801A252F85B
:10CFD00023F000BFE5CF010819D0010829D00108CE
:10CFE00039D00108034B1B7ADBB2013BDAB2014BAB
:10CFF0001A722AE0044B0020244B0020C05A002063
:10D00000344B0020604B002000100240004B0020F9
:10D01000204B0020000402409C4B5B7ADBB2013BBA
:10D02000DAB29A4B5A7210E0984B9B7ADBB2013B12
:10D03000DAB2964B9A7208E0944BDB7ADBB2013B92
:10D04000DAB2924BDA7200E000BF9AE24FF4FA6370
:10D050000093142300224FF480718D4800F044FCAB
:10D060000346FB77FB7F022B21D1884B1B7BDBB276
:10D0700019460D2006F0EAF9844B5B7BDBB21946BA
:10D080000E2006F0E3F9814BDB899BB2814AA2FBBB
:10D0900003235B099BB2DBB219460F2006F0D6F9D9
:10D0A0007D4B01229A707C4B00221A700AE0FB7FB4
:10D0B000012B06D1784B08221A70784B11221A7076
:10D0C00000E000BF4FF4FA63009314230022022112
:10D0D000734800F009FC0346FB77FB7F012B1ED150
:10D0E0006E4B1B78DBB2132B12D86C4B1B78DBB268
:10D0F0001433DAB2694B1A70684B1B78DBB2242BFD
:10D100000DD1654B00221A70644B10221A7006E094
:10D11000624B1B78DBB2143BDAB2604B1A704FF4EF
:10D12000FA630093142300228021594800F0DCFBAD
:10D130000346FB77FB7F012B57D1584B1B78DBB2A3
:10D14000132B10D8554B1B78DBB20D2B03D8534B48
:10D1500010221A7049E0514B1B78DBB2013BDAB266
:10D160004E4B1A7041E04D4B1B78DBB2232B1BD08A
:10D17000232B39DC212B02D0222B04D034E0434B6B
:10D1800001221A7331E0414B5B7BDBB2012B03D9E7
:10D190003E4B00225A7328E03C4B5B7BDBB20133F1
:10D1A000DAB23A4B5A7320E0384BDB899BB2B3F5C5
:10D1B000FA5F04D3354B4FF4FA52DA8115E0334B62
:10D1C000DB899BB264339AB2304BDA812F4BDB8917
:10D1D0009BB21946012000F0F5FE2C4BDB899BB277
:10D1E000184602F0CDFD00E000BF4FF4FA63009353
:10D1F0001423002204212A4800F076FB0346FB7723
:10D20000FB7F012B40F0BF81244B1B78DBB2132B3B
:10D2100010D8224B1B78DBB20F2B03D91F4B0D22EA
:10D220001A70B0E11D4B1B78DBB20133DAB21B4B35
:10D230001A70A8E1194B1B78DBB2232B1BD0232BD0
:10D2400045DC212B02D0222B04D040E00F4B0022E2
:10D250001A733DE00D4B5B7BDBB2002B03D10B4B14
:10D2600002225A7334E0094B5B7BDBB2013BDAB23A
:10D27000064B5A732CE0054BDB899BB2B3F5FA6F72
:10D2800010D8024B4FF4FA62DA8121E0044B0020FF
:10D29000001002401F85EB51004B0020204B002066
:10D2A00000040240A14BDB899BB2643B9AB29F4BC6
:10D2B000DA819E4BDB899BB21946012000F082FE89
:10D2C0009A4BDB899BB2184602F05AFD00E000BF82
:10D2D00059E1974B1B78DBB2252B08D0944B1B7878
:10D2E000DBB2262B03D00023BB7600237B764FF4E2
:10D2F000FA630093142300224FF480718D4800F0EC
:10D30000F3FA0346FB77FB7F022B13D1FEF71EF9DE
:10D31000864B1B7EDBB21946142006F097F80021DD
:10D32000022000F04FFE844B01229A70824B0022B3
:10D330001A700AE0FB7F012B06D17F4B04221A7082
:10D340007B4B01221A7000E000BF4FF4FA63009398
:10D35000142300220221794800F0C6FA0346FB7725
:10D36000FB7F012B13D1724B1B78DBB2132B07D839
:10D370006F4B1B78DBB21433DAB26D4B1A7006E0D8
:10D380006B4B1B78DBB2143BDAB2694B1A70684BFB
:10D390001B78DBB2252B04D0654B1B78DBB2262B28
:10D3A0000ED107F1140107F11A0207F110030093DF
:10D3B0000B4680215F48FDF721FF0346FB770AE01B
:10D3C0004FF4FA630093142300228021594800F09F
:10D3D0008BFA0346FB77FB7F012B40D1544B1B7824
:10D3E000DBB2132B19D8524B1B78DBB2112B0CD8A4
:10D3F0004E4B1B79DBB2052B03D14D4B13221A7018
:10D400002DE04B4B12221A7029E0494B1B78DBB2FE
:10D41000013BDAB2464B1A7021E0454B1B78DBB278
:10D42000272B0ED0272B19DC252B02D0262B04D03E
:10D4300014E00120FDF71EFF11E00120FDF756FF6B
:10D440000DE03A4B1B7EDBB2012B03D1374B0022A0
:10D450001A7604E0354B01221A7600E000BF344B07
:10D460001B78DBB2252B04D0314B1B78DBB2262B8B
:10D470000ED107F10C0107F1190207F1080300931F
:10D480000B4604212D48FDF7B9FE0346FB770AE061
:10D490004FF4FA630093142300220421274800F07C
:10D4A00023FA0346FB77FB7F012B6ED1204B1B78C1
:10D4B000DBB2132B26D81D4B1B79DBB2052B10D109
:10D4C0001B4B1B78DBB2122B03D9194B11221A709C
:10D4D0005BE0174B1B78DBB20133DAB2144B1A70E6
:10D4E00053E0134B1B78DBB2112B03D9104B1122E5
:10D4F0001A704AE00E4B1B78DBB20133DAB20C4BE8
:10D500001A7042E00A4B1B78DBB2272B18D0272B6E
:10D5100023DC252B02D0262B04D01EE00020FDF7B3
:10D52000A9FE1BE00020FDF7E1FE17E0044B002000
:10D53000204B002000100240004B0020000402405D
:10D54000154B1B7EDBB2012B03D1134B00221A7645
:10D5500004E0114B01221A7600E000BF15E000BF85
:10D5600014E000BF12E000BF10E000BF0EE000BFFB
:10D570000CE000BF0AE000BF08E000BF06E000BF0B
:10D5800004E000BF02E000BF00E000BF0120FCF7A4
:10D59000F0FCFEF79FBF00BF044B002080B582B0B7
:10D5A00000AF78602A4B1B78DBB2082B4AD801A267
:10D5B00052F823F0D9D50108E5D50108F1D50108C5
:10D5C000FDD5010809D6010815D6010821D60108A4
:10D5D0002DD6010839D60108002003F027FC04F0FD
:10D5E000CFFA30E0002003F021FC04F0A5FC2AE093
:10D5F000002003F01BFC04F0B7FD24E0002003F042
:10D6000015FC04F091FE1EE0002003F00FFC04F076
:10D6100057FF18E0002003F009FC05F089F812E03C
:10D62000002003F003FC05F015FB0CE0002003F0E4
:10D63000FDFB05F047FC06E0002003F0F7FB05F0DA
:10D64000A9FD00E000BFC820FCF793FCAAE700BFDB
:10D65000004B00200000000080B586B000AF78606D
:10D6600000233B610023FB604FF00003BB600023FD
:10D67000FB754BE09848F5F7ABFA01219648F5F7B2
:10D6800079FB9548F5F701FC03469AB2934B5A8112
:10D69000924B5B899BB203F47E6307EE903AF8EEFF
:10D6A000677A97ED027A77EE277AC7ED027A8A4891
:10D6B000F5F78EFA01218848F5F75CFB8648F5F707
:10D6C000E4FB03469AB2854B9A81844B9B899BB2BB
:10D6D00003F47E63FA681344FB607F48F5F778FA39
:10D6E00001217D48F5F746FB7B48F5F7CEFB034665
:10D6F0009AB27A4BDA81794BDB899BB203F47E6371
:10D700003A6913443B61FB7D0133FB75FB7D092BBB
:10D71000B0D9734B1B79DBB2002B21D1D7ED027A44
:10D72000B2EE047AC7EE876A16EE900AF3F726F88F
:10D730005DA3D3E90023F2F793FD02460B461046A2
:10D7400019465BA3D3E90023F2F7B8FE02460B4665
:10D7500010461946F3F7B2F80346604AD3614EE02B
:10D760005F4B1B79DBB2052B21D1D7ED027AB2EEEC
:10D77000047AC7EE876A16EE900AF2F7FFFF4AA313
:10D78000D3E90023F2F76CFD02460B46104619461A
:10D7900047A3D3E90023F2F791FE02460B46104659
:10D7A0001946F3F78BF803464C4AD36127E04C4BFC
:10D7B0001B79DBB2032B21D1D7ED027AB2EE047ACA
:10D7C000C7EE876A16EE900AF2F7D8FF3AA3D3E9BC
:10D7D0000023F2F745FD02460B461046194638A3D2
:10D7E000D3E90023F2F76AFE02460B4610461946BB
:10D7F000F3F764F80346394AD36100E000BF374BC2
:10D80000D3ED077AF5EEC07AF1EE10FA03D8334B78
:10D810004FF00002DA61FB6807EE903AF8EE677AA3
:10D82000B2EE047AC7EE876A16EE900AF2F7A6FF08
:10D8300025A3D3E90023F2F713FD02460B46104659
:10D84000194623A3D3E90023F2F73AFE02460B461A
:10D8500010461946F3F712F803469AB21F4BDA80C6
:10D860001E4BDB889BB2002B02D11C4B0022DA80BE
:10D870003B691C4AA2FB0323DB089AB2174B1A81AF
:10D88000164B1B899BB2002B02D1144B00221A812C
:10D8900000233B614FF00003BB600023FB601E20B0
:10D8A000FCF767FBE3E600BFB37BF2B0506B8A3F47
:10D8B00001DE02098A7F22406EA301BC0512943F5B
:10D8C000EC51B81E85EB2B40DE718A8EE4F29FBFCF
:10D8D000D578E926311056407C510020344B002089
:10D8E000044B0020CDCCCCCC80B586B000AFF86026
:10D8F000084611461A4603467B810B467B72134647
:10D90000FB800023FB753A8CFB88D31ABB82F6F7A9
:10D910009BFE38611E20FCF72CFBFB681A697B8993
:10D920001340002B14BF01230023DBB21A467B7A7D
:10D930009A4245D1FB881846FCF71BFB32E0F6F70C
:10D9400083FE02463B69D21ABB8A9A4218D37B896E
:10D950001946F86800F088F80346002B37D17B8918
:10D960001946F86800F080F80346012B2FD00223F7
:10D97000FB757B8901221946F86800F02FF826E034
:10D98000F6F762FE02463B69D21AFB889A4209D337
:10D990007B891946F86800F067F80346002B01D12F
:10D9A0000123FB75FB681A697B891340002B14BFA8
:10D9B00001230023DBB21A467B7A9A42BFD007E0EC
:10D9C0007B8900221946F86800F008F800E000BFE3
:10D9D000FB7D18461837BD4680BD000080B483B07B
:10D9E00000AF78600B467B8013467B707B681A4AD9
:10D9F00093420DD17B88022B03D1184A7B78137098
:10DA000024E07B88042B21D1144A7B7893701DE09D
:10DA10007B68134A93420ED17B88802B03D10F4A37
:10DA20007B78537012E07B88B3F5807F0ED10B4A70
:10DA30007B78D3700AE07B680A4A934206D17B88E0
:10DA4000B3F5005F02D1054A7B78137100BF0C3734
:10DA5000BD465DF8047B704700040240244B002063
:10DA6000001002400008024080B483B000AF78602C
:10DA70000B467B807B681B4A93420DD17B88022B2F
:10DA800003D1194B1B78DBB226E07B88042B22D113
:10DA9000154B9B78DBB21FE07B68144A93420ED192
:10DAA0007B88802B03D1104B5B78DBB214E07B8842
:10DAB000B3F5807F0FD10C4BDB78DBB20CE07B68D9
:10DAC0000B4A934207D17B88B3F5005F03D1064B25
:10DAD0001B79DBB200E0002318460C37BD465DF829
:10DAE000047B704700040240244B002000100240D9
:10DAF0000008024090B583B000AF994B1B88FB80B3
:10DB0000984B1B79DBB2042B40F03782964BDB7AC3
:10DB1000DBB2012B02D10023FB803FE0924BDB798B
:10DB2000DBB2012B21D1904B9B79DBB2012B03D1CE
:10DB30008C4BDB8AFB8031E08C4BDB78DBB2012B3A
:10DB400005D13220FDF72CFB0346FB8026E0874BF6
:10DB5000DB78DBB2022B05D16420FDF721FB034605
:10DB6000FB801BE00023FB8018E07F4B9B79DBB23E
:10DB7000012B03D17B4BDB8AFB800FE07B4B5B7877
:10DB8000DBB2002B08D0794B5B78DBB21846FDF78F
:10DB900007FB0346FB8001E00023FB80704AFB8803
:10DBA00013806F4B1B88002B6AD10020FDF712FDFC
:10DBB0006F4B00221A806F4B1B78002B06D06D4BE9
:10DBC00000221A706C4B00221A6027E06B4B1B7806
:10DBD000032B20D1684B1B68002B0DD1F6F734FDC9
:10DBE000034603F6B833644A136000230022002181
:10DBF000102000F0F7FFC2E1F6F726FD02465E4B6B
:10DC00001B68D31A002BC0F2BA815B4B00221A604A
:10DC1000FDF7B4FDB3E1584B00221A60574B1B7857
:10DC2000002B13D1564B1B88002B0FD1554B1B7863
:10DC3000012B0BD10020FDF795FA0346002B02D0F3
:10DC4000FDF79CFDA4E1FDF773FDA1E14B4B1B78B3
:10DC5000012B02D0FDF792FD93E1FDF7B5FD0346E0
:10DC6000002B00F08E81454B00221A70464B00229B
:10DC70001A60464B00221A60454B00221A6080E170
:10DC80003D4B00221A603D4B1B78032B40F0A180D6
:10DC90000120FDF767FA0346002B1AD00020FDF79C
:10DCA00037FA0346002B14D13A4B1B78D9B2354BC7
:10DCB0001B781A46324B1B880B2000F093FF002084
:10DCC000FDF788FC2D4B00221A70294B00221A8088
:10DCD0005EE12B4B1B88002B62D02D4B1B68002B69
:10DCE0005ED00020FDF73EFA0346002B58D0F6F731
:10DCF000ABFC0246264B1B68D31AB3F5FA7F4FD311
:10DD00001A4BD3ED077A9FED247AF4EEC77AF1EE41
:10DD100010FA45D81F4B1B78D9B2194B1B8800222B
:10DD20000C2000F05FFF0020FDF754FC104B002298
:10DD30001A800E4B4FF00002DA610020FDF7A6FCBE
:10DD4000F6F782FC0346104A1360104B00221A605B
:10DD5000124B00221A60094B02221A7018E100BF10
:10DD6000BA4D0020044B0020244B0020344B0020EF
:10DD7000DA4D0020D94D0020C44D0020DC4D00209C
:10DD8000B84D00206E000020BC4D0020C04D00208A
:10DD9000D44D00206D0000200AD7233CD04D002038
:10DDA0007D4B1A887D4B1B889A4204D17C4B1B8883
:10DDB000002B00F0E880784B1B88002B06D1774BB6
:10DDC0001B8800220221112000F00CFFFDF758FDF6
:10DDD000D9E0744B1B78012B3DD10020FDF7FAFBF5
:10DDE0000020FDF7BFF90346002B11D06D4B032235
:10DDF0001A70F6F729FC03466B4A1360674B1B88C1
:10DE000000220121112000F0EDFEFDF739FDBFE0F9
:10DE1000FDF7DAFC0346002B11D10020FDF736FC9C
:10DE2000F6F712FC0346614A13605F4B00221A604A
:10DE30005F4B00221A605B4B02221A70A8E0594B1C
:10DE400000221A70594B00221A60574B00221A60A8
:10DE5000584B00221A60534B1B78002B18D100201E
:10DE6000FDF7B8FB544B4FF00002DA610020FDF7DC
:10DE70000DFCF6F7E9FB03464C4A13604A4B0022BF
:10DE80001A604B4B00221A60464B02221A707FE048
:10DE9000444B1B78022B42D10020FDF79BFBFDF782
:10DEA000ADFC0346002B70D03F4B1B68002B04D108
:10DEB000F6F7CAFB03463C4A1360FDF7C9FC03466C
:10DEC000002B64D0354B1B88002B02D1FDF756FC8C
:10DED0005EE0F6F7B9FB0246334B1B68D31A3B6092
:10DEE0003B68FF2B02D83B68D9B200E0FF212B4BE7
:10DEF0001B884FF42F720F2000F074FE2F4B1B78FD
:10DF0000DCB20020FDF704F903461A46234B1B88B8
:10DF100021460A2000F066FE224B03221A700120DF
:10DF2000FDF720F90346002B1AD00020FDF7F0F88A
:10DF30000346002B14D1214B1B78D9B2204B1B7800
:10DF40001A46154B1B880B2000F04CFE0020FDF7F5
:10DF500041FB144B00221A70114B00221A8017E06B
:10DF60000D4B1A880D4B1B889A4203D10C4B1B8812
:10DF7000002B0DD0FDF784FC0AE000BF08E000BFD5
:10DF800006E000BF04E000BF02E000BF00E000BF09
:10DF90000C37BD4690BD00BFB84D0020BA4D0020E3
:10DFA000DA4D0020DC4D0020C04D0020BC4D00208B
:10DFB000D04D0020D44D0020344B00206D000020B7
:10DFC0006E00002080B584B000AF03460A46FB71A6
:10DFD0001346BB80FB79012B04D1474B1B68BA88E1
:10DFE0005A6386E0454B01221A73454B1B79DBB21D
:10DFF000052B04D1002220214248F6F7EBF8404BD4
:10E000001B79DBB2042B2ED1BB88002B03D03E4AF8
:10E01000BB88138023E0394BDB79DBB2012B08D1BD
:10E02000364BDB7ADBB2002B03D1344B00221A7360
:10E030005FE0324BDB7ADBB2002B0DD1334B5B78E8
:10E04000DBB2002B04D12D4B9B79DBB2012B03D12A
:10E050002A4B00221A734CE02B4B00221A80274BCC
:10E0600000221A7345E0BB88002B28D0224B1B6886
:10E07000BA889A63224B1B79DBB2032B05D10122AC
:10E0800020212048F6F7A6F802E0002001F09CFFCE
:10E09000EFF30583FB60FB68002B0AD00023BB6015
:10E0A00002E0BB680133BB60BB6841F28732934238
:10E0B000F7DD002201211648F6F78CF816E0012260
:10E0C00001211348F6F786F80B4B1B68BA889A6350
:10E0D0000B4B1B79DBB2032B05D100222021094811
:10E0E000F6F778F802E0012001F06EFF034B002202
:10E0F0001A731037BD4680BDB8530020244B002052
:10E10000044B002000100240BA4D0020344B002088
:10E110000004024080B584B000AF3B4600221A6084
:10E120005A609A60DA60314B314A1A602F4B4FF4D3
:10E1300080325A602D4B00229A602C4B01221A61CA
:10E140002A4B00221A76294B012283F82020274BE4
:10E1500001225A62254B0022DA62244B254A9A6238
:10E16000224B0022DA60214B0322DA611F4B00228E
:10E1700083F830201D4B01225A611C48F4F7E4FC5F
:10E180000346002B01D0FCF77DFE0B233B600123EF
:10E190007B600223BB603B4619461448F4F782FEBD
:10E1A0000346002B01D0FCF76DFE0C233B600223DD
:10E1B0007B603B4619460D48F4F774FE0346002B7E
:10E1C00001D0FCF75FFE0D233B6003237B603B46E1
:10E1D00019460648F4F766FE0346002B01D0FCF70B
:10E1E00051FE00BF1037BD4680BD00BF7C510020EE
:10E1F000002001400100000F80B58AB000AF7860B8
:10E2000007F1140300221A605A609A60DA601A61FA
:10E210007B681B68174A934227D100233B61164B4A
:10E220005B6C154A43F480735364134B5B6C03F4CB
:10E2300080733B613B690023FB600F4B1B6B0E4AF5
:10E2400043F0040313630C4B1B6B03F00403FB60EC
:10E25000FB680E237B610323BB610023FB6107F195
:10E26000140319460548F5F705FD00BF2837BD46DC
:10E2700080BD00BF0020014000380240000802407D
:10E2800080B500AF064B074A1A600548F6F70CFA4E
:10E290000346002B01D0FCF7F5FD00BF80BD00BF99
:10E2A000C45100200030024080B485B000AF7860D7
:10E2B0007B681B680B4A93420DD10023FB600A4B1D
:10E2C0001B6B094A43F480531363074B1B6B03F426
:10E2D0008053FB60FB6800BF1437BD465DF8047BCC
:10E2E000704700BF003002400038024080B500AFE8
:10E2F000124B134A1A60114B124A5A600F4B0022FC
:10E300009A600E4BF022DA600C4B4FF480421A6197
:10E310000A4B00225A61094B00229A61074B0022E6
:10E32000DA61064B00221A620448F6F7D9F903466F
:10E33000002B01D0FCF7A6FD00BF80BDCC51002012
:10E3400000540040A086010080B58AB000AF78601C
:10E3500007F1140300221A605A609A60DA601A61A9
:10E360007B681B68214A93423BD100233B61204BD1
:10E370001B6B1F4A43F0020313631D4B1B6B03F01F
:10E3800002033B613B69C0237B611223BB61012314
:10E39000FB6103233B6204237B6207F114031946EC
:10E3A0001448F5F767FC0023FB60114B1B6C104A07
:10E3B00043F4001313640E4B1B6C03F40013FB6057
:10E3C000FB68002205211F20F6F7CBF81F20F6F787
:10E3D000E4F8002205212020F6F7C3F82020F6F704
:10E3E000DCF800BF2837BD4680BD00BF00540040A8
:10E3F000003802400004024080B500AF174B184AB5
:10E400001A60164B4FF482725A60144B00229A60C5
:10E41000124B0022DA60114B00221A610F4B0022CE
:10E420005A610E4B4FF400729A610C4B1822DA615C
:10E430000A4B00221A62094B00225A62074B002243
:10E440009A62064B0A22DA620448F7F79AFF0346FB
:10E45000002B01D0FCF716FD00BF80BD205200202C
:10E460000030014080B500AF174B184A1A60164BB8
:10E470004FF482725A60144B00229A60124B0022B1
:10E48000DA60114B00221A610F4B00225A610E4BC9
:10E490004FF400729A610C4B0022DA610A4B0022A1
:10E4A0001A62094B00225A62074B00229A62064BFD
:10E4B0000A22DA620448F7F764FF0346002B01D012
:10E4C000FCF7E0FC00BF80BD78520020003800401F
:10E4D00080B500AF174B184A1A60164B4FF4827282
:10E4E0005A60144B00229A60124B0022DA60114BE2
:10E4F00002221A610F4B01225A610E4B4FF4007237
:10E500009A610C4B0822DA610A4B00221A62094B0D
:10E5100000225A62074B00229A62064B0A22DA62F4
:10E520000448F7F72EFF0346002B01D0FCF7AAFCA6
:10E5300000BF80BDD0520020003C004080B58EB0AE
:10E5400000AF786007F1240300221A605A609A60D5
:10E55000DA601A617B681B68544A93422CD100230D
:10E560003B62534B5B6C524A43F480535364504BB1
:10E570005B6C03F480533B623B6A0023FB614C4BB2
:10E580001B6B4B4A43F002031363494B1B6B03F0B5
:10E590000203FB61FB6938237B620223BB62012318
:10E5A000FB6203233B6305237B6307F124031946C6
:10E5B0004048F5F75FFB75E07B681B683E4A934275
:10E5C0002DD10023BB613A4B1B6C394A43F4804385
:10E5D0001364374B1B6C03F48043BB61BB6900239E
:10E5E0007B61334B1B6B324A43F002031363304BA6
:10E5F0001B6B03F002037B617B694FF460437B621A
:10E600000223BB620123FB6203233B6305237B637D
:10E6100007F1240319462748F5F72CFB42E07B68F5
:10E620001B68264A93423DD100233B61204B1B6C63
:10E630001F4A43F4004313641D4B1B6C03F4004357
:10E640003B613B690023FB60194B1B6B184A43F08D
:10E6500004031363164B1B6B03F00403FB60FB689E
:10E660004FF4A0537B620223BB620123FB620323AE
:10E670003B6306237B6307F1240319461048F5F733
:10E68000F9FA4FF400637B620223BB620023FB6252
:10E6900003233B6306237B6307F1240319460848E1
:10E6A000F5F7E8FA00BF3837BD4680BD00300140BD
:10E6B000003802400004024000380040003C0040A6
:10E6C0000008024080B58AB000AF07F118030022AD
:10E6D0001A605A609A60DA6007F1100300221A602B
:10E6E0005A603B4600221A605A609A60DA603E4BDC
:10E6F0003E4A1A603C4B40F28F625A603A4B00220D
:10E700009A60394B4FF6FF72DA60374B00221A617C
:10E71000354B00225A61344B00229A613248F2F79D
:10E72000ABFE0346002B01D0FCF7ACFB4FF480534B
:10E73000BB6107F1180319462B48F3F74FFC03465A
:10E74000002B01D0FCF79EFB2748F3F777F8034630
:10E75000002B01D0FCF796FB00233B6100237B617B
:10E7600007F1100319462048F4F75EF90346002B21
:10E7700001D0FCF787FB02233B6001237B60002371
:10E78000BB600023FB603B46002219461648F3F7A6
:10E79000C7FA0346002B01D0FCF774FB3B4604226A
:10E7A00019461148F3F7BCFA0346002B01D0FCF7D9
:10E7B00069FB3B46082219460B48F3F7B1FA0346BA
:10E7C000002B01D0FCF75EFB3B460C2219460648A5
:10E7D000F3F7A6FA0346002B01D0FCF753FB00BF6A
:10E7E0002837BD4680BD00BF2853002000000140EF
:10E7F00080B586B000AF07F1080300221A605A60A6
:10E800009A60DA603B4600221A605A601D4B4FF056
:10E8100080421A601B4B00225A601A4B00229A60F9
:10E82000184B194ADA60174B00221A61154B8022E7
:10E830009A611448F2F720FE0346002B01D0FCF742
:10E8400021FB4FF48053BB6007F1080319460D48C4
:10E85000F3F7C4FB0346002B01D0FCF713FB0023A6
:10E860003B6080237B603B4619460648F4F7DCF8A2
:10E870000346002B01D0FCF705FB00BF1837BD464F
:10E8800080BD00BF705300201F48010080B58EB0CE
:10E8900000AF07F1280300221A605A609A60DA601C
:10E8A00007F1200300221A605A603B1D00221A6003
:10E8B0005A609A60DA601A615A619A61334B344A3D
:10E8C0001A60324B00225A60304B00229A602F4B64
:10E8D00042F2D002DA602D4B00221A612B4B8022CB
:10E8E0009A612A48F2F7C8FD0346002B01D0FCF7D5
:10E8F000C9FA4FF48053BB6207F128031946234835
:10E90000F3F76CFB0346002B01D0FCF7BBFA1F4862
:10E91000F2F772FE0346002B01D0FCF7B3FA302366
:10E920003B6200237B6207F1200319461748F4F786
:10E930007BF80346002B01D0FCF7A4FA60237B6030
:10E940000023BB600023FB6000237B613B1D002292
:10E9500019460E48F3F780FA0346002B01D0FCF766
:10E9600091FA0223FB603B1D042219460748F3F786
:10E9700073FA0346002B01D0FCF784FA034800F039
:10E98000F7F800BF3837BD4680BD00BFB853002040
:10E990000004004080B586B000AF07F108030022F4
:10E9A0001A605A609A60DA603B4600221A605A6028
:10E9B0001D4B1E4A1A601C4B00225A601A4B002243
:10E9C0009A60194B4FF6FF72DA60174B00221A61FA
:10E9D000154B80229A611448F2F74EFD0346002B36
:10E9E00001D0FCF74FFA4FF48053BB6007F10803E6
:10E9F00019460D48F3F7F2FA0346002B01D0FCF755
:10EA000041FA00233B6080237B603B461946064861
:10EA1000F4F70AF80346002B01D0FCF733FA00BFE5
:10EA20001837BD4680BD00BF0054002000080040DC
:10EA300080B58CB000AF786007F11C0300221A602B
:10EA40005A609A60DA601A617B681B68434A934295
:10EA500035D10023BB61424B5B6C414A43F001035B
:10EA600053643F4B5B6C03F00103BB61BB69002344
:10EA70007B613B4B1B6B3A4A43F010031363384BEB
:10EA80001B6B03F010037B617B694FF4D443FB6184
:10EA900002233B6200237B620323BB620123FB62F0
:10EAA00007F11C0319462F48F5F7E4F80022052169
:10EAB0001B20F5F756FD1B20F5F76FFD4AE07B683C
:10EAC0001B68B3F1804F16D100233B61244B1B6CB4
:10EAD000234A43F001031364214B1B6C03F0010331
:10EAE0003B613B69002205211C20F5F73AFD1C2003
:10EAF000F5F753FD2EE07B681B681B4A93420ED14D
:10EB00000023FB60164B1B6C154A43F00203136491
:10EB1000134B1B6C03F00203FB60FB681AE07B687D
:10EB20001B68124A934215D10023BB600C4B1B6C2F
:10EB30000B4A43F004031364094B1B6C03F00403FA
:10EB4000BB60BB68002205211E20F5F70AFD1E20D0
:10EB5000F5F723FD00BF3037BD4680BD0000014002
:10EB6000003802400010024000040040000800404D
:10EB700080B588B000AF786007F10C0300221A60FE
:10EB80005A609A60DA601A617B681B68124A934285
:10EB90001DD10023BB60114B1B6B104A43F00103D6
:10EBA00013630E4B1B6B03F00103BB60BB68C023F8
:10EBB000FB6002233B6100237B610023BB610223D6
:10EBC000FB6107F10C0319460548F5F753F800BF40
:10EBD0002037BD4680BD00BF000400400038024021
:10EBE0000000024090B585B000AF044608461146CB
:10EBF0001A462346FB710346BB710B46BB80134686
:10EC00007B80204B1B6803F07F03FB60F5F71CFD46
:10EC100001461D48FA6813465B0013449B000344F9
:10EC200019601949FA6813465B0013449B000B44B2
:10EC30000433FA791A701449FA6813465B001344D6
:10EC40009B000B440533BA791A700F49FA681346D2
:10EC50005B0013449B000B440633BA881A800A49B0
:10EC6000FA6813465B0013449B000B4408337A8810
:10EC70001A80044B1B680133024A136000BF14372B
:10EC8000BD4690BD4C5A00204C54002080B500AFCA
:10EC9000114B124A1A60104B4FF4E1325A600E4B7E
:10ECA00000229A600C4B0022DA600B4B00221A61A2
:10ECB000094B0C225A61084B00229A61064B002234
:10ECC000DA610548F8F72EF90346002B01D0FCF76E
:10ECD000D9F800BF80BD00BF785A00200010014065
:10ECE00080B582B000AF214B214A1A601F4B4FF410
:10ECF00016525A601D4B00229A601C4B0022DA60AB
:10ED00001A4B00221A61194B0C225A61174B002230
:10ED10009A61164B0022DA611448F8F703F90346AA
:10ED2000002B01D0FCF7AEF800237B600F4B1B6873
:10ED30001B687B600D4B1B685B687B607B680B4BC3
:10ED40001B68DA68094B1B6822F01002DA60094B75
:10ED50000022A3F83C22074B002283F84022064BF6
:10ED600000229A7200BF0837BD4680BDC05A0020FD
:10ED700000440040604B0020244B002080B500AFD1
:10ED8000114B124A1A60104B4FF4E1325A600E4B8D
:10ED900000229A600C4B0022DA600B4B00221A61B1
:10EDA000094B0C225A61084B00229A61064B002243
:10EDB000DA610548F8F7B6F80346002B01D0FCF7F6
:10EDC00061F800BF80BD00BF085B00200014014057
:10EDD00080B58EB000AF786007F1240300221A607E
:10EDE0005A609A60DA601A617B681B68574A9342DE
:10EDF00035D100233B62564B5B6C554A43F0100300
:10EE00005364534B5B6C03F010033B623B6A00237B
:10EE1000FB614F4B1B6B4E4A43F0010313634C4B9A
:10EE20001B6B03F00103FB61FB694FF4C0637B6262
:10EE30000223BB620123FB6203233B6307237B6343
:10EE400007F1240319464348F4F714FF0022052173
:10EE50002520F5F786FB2520F5F79FFB72E07B6800
:10EE60001B683D4A934234D10023BB61384B1B6C75
:10EE7000374A43F400331364354B1B6C03F40033FF
:10EE8000BB61BB6900237B61314B1B6B304A43F094
:10EE9000010313632E4B1B6B03F001037B617B6942
:10EEA0000C237B620223BB620123FB6203233B63CF
:10EEB00007237B6307F1240319462648F4F7DAFE9B
:10EEC000002205212620F5F74CFB2620F5F765FBEF
:10EED00038E07B681B68214A934233D100233B61B1
:10EEE0001B4B5B6C1A4A43F020035364184B5B6C5A
:10EEF00003F020033B613B690023FB60144B1B6B59
:10EF0000134A43F004031363114B1B6B03F0040318
:10EF1000FB60FB68C0237B620223BB620123FB62B0
:10EF200003233B6308237B6307F1240319460C4842
:10EF3000F4F7A0FE002205214720F5F712FB472039
:10EF4000F5F72BFB00BF3837BD4680BD00100140F0
:10EF5000003802400000024000440040001401401C
:10EF60000008024080B582B000AF78607B681B6803
:10EF70001D4A93420ED11D4B5B6C1C4A23F01003BB
:10EF800053644FF4C0611A48F5F710F82520F5F7DF
:10EF900012FB24E07B681B68164A93420DD1134B89
:10EFA0001B6C124A23F4003313640C211048F4F74D
:10EFB000FDFF2620F5F7FFFA11E07B681B680E4A7B
:10EFC00093420CD1094B5B6C084A23F02003536435
:10EFD000C0210A48F4F7EAFF4720F5F7ECFA00BF32
:10EFE0000837BD4680BD00BF001001400038024018
:10EFF00000000240004400400014014000080240AC
:10F0000080B582B000AF254B9B79DBB2012B02D0DB
:10F01000FFF766FE3EE0224B224A1A60204B224A4E
:10F020005A601F4B00229A601D4B4FF40052DA6069
:10F030001B4B00221A611A4B0C225A61184B0022FA
:10F040009A61174B0022DA611548F7F76BFF034608
:10F05000002B01D0FBF716FF00237B60104B1B68D1
:10F060001B687B600E4B1B685B687B607B680C4B8E
:10F070001B68DA680A4B1B6822F01002DA600B4B3F
:10F080000022A3F83C22094B012283F84022084BBE
:10F0900000229A720837BD4680BD00BF044B002095
:10F0A000C05A00200044004090D00300604B002074
:10F0B000244B002080B500AF154B164A1A60144B44
:10F0C000154A5A60124B00229A60114B4FF40052BD
:10F0D000DA600F4B00221A610D4B04225A610C4B6F
:10F0E00000229A610A4B0022DA610948F7F71AFFF9
:10F0F0000346002B01D0FBF7C5FE054B1B68DA6801
:10F10000034B1B6842F01002DA6000BF80BD00BFF5
:10F11000785A00200010014090D0030080B483B0E2
:10F1200000AF0346FB71FB79092B03D8FB79303321
:10F13000FB7102E0FB793733FB71FB7918460C3722
:10F14000BD465DF8047B704780B582B000AF0023F8
:10F15000FB800023BB8000237B8000233B80754B1A
:10F1600001221A70744BB3F83C325A1C91B2724AA5
:10F17000A2F83C121946704B1A786F4B0B445A7028
:10F180006D4B5B78022B40F0CA806B4BB3F83C327E
:10F19000062B36D1684B9B78A52B04D1664B0B22EE
:10F1A000A3F83E222DE0644B9B78A92B04D1624B3F
:10F1B0000922A3F83E2224E05F4B9B78A62B03D0C4
:10F1C0005D4B9B78A72B15D15B4B5B79A3F130028C
:10F1D00013469B0013445B001A46574B9B79303B08
:10F1E00013449BB29B009BB209339AB2524BA3F8D3
:10F1F0003E2206E0504B0022A3F83C224D4B002259
:10F200001A704D4BB3F83C32082B40F28F804A4BBA
:10F21000B3F83C22484BB3F83E329A42C0F08680A5
:10F22000454BB3F83E32013B434A13445B78032B12
:10F2300064D10123BB800AE0BB883F4A13445B785A
:10F240001A46FB881344FB80BB880133BB80BA8815
:10F25000394BB3F83E32033B9A42EDDBFB88DBB21D
:10F26000FB80FB881B099BB2DBB21846FFF756FFF9
:10F2700003463B80FB88DBB203F00F03DBB218468A
:10F28000FFF74CFF03467B802B4BB3F83E32033B2A
:10F29000294A13445B781A463B88934220D1264B77
:10F2A000B3F83E32023B244A13445B781A467B880B
:10F2B000934215D1214BDB79DBB2002B0CD11F4BD4
:10F2C000DB7ADBB2002B07D11C4B1B7BDBB2002BA4
:10F2D00002D11A4B01225A71164B00221A7008E013
:10F2E000174B1B689B680021184606F0B9F800F020
:10F2F000FBFA114B0022A3F83C2217E0104B1B68CD
:10F300009B680021184606F0ABF800F0EDFA0A4BB6
:10F310000022A3F83C22074B00221A7006E0064B9D
:10F320000022A3F83C22034B00221A7000BF0837CA
:10F33000BD4680BDA44D0020604B0020244B002022
:10F340000C00002080B582B000AF0023BB800023FA
:10F35000FB718E4B1B6801338C4A13608C4B01226E
:10F360005A718C4B93F81432072B01D900F0B2FE7E
:10F37000884B93F814325A1CD1B2864A82F8141280
:10F380001946844B93F80B22824B0B4483F80C22D2
:10F39000804B93F80C32012B40F0F0807D4B93F8BA
:10F3A0001432012B11D97B4B93F80D32032B02D170
:10F3B0000723FB7109E0774B93F80D32062B02D13E
:10F3C0000823FB7101E000F085FEFB79002B00F0C3
:10F3D000D780704B93F81432FA799A4200F2D080B9
:10F3E000FB79023BDBB219466B4800F08DFC03460B
:10F3F000BB806A4B1B680133684A1360FB79023B90
:10F40000644A134493F80C321A46BB88DBB29BB2B1
:10F410009A4240F09E80FB79013B5E4A134493F888
:10F420000C321A46BB881B0A9BB29A4240F091806C
:10F430005B4B1B6801335A4A1360564B93F80D32ED
:10F44000032B4FD1534B93F80E32022B4AD1514B21
:10F4500093F80F321B029BB24E4A92F810221344CB
:10F460007B80504B1B78DBB2002B0DD14E4B1B68C1
:10F4700001334D4A1360474B93F80F127B880022EB
:10F480000920FFF7AFFB04E0484B1B680133474AF4
:10F490001360444B1B78DBB2012B12D17B8807EE43
:10F4A000903AF8EE677A9FED427A67EE877A414BA1
:10F4B000C3ED077A7B88002200210E20FFF792FB24
:10F4C0000BE0384B1B78DBB2022B06D17B88DAB21B
:10F4D000394B1A70394B01221A70324B00221A70C4
:10F4E00000BF47E02B4B93F80D32062B42D1294B3E
:10F4F00093F80E32002B3DD1264B93F80F32062B9A
:10F5000038D1244B93F811222D4B1A702D4B1B78B8
:10F51000DAB22D4B1A702D4B01221A70284B1B7832
:10F52000DAB2254B1A70254B01221A70284B1B6842
:10F530000133274A1360224B1B78D9B2224B1B7828
:10F54000DBB21A461F4B1B78DBB20720FFF74AFBE2
:10F5500010E0204B1B6801331E4A13600D4B93F8DB
:10F560000D120C4B93F814321A4600230620FFF7B5
:10F5700039FB00E000BF00F0ADFD01E000F0AAFDA6
:10F580000023BB8000BF0837BD4680BD505A002015
:10F59000A44D0020604B00206C4D00205C5A0020E0
:10F5A000605A0020544B0020745A00206C5A0020EE
:10F5B0005839343C344B00206D000020584B00205B
:10F5C0006C000020564B0020574B0020554B00206C
:10F5D000685A0020645A002080B584B000AF394BCF
:10F5E00093F84032002B4AD0364BB3F83C32364ABF
:10F5F0001278D2B2934242D9344BDB7ADBB2002B81
:10F600003DD1324BDB79DBB2002B38D12F4B1B7B4A
:10F61000DBB2002B33D12B4B5B78002B2FD12A4B45
:10F620001B78DBB21A46274B13445B7807EE903AFF
:10F63000F8EE677A9FED267A67EE877AC7ED037A50
:10F64000D7ED037A9FED237AF4EEC77AF1EE10FA44
:10F6500001DD214BFB60D7ED037AFCEEE77AC7EDC5
:10F66000017A3B79DAB21D4B5A701C4B5B78DBB2E6
:10F670001846FBF795FD03461A46184B1A83114BA3
:10F680000022A3F83C220F4B012283F840220F4BAB
:10F69000DB7ADBB2002B0DD10C4BDB79DBB2002B1C
:10F6A00008D10A4B1B7BDBB2002B03D1074B012295
:10F6B0009A7203E0054B00229A7200BF00BF103718
:10F6C000BD4680BD604B0020044B0020244B002031
:10F6D000355ECA3E0000C8420000C842344B0020DC
:10F6E00080B400AF1A4B9B79DBB2012B28D1194BA8
:10F6F00093F8403283F00103DBB2002B22D1154B8B
:10F70000B3F83C32B3F5007F0ED8124BB3F83C325D
:10F710005A1C91B20F4AA2F83C1219460D4B1A78A6
:10F720000C4B0B445A700EE00A4B0022A3F83C220B
:10F73000084B002283F84022074B00229A7202E015
:10F7400000BF00E000BFBD465DF8047B704700BF0E
:10F75000044B0020604B0020244B002080B582B079
:10F7600000AF78607B681B681F4A934213D11F4B20
:10F770009B79DBB2022B07D100F0BCFF01221C49B0
:10F780001C48F7F7DCFC06E005F030F901221A49C5
:10F790001848F7F7D4FC7B681B68184A934213D1CA
:10F7A000174B1B78184600F06BF8104B9B79DBB2B7
:10F7B000012B02D1FFF794FF01E0FFF7C5FC012206
:10F7C0000F491048F7F7BBFC7B681B680E4A934251
:10F7D00006D1FFF7B7FD01220C490D48F7F7AFFC42
:10F7E00000BF0837BD4680BD00100140044B00201B
:10F7F000A05B0020785A0020D85D00200044004023
:10F80000604B0020C05A0020001401406B4D0020C6
:10F81000085B002080B582B000AF78607B681B6811
:10F82000104A93420AD1104B9B79DBB2022B05D1CF
:10F8300001220E490E48F7F782FC0EE07B681B6838
:10F840000C4A934209D1084B9B79DBB2012B04D1BE
:10F85000012209490948F7F772FC00BF0837BD4685
:10F8600080BD00BF00100140044B0020A05B0020C1
:10F87000785A002000440040604B0020C05A00200D
:10F8800080B483B000AF0346FB71144B1B781A465B
:10F89000134B9B5CFA799A4210D1104B1B780133C1
:10F8A000DAB20E4B1A700D4B1B781F2B0FD90D4B74
:10F8B00001221A70094B00221A7008E05022FB79CD
:10F8C000934201D1012200E00022044B1A7000BFD4
:10F8D0000C37BD465DF8047B704700BF505B0020CD
:10F8E0008C6202084854002080B500AF1D4B0222F4
:10F8F00083F815221B4B062283F81622194B15227A
:10F9000083F81722184B1B78DAB2164B83F81822AB
:10F91000154B1B78DBB215335A42DBB2D2B258BF5B
:10F920005342DAB20F4B83F819220E4B032283F8AD
:10F930001A220D4B9B79DBB2032B06D064230622DF
:10F940000A490B48F7F770FB0AE0074B9B79DBB2DB
:10F95000032B05D16423062204490648F7F764FB0C
:10F9600000BF80BD604B0020044B0020754D00207F
:10F97000C05A0020785A002080B582B000AF002322
:10F98000FB80AF4B022283F81B22AD4BA92283F8E8
:10F990001C22AB4B322283F81D22AA4B1B79DBB20F
:10F9A000062B2AD801A252F823F000BFC9F901089A
:10F9B000C9F90108D3F90108DDF90108DDF90108E9
:10F9C000E7F90108F1F901089D4B332283F81E2263
:10F9D00018E09B4B352283F81E2213E0984B34220B
:10F9E00083F81E220EE0964B362283F81E2209E091
:10F9F000934B372283F81E2204E0914B302283F888
:10FA00001E2200BF8F4B1B78DBB28F4AA2FB032361
:10FA1000DB08DBB23033DAB2894B83F81F22894B23
:10FA20001B78DAB2884BA3FB0213D9080B469B0064
:10FA30000B445B00D31ADBB23033DAB2804B83F86D
:10FA40002022824B5B78DBB2814AA2FB03235B0955
:10FA5000DBB23033DAB27A4B83F821227B4B5B780E
:10FA6000DBB2794AA2FB0323DB08DAB2764BA3FBB5
:10FA70000213D9080B469B000B445B00D31ADBB280
:10FA80003033DAB26E4B83F82222704B5B78DAB2F5
:10FA90006D4BA3FB0213D9080B469B000B445B0084
:10FAA000D31ADBB23033DAB2654B83F82322644BCE
:10FAB000302283F82422654BDB889BB2644AA2FB88
:10FAC00003235B099BB2DBB23033DAB25C4B83F8C1
:10FAD00025225E4BDB889BB25B4AA2FB0323DB083B
:10FAE0009AB2594BA3FB0213D9080B469B000B4457
:10FAF0005B00D31A9BB2DBB23033DAB2504B83F8DF
:10FB00002622524BDB889AB24F4BA3FB0213D90833
:10FB10000B469B000B445B00D31A9BB2DBB2303325
:10FB2000DAB2474B83F82722484B1B8A9BB2494ADB
:10FB3000A2FB03239B099BB2DBB23033DAB2404B0A
:10FB400083F82822414B1B8A9BB2414AA2FB032324
:10FB50005B099AB23C4BA3FB0213D9080B469B00EE
:10FB60000B445B00D31A9BB2DBB23033DAB2344BB6
:10FB700083F82922354B1B8A9BB2334AA2FB03230D
:10FB8000DB089AB2304BA3FB0213D9080B469B004B
:10FB90000B445B00D31A9BB2DBB23033DAB2284B92
:10FBA00083F82A22294B1B8A9AB2274BA3FB021304
:10FBB000D9080B469B000B445B00D31A9BB2DBB207
:10FBC0003033DAB21E4B83F82B22204BD3ED077A69
:10FBD000FCEEE77A17EE903A9BB21B4AA2FB032396
:10FBE000DB089BB2DBB23033DAB2154B83F82C2240
:10FBF000164BD3ED077AFCEEE77A17EE903A9AB2FD
:10FC0000114BA3FB0213D9080B469B000B445B006E
:10FC1000D31A9BB2DBB23033DAB2094B83F82D2210
:10FC2000074B302283F82E22084B1B78DBB230338F
:10FC3000DAB2034B83F82F220123BB8018E000BF08
:10FC4000604B0020044B0020CDCCCCCC344B0020AA
:10FC50001F85EB51D34D6210BB88264A134493F89D
:10FC60001B321A46FB881344FB80BB880133BB80E0
:10FC7000BB88142BF0D9FB88DBB2FB80FB881B0907
:10FC80009BB2DBB21846FFF749FA03467B80FB883C
:10FC9000DBB203F00F03DBB21846FFF73FFA03466F
:10FCA0003B807B88DAB2134B83F830223B88DAB290
:10FCB000104B83F831220F4B032283F832220E4B74
:10FCC0009B79DBB2032B06D0642318220B490C4826
:10FCD000F7F7AAF90AE0084B9B79DBB2032B05D1B1
:10FCE0006423182205490748F7F79EF900BF083733
:10FCF000BD4680BD604B0020044B00207B4D0020A2
:10FD0000C05A0020785A002080B485B000AF7860D7
:10FD10000B46FB704FF6FF73FB8100237B730023C0
:10FD2000BB601EE07B685A1C7A601B781A46FB8910
:10FD30005340FB8100237B7310E0FB8903F0010338
:10FD4000BB60FB895B08FB810C4ABB6832F813205F
:10FD5000FB895340FB817B7B01337B737B7B072BD0
:10FD6000EBD9FB785A1EFA70002BDBD1FB891846C1
:10FD70001437BD465DF8047B704700BF206602085B
:10FD800080B584B000AF0346FB800023FB811D4B90
:10FD9000012283F833221B4B062283F83422194BAD
:10FDA000002283F83522174B002283F83622FB8885
:10FDB0001B0A9BB2DAB2134B83F83722FB88DAB204
:10FDC000104B83F8382206210F48FFF79DFF0346AA
:10FDD000FB81FB89DAB20B4B83F83922FB891B0AC2
:10FDE0009BB2DAB2074B83F83A2264230822064911
:10FDF0000648F7F719F90023FB8100BF1037BD460D
:10FE000080BD00BF604B0020934D0020085B0020A8
:10FE100080B500AFF4F718FC0246054B1B68D31AF7
:10FE2000002B01DB012300E00023184680BD00BF4A
:10FE30005C4B002080B500AF054B00221A70F4F730
:10FE400003FC03465033034A136000BF80BD00BF6C
:10FE5000584B00205C4B002080B582B000AF0023DF
:10FE6000FB80FFF7D5FF0346002B43D0234B1B78C5
:10FE7000DBB2002B3ED100F02DF9204B01221A708D
:10FE800000F03AF9FFF7D6FF1D4B012283F8332229
:10FE90001B4B032283F83422194B002283F83522AE
:10FEA000174B082283F83622154B002283F837229D
:10FEB000134B012283F8382206211248FFF724FF52
:10FEC0000346FB80FB88DAB20D4B83F83922FB88AE
:10FED0001B0A9BB2DAB20A4B83F83A220A4B1B6820
:10FEE0000133094A13606423082206490748F7F7DB
:10FEF0009BF800E000BF0837BD4680BD544B002092
:10FF0000604B0020934D0020585A0020085B0020D1
:10FF100080B582B000AF0023FB80FFF779FF034676
:10FF2000002B43D0234B1B78DBB2002B3ED100F0DB
:10FF3000D1F8204B02221A7000F0DEF8FFF77AFFAA
:10FF40001D4B012283F833221B4B032283F83422FA
:10FF5000194B002283F83522174B062283F83622EC
:10FF6000154B002283F83722134B012283F83822E5
:10FF700006211248FFF7C8FE0346FB80FB88DAB271
:10FF80000D4B83F83922FB881B0A9BB2DAB20A4B6D
:10FF900083F83A220A4B1B680133094A1360642331
:10FFA000082206490748F7F73FF800E000BF083786
:10FFB000BD4680BD544B0020604B0020934D002077
:10FFC000585A0020085B002080B584B000AF03467B
:10FFD000FB710023BB810023FB73364B1B78DBB224
:10FFE000002B08D0FB7B43F00103FB73324B1B68F3
:10FFF0000133314A1360FFF70BFF0346002B03D197
:020000040802F0
:10000000FB7B43F00203FB7300F064F8294B0022F2
:100010001A702A4B00221A70294B1B78DBB201336D
:10002000DAB2274B1A70FFF705FF264B012283F83F
:100030003322244B062283F83422224B002283F8F9
:100040003522204B062283F836221E4B002283F8ED
:1000500037221C4AFB7982F8383206211A48FFF70A
:1000600053FE0346BB81BB89DAB2164B83F83922B3
:10007000BB891B0A9BB2DAB2124B83F83A22134BAC
:100080001B680133114A1360FB7B9AB20C4B1B783F
:10009000DBB2F9790120FEF7A5FD642308220A49A5
:1000A0000B48F6F7C1FF0023BB8100BF1037BD46E8
:1000B00080BD00BF544B0020705A0020554B0020DB
:1000C000564B0020604B0020934D0020545A0020D6
:1000D000085B002080B400AF054B002283F8142297
:1000E000044B00225A7100BFBD465DF8047B704787
:1000F000604B0020A44D002080B400AF054B0022CF
:10010000DA80044B01225A7100BFBD465DF8047BC2
:10011000704700BFA44D002080B400AF00BFFDE7D2
:1001200080B400AF00BFFDE780B400AF00BFFDE7C3
:1001300080B400AF00BFFDE780B400AF00BFFDE7B3
:1001400080B400AF00BFBD465DF8047B704700007F
:1001500080B500AF0248F1F7F3FC00BF80BD00BFDF
:100160002853002080B500AF0248F1F7E9FC00BF3A
:1001700080BD00BF7053002080B500AF0248F1F78A
:10018000DFFC00BF80BD00BF0054002080B500AF81
:100190000248F4F7FEFB00BF80BD00BFCC51002039
:1001A00080B500AF0248F4F765FD00BF80BD00BF19
:1001B000CC51002080B582B000AF1B4B9B79DBB2E5
:1001C000022B2BD1194B1B681B687B607B6803F0EB
:1001D0001003002B05D0154B1B685B6800F000FA7C
:1001E0001FE07B6803F00203002B17D07B6803F04D
:1001F0002003002B12D00D4B202283F842200B4B02
:10020000002283F84020094B1B685B6800F0E8F986
:10021000012207490548F6F792FF02E00348F6F786
:10022000B3FF0837BD4680BD044B0020785A00203C
:10023000A05B002080B582B000AF164B9B79DBB28B
:10024000012B20D1144B1B681B687B607B6803F07B
:100250000203002B17D07B6803F02003002B12D081
:100260000D4B202283F842200B4B002283F84020C4
:10027000094B1B685B68FFF7AFF901220749064885
:10028000F6F75DFF02E00448F6F77EFF0837BD464B
:1002900080BD00BF044B0020C05A0020604B0020EE
:1002A00080B500AF0248F1F74BFC00BF80BD00BF36
:1002B000545B002080B500AF0248F6F765FF00BF31
:1002C00080BD00BF085B002080B582B000AF002376
:1002D0007B60124B5B6C114A43F4804353640F4BB9
:1002E0005B6C03F480437B607B6800233B600B4BBB
:1002F0001B6C0A4A43F080531364084B1B6C03F0D9
:1003000080533B603B6800220F216FF00100F4F73F
:1003100028F900BF0837BD4680BD00BF0038024045
:1003200080B58EB000AF78600023FB620023BB6213
:100330000023FB60334B1B6C324A43F01003136401
:10034000304B1B6C03F01003FB60FB6807F11002DD
:1003500007F1140311461846F3F75AFC3B6AFB6297
:10036000FB6A002B03D1F3F72BFC786304E0F3F76F
:1003700027FC03465B007B637B6B234AA2FB0323C2
:100380009B0C013BBB62214B214A1A601F4B40F280
:10039000E732DA601D4ABB6A53601C4B00221A61C7
:1003A0001A4B00229A60194B00229A611748F1F704
:1003B00063F8034687F8333097F83330002B1BD1AE
:1003C0001248F1F7A9F8034687F8333097F833302D
:1003D000002B11D13620F4F7E0F87B680F2B08D8FA
:1003E000002279683620F4F7BCF80A4A7B6813606B
:1003F00002E0012387F8333097F833301846383756
:10040000BD4680BD0038024083DE1B43545B0020A4
:10041000001000406000002080B586B000AF78601A
:10042000144A154BD31A7B617B693B61134B1B68E4
:10043000002B02D1114B124A1A60104B1A687B68CC
:1004400013443A699A4207D205F08CF903460C220C
:100450001A604FF0FF3309E0084B1B68FB60074B45
:100460001A687B681344054A1360FB6818461837FE
:10047000BD4680BD00000220000400009C5B0020FF
:10048000C063002080B586B000AFF860B9607A60C4
:1004900000237B610AE0AFF300800146BB685A1C71
:1004A000BA60CAB21A707B6901337B617A697B6872
:1004B0009A42F0DB7B6818461837BD4680BD80B590
:1004C00086B000AFF860B9607A6000237B6109E014
:1004D000BB685A1CBA601B781846FAF73FFA7B696A
:1004E00001337B617A697B689A42F1DB7B6818464D
:1004F0001837BD4680BD80B483B000AF78604FF040
:10050000FF3318460C37BD465DF8047B704780B456
:1005100083B000AF786039603B684FF400525A6096
:10052000002318460C37BD465DF8047B704780B445
:1005300083B000AF7860012318460C37BD465DF8E4
:10054000047B704780B485B000AFF860B9607A6012
:10055000002318461437BD465DF8047B7047000041
:10056000DFF834D0F0F772FF0C480D490D4A002334
:1005700002E0D458C4500433C4188C42F9D30A4A58
:100580000A4C002301E013600432A242FBD3F0F7CF
:1005900083FDFAF7FBF970470000022000000020FD
:1005A00088000020B090020888000020C06300206E
:1005B000FEE7000080B500AF064B00221A80064B14
:1005C00001221A70054B00229A7200F005F900BF53
:1005D00080BD00BFA65D0020A85D0020244B002048
:1005E00080B584B000AF3A4B1B78012B01D100F0ED
:1005F000BBF8374B1B78012B49D1364B1B78DBB24C
:100600001A46354B1B889A4241D2344BDB7ADBB217
:10061000002B3CD1314BDB79DBB2002B37D12F4B98
:100620001B7BDBB2002B32D12D4B1B78002B2ED144
:10063000284B1B78DBB21A46294B9B5C07EE903A9D
:10064000F8EE677A9FED277A67EE877AC7ED037A2F
:10065000D7ED037A9FED247AF4EEC77AF1EE10FA23
:1006600001DD224BFB60D7ED037AFCEEE77AC7EDA4
:10067000017A3B79DAB21E4B5A701D4B5B78DBB2C4
:100680001846FAF78DFD03461A46194B1A83124B8A
:1006900000221A800E4B01221A70104BDB7ADBB25B
:1006A000002B0DD10D4BDB79DBB2002B08D10B4BAE
:1006B0001B7BDBB2002B03D1084B01229A7203E0B3
:1006C000064B00229A7200BF00BF1037BD4680BDA6
:1006D000A85D0020044B0020A65D0020244B0020D4
:1006E000A45B0020355ECA3E0000C8420000C8423C
:1006F000344B002080B400AF154B9B79DBB2022B4A
:100700001ED1144B1B78002B1CD0134B1B88B3F548
:10071000007F0BD8104B1B885A1C91B20E4A1180D7
:100720001A460E4B19780E4B99540CE00A4B0022D6
:100730001A80084B00221A700A4B00229A7202E0BB
:1007400000BF00E000BFBD465DF8047B704700BFFE
:10075000044B0020A85D0020A65D0020A05B0020C7
:10076000A45B0020244B002080B483B000AF164B64
:100770001B88202B1DD9154B1B78F92B19D9134B2E
:100780001B78FA2B17D10023FB800BE0FB88013389
:100790000E4AD25CFB880E49CB5C9A420DD1FB8895
:1007A0000133FB80FB881F2BF0D90A4B01221A7002
:1007B00004E000BF02E000BF00E000BF0C37BD4610
:1007C0005DF8047B704700BFA65D0020A45B00209D
:1007D000B06202084854002080B586B000AF3B1DCF
:1007E00000221A605A609A60DA601A614FF400635E
:1007F0007B600023BB600023FB603B1D1946104853
:10080000F3F738FA0F4B00221A704FF400610C48CE
:10081000F3F7C8FC03461A460B4B1A70F3F714FFA4
:1008200003460A4A13600A4B00221A60094B002251
:100830001A60094B01221A7000BF1837BD4680BDEF
:1008400000000240A95D0020AA5D0020AC5D0020F0
:10085000B05D0020B45D0020B85D002080B485B09C
:1008600000AFF860B9607A60FA68BB689A4205D355
:10087000FA687B689A4201D8012300E000231846F9
:100880001437BD465DF8047B7047000080B500AFAB
:10089000194B1B68B4223C211846FFF7DFFF0346C3
:1008A000002B0DD0154B1B68B4223C211846FFF7D6
:1008B000D5FF0346002B03D0114B02221A7018E01B
:1008C0000D4B1B68B4223C211846FFF7C7FF0346B7
:1008D000002B0ED0094B1B6840F27E4240F28A2169
:1008E0001846FFF7BBFF0346002B02D0044B032240
:1008F0001A7000BF80BD00BFB45D0020B05D002055
:10090000A95D002080B584B000AF2B4B9B79DAB293
:100910002A4B1B789A4207D0294B00221A70264B8B
:100920009B79DAB2254B1A70234B9B79DBB2022BF1
:100930003DD1234B1B78002B01D1FFF74DFFF3F77F
:1009400083FEF8604FF400611E48F3F72BFC03466A
:10095000FB721D4B1B78FA7A9A4218D01B4B1B680E
:10096000FA68D31A7B60184B1B78012B03D1184A05
:100970007B68136002E0174A7B681360124AFB7AB7
:100980001370124AFB681360FFF780FF10E00F4BF3
:100990001B68FA68D31AB3F5966F09D3FB7A012B5B
:1009A00001D1042200E001220B4B1A7000E000BFCD
:1009B0001037BD4680BD00BF044B00206F000020F3
:1009C000B85D002000000240AA5D0020AC5D002060
:1009D000B05D0020B45D0020A95D002080B400AFB0
:1009E0000E4B1B78013B032B12D801A252F823F0C7
:1009F000010A0208050A0208090A02080D0A02088B
:100A0000074B06E0074B04E0074B02E0074B00E012
:100A1000074B1846BD465DF8047B7047A95D002072
:100A2000D4620208D8620208DC620208E0620208AE
:100A3000E462020880B400AF00231846BD465DF8AA
:100A4000047B704780B582B000AF0346FB71F91D8F
:100A50000A2301220348F5F71DFD00231846083735
:100A6000BD4680BDD052002080B582B000AF786016
:100A70007868F3F7F5FD00BF0837BD4680BD00007C
:100A800080B485B000AFF860084611461A460346A8
:100A90007B810B463B811346FB80234B00221A606F
:100AA000214AFB681360204A7B8913811E4A3B89D7
:100AB00053811D4A3B8B93811B4B0222DA827B8937
:100AC00003F007039BB2002B03D17B89DB089BB2A9
:100AD00004E07B89DB089BB201339BB2124A53824C
:100AE000114A3B899382104AFB88D3810E4B002226
:100AF0001A82FB88002B02D0FB88B42B06D10A4A4D
:100B00007B899380084A3B89D38006E0064A3B896B
:100B10009380054A7B89D38000BF00BF1437BD4650
:100B20005DF8047B704700BFBC5D002080B483B0DB
:100B300000AF7860044A7B68136000BF0C37BD4685
:100B40005DF8047B704700BFBC5D002080B48BB0B3
:100B500000AF0346FB800B46BB8013467B809B4B5C
:100B60009B88FA889A4200F25281984BDB88BA88B7
:100B70009A4200F24C81954BDB89B3F5877F2BD0ED
:100B8000B3F5877F00F34581B42B16D0B42B00F367
:100B90004081002B02D05A2B05D03AE1FB88FB8420
:100BA000BB88BB8422E0894B1A89BB88D31A9BB2CD
:100BB000013BFB84FB88BB8418E0844B1A89FB88CB
:100BC000D31A9BB2013BFB84804B5A89BB88D31A52
:100BD0009BB2013BBB8409E0BB88FB847B4B5A89F9
:100BE000FB88D31A9BB2013BBB8400BF774B1B8AA7
:100BF000032B00F2108101A252F823F04B0C0208E3
:100C00000D0C02081D0C02082D0C02086F4B1A89EE
:100C1000FB8CD31A9BB2013BFB8417E06B4B5A89C8
:100C2000BB8CD31A9BB2013BBB840FE0674B1A8984
:100C3000FB8CD31A9BB2013BFB84644B5A89BB8C5F
:100C4000D31A9BB2013BBB8400E000BF5F4B1B8902
:100C5000FA8C9A4200F2E1805C4B5B89BA8C9A4232
:100C600000F2DB80594BDB8A022B38D1FB8CDB088E
:100C70009BB21946BB8C554A528A02FB03F30B44C4
:100C8000FB60524B1A68FB6813441B78FB727B882D
:100C9000002B12D1FB8C03F007036FF0800242FAA5
:100CA00003F35AB297F90B30134059B2474B1A6805
:100CB000FB681344CAB21A70B0E0FB8C03F0070360
:100CC000802242FA03F35AB297F90B30134359B218
:100CD0003E4B1A68FB681344CAB21A709EE03B4B45
:100CE000DB8A042B36D1FB8C9B089BB21946BB8C4C
:100CF000364A528A02FB03F30B447B617B8803F084
:100D000003037B80314B1A687B6913441B78FB74A7
:100D1000FB8C03F003035B006FF0C00242FA03F3A5
:100D20005AB297F9133013405BB2FB747B889A0177
:100D3000FB8C03F003035B0042FA03F35AB297F90A
:100D40001330134359B2214B1A687B691344CAB25A
:100D50001A7063E01D4BDB8A102B39D1FB8C5B08CA
:100D60009BB21946BB8C194A528A02FB03F30B440F
:100D7000FB61164B1A68FB6913441B78FB767B8872
:100D800003F00F037B80FB8C03F001039B006FF0EB
:100D9000F00242FA03F35AB297F91B3013405BB2E8
:100DA000FB767B881A01FB8C03F001039B0042FA5F
:100DB00003F35AB297F91B30134359B2034B1A6825
:100DC000FB691344CAB21A7028E000BFBC5D002062
:100DD000154BDB8A412B21D1FB8C5A00BB8C12496D
:100DE000498A01FB03F313443B627B881B0A99B2D7
:100DF0000D4B1A683B6A1344CAB21A700A4B1A6840
:100E00003B6A013313447A88D2B21A7006E000BFFD
:100E100004E000BF02E000BF00E000BF2C37BD4689
:100E20005DF8047B704700BFBC5D002080B489B0D2
:100E300000AF0346FB80524BDB8A022B03D0504BA2
:100E4000DB8A042B25D10023FB831CE00023BB831A
:100E500011E0BA8BFB8B4A49498A01FB03F3134427
:100E6000BB60474B1A68BB681344FA88D2B21A7049
:100E7000BB8B0133BB83424B5B8ABA8B9A42E8D36C
:100E8000FB8B0133FB833E4B9B8AFA8B9A42DDD36B
:100E90006FE03B4BDB8A102B30D100237B8327E0B4
:100EA00000233B831CE03A8B7B8B3549498A01FB4D
:100EB00003F31344FB60FB8803F00F03FB80FB8804
:100EC0005BB21B015AB2FB885BB2134359B22C4B85
:100ED0001A68FB681344CAB21A703B8B01333B8318
:100EE000274B5B8A3A8B9A42DDD37B8B01337B8322
:100EF000234B9B8A7A8B9A42D2D33AE0204BDB8AEF
:100F0000412B36D10023FB822DE00023BB8222E05F
:100F1000BB8A5A00FB8A1A49498A01FB03F313442E
:100F20003B61FB881B0A9BB2DAB2154B19683B691F
:100F30000B4402F00F02D2B21A70FB88DAB2104BE7
:100F400019683B6901330B4402F00F02D2B21A70E8
:100F5000BB8A0133BB820A4B5B8ABA8A9A42D7D3D7
:100F6000FB8A0133FB82064B9B8AFA8A9A42CCD3D6
:100F7000FFE700BF2437BD465DF8047B704700BF24
:100F8000BC5D002090B585B000AF04460846114610
:100F90001A462346FB800346BB800B467B801346E4
:100FA0007B70424B9B88FA889A427AD83F4BDB8809
:100FB000BA889A4275D897F82030012B44D1002383
:100FC000FB8139E00023BB8129E0FA88B7F90E30B4
:100FD0001A447B78D31A002B28DBBA88B7F90C3077
:100FE0001A447B78D31A002B20DBFA89FB88134440
:100FF0009AB27B789BB2D31A98B2BA89BB88134451
:101000009AB27B789BB2D31A9BB27A881946FFF7C3
:101010009DFDB7F90C309BB201339BB2BB81B7F990
:101020000C207B785B00013B9A42CEDBB7F90E3097
:101030009BB201339BB2FB81B7F90E207B785B003A
:10104000013B9A42BEDB2DE00023FB8123E000231D
:10105000BB8115E0FA89FB8813449BB2013B98B22F
:10106000BA89BB8813449BB2013B9BB27A8819466C
:10107000FFF76CFDB7F90C309BB201339BB2BB811B
:10108000B7F90C207B789A42E4DBB7F90E309BB2BB
:1010900001339BB2FB81B7F90E207B789A42D6DBF5
:1010A00000E000BF1437BD4690BD00BFBC5D00200E
:1010B00090B58DB002AF0446084611461A46234645
:1010C000FB800346BB800B467B8013463B80534B23
:1010D0009B88FA889A4200F29880504BDB88BA8845
:1010E0009A4200F292804D4B9B887A889A4200F295
:1010F0008C804A4BDB883A889A4200F28680FB88D3
:10110000FB84BB88BB847A88FB88D31A002BB8BFCA
:101110005B42BB613A88BB88D31A002BB8BF5B42E5
:101120005B427B61FA887B889A4201D2012301E00D
:101130004FF0FF333B61BA883B889A4201D20123CA
:1011400001E04FF0FF33FB60BA697B6913443B62F7
:101150000023FB77FB7F0133FB7797F84030012BAF
:1011600025D1FA7F2E4BA3FB021359080B465B00D7
:101170000B44D31ADBB2002B19D13B8F002B09D0C3
:1011800097F83C30B98CF88C012200920022FFF7CE
:10119000F9FE09E097F83C30B98CF88C01220092F6
:1011A0004FF6FF72FFF7EEFE0023FB7708E097F89B
:1011B0003C303A8FB98CF88C01240094FFF7E2FEA2
:1011C0003B6A5B007A699A420CDCFA8C7B889A4213
:1011D0001DD03A6A7B6913443B623B699AB2FB8C2F
:1011E0001344FB843B6A5B00BA699A42B2DBBA8C57
:1011F0003B889A420DD03A6ABB6913443B62FB6854
:101200009AB2BB8C1344BB84A4E700BF02E000BFCA
:1012100000E000BF2C37BD4690BD00BFBC5D002084
:10122000ABAAAAAA90B589B004AF044608461146F5
:101230001A462346FB800346BB800B467B80134641
:101240003B80374B9B88FA889A4264D8344BDB88C2
:10125000BA889A425FD8324B9B887A889A425AD889
:101260002F4BDB883A889A4255D897F82830002BC4
:1012700018D0BB88FB8110E0FC897A88F989F8884E
:101280000023029397F8243001933B8C009323466C
:10129000FFF70EFFFB890133FB81FA893B889A42F5
:1012A000EAD339E0BC887A88B988F88800230293A9
:1012B00097F8243001933B8C00932346FFF7F8FE08
:1012C0003C88FA88B988F8880023029397F824307C
:1012D00001933B8C00932346FFF7EAFEBC887A8893
:1012E000398878880023029397F8243001933B8C47
:1012F00000932346FFF7DCFE3C88FA88398878881B
:101300000023029397F8243001933B8C00932346EB
:10131000FFF7CEFE00E000BF1437BD4690BD00BF12
:10132000BC5D002080B588B000AF7B600346FB81C8
:101330000B46BB811346FB724D4B9B88FA899A4240
:1013400000F291804A4BDB88BA899A4200F28B8086
:10135000FB7A203B7A68D28802FB03F37A68928892
:10136000D20892B211467A68928802F0070292B2CD
:10137000002A14BF01220022D2B20A4402FB03F366
:101380007B617B681A687B691344BB610023FB8324
:1013900063E00023BB834EE0BB8D4FF6FF729342A8
:1013A00018D1BB691B781946BB8B03F00703802259
:1013B00042FA03F30B40002B31D0FA89BB8B134464
:1013C00098B2BA89FB8B13449BB23A8D1946FFF74A
:1013D000BDFB24E0BB691B781946BB8B03F00703F8
:1013E000802242FA03F30B40002B0CD0FA89BB8B0E
:1013F000134498B2BA89FB8B13449BB23A8D1946B9
:10140000FFF7A4FB0BE0FA89BB8B134498B2BA89AF
:10141000FB8B13449BB2BA8D1946FFF797FBBB8B2E
:1014200003F007039BB2072B02D1BB690133BB61F9
:10143000BB8B0133BB837B689B88BA8B9A42ABD34F
:101440007B689B8803F007039BB2002B02D0BB692B
:101450000133BB61FB8B0133FB837B68DB88FA8B39
:101460009A4296D300E000BF2037BD4680BD00BF42
:10147000BC5D002080B588B002AFBA607B600346D7
:10148000FB810B46BB81FB89FB82BB89BB82214B65
:101490009B88FA899A4238D81E4BDB88BA899A42CF
:1014A00033D82DE0FB8A7A6892881344194A9288CF
:1014B000934206DDFB89FB827B68DA88BB8A134492
:1014C000BB82BB8A7A68D2881344124AD28893427C
:1014D00003DDFB89FB82BB89BB82BB681A78B98AB2
:1014E000F88A3B8C0193BB8C00937B68FFF71AFF53
:1014F000BB680133BB607B689A88FB8A1344FB821C
:10150000BB681B78002BCDD100E000BF1837BD466B
:1015100080BD00BFBC5D002090B5ADF50F7D02AF72
:101520000446084607F1100101ED020B07F50C71A6
:10153000A1F508710A60194607F50C73A3F21A2386
:1015400022461A8007F50C73A3F5077302461A802A
:1015500007F50C73A3F22A230A461A800023A7F882
:101560002E320023A7F82C3207F50C73A3F58C73E9
:101570001846FF231A460021EFF7E2FC07F50C732B
:10158000A3F506731846FF231A460021EFF7D8FC8F
:1015900007F58C73C7F81C3207F1100353E90201F9
:1015A000EFF744F90346C7F82832934B9B8807F5B9
:1015B0000C72A2F21A2212889A4200F218818E4B03
:1015C000DB8807F50C72A2F5077212889A4200F2C6
:1015D0000E8107F50C73A3F22A231B88002B7DD004
:1015E000D7F82802EFF7B8F802460B4607F11001CA
:1015F00051E90201EEF762FF02460B46104619461A
:10160000EFF75CF90346C7F8243207F50C73A3F231
:101610002A231B8887F823320CE0D7ED897AB2EEB3
:10162000047A67EE877AC7ED897A97F82332013B0F
:1016300087F8233297F82332002BEED1D7ED897A41
:10164000FDEEE77A17EE903AC7F8283207F50C73EB
:10165000A3F22A231B8887F823322CE0D7F828220C
:10166000664B83FB02139910D317C91A0B469B00D4
:101670000B445B00D11ACAB2B7F92E323032D1B264
:1016800007F50C72A2F50672D154B7F92E329BB24F
:1016900001339BB2A7F82E32D7F82832574A82FB83
:1016A00003129210DB17D31AC7F8283297F82332A7
:1016B000013B87F8233297F82332002BCED1B7F9BC
:1016C0002E3207F50C72A2F506722E21D154B7F90D
:1016D0002E329BB201339BB2A7F82E3207F11003D2
:1016E00053E90201EFF7A2F80346C7F82832D7F80A
:1016F0002832C7F8183227E0D7F828223F4B83FB5F
:1017000002139910D317C91A0B469B000B445B00B8
:10171000D11ACAB2B7F92E323032D1B207F50C72F3
:10172000A2F50672D154B7F92E329BB201339BB2A7
:10173000A7F82E32D7F82832304A82FB03129210D3
:10174000DB17D31AC7F82832D7F82832002BD3D1A9
:10175000D7F81832002B2CD1B7F92E3207F50C72BE
:10176000A2F506723021D154B7F92E329BB2013363
:101770009BB2A7F82E321CE0B7F92E325A1EB7F9E9
:101780002C3207F50C71A1F50671895C07F50C7216
:10179000A2F58C72D154B7F92C329BB201339BB2B3
:1017A000A7F82C32B7F92E329BB2013B9BB2A7F8B7
:1017B0002E32B7F92E32002BDEDC07F50C73A3F5C1
:1017C000087307F50C72A2F50772118807F50C7201
:1017D000A2F21A221088B7F840220192B7F84422E8
:1017E00000921B68D7F81C22FFF744FE00E000BF00
:1017F00007F50D77BD4690BDBC5D00206766666647
:1018000080B500AF01224FF480510D48F2F7E2FCA1
:101810006420FFF729F900224FF480510848F2F7BD
:10182000D9FC6420FFF720F901224FF480510448CD
:10183000F2F7D0FC6420FFF717F900BF80BD00BFAE
:101840000000024080B582B000AF0346FB71002269
:101850004FF400410A48F2F7BDFC0022012109487B
:10186000F2F7B8FCFB791846FFF7ECF801220121EA
:101870000448F2F7AFFC00BF0837BD4680BD00BF8B
:1018800000000240000C024080B582B000AF034669
:10189000FB7101224FF400410A48F2F79BFC002241
:1018A00001210948F2F796FCFB791846FFF7CAF8C0
:1018B000012201210448F2F78DFC00BF0837BD4624
:1018C00080BD00BF00000240000C024080B500AFA8
:1018D000AE20FFF7B7FF0020FFF7B4FF1020FFF79F
:1018E000B1FFB020FFF7AEFFDC20FFF7ABFF002019
:1018F000FFF7A8FF8120FFF7A5FF6F20FFF7A2FFEA
:101900002120FFF79FFFA020FFF79CFFC020FFF7DB
:1019100099FFA420FFF796FFA620FFF793FFA820CA
:10192000FFF790FF3F20FFF78DFFD320FFF78AFFDF
:101930006020FFF787FFD520FFF784FF4120FFF7E6
:1019400081FFD920FFF77EFF2220FFF77BFFDB20FE
:10195000FFF778FF3520FFF775FFAD20FFF772FF27
:101960008A20FFF76FFF00BF80BD80B500AFFFF793
:1019700047FFFFF7ABFFC820FFF776F8AF20FFF770
:1019800061FF00BF80BD80B584B000AF10237B81B4
:1019900040233B81B020FFF755FF0023FB8124E06B
:1019A000FB89C3F13F03FB80FB88DBB203F00F032D
:1019B000DBB21846FFF746FFFB881B099BB2DBB280
:1019C0001033DBB21846FFF73DFF0023BB8105E073
:1019D0000020FFF759FFBB890133BB81BA897B899E
:1019E0009A42F5D3FB890133FB81FA893B899A42FC
:1019F000D6D300BF00BF1037BD4680BD80B483B0D2
:101A000000AF0346FB7197F907305B005BB223F030
:101A100055035AB2FB795B105BB203F055035BB21E
:101A200013435BB2FB7197F907309B005BB223F065
:101A300033035AB2FB799B105BB203F033035BB202
:101A400013435BB2FB7197F907301B015AB2FB7964
:101A50001B09DBB25BB213435BB2FB71FB79184627
:101A60000C37BD465DF8047B704780B586B000AF8B
:101A7000786010237B8240233B82B020FFF7E2FE98
:101A80000023FB8238E0FB8AC3F13F03FB81FB8923
:101A9000DBB203F00F03DBB21846FFF7D3FEFB897E
:101AA0001B099BB2DBB21033DBB21846FFF7CAFE4C
:101AB0000023BB8219E0BA8AFB8A798A01FB03F30F
:101AC00013441A467B6813441B78BB81BB89DBB285
:101AD0001846FFF793FF0346BB81BB89DBB218466C
:101AE000FFF7D2FEBB8A0133BB82BA8A7B8A9A4255
:101AF000E1D3FB8A0133FB82FA8A3B8A9A42C2D342
:101B000000BF00BF1837BD4680BD000080B584B05F
:101B100002AFFEF78FFF0346002B02D04FF0FF33DA
:101B200027E0FFF722FFFFF72EFF4FF48063FB80D3
:101B3000FB88184603F01CFC03461A460F4B1A603C
:101B40000E4B1B68002B02D14FF0FF3311E00B4B03
:101B5000186800230093B42340228021FEF790FFF1
:101B6000064B1B681846FEF7E1FF0020FFF75EF901
:101B7000002318460837BD4680BD00BFD45D002055
:101B800080B586B004AF00230293012301934FF682
:101B9000FF7300934023802201210120FFF742FBC5
:101BA00000230293012301934FF6FF730093402318
:101BB000502214215020FFF77BFA002302930123C7
:101BC00001934FF6FF730093142380221421002009
:101BD000FFF76EFAFF23019300230093B44BB54A3D
:101BE00005210520FFF746FCB34B1B78DBB21846F6
:101BF000EEF7A2FD00230193FF2300930023AC4ADC
:101C000041EC100B05211B20FFF786FCAA4B5B78EB
:101C1000DBB21846EEF790FD00230193FF230093FB
:101C20000023A34A41EC100B05213920FFF774FC77
:101C3000FF230193002300939D4BA04A1821052008
:101C4000FFF718FC9E4BDB889BB21846EEF774FD3D
:101C500000230193FF2300930023954A41EC100BCE
:101C600018212A20FFF758FCFF230193002300933B
:101C70008F4B944A25210520FFF7FCFB904BDB6935
:101C80001846EEF77BFD00230193FF230093012309
:101C9000874A41EC100B25212A20FFF73DFCFF234A
:101CA000019300230093824B874A32210520FFF7DE
:101CB000E1FB834B1B78DBB2062B5ED801A252F806
:101CC00023F000BFE11C0208F71C0208651D020892
:101CD0000D1D0208231D0208391D02084F1D0208B0
:101CE000FF23019300230093714B784A32212A206D
:101CF000FFF7C0FB54E0FF230193002300936C4BDC
:101D0000734A32212A20FFF7B5FB49E0FF230193F4
:101D100000230093664B6F4A32212A20FFF7AAFB6B
:101D20003EE0FF23019300230093614B6A4A322176
:101D30002A20FFF79FFB33E0FF230193002300934A
:101D40005B4B664A32212A20FFF794FB28E00023F0
:101D50000193FF230093564B614A32212A20FFF75B
:101D600089FB1DE0FF23019300230093504B5D4A44
:101D700032212A20FFF77EFB12E0514B1B78DBB2A9
:101D80001846EEF7D9FC00230193FF2300930023AC
:101D9000474A41EC100B32212A20FFF7BDFB00BF60
:101DA000514B9B79DBB2012B1CD1FF230193002304
:101DB00000933F4B4D4A18215520FFF75BFB404BEA
:101DC0005B79DBB21846EEF7B7FC00230193FF23E3
:101DD00000930023464A41EC100B29215320FFF7C2
:101DE0009BFB38E0364B5B78FB713F4BDB7ADBB219
:101DF000012B02D10023FB7113E03B4BDB79DBB2FB
:101E0000012B0ED12E4BDB78DBB2012B02D132231A
:101E1000FB7106E02A4BDB78DBB2022B01D1642395
:101E2000FB71FF23019300230093214B314A1821BA
:101E30005520FFF71FFBFB791846EEF77DFC0023CA
:101E40000193FF2300930023294A41EC100B292121
:101E50005320FFF761FB184B1B79DBB2062B5AD8D6
:101E600001A252F823F000BF851E0208851E020859
:101E70009B1E0208011F0208011F0208851E02089E
:101E8000851E0208FF23019300230093084B1A4A82
:101E900005215F20FFF7EEFA3EE0FF2301930023C8
:101EA0000093034B154A05215F20FFF7E3FA33E067
:101EB00070000020E8620208044B0020F46202086F
:101EC000344B002000630208086302081063020814
:101ED00014630208186302081C63020820630208E6
:101EE0002463020828630208244B002030630208A0
:101EF0007800002038630208406302084863020843
:101F0000FF23019300230093084B094A05215F201A
:101F1000FFF7B0FA00E000BF064B1B681846FFF75A
:101F2000A4FD00BF0837BD4680BD00BF7000002083
:101F300050630208D45D002080B58CB004AF00234C
:101F40000293012301934FF6FF73009340238022F5
:101F500001210120FFF766F9FF230193002300937D
:101F6000714B724A05210520FFF784FA704B9B796B
:101F7000DBB2032B67D801A252F823F08D1F0208B1
:101F8000A31F0208B91F0208E31F0208FF230193E1
:101F900000230093644B674A05213720FFF76AFA54
:101FA00052E0FF230193002300935F4B624A052117
:101FB0003720FFF75FFA47E0FEF710FD024607F112
:101FC00010035E49184603F007FB07F11002FF23D8
:101FD000019300230093544B05213720FFF74AFA61
:101FE00032E0574B7B6007F1080300221A601A7138
:101FF0000023FB77534B5B79012B01D10123FB7746
:10200000514B1B79012B01D10223FB774E4B5B799E
:10201000012B01D10323FB77FB7F4C4AD35C1A468B
:102020003B1D4B49184603F0D7FA474B01229A70E3
:102030003A1DFF230193002300933B4B05213720DA
:10204000FFF718FA00E000BFFF230193002300937D
:10205000354B404A14210520FFF70CFA3E4B1B8AF2
:102060009BB21846EEF768FB00230193FF23009311
:1020700000232D4A41EC100B14213720FFF74CFAB6
:10208000354B5B8A9BB21846EEF756FB0023019353
:10209000FF2300930023244A41EC100B14215A2003
:1020A000FFF73AFAFF230193002300931E4B2B4ABC
:1020B00023210520FFF7DEF9274B9B8A9BB21846A8
:1020C000EEF73AFB00230193FF2300930023164A07
:1020D00041EC100B23213720FFF71EFA1E4BDB8A41
:1020E0009BB21846EEF728FB00230193FF230093D1
:1020F00000230D4A41EC100B23215A20FFF70CFA64
:10210000FF23019300230093074B154A322105203A
:10211000FFF7B0F9134B1B681846FFF7A6FC00BF8A
:102120002037BD4680BD00BF700000205863020804
:10213000044B002060630208686302086C630208B5
:102140005749464900600020346100206890020829
:102150007863020884630208344B00209463020809
:10216000A4630208D45D0020F0B58DB004AF002355
:102170000293012301934FF6FF73009340238022C3
:1021800001210120FFF74EF8584B9B79DBB2032B5E
:1021900040F09680564BDB7D012B40F09180FF2371
:1021A000019300230093534B534A05210520FFF769
:1021B00061F94F4BDB7A19464D4B1B7B1C464C4B50
:1021C0005B7B1A464A4B9B7B384601930092234621
:1021D0000A464A4903F000FA3A46FF2301930023D6
:1021E0000093474B07212820FFF744F9404B9B7F82
:1021F000012B2ED1FF230193002300933D4B414A35
:1022000014210520FFF736F9394B1B7E1D46384B4C
:102210005B7E1E46364B9B7E1A46354BDB7E19464F
:10222000334B1B7F1C46324B5B7F38460393029433
:102230000191009233462A46334903F0CDF93A46DC
:10224000FF230193002300932D4B16212820FFF735
:1022500011F9274B93F86130012B19D1FF2301931A
:1022600000230093234B294A23210520FFF702F97D
:102270003B46274A2749184603F0AEF93A46FF2362
:102280000193002300931E4B25212820FFF7F2F82D
:10229000214B5B78012B1ED11F4B93F900301A465E
:1022A0003B461E49184603F097F93A46FF2301932F
:1022B000002300930F4B32210520FFF7DBF80AE0E3
:1022C000FF230193002300930A4B154A1421052094
:1022D000FFF7D0F800E000BF124B1B681846FFF76D
:1022E000C4FB00BF2437BD46F0BD00BF044B002037
:1022F0000060002070000020B4630208BC63020884
:1023000080000020C8630208D0630208F06302085E
:102310001F600020F863020834610020FC6302089B
:1023200008640208D45D002090B595B004AF002386
:102330000293012301934FF6FF7300934023802201
:1023400001210120FEF76EFF4E4B9B79DBB2032B80
:1023500040F082804C4B93F86830012B7CD1FF23F6
:10236000019300230093494B494A05210520FFF7BB
:1023700081F8454B93F862301946434B93F863302C
:102380001C46414B93F864301A463F4B93F8653036
:1023900038460193009223460A463E4903F01CF951
:1023A0003A46FF230193002300933B4B072128204B
:1023B000FFF760F8344BB3F866301A463B463749AE
:1023C000184603F009F93A46FF23019300230093CE
:1023D0002E4B14210520FFF74DF82B4B93F8CB30F3
:1023E000012B0FD13B462E4A2E49184603F0F4F834
:1023F0003A46FF23019300230093244B222105201A
:10240000FFF738F8204B93F82F31012B2FD1FF2302
:102410000193002300931D4B234A31210520FFF730
:1024200029F83B46214A2249184603F0D5F83A4696
:10243000FF23019300230093174B2E212820FFF741
:1024400019F8FF23019300230093134B194A3721F6
:102450002820FFF70FF80AE0FF23019300230093E1
:102460000A4B154A14210520FFF704F800E000BFCD
:10247000124B1B681846FFF7F8FA00BF4437BD46F9
:1024800090BD00BF044B00200060002070000020C1
:1024900018640208BC63020880000020206402085F
:1024A000AA6000202864020830640208EE60002060
:1024B00038640208FC60002040640208D45D0020FB
:1024C00080B584B004AF00230293012301934FF63B
:1024D000FF7300934023802201210120FEF7A2FE1A
:1024E0008B4B1B78DBB2012B0AD100230193FF2316
:1024F0000093884B884A05210520FEF7BBFF09E0C1
:10250000FF23019300230093824B834A052105207A
:10251000FEF7B0FF7E4B1B78DBB2152B12D17F4B41
:102520001B78DBB21846EEF707F9FF23019300236F
:1025300000930023774A41EC100B05214620FEF75B
:10254000EBFF11E0754B1B78DBB21846EEF7F4F8A1
:1025500000230193FF23009300236E4A41EC100BEC
:1025600005214620FEF7D8FF694B1B78DBB2022B12
:102570000AD100230193FF230093664B684A14217C
:102580000520FEF777FF09E0FF2301930023009366
:10259000604B634A14210520FEF76CFF5C4B1B78EF
:1025A000DBB2162B12D15D4B5B78DBB21846EEF72F
:1025B000C3F8FF230193002300930023554A41EC05
:1025C000100B14214620FEF7A7FF11E0534B5B7858
:1025D000DBB21846EEF7B0F800230193FF23009317
:1025E00000234C4A41EC100B14214620FEF794FFC7
:1025F000474B1B78DBB2032B0AD100230193FF2347
:102600000093444B474A23210520FEF733FF09E09E
:10261000FF230193002300933E4B424A23210520D0
:10262000FEF728FF3A4B1B78DBB2172B12D13B4B3E
:102630009B78DBB21846EEF77FF8FF230193002367
:1026400000930023334A41EC100B23214620FEF770
:1026500063FF11E0314B9B78DBB21846EEF76CF864
:1026600000230193FF23009300232A4A41EC100B1F
:1026700023214620FEF750FF254B1B78DBB2042BAD
:102680000AD100230193FF230093224B264A3221D3
:102690000520FEF7EFFE09E0FF23019300230093DE
:1026A0001C4B214A32210520FEF7E4FE184B1B7813
:1026B000DBB2182B12D1194BDB78DBB21846EEF7E0
:1026C0003BF8FF230193002300930023114A41ECC0
:1026D000100B32214620FEF71FFF11E00F4BDB7875
:1026E000DBB21846EEF728F800230193FF2300938E
:1026F0000023084A41EC100B32214620FEF70CFF64
:102700000A4B1B681846FFF7B0F900BFBD4680BDF5
:10271000204B00207000002050640208044B002071
:102720005C6402086864020874640208D45D0020D6
:1027300080B584B004AF00230293012301934FF6C8
:10274000FF7300934023802201210120FEF76AFDE0
:10275000A14B1B78DBB2052B0AD100230193FF2389
:1027600000939E4B9E4A05210520FEF783FE09E05B
:10277000FF23019300230093984B994A05210520DC
:10278000FEF778FE944B1B78DBB2192B56D1954B94
:102790001B79DBB2052B00F2A78001A252F823F0CF
:1027A000B9270208CF270208E5270208FB270208FD
:1027B000112802082728020800230193FF23009311
:1027C000864B894A05214620FEF754FE8FE0002300
:1027D0000193FF230093814B844A05214620FEF795
:1027E00049FE84E000230193FF2300937B4B804A42
:1027F00005214620FEF73EFE79E000230193FF23EA
:102800000093764B7B4A05214620FEF733FE6EE0AF
:1028100000230193FF230093704B774A0521462044
:10282000FEF728FE63E000230193FF2300936B4B28
:10283000724A05214620FEF71DFE58E0694B1B79C0
:10284000DBB2052B52D801A252F823F0652802080A
:102850007B28020891280208A7280208BD28020840
:10286000D3280208FF230193002300935B4B5E4AA9
:1028700005214620FEF7FEFD39E0FF2301930023EA
:102880000093564B594A05214620FEF7F3FD2EE0F2
:10289000FF23019300230093504B554A0521462006
:1028A000FEF7E8FD23E0FF230193002300934B4B49
:1028B000504A05214620FEF7DDFD18E0FF23019375
:1028C00000230093454B4C4A05214620FEF7D2FDDC
:1028D0000DE0FF23019300230093404B474A05215D
:1028E0004620FEF7C7FD02E000BF00E000BF3A4B04
:1028F0001B78DBB2062B0AD100230193FF23009340
:10290000364B3F4A14210520FEF7B4FD25E0324B3B
:102910001B78DBB21A2B16D1324B1B79DBB2052B9D
:1029200011D1FF230193002300932C4B344A14212F
:102930000520FEF79FFD284B1B78DBB2143BDAB273
:10294000254B1A7009E0FF23019300230093234BCA
:102950002B4A14210520FEF78DFD224B1B79DBB29B
:10296000052B18D11F4B1B79DBB2052B02D19FED34
:10297000167B01E09FED167B00230193FF2300935C
:102980000023164AB0EE470AF0EE670A14214620EB
:10299000FEF7C2FD48E0104B1B78DBB21A2B31D199
:1029A000104B5B79DBB21846EDF7C6FEFF230193AF
:1029B000002300930023094A41EC100B1421462008
:1029C000FEF7AAFD30E000BF0000000000006940F3
:1029D0000000000000805B40204B002070000020C1
:1029E00080640208044B00208C640208946402088E
:1029F000486302089C640208A4640208AC640208EC
:102A0000B4640208874B5B79DBB21846EDF794FE9D
:102A100000230193FF2300930023834A41EC100B12
:102A200014214620FEF778FD804B1B78DBB2072B84
:102A30000AD100230193FF2300937B4B7C4A23217F
:102A40000520FEF717FD09E0FF2301930023009303
:102A5000754B774A23210520FEF70CFD734B1B783D
:102A6000DBB21B2B3CD16F4B9B79DBB2032B73D8B2
:102A700001A252F823F000BF892A02089F2A020807
:102A8000B52A0208CB2A020800230193FF230093F2
:102A9000654B684A23214620FEF7ECFC5FE00023EB
:102AA0000193FF230093604B634A23214620FEF7E6
:102AB000E1FC54E000230193FF2300935A4B5F4A4B
:102AC00023214620FEF7D6FC49E000230193FF2393
:102AD0000093554B5A4A23214620FEF7CBFC3EE09B
:102AE000504B9B79DBB2032B38D801A252F823F06C
:102AF000012B0208172B02082D2B0208432B02087A
:102B0000FF23019300230093474B4A4A2321462089
:102B1000FEF7B0FC23E0FF23019300230093424B18
:102B2000454A23214620FEF7A5FC18E0FF23019328
:102B3000002300933C4B414A23214620FEF79AFC98
:102B40000DE0FF23019300230093374B3C4A2321E0
:102B50004620FEF78FFC02E000BF00E000BF334BD1
:102B60001B78DBB2082B0AD100230193FF230093CB
:102B70002D4B344A32210520FEF77CFC09E0FF236F
:102B8000019300230093284B2E4A32210520FEF7A3
:102B900071FC264B1B78DBB21C2B1DD1214BDB7942
:102BA000DBB2002B02D0012B0BD033E000230193CA
:102BB000FF2300931C4B244A32214620FEF75AFC87
:102BC00028E000230193FF230093174B1F4A322173
:102BD0004620FEF74FFC1DE0124BDB79DBB2002BE9
:102BE00002D0012B0BD015E0FF23019300230093AB
:102BF0000D4B154A32214620FEF73CFC0AE0FF232C
:102C0000019300230093084B104A32214620FEF71F
:102C100031FC00BF0E4B1B681846FEF726FF00BFB5
:102C2000BD4680BD044B002070000020204B0020DA
:102C3000C06402086063020868630208CC6402088A
:102C4000D4640208DC640208E8640208F064020844
:102C5000D45D002080B584B004AF0023029301232B
:102C600001934FF6FF73009340238022012101203E
:102C7000FEF7D8FA8B4B1B78DBB2092B0AD1002365
:102C80000193FF230093884B884A05210520FEF716
:102C9000F1FB09E0FF23019300230093824B834A59
:102CA00005210520FEF7E6FB7E4B1B78DBB21D2BD2
:102CB00012D17F4B1B7ADBB21846EDF73DFDFF23A7
:102CC0000193002300930023774A41EC100B052168
:102CD0004620FEF721FC11E0754B1B7ADBB218464B
:102CE000EDF72AFD00230193FF23009300236E4A92
:102CF00041EC100B05214620FEF70EFC694B1B78BA
:102D0000DBB20A2B0AD100230193FF230093664B09
:102D1000684A14210520FEF7ADFB09E0FF2301936B
:102D200000230093604B634A14210520FEF7A2FBA9
:102D30005C4B1B78DBB21E2B12D15D4B5B7ADBB296
:102D40001846EDF7F9FCFF230193002300930023BD
:102D5000554A41EC100B14214620FEF7DDFB11E033
:102D6000534B5B7ADBB21846EDF7E6FC0023019388
:102D7000FF23009300234C4A41EC100B1421462002
:102D8000FEF7CAFB474B1B78DBB20B2B0AD10023A3
:102D90000193FF230093444B474A23210520FEF76C
:102DA00069FB09E0FF230193002300933E4B424A55
:102DB00023210520FEF75EFB3A4B1B78DBB21F2B6D
:102DC00012D13B4B9B7ADBB21846EDF7B5FCFF23E3
:102DD0000193002300930023334A41EC100B23217D
:102DE0004620FEF799FB11E0314B9B7ADBB2184687
:102DF000EDF7A2FC00230193FF23009300232A4A4E
:102E000041EC100B23214620FEF786FB254B1B7857
:102E1000DBB20C2B0AD100230193FF230093224B3A
:102E2000264A32210520FEF725FB09E0FF23019306
:102E3000002300931C4B214A32210520FEF71AFB88
:102E4000184B1B78DBB2202B12D1194BDB7ADBB28B
:102E50001846EDF771FCFF23019300230093002334
:102E6000114A41EC100B32214620FEF755FB11E0D0
:102E70000F4BDB7ADBB21846EDF75EFC00230193C3
:102E8000FF2300930023084A41EC100B3221462017
:102E9000FEF742FB0A4B1B681846FEF7E6FD00BF33
:102EA000BD4680BD204B002070000020F464020865
:102EB000044B00200465020814650208246502081A
:102EC000D45D002080B584B004AF002302930123B9
:102ED00001934FF6FF7300934023802201210120CC
:102EE000FEF7A0F99E4B1B78DBB20D2B0AD1002315
:102EF0000193FF2300939B4B9B4A05210520FEF77E
:102F0000B9FA09E0FF23019300230093954B964AF9
:102F100005210520FEF7AEFA914B1B78DBB2212B81
:102F20001DD1924B1B7BDBB2002B02D0012B0BD0AF
:102F300033E000230193FF2300938A4B8C4A052141
:102F40004620FEF797FA28E000230193FF23009321
:102F5000844B884A05214620FEF78CFA1DE0834BFE
:102F60001B7BDBB2002B02D0012B0BD015E0FF2323
:102F70000193002300937B4B7D4A05214620FEF7F9
:102F800079FA0AE0FF23019300230093754B794AF5
:102F900005214620FEF76EFA00BF714B1B78DBB2AD
:102FA0000E2B0AD100230193FF2300936D4B724A2D
:102FB00014210520FEF75EFA09E0FF2301930023A8
:102FC0000093684B6C4A14210520FEF753FA644BBA
:102FD0001B78DBB2222B2CD1644B5B7BDBB2022B48
:102FE0001CD0022B52DC002B02D0012B0BD04DE069
:102FF00000230193FF2300935A4B604A142146207B
:10300000FEF738FA45E000230193FF230093554B68
:103010005B4A14214620FEF72DFA3AE00023019383
:10302000FF2300934F4B574A14214620FEF722FA04
:103030002FE04E4B5B7BDBB2022B1CD0022B27DC3C
:10304000002B02D0012B0BD022E0FF2301930023A1
:103050000093444B494A14214620FEF70BFA18E02E
:10306000FF230193002300933E4B454A1421462041
:10307000FEF700FA0DE0FF23019300230093394B84
:10308000404A14214620FEF7F5F902E000BF00E0B7
:1030900000BF334B1B78DBB20F2B0AD10023019307
:1030A000FF2300932F4B384A23210520FEF7E2F936
:1030B00009E0FF230193002300932A4B324A232186
:1030C0000520FEF7D7F9264B1B78DBB2232B12D154
:1030D000264BDB899BB21846EDF72EFBFF230193AD
:1030E0000023009300231F4A41EC100B23214620AC
:1030F000FEF712FA11E01D4BDB899BB21846EDF783
:103100001BFB00230193FF2300930023154A41EC8E
:10311000100B23214620FEF7FFF9114B1B78DBB281
:10312000102B0AD100230193FF2300930D4B174A64
:1031300032210520FEF79EF909E0FF2301930023C9
:103140000093084B114A32210520FEF793F9104BEA
:103150001B681846FEF789FC00BFBD4680BD00BF56
:10316000204B00207000002034650208044B002032
:103170004065020848650208506502085C6502085F
:10318000606502086C6502087865020884650208BB
:10319000D45D002080B584B004AF002302930123E6
:1031A00001934FF6FF7300934023802201210120F9
:1031B000FEF738F8744B1B78DBB2112B0AD10023D1
:1031C0000193FF230093714B714A05210520FEF7FF
:1031D00051F909E0FF230193002300936B4B6C4AE4
:1031E00005210520FEF746F9674B1B78DBB2252B3E
:1031F00012D1684B1B8A9BB21846EDF79DFAFF234C
:103200000193002300930023604A41EC100B052139
:103210004620FEF781F911E05E4B1B8A9BB21846EF
:10322000EDF78AFA00230193FF2300930023574A06
:1032300041EC100B05214620FEF76EF9524B1B782E
:10324000DBB2122B0AD100230193FF2300934F4BD3
:10325000514A14210520FEF70DF909E0FF230193DF
:1032600000230093494B4C4A14210520FEF702F934
:10327000454B1B78DBB2262B12D1464B9B8A9BB267
:103280001846EDF759FAFF2301930023009300231A
:103290003E4A41EC100B14214620FEF73DF911E0A7
:1032A0003C4B9B8A9BB21846EDF746FA00230193EC
:1032B000FF2300930023354A41EC100B14214620D4
:1032C000FEF72AF9334B1B79DBB2052B53D12E4B7A
:1032D0001B78DBB2132B0AD100230193FF23009349
:1032E0002A4B2E4A23210520FEF7C4F809E0FF23CC
:1032F000019300230093254B284A23210520FEF744
:10330000B9F8214B1B78DBB2272B1AD1214B1B7E3E
:10331000DBB2012B0AD100230193FF2300931B4B47
:103320001F4A23214620FEF7A5F824E0002301933D
:10333000FF230093154B1B4A23214620FEF79AF8E2
:1033400019E0144B1B7EDBB2012B0AD1FF23019342
:10335000002300930D4B124A23214620FEF78AF8E2
:1033600009E0FF23019300230093084B0D4A23211A
:103370004620FEF77FF80C4B1B681846FEF775FBDE
:1033800000BFBD4680BD00BF204B00207000002064
:1033900098650208044B0020A4650208B065020885
:1033A0001463020810630208D45D002080B584B065
:1033B00000AF0346FB71FB793B7300228021094873
:1033C000F0F708FF07F10C01642301220648F3F728
:1033D00061F8012280210348F0F7FCFE00BF10379E
:1033E000BD4680BD000C02402052002080B584B054
:1033F00000AF78600023FB7203233B737B681B0ADA
:10340000DBB27B737B68DBB2BB73002280210D488B
:10341000F0F7E0FE07F10C01642303220A48F3F7FA
:1034200039F807F10B01642301220748F3F776F915
:10343000012280210348F0F7CDFEFB7A18461037B1
:10344000BD4680BD000C02402052002080B584B0F3
:1034500000AF78600B46FB7002233B737B681B0A4E
:10346000DBB27B737B68DBB2BB73FB78FB7306203C
:10347000FFF79CFF002280210948F0F7ABFE07F11F
:103480000C01642304220748F3F704F80122802189
:103490000348F0F79FFE00BF1037BD4680BD00BF58
:1034A000000C02402052002090B583B000AF0023F2
:1034B000FB710020FFF79AFF0346FB71FB79AA2BF3
:1034C00040F0A6800120FFF791FF03461A467E4B8D
:1034D0001A700220FFF78AFF03461A467A4B5A7089
:1034E0000320FFF783FF03461A46774B9A700420A8
:1034F000FFF77CFF03461A46734BDA700520FFF78F
:1035000075FF03461A46704B1A710620FFF76EFFCF
:1035100003461A466C4B5A710720FFF767FF0346B4
:103520001A46694B9A710820FFF760FF03461A4656
:10353000654BDA710920FFF759FF03461A46624BC3
:103540001A720A20FFF752FF03461A465E4B5A7260
:103550000B20FFF74BFF03461A465B4B9A720C2079
:10356000FFF744FF03461A46574BDA720D20FFF768
:103570003DFF03461A46544B1A730E20FFF736FFE1
:1035800003461A46504B5A730F20FFF72FFF03468E
:103590001A46920013441A4691001A460B461344E9
:1035A0009B009AB2484BDA811020FFF71FFF0346B9
:1035B0001A46920013441A4691001A460B461344C9
:1035C0009B009CB21120FFF711FF034623449AB2DF
:1035D0003D4B1A821220FFF709FF03461A4692005C
:1035E00013441A4691001A460B4613449B009CB2A2
:1035F0001320FFF7FBFE034623449AB2324B9A8214
:103600001420FFF7F3FE03461A462F4B1A7657E0B5
:10361000AA210020FFF71AFF01210120FFF716FF62
:1036200001210220FFF712FF01210320FFF70EFF07
:103630000A210420FFF70AFF03210520FFF706FFF8
:10364000DC210620FFF702FF00210720FFF7FEFE26
:1036500000210820FFF7FAFE28210920FFF7F6FED7
:103660003C210A20FFF7F2FE28210B20FFF7EEFE97
:103670001E210C20FFF7EAFE00210D20FFF7E6FED9
:1036800000210E20FFF7E2FE2D210F20FFF7DEFEC6
:1036900000211020FFF7DAFE2A211120FFF7D6FEC5
:1036A00017211220FFF7D2FE00211320FFF7CEFED4
:1036B00001211420FFF7CAFE00211520FFF7C6FEE6
:1036C00000BF0C37BD4690BD044B002080B400AF56
:1036D000174B00225A71164B0022DA75144B002248
:1036E0009A77134B002283F86120114B002283F854
:1036F00068200F4B002283F8CB200D4B002283F86B
:10370000ED200B4B002283F83121094B002283F876
:103710002F21084B00225A70064B00221A71054BCC
:1037200000225A7100BFBD465DF8047B704700BFA0
:10373000006000203461002080B582B002AF114BE0
:1037400001221A7100F080FC00F066FC0E4B9B7A9F
:10375000002B13D00B4B1B79012B0FD10A4B1B896C
:10376000D9B201230093094B0122BA2000F036FEA2
:10377000054B00229A72044B00221A8100BFBD46FD
:1037800080BD00BF3461002000600020044B002099
:1037900080B500AF00F058FC234B5B79002B02D1C1
:1037A000012000F0EFFC204BDB7D002B02D112202A
:1037B00000F0E8FC1C4B9B7F002B02D1142000F092
:1037C000E1FC194B93F86130002B02D1112000F07D
:1037D000D9FC154B93F86830002B02D1212000F062
:1037E000D1FC114B93F8CB30002B04D00E4B93F847
:1037F000ED30002B02D1222000F0C4FC0A4B93F8DC
:103800003131002B02D1152000F0BCFC064B93F89F
:103810002F31002B02D1232000F0B4FC162000F041
:10382000B1FC00BF80BD00BF0060002080B500AFCC
:1038300000F00AFC1D4B5B79002B02D1012000F047
:10384000A1FC1A4BDB7D002B02D1122000F09AFC68
:10385000164B9B7F002B02D1142000F093FC134BDE
:1038600093F86130002B02D1112000F08BFC0F4B3C
:1038700093F86830002B02D1212000F083FC0B4B21
:1038800093F8CB30002B04D0084B93F8ED30002B8D
:1038900002D1222000F076FC044B93F83131002B4A
:1038A00002D1152000F06EFC00BF80BD006000203A
:1038B00080B500AF00F0C8FB1F4B5B79002B02D135
:1038C000012000F05FFC1C4BDB7D002B02D112209D
:1038D00000F058FC184B9B7F002B02D1142000F005
:1038E00051FC154B93F86130002B02D1112000F0F0
:1038F00049FC114B93F86830002B02D1212000F0D5
:1039000041FC0D4B93F8CB30002B04D00A4B93F8BD
:10391000ED30002B02D1222000F034FC064B93F84E
:103920003131002B02D1152000F02CFC162000F0C4
:1039300029FC00BF80BD00BF0060002080B58AB0B8
:1039400002AF03463960FB711346BB71FB79F22B62
:103950007FD0F22B00F3EB82232B4FDC002B40F3C4
:10396000E682013B222B00F2E28201A252F823F010
:10397000833A02082F3F02082F3F02082F3F020818
:103980002F3F02082F3F02082F3F02082F3F020857
:103990002F3F02082F3F02082F3F02082F3F020847
:1039A0002F3F02082F3F02082F3F0208053A020866
:1039B000473B0208D93A02082F3F0208293B020878
:1039C000B93E0208D33E02082F3F02082F3F0208EB
:1039D0002F3F02082F3F02082F3F02082F3F020807
:1039E0002F3F02082F3F02082F3F0208233A020808
:1039F000D13B0208953D0208273E0208F02B00F05B
:103A0000748294E2BB79002B00F093823B681B78B0
:103A1000012B0CBF01230023DBB21A46A14B1A7104
:103A200087E2BB79002B00F086823B681B78012B74
:103A30000CBF01230023DBB21A469A4B5A71994BF3
:103A40005B79012B40F07782964B5A79954B1A712E
:103A500071E2BB79002B00F070823B681B78002B71
:103A600008D0904B01229A71F0F7EEFD03468D4A83
:103A7000936062E28B4B00229A718A4B00229A601B
:103A80005BE2BB79002B00F05A823B681A78864BC8
:103A90001B78DBB29A4216D0824B1B79012B09D1DD
:103AA0003B681978012300937F4B0122BA2000F074
:103AB00095FC44E27D4B01229A723B681B781A46C2
:103AC0007A4B1A813BE2784B1B78DAB2774B1A714A
:103AD000764B01225A7132E2BB790B2B40F23182D4
:103AE0003B681B681A46714BC3F80B203B680433D4
:103AF0001B681A466D4BC3F80F203B6808331B68E0
:103B00001A466A4BC3F81320684BDB7A002B07D0A8
:103B1000664BDB7B002B03D0644B0122DA7510E28D
:103B2000624B0022DA750CE2BB79052B40F20B8266
:103B30005E4B3A6818331068186092889A805B4B25
:103B400001229A77FFE1FF23FB770023BB770BE08D
:103B5000BB7F3A6813441B782C2B02D1BB7FFB77C9
:103B600006E0BB7F0133BB77BA7FBB799A42EFD3C4
:103B7000FB7FFF2B00F0E981FB7F202B28BF202358
:103B8000BB73BB7B1A463968494801F0F1FD474ACF
:103B9000BB7B82F83F30BA79FB7FD31ADBB2013BA3
:103BA0007B777B7F202B01D920237B77FB7F013321
:103BB0003A6813447A7F19463E4801F0D9FD3B4AE2
:103BC0007B7F82F86030394B012283F86120BCE1B1
:103BD000BB79062B1AD13B681B681A46334BC3F8D6
:103BE00062203B6804331B781BB21B021AB23B688D
:103BF00005331B781BB213431BB29AB22B4BA3F8AD
:103C000066202A4B012283F86820A0E1BB79062BAD
:103C100040F29D810023BB6000237B8300237B76E1
:103C200000233B760023FB75BB791A46396822488E
:103C300001F09EFD1D4ABB7982F8A930BB79072BA4
:103C40000AD907221D49386801F07AFD0346002B86
:103C500002D10723FB750CE0BB79062B09D906229C
:103C60001749386801F06CFD0346002B01D106238B
:103C7000FB75FB7D3B765AE03B7E3A6813441B782C
:103C80002E2B1FD17B7E032B08D87B7E5A1C7A7685
:103C90007A8BD2B220333B4403F8182C00237B8369
:103CA00042E000BF34610020044B0020006000208F
:103CB0001F6000204060002069600020BC65020891
:103CC000C46502083B7E3A6813441B783A2B11D135
:103CD0007B7E032B08D87B7E5A1C7A767A8BD2B2F5
:103CE00020333B4403F8182C00237B833B7E0133B5
:103CF0003B7620E03B7E3A6813441B782F2B13D988
:103D00003B7E3A6813441B78392B0DD87B8B1A46BF
:103D1000920013445B009BB23A7E39680A441278E1
:103D200013449BB2303B7B833B7E01333B763A7E30
:103D3000BB799A42A0D31CE03B7E3A6813441B78BF
:103D40002F2B13D93B7E3A6813441B78392B0DD89F
:103D50007B8B1A46920013445B009BB23A7E396813
:103D60000A44127813449BB2303B7B833B7E013381
:103D70003B763A7EBB799A42DED3BB687B4AC2F877
:103D800062307A4A7B8BA2F86630784B012283F846
:103D90006820DCE0FF23BB7500237B750BE07B7D97
:103DA0003A6813441B782C2B02D17B7DBB7506E04F
:103DB0007B7D01337B757A7DBB799A42EFD3BB7DE6
:103DC000FF2B00F0C680BB7D202B28BF2023FB7378
:103DD000FB7B1A463968664801F0CAFC634AFB7BE4
:103DE00082F8CA30BA79BB7DD31ADBB2013B3B758E
:103DF0003B7D202B01D920233B75BB7D01333A68E5
:103E000013443A7D19465B4801F0B2FC574A3B7DAA
:103E100082F8EC30554B012283F8CB20534B012222
:103E200083F8ED2095E0BB79002B00F09480FF2310
:103E3000FB74FF23BB7400237B7411E07B7C3A6826
:103E400013441B782F2B08D1FB7CFF2B02D17B7CEA
:103E5000FB7402E07B7CBB7406E07B7C01337B74EB
:103E60007A7CBB799A42E9D3FB7CFF2B73D0BB7C75
:103E7000FF2B70D0BA7CFB7C01339A426BDDBA7C9D
:103E8000FB7CD31ADBB2013B3B743B7C402B01D95A
:103E900040233B74FB7C01333A6813443A7C194657
:103EA000354801F065FC314A3B7C82F82E312F4BBE
:103EB000012283F82F214EE0BB79002B4DD03B68C7
:103EC0001A782A4B83F83021284B012283F83121BC
:103ED00043E0BB79002B42D03B681B785AB2274B9A
:103EE0001A70264B01225A7039E0BB79002B38D06A
:103EF00000224FF400612248F0F76CF9214B0022B8
:103F0000C3F818223220F6F734F8FFF7DFFB01225E
:103F10004FF400611A48F0F75DF9F0F795FB03469E
:103F2000184AC2F818323220F6F723F819E000BF19
:103F300018E000BF16E000BF14E000BF12E000BFB1
:103F400010E000BF0EE000BF0CE000BF0AE000BFC1
:103F500008E000BF06E000BF04E000BF02E000BFD1
:103F600000E000BF00BF2037BD4680BD00600020DC
:103F7000AA600020CC600020EE60002034610020A8
:103F800000000240D85D002080B400AF034B1B78D6
:103F90001846BD465DF8047B704700BF52610020A3
:103FA00080B400AF034B1B781846BD465DF8047B18
:103FB000704700BFA663002080B400AF034B1B789E
:103FC0001846BD465DF8047B704700BF5061002075
:103FD00080B400AF034B1B781846BD465DF8047BE8
:103FE000704700BFA463002080B400AF034B1B7870
:103FF0001846BD465DF8047B704700BF5161002044
:1040000080B400AF034B1B781846BD465DF8047BB7
:10401000704700BFA563002080B400AF074B0022AB
:104020001A70074B00221A70064B00221A700123E7
:104030001846BD465DF8047B704700BFA4630020AE
:10404000A5630020A663002080B400AF074B0022C8
:104050001A70074B00221A70064B00221A700123B7
:104060001846BD465DF8047B704700BF50610020D4
:10407000516100205261002080B582B000AF144B26
:104080001B78012B1FD1F0F7DFFA7860114B1B680A
:10409000002B19D00F4B1B687A68D31A4FF4FA72B1
:1040A000934211D30C4B1B78184600F041F8084B93
:1040B00000221A70084B00221A70064B00221A6068
:1040C00000F0C8F800E000BF0837BD4680BD00BF63
:1040D00052610020546100205361002080B582B0FD
:1040E00000AF104B1B78012B17D1F0F7ADFA024649
:1040F0000D4B1B68D31A7B607B6840F2DC52934205
:104100000BD97968094801F03BF9064B00221A7077
:10411000054B00221A6000F027F900BF0837BD46A2
:1041200080BD00BFA6630020A8630020CC65020804
:1041300080B485B000AF0346FB710F4B1B78013391
:104140005A4203F00F0302F00F0258BF5342FB73B1
:104150000A4B1B78FA7B9A4208D0074B1B7819460A
:10416000074AFB795354044AFB7B137000BF143792
:10417000BD465DF8047B704751610020506100200E
:104180004061002080B584B000AF0346FB71FB792D
:104190001846FFF7CDFF144B1B78002B1FD1134B94
:1041A0001A78134B1B789A4219D00F4B01221A70C0
:1041B0000E4B1B781A460F4B9B5CFB730B4B1B780B
:1041C00001335A4203F00F0302F00F0258BF53426B
:1041D000DAB2064B1A70FB7B184600F097F900BF65
:1041E0001037BD4680BD00BF5261002050610020E5
:1041F000516100204061002080B483B000AF78603E
:10420000114B1A78114B1B789A4201D1002314E00C
:104210000D4B1B781A460E4B9A5C7B681A700A4B42
:104220001B7801335A4203F00F0302F00F0258BF0C
:104230005342DAB2044B1A70012318460C37BD46BC
:104240005DF8047B704700BF506100205161002081
:104250004061002080B582B000AF154B1B78012B68
:1042600022D0FB1D1846FFF7C7FF0346002B1CD0CA
:10427000F0F7EAF902460F4B1B68D31A1D2B03D83F
:104280000C4B1B68002B10D1094B01221A70FA79D4
:10429000094B1A70F0F7D8F90346064A1360FB7908
:1042A000184600F033F900E000BF0837BD4680BD76
:1042B00052610020546100205361002080B584B019
:1042C00000AFF860B9607A60234B1A78234B1B78F3
:1042D0009A4201D100233AE01F4B1B781946204A2D
:1042E000622301FB03F313441A78FB681A701A4B1C
:1042F0001B7819461A4A622301FB03F31344613306
:104300001A787B681A707B681B78002B0ED0124BD2
:104310001B781A46622302FB03F3114A1344591C0B
:104320007B681B781A46B86801F022FA0A4B1B78A2
:104330005A1C0C4B83FB0231D317C91A0B465B0086
:104340000B445B00D11ACAB2034B1A700123184602
:104350001037BD4680BD00BFA4630020A5630020C8
:1043600058610020ABAAAA2A80B59CB002AF184BB6
:104370001B78012B28D007F16402391D07F1650372
:104380001846FFF79BFF0346002B1ED0F0F75CF9A1
:104390000346104A13600E4B01221A7097F86530DD
:1043A00087F8673097F8643087F866300A4B1B78D7
:1043B000D9B2381D97F8672097F866300093034606
:1043C000BA2000F00BF800E000BF6837BD4680BDA2
:1043D000A6630020A8630020044B002080B5A4B091
:1043E00000AF3B600346FB710B46BB7113467B710C
:1043F0000023A7F88E30B7F88E305A1CA7F88E200D
:1044000090333B44022203F8842CB7F88E305A1CB8
:10441000A7F88E20194697F898300133DAB201F1E7
:1044200090033B4403F8842CB7F88E305A1CA7F84D
:104430008E2090333B44FA7903F8842CB7F88E3001
:104440005A1CA7F88E2090333B44BA7903F8842C89
:10445000B7F88E305A1CA7F88E2090333B447A79F7
:1044600003F8842C002387F88D3017E03B68002B7D
:1044700005D097F88D303A6813441A7800E000228E
:10448000B7F88E30591CA7F88E1090333B4403F8D0
:10449000842C97F88D30013387F88D3097F88D2074
:1044A00097F898309A42E1D397F898309BB203334B
:1044B0009AB207F10C0302331146184600F03EF998
:1044C000034687F88C30B7F88E305A1CA7F88E2038
:1044D00090333B4497F88C2003F8842CB7F88E3047
:1044E0005A1CA7F88E2090333B44032203F8842CF7
:1044F000B7F88E2007F10C01C8230348F2F794FDAA
:1045000000BF9037BD4680BD785A002080B584B08A
:1045100002AF0346FB71074B1B78D9B2FA7900232F
:1045200000930023BC20FFF759FF00BF0837BD46AA
:1045300080BD00BF044B002080B500AF0D4B93F849
:104540001F32012B13D10B4B93F82032062B094B52
:10455000002283F81F22084B1B78012B07D1064B42
:1045600000221A70054B00221A60FFF7FDFE00BF03
:1045700080BD00BFD85D0020A6630020A863002096
:1045800080B582B000AF2A4BDB78FB71284B5B799A
:10459000BB71274B9B78013B7B71264B3B60264BC5
:1045A00000221A70254B00221A70254B00221A6037
:1045B000FFF750FEFB79BC2B36D17A79BB7939688D
:1045C0001846FFF7BBF9BB79F22B26D0F22B26DC7D
:1045D000102B02D0202B10D021E07B79002B20D093
:1045E0006420F5F7C6FC3B681B78002B02D0FFF770
:1045F000A3F816E0FFF71AF913E07B79002B12D02D
:104600006420F5F7B6FC3B681B78002B02D0FFF75F
:10461000BFF808E0FFF74CF905E000BF04E000BF79
:1046200002E000BF00E000BF00BF0837BD4680BD0C
:10463000D85D0020DE5D0020526100205361002023
:104640005461002080B5C2B000AF3A4BB3F80A32D3
:10465000023BA7F80431B7F80431364A13445B78BB
:1046600087F8003107F58473A3F5847318464FF477
:1046700080731A460021ECF763FC0023A7F806318B
:10468000B7F806315A1CA7F806211A46294BD978E3
:1046900007F58473A3F584739954B7F806315A1C4F
:1046A000A7F806211A46234B197907F58473A3F559
:1046B00084739954B7F806315A1CA7F806211A4694
:1046C0001C4B597907F58473A3F584739954194BDE
:1046D0009B78013B87F8033197F80331002B11D009
:1046E000B7F806313A46134497F8032112491846A1
:1046F00001F03EF897F803319AB2B7F80631134447
:10470000A7F80631B7F806213B461146184600F0D7
:1047100015F8034687F8023197F8003197F802211F
:104720009A4201D0002300E00123184607F5847760
:10473000BD4680BDD85D0020DE5D002080B485B020
:1047400000AF78600B467B800023FB6000237B81F9
:104750000DE07B897A6813441B781A46FB68134482
:10476000FB60FB68DBB2FB607B8901337B817A896C
:104770007B889A42EDD3FB68DBB218461437BD46FE
:104780005DF8047B704780B483B000AF0346FB71D3
:10479000FB79092B03D8FB793033DBB20AE0FB79D4
:1047A000092B06D9FB790F2B03D8FB793733DBB202
:1047B00000E0002318460C37BD465DF8047B7047C7
:1047C00080B487B000AFF860B9607A60BB68002B36
:1047D00001D10A230FE0FB684FF4FA5203FB02F207
:1047E000BB68B2FBF3F27B6802FB03F37B617B697E
:1047F0000A2B38BF0A2318461C37BD465DF8047BD8
:10480000704780B584B000AFF860B9607A607A68AC
:10481000B968F868FFF7D4FF034618461037BD465D
:1048200080BD000080B584B000AF78600B46FB709F
:104830000123BB720023FB730023BB8100237B7227
:1048400000233B720023FB7200BFBB7A002B00F0F9
:10485000B780FB78062B31D97B6801331B78A52BF9
:1048600002D10B23FB722CE07B6801331B78A92B50
:1048700002D10923FB7224E07B6801331B78A62B4D
:1048800004D07B6801331B78A72B14D17B680433D9
:104890001B78A3F1300213469B0013445B001A46B9
:1048A0007B6805331B78303B1344DBB29B00DBB2E3
:1048B0000933FB7205E00023BB7281E00023BB7269
:1048C0007EE0FB78082B78D9FA78FB7A9A4271D38C
:1048D000FB78013B7A6813441B78032B5ED10123DC
:1048E000FB730AE0FB7B7A6813441B781A46BB898A
:1048F0001344BB81FB7B0133FB73FA7BFB78033BE7
:104900009A42EFDBBB89DBB2BB81BB891B099BB23F
:10491000DBB21846FFF737FF03467B72BB89DBB279
:1049200003F00F03DBB21846FFF72DFF03463B727F
:10493000FB78033B7A6813441B787A7A9A422AD12F
:10494000FB78023B7A6813441B783A7A9A4222D168
:10495000214BDB79DBB2002B17D11F4BDB7ADBB2AB
:10496000002B12D11C4B1B7BDBB2002B0DD1FB7833
:104970001A467968194800F0FBFEFB789AB2184B8A
:10498000A3F83E22144B01225A71164B00221A70D2
:104990000023BB7214E00023BB7211E0124B1B68B2
:1049A0009B680021184600F05BFDFAF79DFF00238D
:1049B000BB7205E00023BB7202E00023BB7200BFA4
:1049C000054B5B79DBB2002B14BF01230023DBB264
:1049D00018461037BD4680BD244B0020614B002097
:1049E000604B0020A44D00200C00002080B582B058
:1049F00000AF814B93F81D32012B77D17E4BB3F87A
:104A00000A325A1C91B27C4AA2F80A1219467A4B11
:104A10001A78794B0B445A70774B93F81E32002B5F
:104A200009D1EFF711FE0346734AC2F81032724BF8
:104A30000522C3F81422704BB3F80A32032B36D187
:104A400000237B606C4BB3F80A32012B03D96A4B0D
:104A50009B7806337B607B68002B13D07B68B3F5B3
:104A6000027F0FD202224FF416517868FFF7C9FE79
:104A70000346614AC2F814327B689AB25E4BA3F8CF
:104A80000C2233E05C4B002283F81D225A4B00229B
:104A9000A3F80C22584B0022A3F80A22564B0022FE
:104AA000C3F81422544B0022C3F810221EE0524BCC
:104AB000D3F81432002B19D04F4BB3F80A32042B21
:104AC00014D14D4BDB78BA2B03D04B4BDB78BC2B8E
:104AD00004D1494B012283F81E2207E0464B0622EF
:104AE000A3F80C22444B002283F81E22424B1B7871
:104AF000022B29D1404B93F81D32002B24D13E4B81
:104B0000012283F81D223C4B0022A3F80A223A4BD3
:104B1000B3F80A325A1C91B2374AA2F80A1219465F
:104B2000354B1A78344B0B445A70EFF78DFD034622
:104B3000314AC2F81032304B3022C3F814222E4BC7
:104B4000022283F81E2252E02B4B1B78032B2FD11D
:104B5000294BB3F80C32002B07D0274BB3F80A22AD
:104B6000254BB3F80C329A4204D2234B93F81E32F1
:104B7000012B1DD0204B0022C3F810221E4B002217
:104B8000C3F814221C4B002283F81D221A4B93F801
:104B90001E32002B04D1184B012283F81C2226E080
:104BA000FFF750FD03461A46134B83F81C221EE004
:104BB000114B93F81D32002B19D10F4B1B78062B8C
:104BC00003D00D4B1B78152B11D10B4B012283F811
:104BD0001F22094B1A78084B83F82022064B00222B
:104BE000C3F81422044B0022C3F81022FFE700BFD1
:104BF0000837BD4680BD00BFD85D002080B582B0BB
:104C000000AF124B9B79012B01D000231AE0EFF784
:104C10001BFD78600D4B9B68002B0FD00B4B9B68E6
:104C20007A68D31A44F62062934207D9074B0022D0
:104C30009A71064B00229A60002303E0044A7B68C5
:104C40001360012318460837BD4680BD346100203B
:104C5000B863002080B586B000AF3B1D00221A600B
:104C60005A609A60DA601A614FF400637B60012336
:104C7000BB600123FB6000233B613B1D19460348D9
:104C8000EEF7F8FF00BF1837BD4680BD00000240B8
:104C900080B584B000AF78606B4800F0D9FBFF238B
:104CA000FB736A4B9B79DBB2FA7B9A4209D0674B64
:104CB0009B79DBB2022B01D0FFF7CCFF634B9B79D2
:104CC000FB73624B9B79DBB2022B03D16420F5F7B7
:104CD00050F9B8E05D4B9B79DBB2032B17D04FF452
:104CE00000615B48EFF75EFA0346012B0BD1FEF73C
:104CF000EDFC00224FF400615548EFF76BFA554B7D
:104D00000022C3F818226420F5F733F99BE04F4BDB
:104D10009B79DBB2032B26D14FF400614C48EFF7AF
:104D200041FA0346012B1ED000224FF4006148488F
:104D3000EFF750FA474B0022C3F818223220F5F75C
:104D400018F9FEF7C3FC01224FF400614048EFF769
:104D500041FAEFF779FC03463E4AC2F81832322096
:104D6000F5F707F96FE03B4BD3F81432002B28D04E
:104D7000384BD3F81032002B23D0EFF765FC0246F6
:104D8000344BD3F81032D21A324BD3F814329A4241
:104D900017D9304B0022C3F814222E4B0022C3F83F
:104DA00010222C4B0022A3F80A222A4B0022A3F83F
:104DB0000C22284B002283F81D22264B002283F868
:104DC0001E22244B93F81C32002B28D0214B0022AA
:104DD00083F81C22EFF738FC03461E4AC2F824323F
:104DE0001C4B93F81E32002B0AD11A4BB3F80A322F
:104DF000DBB219461848FFF715FD0346BB7322E0E6
:104E0000FFF7BEFB134B0022A3F80A22114B00222E
:104E1000A3F80C220F4B002283F81E2206E00D4B54
:104E200093F81F32002B01D0FFF786FB00F016F835
:104E300000F0B2F8FFF720F9FFF750F900F0B0F9F1
:104E40000A20F5F796F82CE7F8650208044B0020D5
:104E500000000240D85D0020D95D002080B584B0FC
:104E600002AF484B1B79012B40F08680454B5B79A4
:104E7000012B40F08180EFF7E7FB7860424B93F81D
:104E80001C32002B04D1404B93F81F32002B03D06F
:104E90003E4A7B68136072E03C4B1B68002B63D07A
:104EA0003A4B1B687A68D31A41F2883293425BD33B
:104EB000344B5B79002B08D1334BD3F818327A6826
:104EC000D31A43F6972293424ED92E4B5B79002B8F
:104ED0001ED02D4BD3F824327A68D31A40F6B7325D
:104EE000934215D82A4B1B78042B06D8284B1B78E5
:104EF0000133DAB2264B1A7006E0254B1B78042BDF
:104F000002D9204B91221A70204A7B68136036E048
:104F10001C4B93F90030B3F1FF3F03D1194B002232
:104F20005A702BE0FFF730F80346002B26D1FFF72D
:104F300037F80346002B21D1144A7B681360114BCC
:104F40009B78012B0CD1134B1B78D9B20023009313
:104F500000231622BC20FFF741FA0A4B00229A7068
:104F60000B4B00221A7009E0084B1B68002B06D17E
:104F7000064A7B68136002E000BF00E000BF08370C
:104F8000BD4680BD34610020D85D0020AC630020A8
:104F9000B0630020044B002080B582B000AF7B4B93
:104FA0001B79012B40F0E680784B5B79012B40F0B8
:104FB000E180EFF749FB3860754B93F81C32002B0A
:104FC00004D1734B93F81F32002B03D0714A3B6816
:104FD0001360D8E00023FB716F4B5B79002B01D18C
:104FE0000123FB716C4BDB7D002B01D10123FB7195
:104FF000694B9B7F002B01D10123FB71664B93F81A
:105000006130002B01D10123FB71634B93F86830B1
:10501000002B01D10123FB715F4B93F8CB30002BA8
:1050200004D05D4B93F8ED30002B01D10123FB71CF
:10503000594B93F83131002B01D10123FB71564BB1
:1050400093F82F31002B01D10123FB71FB7983F001
:105050000103DBB2002B40F08F804D4BD3F81832A8
:105060003A68D31A4EF66022934231D94A4B5B79A3
:10507000002B0CD0454B1B79002B08D0434B5B79A0
:10508000002B04D0444B93F82F31002B76D1FFF73F
:10509000B5FD0346012B73D0FEF718FB00224FF439
:1050A00000613E48EFF796F8394B0022C3F818220A
:1050B0006420F4F75EFF01224FF400613748EFF7F8
:1050C00089F8EFF7C1FA0346314AC2F8183255E0C1
:1050D000304B1B68002B07D02E4B1B683A68D31A45
:1050E00042F2107293424DD32A4A3B6813602A4B16
:1050F0005B79002B02D10120FFF744F8264BDB7DC2
:10510000002B02D11320FFF73DF8234B9B7F002B90
:1051100002D11420FFF736F81F4B93F86130002BB3
:1051200002D11120FFF72EF81B4B93F86830002BAB
:1051300002D12120FFF726F8174B93F8CB30002B34
:1051400004D0154B93F8ED30002B02D12220FFF74D
:1051500019F8114B93F83131002B02D11520FFF7CC
:1051600011F80D4B93F82F31002B0CD12320FFF7B2
:1051700009F808E000BF06E000BF04E000BF02E05D
:1051800000BF00E000BF0837BD4680BD346100208D
:10519000D85D0020B46300200060002000000240C1
:1051A00090B585B002AF6B4BD3F81832002B03D10A
:1051B000694B00221A60CAE0FFF720FD0346012B6D
:1051C00000F0C480EFF740FA7860644B1B79012B44
:1051D00007D1624B5B79012B03D15F4B00221A6030
:1051E000B5E05D4B1B68002B07D15C4B5B79012B55
:1051F00003D0594A7B681360A9E0594B5B79002BB7
:1052000016D1544BD3F818327A68D31A544AD2883C
:1052100001324FF47A7101FB02F2934208D9504BEC
:10522000DB8801339AB24E4BDA800120FFF76EF92A
:10523000494B1B687A68D31A4CF2503293421ED9FC
:10524000454A7B681360FEF741FA00224FF4006183
:105250004448EEF7BFFF3F4B0022C3F818226420FA
:10526000F4F787FE01224FF400613E48EEF7B2FFEB
:10527000EFF7EAF90346374AC2F8183267E0354BD0
:10528000D3F818327A68D31A47F2305293425ED973
:10529000354B1B68002B07D0334B1B687A68D31A39
:1052A00041F28832934252D3FEF786FE03461C46F3
:1052B000FEF79AFE03469C4249D1FEF765FE03467F
:1052C000002B44D1FEF784FE03461C46FEF798FEF1
:1052D00003469C423BD1FEF763FE0346002B36D1CA
:1052E0001C4B93F81C32002B31D11A4B93F81F3210
:1052F000002B2CD1194B1B79002B28D1174B1B7974
:10530000002B0FD10123FB70184B1B78D9B2FB1C6B
:10531000012200921022BA20FFF760F8124A7B683F
:10532000136014E00D4B5B79002B10D10123BB708F
:105330000E4B1B78D9B2BB1C012200922022BA204E
:10534000FFF74CF8084A7B68136000E000BF0C3799
:10535000BD4690BDD85D0020B863002034610020B8
:105360000060002000000240BC630020044B0020CD
:10537000024B01461868EBF723BF00BF0C0000206A
:105380000FB407B5064904AB086853F8042B8168CD
:10539000019300F07DFB03B05DF804EB04B07047AF
:1053A0000C000020036A70B5846805460E460BB9F0
:1053B000EBF74CFD636EDB0705D4A389980502D497
:1053C000A06DEBF78EFEA389190702D52369002B88
:1053D00035D12146284600F05FF980B34FF0FF3504
:1053E000636EDA0705D4A3899B0502D4A06DEBF7A1
:1053F00079FE284670BD002B04DAA269934217DBC0
:105400000A2915D023685A1C22601970A36816F85F
:10541000011F013BA3600029EDD1002B11DA2246C8
:105420000A21284600F0FAF80130D7D00A25D7E73C
:105430002246284600F0F2F80130E7D1CEE7013EDF
:10544000E4E723685A1C22600A221A70EEE7000083
:10545000024B01461868FFF7A5BF00BF0C000020F3
:10546000B1FA81F252094FF48063520000F000B8A3
:105470002DE9F7431D46574B1F6804460E469046DC
:1054800027B13B6A13B93846EBF7E0FCB8F1020FDD
:1054900006D0B8F1010F00F29A80002DC0F297807B
:1054A000636ED90705D4A3899A0502D4A06DEBF7E2
:1054B00018FE21463846EBF791FF616B41B104F1CC
:1054C0004403994202D03846EBF70EFE0023636393
:1054D0000023A3616360A3891B0603D521693846B5
:1054E000EBF702FEA38923F44A6323F00303B8F128
:1054F000020FA38161D001AB6A462146384600F015
:105500006FFDA3891843A0812DBB009D2846FFF79E
:105510002FFF0646002852D1DDF80090A94540D162
:105520004FF0FF35B4F90C3043F00202A2810022A3
:10553000A26004F147022260226101226261626E70
:10554000D60704D4980502D4A06DEBF7CBFD28460E
:1055500003B0BDE8F083002ED8D03B6A13B93846BB
:10556000EBF774FCB8F1010F08BFA389266004BFF4
:1055700043F00103A381B4F90C3013F00802C4E92D
:1055800004651ED0D90741BF00226D42A260A5610B
:1055900058BFA560626ED20701D49B0513D50025C4
:1055A000D5E74846FFF7E4FE06460028B8D0A389B1
:1055B00043F08003A3814D46CFE70025B2E7A9461B
:1055C000F5E7A260E6E7A06DEBF78CFDE7E74FF0AB
:1055D000FF35BCE70C0000200EB410B59DB01FAB2A
:1055E000029006906FF000410A48079104910A4921
:1055F00053F8042B0591002402A9006801931B9421
:1056000000F024F9029B1C701DB0BDE8104003B0EF
:10561000704700BF0C0000200802FFFFF8B50E46DF
:105620001446054618B1036A0BB9EBF70FFCA369E2
:10563000A360A3891A0701D5236943B921462846E7
:1056400000F02AF818B14FF0FF373846F8BD23684C
:105650002269981A6369F6B28342374605DC21460F
:105660002846EBF7BBFE0028EDD1A368013BA36001
:1056700023685A1C22601E706269431C9A4204D03F
:10568000A389DB07E1D50A2EDFD121462846EBF7B7
:10569000A5FE0028D9D0D6E738B5284B05461868AE
:1056A0000C4618B1036A0BB9EBF7D0FBB4F90C3018
:1056B0001A0721D4D80607D409222A6043F04003F0
:1056C000A3814FF0FF3030E0590712D5616B41B133
:1056D00004F14403994202D02846EBF705FD00236C
:1056E00063630022B4F90C3062602269226023F007
:1056F000240343F00803A38122693AB99A0501D52E
:10570000180603D52146284600F08EFCB4F90C306B
:1057100013F001020AD00022A26062695242A26123
:10572000226942B913F08000C8D138BD990758BF2B
:105730006269A260F4E70020F7E700BF0C000020D8
:1057400010B56AB10139841810F8012B11F8013F26
:105750009A4203D1A04201D0002AF5D1D01A10BD3F
:105760001046FCE7014B1868704700BF0C00002092
:105770000A44914200F1FF3300D1704710B511F88F
:10578000014B03F8014F9142F9D110BD2DE9F047CB
:105790008E681F46BE4282460C469046334653D81A
:1057A000B1F90C0010F4906F2BD06569236809697A
:1057B00005EB4505A3EB010905EBD5757B1C6D10C9
:1057C0004B44AB422A4684BF1D462A46430527D593
:1057D00011465046EBF7F4FC064658B321694A4699
:1057E000FFF7C6FFA38923F4906343F08003A381EE
:1057F000266165614E44A5EB09052660A5603E461D
:105800003B461F4620683A46414600F046FCA368E6
:105810009B1BA36023683B4423600020BDE8F08706
:10582000504600F075FC06460028E1D1216950463B
:10583000EBF75AFC0C23CAF80030A38943F040036D
:10584000A3814FF0FF30E9E73E46DBE72DE9F04763
:105850001F468B891B069CB006460D46144610D584
:105860000B6973B94021EBF7ABFC2860286130B9B4
:105870000C2333604FF0FF301CB0BDE8F0874023AD
:105880006B610023099320238DF82930039730237F
:10589000654F8DF82A304FF001082346994613F8DA
:1058A000012B0AB1252AF9D1B9EB040A0BD05346D2
:1058B000224629463046FFF769FF013000F0A480F8
:1058C000099A5244099299F80030002B00F09C800C
:1058D00000234FF0FF32CDE9052309F101090493BC
:1058E00007938DF853301A934C464F4814F8011B18
:1058F0000522EBF7CDF9049BD0B9D80644BF20228E
:105900008DF85320190744BF2B228DF8532099F8A6
:1059100000202A2A13D0079A4C4600204FF00A0C88
:10592000214611F8013B303B092B49D968B913E0F6
:10593000C01B08FA00F018430490A146D4E7039A6C
:10594000111D12680391002A01DB079204E0524204
:1059500043F002030792049323782E2B0AD1637835
:105960002A2B32D1039B1A1D1B68039243EAE3736F
:1059700002340593DFF8C090217803224846EBF704
:1059800087F938B1049BA0EB090040228240134301
:105990000134049314F8011B24488DF828100622C2
:1059A000EBF776F9002835D0214818BB039B073365
:1059B00023F0070308330393099B034409936CE71F
:1059C0000CFB02320C460120AAE7002301340593A8
:1059D00019464FF00A0C204610F8012B303A092ADC
:1059E00003D9002BC6D00591C4E70CFB0121044666
:1059F0000123F0E703AB00932A460E4B04A930467F
:105A0000AFF30080421CD7D1AB895B063FF532AFC4
:105A1000099831E703AB00932A46064B04A93046A8
:105A200000F0B8F9EEE700BF6C900208769002082B
:105A3000000000008D570208729002089368013B35
:105A4000002B10B4936008DA9469A34201DB0A29A1
:105A500003D15DF8044BFFF7E1BD1368581C1060DB
:105A6000197008465DF8044B7047F8B506460F46B6
:105A70001446D518AC4201D1002007E014F8011BF0
:105A80003A463046FFF7DAFF431CF3D1F8BD000079
:105A90002DE9F0470D469CB014461F46064618B146
:105AA000036A0BB9EBF7D2F96B6ED90705D4AB8952
:105AB0009A0502D4A86DEBF714FBAB891B0701D53F
:105AC0002B699BB929463046FFF7E6FD70B16B6E36
:105AD000DC0704D54FF0FF301CB0BDE8F087AB8980
:105AE0009805F7D4A86DEBF7FDFAF3E700230993C7
:105AF00020238DF82930039730236A4F8DF82A3000
:105B00004FF001082346994613F8012B0AB1252AC4
:105B1000F9D1B9EB040A0BD0534622462946304648
:105B2000FFF7A3FF013000F0A480099A52440992C4
:105B300099F80030002B00F09C8000234FF0FF32DA
:105B4000CDE9052309F10109049307938DF853303A
:105B50001A934C46534814F8011B0522EBF798F8AA
:105B6000049BD0B9D90644BF20228DF853201A07D0
:105B700044BF2B228DF8532099F800202A2A13D0F5
:105B8000079A4C4600204FF00A0C214611F8013BC1
:105B9000303B092B49D968B913E0C01B08FA00F063
:105BA00018430490A146D4E7039A111D126803918B
:105BB000002A01DB079204E0524243F002030792FD
:105BC000049323782E2B0AD163782A2B32D1039B9E
:105BD0001A1D1B68039243EAE37302340593DFF84E
:105BE000D490217803224846EBF752F838B1049B51
:105BF000A0EB09004022824013430134049314F8BF
:105C0000011B29488DF828100622EBF741F80028DF
:105C10003ED0264818BB039B073323F00703083305
:105C20000393099B034409936CE70CFB02320C4677
:105C30000120AAE700230134059319464FF00A0C0E
:105C4000204610F8012B303A092A03D9002BC6D080
:105C50000591C4E70CFB012104460123F0E703ABE7
:105C600000932A46124B04A93046AFF30080431C30
:105C7000D7D16B6ED90705D4AB899A0502D4A86D2C
:105C8000EBF730FAAB895B063FF524AF099823E7C1
:105C900003AB00932A46064B04A9304600F07AF87D
:105CA000E5E700BF6C900208769002080000000053
:105CB0006B5A0208729002082DE9F0471646984682
:105CC0008A680B69DDF820909342B8BF13463360B1
:105CD00091F8432007460C460AB10133336023682C
:105CE000990642BF336802333360256815F0060514
:105CF00006D104F1190AE36832689B1AAB4226DC2C
:105D000094F843302268003B18BF012392062BD43D
:105D100004F1430241463846C84701301ED023688B
:105D2000226903F00603042B02BFE5683368ED1A0D
:105D3000A3680CBF25EAE57500259342C4BF9B1AF2
:105D4000ED1800261A34B5421AD1002008E00123CC
:105D5000524641463846C847013003D14FF0FF3024
:105D6000BDE8F0870135C6E7E1185A1C302081F8FC
:105D70004300224494F8451082F843100233C7E7E9
:105D80000123224641463846C8470130E6D0013655
:105D9000D9E700002DE9F0430D7E85B0782D9046BF
:105DA0000C9E07460C46994601F1430207D8622D26
:105DB0000AD8002D00F0D780582D00F0BC8004F1E7
:105DC000420684F842503BE0A5F16303152BF6D858
:105DD00001A151F823F000BF315E0208455E0208C0
:105DE000BF5D0208BF5D0208BF5D0208BF5D02081B
:105DF000455E0208BF5D0208BF5D0208BF5D020884
:105E0000BF5D02084D5F02086F5E0208FF5E020878
:105E1000BF5D0208BF5D02086F5F0208BF5D020838
:105E20006F5E0208BF5D0208BF5D0208075F0208DF
:105E300033681A1D1B68326004F1420684F8423050
:105E40000123A1E033682068191D3160060601D5E1
:105E50001D6803E04506FBD5B3F90050002D03DAB9
:105E60002D236D4284F843305B480A2311E02168FA
:105E70003368080653F8045B02D4490648BFADB244
:105E80003360237E54486F2B5CD10823002184F8B3
:105E900043106668A660002E05DB21682E4321F0C2
:105EA0000401216050D01646B5FBF3F103FB115CF1
:105EB00010F80CC006F801CDAC4663450D46F3D989
:105EC000082B0BD12368DB0708D523696168994249
:105ED000DEBF302306F8013C06F1FF36921B22613B
:105EE000CDF80090434603AA21463846FFF7E4FE6A
:105EF00001304ED14FF0FF3005B0BDE8F08323688C
:105F000043F0200323603548782584F84550236802
:105F1000316813F0800F51F8045B03D113F0400F88
:105F200018BFADB23160D90744BF43F020032360EE
:105F30001DB11023AAE72848E7E7236823F02003D0
:105F40002360F6E70A23A1E71646B9E73368256818
:105F50006169181D30602E061B6801D5196002E0CA
:105F60006806FBD51980002323611646B8E733681D
:105F70001A1D32601E68626800213046EAF788FE0A
:105F800008B1801B606063682361002384F843309C
:105F9000A6E72369324641463846C8470130A9D0B2
:105FA00023689B0713D4E068039B9842B8BF184648
:105FB000A2E70123324641463846C847013099D00E
:105FC0000135E36803995B1AAB42F2DCEBE700258D
:105FD00004F11906F5E700BF7D9002088E900208D3
:105FE00070B50C46B1F90E10002996B015461E4644
:105FF0000ADAA18911F0800113D14FF480620020E8
:1060000031602A6016B070BD6A4600F05FF8002863
:10601000EFDB019901F47041A1F500535942594158
:10602000EBE700214022EAE78B8973B59E0705461E
:106030000C4607D504F14703236023610123636104
:1060400002B070BD01AB6A46FFF7CAFF009E28464A
:106050003146EBF7B5F8B4F90C3038B99A05EFD4FE
:1060600023F0030343F00203A381E3E743F080033B
:10607000A381019B2060C4E90406002BE0D0B4F9A1
:106080000E10284600F034F80028D9D0A38923F058
:10609000030343F00103A381D2E7884210B501EB6B
:1060A000020402D98442234607D8431EA14207D0E6
:1060B00011F8012B03F8012FF8E70244824200D1C6
:1060C00010BD13F8011D02F8011DF7E738B5074DA3
:1060D00000230446084611462B60FAF718FA431CC1
:1060E00002D12B6803B1236038BD00BFE00100205E
:1060F00038B5064D0023044608462B60FAF717FA18
:10610000431C02D12B6803B1236038BDE00100209D
:106110002DE9F041074614460D4621B9BDE8F0418E
:106120001146EBF74DB82AB9EAF7DEFF25462846B7
:10613000BDE8F08100F01AF88442064602D8B4EBBC
:10614000500FF4D821463846EBF73AF8804608B9A4
:106150004546ECE7B4422246294628BF3246FFF7BF
:1061600007FB29463846EAF7BFFFF1E751F8043C40
:10617000181F002BBCBF0B58C0187047F8B500BFE4
:10618000F8BC08BC9E467047F8B500BFF8BC08BC18
:046190009E46704770
:1061940049444C450000000064656661756C7454A4
:1061A40061736B009C61020865BB0108000000007C
:1061B40000000000000200000000000000000000D9
:1061C40053657269616C5461736B0000C4610208A9
:1061D400E9BD0108FEFF000000000000000400000B
:1061E4000000000000000000537769746368546184
:1061F400736B0000EC610208A9C4010800000000F0
:10620400000000008000000000000000000000000A
:106214004C63645461736B00146202089DD50108D9
:106224000000000000000000000400000000000066
:106234000000000053656E736F725461736B00004D
:106244003862020859D6010800000000000000006E
:1062540000020000000000000000000057696669A9
:10626400556172745461736B00000000606202082F
:10627400914C0208FEFF0000000000000002000034
:106284000000000000000000504F57524159554E85
:10629400495F424F4F545F55504C4F41445F524504
:1062A40051554553545F303100000000504F575250
:1062B4004159554E495F424F4F545F55504C4F41E1
:1062C400445F524551554553545F3031000000003E
:1062D4005B585D005B7E5D005B4F5D005B475D006E
:1062E4005B3F5D0049443A202020282020202900DB
:1062F40054656D703A20202027430000416D7020C2
:106304003A000000537461743A0000004F4646009E
:106314004F4E00004F4350004F5650004F54500012
:1063240046414E00424F4F5354000000426F6F737A
:106334007400000044696D2825290000322E304B7A
:1063440000000000322E354B00000000332E304B8D
:1063540000000000434F4D4D2E203A0052532D347F
:1063640038350000444D5800575F444D582025737C
:106374000000000057494649205B25635D0000008A
:1063840046414E312F323A202020202F00000000B9
:1063940046414E332F343A202020202F00000000A5
:1063A400462F57205645523A20312E342E370000BE
:1063B400495020203A00000025642E25642E2564CF
:1063C4002E2564004D4143203A0000002530325808
:1063D4003A253032583A253032583A253032583A34
:1063E400253032583A25303258000000535349447E
:1063F4003A00000025730000525353493A256420A3
:1064040064426D0057694669204E6F7420436F6E75
:1064140066696700424950203A000000506F727468
:106424003A256400557365723A2573004349442044
:106434003A000000252E3134730000004D515454AD
:10644400204E6F7420436F6E666967004445562082
:106454004944203A0000000047524F555020203A4A
:1064640000000000574946492063683A00000000D4
:10647400426F6F737420203A000000004D4F444572
:106484004C20203A00000000322E304B5F4D0000BB
:10649400322E304B5F430000332E304B5F4D0000F3
:1064A400332E304B5F430000322E304B5F4A0000E6
:1064B400414328562920203A00000000434F4D4D07
:1064C4002E20203A00000000575F444D5800000081
:1064D40057494649000000005061636B6574203AD7
:1064E400000000004153434949000000484558005A
:1064F4004C4544204F4E203A2020202027430000C2
:106504004C4544204F46463A202020202743000093
:1065140046414E204F4E203A2020202027430000A1
:1065240046414E204F46463A202020202743000073
:10653400535749544348203A0000000050555348EB
:1065440000000000544F47474C4500004578742E26
:106554007374723A000000004D4355004558545F6F
:10656400414C494E450000004558545F4F4E4C592C
:1065740000000000534D50532856293A00000000F3
:106584004578697420776974686F757420736176CF
:106594006500000044555459203125203A0000007C
:1065A40020202031303025203A000000536D6F6FD9
:1065B4007468203A000000006D7174743A2F2F0043
:1065C4007463703A2F2F000053455420636F6D6D30
:1065D400616E642074696D656F7574212028656C23
:1065E40061707365643A20256C75206D73290D0AFA
:1065F40000000000576966695461736B207374610D
:1066040072740D0000000000000000000102030489
:10661400060708090000000001020304000001A0AD
:106624000000000000000000000000000010101036
:106634001010000010000000006C4848000000002A
:1066440000000000001414287C287C28505000000E
:1066540000103840403848701010000000205224C8
:106664000810244A040000000000001820205448A8
:1066740034000000000814140800000000000000AA
:106684000008081010101010100808000020201036
:10669400101010101020200000107C10282800007A
:1066A400000000000000101010FE10101000000088
:1066B400000000000000001810302000000000005E
:1066C400007C00000000000000000000000000301A
:1066D40030000000000404080810102020400000CE
:1066E400003844444444444438000000003010104E
:1066F400101010107C0000000038440408102044DE
:106704007C000000003844041804044438000000ED
:10671400000C141424447E040E000000003C2020CD
:106724003804044438000000001C204078444444E9
:1067340038000000007C4404080808101000000021
:106744000038444438444444380000000038444489
:10675400443C0408700000000000003030000030A9
:10676400300000000000001818000018302000005D
:1067740000000C10608060100C000000000000009D
:106784007C007C00000000000000C02018041820D9
:10679400C0000000000018240408100030000000AD
:1067A4003844444C54544C404438000000301028C1
:1067B40028287C44EE00000000F844447844444413
:1067C400F8000000003C44404040404438000000D1
:1067D40000F0484444444448F000000000FC4450A5
:1067E40070504044FC000000007E222838282020FD
:1067F40070000000003C4440404E44443800000017
:1068040000EE44447C444444EE000000007C10103C
:10681400101010107C000000003C0808084848488C
:106824003000000000EE444850704844E600000088
:1068340000702020202024247C00000000EE6C6CDA
:1068440054544444EE00000000EE64645454544C28
:10685400EC00000000384444444444443800000040
:106864000078242424382020700000000038444498
:1068740044444444381C000000F8444444784844E8
:10688400E200000000344C40380404645800000066
:1068940000FE9210101010103800000000EE444466
:1068A400444444443800000000EE4444282828109E
:1068B4001000000000EE44445454545428000000D6
:1068C40000C6442810102844C600000000EE4428E6
:1068D4002810101038000000007C440810102044D8
:1068E4007C000000003820202020202020203800B8
:1068F4000040202020101008080800000038080874
:10690400080808080808380000101028440000008F
:10691400000000000000000000000000000000FE75
:106924000010080000000000000000000000003813
:10693400443C44443E00000000C040586444444485
:10694400F80000000000003C4440404438000000CF
:10695400000C04344C4444443E0000000000003861
:10696400447C40403C000000001C207C202020206F
:106974007C000000000000364C4444443C043800D1
:1069840000C0405864444444EE000000001000700D
:10699400101010107C00000000100078080808088F
:1069A4000808700000C0405C48705048DC000000DB
:1069B40000301010101010107C000000000000E8DF
:1069C40054545454FE000000000000D8644444446D
:1069D400EE00000000000038444444443800000045
:1069E400000000D8644444447840E00000000036CD
:1069F4004C4444443C040E000000006C3020202031
:106A04007C0000000000003C44380444780000008E
:106A14000000207C202020221C000000000000CC6C
:106A24004444444C36000000000000EE444428284E
:106A340010000000000000EE4454545428000000EC
:106A4400000000CC48303048CC000000000000EECC
:106A540044242818101078000000007C48102044BA
:106A64007C00000000081010101020101010080006
:106A74000010101010101010101000000020101042
:106A8400101008101010200000000000002458000E
:106A940000000000000000000000000000000000F2
:106AA40000000000000000000000000000000000E2
:106AB40000000000000000000000000000000700CB
:106AC4000700070007000700070007000200020094
:106AD40000000000070007000000000000000000A4
:106AE40000000000000000001CE01CE01CE0084066
:106AF4000840084000000000000000000000000002
:106B04000000000000000000000000000CC00CC0E9
:106B14000CC00CC00CC03FF03FF00CC00CC03FF0E8
:106B24003FF00CC00CC00CC00CC00CC00000000036
:106B3400000000000300030007E00FE018601800E5
:106B44001F000FC000E0186018601FC01F80030002
:106B540003000300000000000000000000001C000F
:106B64002200220022001C6001E00F803C0031C0A2
:106B740002200220022001C00000000000000000EA
:106B84000000000000000000000003E00FE00C0023
:106B94000C0006000F301FF019E018C01FF007B0FA
:106BA40000000000000000000000000000000000E1
:106BB4000380038003800100010001000000000045
:106BC40000000000000000000000000000000000C1
:106BD40000000000000000C000C0018001800180AE
:106BE400030003000300030003000300018001808D
:106BF400018000C000C000000000000000000C0084
:106C04000C00060006000600030003000300030056
:106C1400030003000600060006000C000C00000040
:106C24000000000000000300030003001B601FE0DD
:106C3400078007800FC00CC00000000000000000A7
:106C44000000000000000000000000000000000040
:106C5400000003000300030003003FF03FF00300C3
:106C64000300030003000000000000000000000017
:106C74000000000000000000000000000000000010
:106C84000000000000000000000003800300030077
:106C940006000600040000000000000000000000E0
:106CA400000000000000000000003FE03FE00000A2
:106CB40000000000000000000000000000000000D0
:106CC40000000000000000000000000000000000C0
:106CD4000000000000000000000003800380038027
:106CE40000000000000000000000000000600060E0
:106CF40000C000C000C00180018003000300060042
:106D040006000C000C000C00180018000000000025
:106D14000000000000000F801FC018C03060306009
:106D24003060306030603060306018C01FC00F8049
:106D3400000000000000000000000000000003004C
:106D44001F001F00030003000300030003000300EF
:106D5400030003001FE01FE000000000000000002B
:106D64000000000000000F801FC038E030600060A9
:106D740000C00180030006000C0018003FE03FE063
:106D840000000000000000000000000000000F8070
:106D94003FC030E0006000E007C007C000E00060D2
:106DA400006060E07FC03F80000000000000000041
:106DB40000000000000001C003C003C006C00CC0F6
:106DC4000CC018C030C03FE03FE000C003E003E067
:106DD40000000000000000000000000000001FC0D0
:106DE4001FC0180018001F801FC018E0006000605A
:106DF400006030E03FC01F80000000000000000081
:106E040000000000000003E00FE01E00180038003E
:106E140037803FC038E03060306018E01FC0078022
:106E240000000000000000000000000000003FE03F
:106E34003FE03060006000C000C000C001800180FD
:106E440001800300030003000000000000000000B4
:106E54000000000000000F801FC038E0306038E000
:106E64001FC01FC038E03060306038E01FC00F80A2
:106E740000000000000000000000000000000F00FF
:106E84001FC038C03060306038E01FE00F6000E0A1
:106E940000C003C03F803E0000000000000000006E
:106EA400000000000000000000000000000003805B
:106EB400038003800000000000000380038003803F
:106EC40000000000000000000000000000000000BE
:106ED40000000000000001C001C001C0000000006B
:106EE4000000038003000600060004000000000008
:106EF40000000000000000000000003000F003C0AB
:106F040007001C0078001C00070003C000F00030DC
:106F1400000000000000000000000000000000006D
:106F24000000000000007FF07FF0000000007FF010
:106F34007FF00000000000000000000000000000DE
:106F44000000000000000000000030003C000F00C2
:106F5400038000E0007800E003800F003C00300074
:106F6400000000000000000000000000000000001D
:106F74000F801FC018601860006001C00380030008
:106F840000000000070007000000000000000000EF
:106F940000000000000003800C80084010401040F6
:106FA40011C012401240124011C0100008000840E5
:106FB4000780000000000000000000000000000046
:106FC4001F801F80038006C006C00CC00C601FE039
:106FD4001FE030307878787800000000000000006E
:106FE40000000000000000003F803FC018601860EF
:106FF40018E01FC01FE01870183018303FF03FE051
:10700400000000000000000000000000000000007C
:1070140007B00FF01C703830300030003000300002
:1070240038301C700FE007C00000000000000000B2
:1070340000000000000000007F807FC030E030705E
:107044003030303030303030307030E07FC07F80CE
:10705400000000000000000000000000000000002C
:107064003FF03FF01830183019801F801F801980BE
:10707400183018303FF03FF000000000000000001E
:1070840000000000000000003FF03FF0183018300E
:1070940019801F801F801980180018003F003F00CE
:1070A40000000000000000000000000000000000DC
:1070B40007B01FF0187030303000300031F831F86C
:1070C400303018301FF007C000000000000000003E
:1070D40000000000000000003CF03CF01860186064
:1070E40018601FE01FE01860186018603CF03CF066
:1070F400000000000000000000000000000000008C
:107104001FE01FE00300030003000300030003006B
:10711400030003001FE01FE0000000000000000067
:10712400000000000000000003F803F800600060A5
:107134000060006030603060306030E03FC00F803D
:10714400000000000000000000000000000000003B
:107154003EF83EF818E019801B001F001D8018C07F
:1071640018C018603E783E3800000000000000009F
:1071740000000000000000003F003F000C000C0075
:107184000C000C000C000C300C300C303FF03FF0C5
:1071940000000000000000000000000000000000EB
:1071A4007878787838703CF034B037B037B0333012
:1071B400333030307CF87CF8000000000000000020
:1071C400000000000000000039F03DF01C601E606B
:1071D4001E601B601B6019E019E018E03EE03E6091
:1071E400000000000000000000000000000000009B
:1071F40007800FC01CE03870303030303030303011
:1072040038701CE00FC00780000000000000000080
:1072140000000000000000003FC03FE0187018307C
:10722400183018701FE01FC0180018003F003F00FE
:10723400000000000000000000000000000000004A
:1072440007800FC01CE038703030303030303030C0
:1072540038701CE00FC0078007B00FF00CE000008E
:1072640000000000000000003FC03FE0187018302C
:1072740018701FE01FC018E0186018703E383E18E0
:1072840000000000000000000000000000000000FA
:107294000FB01FF03870303038001F8007E00070E6
:1072A400303038703FE037C00000000000000000BC
:1072B40000000000000000003FF03FF033303330A6
:1072C4003330030003000300030003000FC00FC0AA
:1072D40000000000000000000000000000000000AA
:1072E4003CF03CF018601860186018601860186072
:1072F40018601CE00FC007800000000000000000C0
:10730400000000000000000078F078F03060306089
:1073140018C018C00D800D800D80070007000700FD
:107324000000000000000000000000000000000059
:107334007C7C7C7C301833983398339836D816D0BC
:107344001C701C701C70183000000000000000004D
:10735400000000000000000078F078F0306018C0F1
:107364000D80070007000D8018C0306078F078F0B9
:107374000000000000000000000000000000000009
:107384003CF03CF018600CC0078007800300030049
:10739400030003000FC00FC0000000000000000045
:1073A40000000000000000001FE01FE0186018C08B
:1073B40001800300030006000C6018601FE01FE05A
:1073C400000000000000000000000000000003C0F6
:1073D40003C00300030003000300030003000300D1
:1073E4000300030003000300030003C003C0000004
:1073F40000000000180018000C000C000C0006002F
:107404000600030003000180018000C000C000C02A
:1074140000600060000000000000000000000F0099
:107424000F00030003000300030003000300030034
:10743400030003000300030003000F000F0000001B
:10744400000000000000020007000D8018C030603A
:1074540020200000000000000000000000000000E8
:107464000000000000000000000000000000000018
:107474000000000000000000000000000000000008
:1074840000000000000000000000000000000000F8
:10749400FFFCFFFC0000040003000080000000006B
:1074A40000000000000000000000000000000000D8
:1074B40000000000000000000000000000000000C8
:1074C4000000000000000FC01FE000600FE01FE09C
:1074D400386030E03FF01F70000000000000000042
:1074E40000000000000070007000300030003780A1
:1074F4003FE0386030303030303038607FE07780C3
:107504000000000000000000000000000000000077
:1075140000000000000007B01FF0183030303000C9
:10752400300038301FF00FC00000000000000000E1
:10753400000000000000007000700030003007B050
:107544001FF0187030303030303038701FF807B802
:107554000000000000000000000000000000000027
:1075640000000000000007801FE018603FF03FF0BB
:10757400300018301FF007C00000000000000000B9
:1075840000000000000003F007F0060006001FE002
:107594001FE0060006000600060006001FE01FE0CC
:1075A40000000000000000000000000000000000D7
:1075B40000000000000007B81FF8187030303030A9
:1075C400303018701FF007B0003000700FE00FC0AB
:1075D40000000000000038003800180018001BC02C
:1075E4001FE01C6018601860186018603CF03CF0E4
:1075F4000000000000000000000000000000030084
:107604000300000000001F001F000300030003002C
:10761400030003001FE01FE0000000000000000062
:1076240000000000000003000300000000001FC071
:107634001FC000C000C000C000C000C000C000C027
:1076440000C001C03F803F0000000000000038007F
:107654003800180018001BE01BE01B001E001E0071
:107664001B00198039F039F0000000000000000010
:107674000000000000001F001F00030003000300BF
:107684000300030003000300030003001FE01FE0E6
:1076940000000000000000000000000000000000E6
:1076A4000000000000007EE07FF0333033303330E0
:1076B400333033307BB87BB800000000000000009A
:1076C40000000000000000000000000000003BC0BB
:1076D4003FE01C6018601860186018603CF03CF0D3
:1076E4000000000000000000000000000000000096
:1076F40000000000000007801FE0186030303030C8
:10770400303018601FE00780000000000000000017
:10771400000000000000000000000000000077806E
:107724007FE0386030303030303038603FE03780D0
:10773400300030007C007C000000000000000000ED
:1077440000000000000007B81FF818703030303017
:10775400303018701FF007B00030003000F800F827
:1077640000000000000000000000000000003CE0F9
:107774003DF00F300E000C000C000C003FC03FC069
:1077840000000000000000000000000000000000F5
:1077940000000000000007E01FE018601E000FC09A
:1077A40001E018601FE01F800000000000000000DE
:1077B40000000000000000000C000C000C003FE082
:1077C4003FE00C000C000C000C000C300FF007C064
:1077D40000000000000000000000000000000000A5
:1077E40000000000000038E038E0186018601860FD
:1077F400186018E01FF00F70000000000000000087
:10780400000000000000000000000000000078F00C
:1078140078F0306018C018C00D800D800700070094
:107824000000000000000000000000000000000054
:1078340000000000000078F078F03260326037E039
:107844001DC01DC018C018C00000000000000000CA
:1078540000000000000000000000000000003CF0F8
:107864003CF00CC00780030007800CC03CF03CF0E7
:107874000000000000000000000000000000000004
:1078840000000000000078F078F0306018C018C0E4
:107894000D800F800700060006000C007F007F00AB
:1078A40000000000000000000000000000001FE0D5
:1078B4001FE018C00180030006000C601FE01FE0F9
:1078C400000000000000000000000000000001C0F3
:1078D40003C00300030003000300030007000E00BD
:1078E4000700030003000300030003C001C00000FD
:1078F4000000000000000300030003000300030075
:10790400030003000300030003000300030003005B
:1079140003000300030000000000000000001C003E
:107924001E0006000600060006000600070003808D
:10793400070006000600060006001E001C000000EA
:107944000000000000000000000000000000000033
:107954000E003F3033F001E00000000000000000A2
:107964000000000000000000000000000000000013
:1079740000000000202020200020000050500000C3
:10798400000000002850F850F850A000203060306B
:1079940010602000202018601010000000382060C3
:1079A400507800002020200000000000102020203B
:1079B4002020100040202020202040002070205053
:1079C40000000000002020F820200000000000003B
:1079D40010202000000000700000000000000000E3
:1079E40000200000102020204040800020505050F3
:1079F400502000006020202020F80000205010209B
:107A040040700000601020101060000010305078AA
:107A1400103800007040601010600000304060506A
:107A24005060000070501020202000002050205092
:107A34005020000030505030106000000000200042
:107A4400002000000000100010200000001020C0E2
:107A5400201000000070007000000000004020189A
:107A640020400000205010200020000030484858DA
:107A7400484038006020507088D80000F0487048B2
:107A840048F000007050404040300000F048484842
:107A940048F00000F848604048F80000F8486040AA
:107AA40040E000007040405850300000E8487848FA
:107AB40048E800007020202020700000381010508A
:107AC40050200000D850607050D80000E040404082
:107AD40048F80000D8D8D8A888D80000D8686858D2
:107AE40058E800003048484848300000F0484870E2
:107AF40040E000003048484848301800F0484870DA
:107B040048E800007050201050700000F8A82020B1
:107B140020700000D848484848300000D8884850B1
:107B240050300000D888A8A8A8500000D8502020C1
:107B340050D80000D88850202070000078481020C9
:107B44004878000030202020202030008040402051
:107B540020201000602020202020600020205000E1
:107B64000000000000000000000000F820100000E9
:107B7400000000000000301070780000C040704821
:107B840048F00000000070404070000018083848B9
:107B94004838000000007070403000001020702051
:107BA400207000000000384848380830C040704851
:107BB40048E80000200060202070000020007010C1
:107BC40010101070C040587050D800006020202061
:107BD400207000000000D0A8A8A800000000F04811
:107BE40048C8000000003048483000000000F04859
:107BF400487040E0000038484838081800007820F1
:107C04002070000000003020106000000040F040B0
:107C1400483000000000D848483800000000C84838
:107C2400303000000000D8A8A85000000000483000
:107C3400304800000000D8505020206000007850E8
:107C44002878000010202060202010002020202010
:107C54002020200040202030202040000000002868
:107C640050000000000000000000000000000000C0
:107C74000000000000000000000000000000000000
:107C840000000000000000000000000000000000F0
:107C940000000000000000000000000000000000E0
:107CA40000000000000000000000000000000000D0
:107CB40000000000000000000000000000000000C0
:107CC40000000000000000000000000000000000B0
:107CD40000000000000000000000000000000000A0
:107CE4000000000000000000000000000000000090
:107CF4000000000000000000000000000000000080
:107D0400000000000000000000000000000000006F
:107D1400000000000000000000000000000000005F
:107D2400000000000000000000000000000000004F
:107D3400000000000000000000000000000000003F
:107D440003030180000000000000000000000000A8
:107D540006030300000000000FC0007E00000000C6
:107D640006060700000FFFC07FF807FFE0FE01FED4
:107D74000C0E0600000FFFC1FFFC0FFFF1FE03FF16
:107D84001C0C0600001FFF87FFFE1FFFF1FE03FF10
:107D94003C1C0E00001FFF87FFFF3FCFF1FC07FFD5
:107DA400383C1C0000003F8FF0FF3FC7F1FC0FFF81
:107DB40078383C0000003F8FE0FF7FFF01FC1FFF8D
:107DC400F038780000007F9FE0FF3FFF01FC1FFFB9
:107DD400F070700000007F1FC0FF1FFFC3FC3FFF57
:107DE400E0F0F00000007F1FC0FF07FFE3F87F3FD3
:107DF400E1E0F00000007F1FC1FE02FFE3F87F3FD7
:107E0400E1E1E0000000FF1FE3FC7E1FE3F8FE3F1A
:107E1400C3E1E00000007F1FFFFC7F1FC3F9FC3FAC
:107E2400C3C3E0000000FF0FFFF87FFF87F1FC3FB2
:107E3400C7C7C0000000FE07FFE03FFF07F3F83F9D
:107E4400CF87C00000007C01FF801FFE07F3F01FF6
:107E5400DF8FC000000000007C0003E00000001F72
:107E64001F8F800000000000000000000000003FA1
:107E74003F1F800000000000000000000000007FA1
:107E84003F3F00000000000000000000000000FE72
:107E94007F3F00000000000000000000000000FC24
:107EA400FE7E00000000000000000000000001FC55
:107EB400FEFE00000000000000000000000001FDC4
:107EC400FCFC00000000000000000000000003F9BA
:107ED400F9FC00000000000000000000000007FBA7
:107EE400FBFC00000000000000000000000007FF91
:107EF400F3F80000000000000000000000000FF78D
:107F0400F7F80000000000000000000000001FFF60
:107F1400FFF80000000000000000000000001FFF48
:107F2400FFF00000000000000000000000000FFF50
:107F3400FFE000000000000000000000000000005E
:107F4400000000000000000000000000000000002D
:107F5400000000000000000000000000000000001D
:107F6400000000000000000000000000000000000D
:107F740000000000000000000000000000000000FD
:107F840000000000000000000000000000000000ED
:107F940000000000000000000000000000000000DD
:107FA40000000000000000000000000000000000CD
:107FB40000000000000000000000000000000000BD
:107FC40000000000000000000000000000000000AD
:107FD400000000000000000000000000000000009D
:107FE400000000000000000000000000000000008D
:107FF400000000000000000000000000000000007D
:10800400000000000000000000000000000000006C
:10801400000000000000000000000000000000005C
:10802400000000000000000000000000000000004C
:10803400000000000000000000000000000000003C
:10804400000000000000000000000000000000002C
:10805400000000000000000000000000000000001C
:10806400000000000000000000000000000000000C
:1080740000000000000000000000000000000000FC
:1080840000000000000000000000000000000000EC
:1080940000000000000000000000000000000000DC
:1080A40000000000000000000000000000000000CC
:1080B40000000000000000000000000000000000BC
:1080C40000000000000000000000000000000000AC
:1080D400000000000000000000000000000000009C
:1080E400000000000000000000000000000000008C
:1080F400000000000000000000000000000000007C
:10810400000000000000000000000000000000006B
:10811400000000000000000000000000000000005B
:10812400000000000000000000000000000000004B
:10813400000000000000000000000000000000003B
:10814400000000000000000000000000000000002B
:10815400000000000000000000000000000000001B
:10816400000000000000000000000000000000000B
:1081740000000000000000000000000000000000FB
:1081840000000000000000000000000000000000EB
:1081940000000000000000000000000000000000DB
:1081A40000000000000000000000000000000000CB
:1081B40000000000000000000000000000000000BB
:1081C40000000000000000000000000000000000AB
:1081D400000000000000000000000000000000009B
:1081E400000000000000000000000000000000008B
:1081F400000000000000000000000000000000007B
:10820400000000000000000000000000000000006A
:10821400000000000000000000000000000000005A
:10822400000000000000000000000000000000004A
:10823400000000000000000000000000000000003A
:10824400000000000000000000000000000000002A
:10825400000000000000000000000000000000001A
:10826400000000000000000000000000000000000A
:1082740000000000000000000000000000000000FA
:1082840000000000000000000000000000000000EA
:1082940000000000000000000000000000000000DA
:1082A40000000000000000000000000000000000CA
:1082B40000000000000000000000000000000000BA
:1082C40000000000000000000000000000000000AA
:1082D400000000000000000000000000000000009A
:1082E400000000000000000000000000000000008A
:1082F400000000000000000000000000000000007A
:108304000000000000000000000000000000000069
:108314000000000000000000000000000000000059
:108324000000000000000000000000000000000049
:108334000000000000000000000000000000000039
:108344000000000000000000000000000000000029
:108354000000000000000000000000000000000019
:108364000000000000000000000000000000000009
:1083740000000000000000000000000000000000F9
:1083840000000000000000000000000000000000E9
:1083940000000000000000000000000000000000D9
:1083A40000000000000000000000000000000000C9
:1083B40000000000000000000000000000000000B9
:1083C40000000000000000000000000000000000A9
:1083D4000000000000000000000000000000000099
:1083E4000000000000000000000000000000000089
:1083F4000000000000000000000000000000000079
:108404000000000000000000000000000000000068
:108414000000000000000000000000000000000058
:108424000000000000000000000000000000000048
:108434000000000000000000000000000000000038
:108444000000000000000000000000000000000028
:108454000000000000000000000000000000000018
:108464000000000000000000000000000000000008
:1084740000000000000000000000000000000000F8
:1084840000000000000000000000000000000000E8
:1084940000000000000000000000000000000000D8
:1084A40000000000000000000000000000000000C8
:1084B40000000000000000000000000000000000B8
:1084C40000000000000000000000000000000000A8
:1084D4000000000000000000000000000000000098
:1084E4000000000000000000000000000000000088
:1084F4000000000000000000000000000000000078
:108504000000000000000000000000000000000067
:108514000000000000000000000000000000000057
:108524000000000000000000000000000000000047
:108534000000000000000000000000000000000037
:108544000000000000000000000000000000000027
:108554000000000000000000000000000000000017
:108564000000000000000000000000000000000007
:1085740000000000000000000000000000000000F7
:1085840000000000000000000000000000000000E7
:1085940000000000000000000000000000000000D7
:1085A40000000000000000000000000000000000C7
:1085B40000000000000000000000000000000000B7
:1085C40000000000000000000000000000000000A7
:1085D4000000000000000000000000000000000097
:1085E4000000000000000000000000000000000087
:1085F4000000000000000000000000000000000077
:108604000000000000000000000000000000000066
:108614000000000000000000000000000000000056
:108624000000000000000000000000000000000046
:108634000000000000000000000000000000000036
:108644000000000000000000000000000000000026
:108654000000000000000000000000000000000016
:108664000000000000000000000000000000000006
:1086740000000000000000000000000000000000F6
:1086840000000000000000000000000000000000E6
:1086940000000000000000000000000000000000D6
:1086A40000000000000000000000000000000000C6
:1086B40000000000000000000000000000000000B6
:1086C40000000000000000000000000000000000A6
:1086D4000000000000000000000000000000000096
:1086E4000000000000000000000000000000000086
:1086F4000000000000000000000000000000000076
:108704000000000000000000000000000000000065
:108714000000000000000000000000000000000055
:108724000000000000000000000000000000000045
:108734000000000000000000000000000000000035
:108744000000000000000000000000000000000025
:108754000000000000000000000000000000000015
:108764000000000000000000000000000000000005
:1087740000000000000000000000000000000000F5
:108784000000000000003F87F0E3C7F00C1800F879
:10879400001FFC0000007F87F1FFEFF81C3807FC86
:1087A400001FFC0000007F07E1FFE7F03C780F9E0C
:1087B400001FFC0000007E07E18FE7E03CF81F1F6C
:1087C400000FF00000007E07F987EFE07CF83F3FE0
:1087D400001FF00000007E07FF0FCFC07DF87E3F32
:1087E400001FF0000000FC07E70FCFC0FFF87E3F3A
:1087F400001FE0000000FC07C607FFC0FFF8FE7F73
:10880400003FE0000000FC0FCC07FF81FFF8FC7E76
:10881400013FC0000001FC0FCC0FFF83FFF8FC7E7A
:108824001FFFC0000003FC0FD81FBF07FFF1FCFCB3
:108834007FFFC0000006FC0FF03F3F06FFF1F8FC8D
:10884400FF7F8000000CFE0FF03F3F0CFBF1F8F9B6
:10885400FE7F80000018FE0FE07E7E08F3F1F1F346
:10886400FCFF80000038FE0FC07E7E18F3F0F1F3A9
:10887400FCFF00000078FE0F803FFE39E7F8F3C7E5
:10888400F8FF000000F9FE0F801FFE78C7F87F870D
:10889400F9FF0000000000000000000000000007D5
:1088A400F9FE0000000000000000000000000007C6
:1088B400F1FE0000000000000000000000000007BE
:1088C400F3FE0000000000000000000000000007AC
:1088D400FFFE000000000000000000000000000394
:1088E400FFFE000000000000000000000000000087
:1088F400FFFE000000000000000000000000000077
:108904000000000000000000000000000000000063
:108914000000000000000000000000000000000053
:108924000000000000000000000000000000000043
:108934000000000000000000000000000000000033
:108944000000000000000000000000000000000023
:108954000000000000000000000000000000000013
:108964000000000000000000000000000000000003
:1089740000000000000000000000000000000000F3
:1089840000000000000000000000000000000000E3
:1089940000000000000000000000000000000000D3
:1089A40000000000000000000000000000000000C3
:1089B40000000000000000000000000000000000B3
:1089C40000000000000000000000000000000000A3
:1089D4000000000000000000000000000000000093
:1089E4000000000000000000000000000000000083
:1089F4000000000000000000000000000000000073
:108A04000000000000000000000000000000000062
:108A14000000000000000000000000000000000052
:108A24000000000000000000000000000000000042
:108A34000000000000000000000000000000000032
:108A44000000000000000000000000000000000022
:108A54000000000000000000000000000000000012
:108A64000000000000000000000000000000000002
:108A740000000000000000000000000000000000F2
:108A840000000000000000000000000000000000E2
:108A940000000000000000000000000000000000D2
:108AA40000000000000000000000000000000000C2
:108AB40000000000000000000000000000000000B2
:108AC40000000000000000000000000000000000A2
:108AD4000000000000000000000000000000000092
:108AE4000000000000000000000000000000000082
:108AF4000000000000000000000000000000000072
:108B04000000000000000000000000000000000061
:108B14000000000000000000000000000000000051
:108B24000000000000000000000000000000000041
:108B34000000000000000000000000000000000031
:108B44000000000000000000000000000000000021
:108B54000000000000000000000000000000000011
:108B64000000000000000000000000000000000001
:108B740000000000000000000000000000000000F1
:108B840000000000000000000000000000000000E1
:108B940000000000000000000000000000000000D1
:108BA40000000000000000000000000000000000C1
:108BB40000000000000000000000000000000000B1
:108BC40000000000000000000000000000000000A1
:108BD4000000000000000000000000000000000091
:108BE4000000000000000000000000000000000081
:108BF4000000000000000000000000000000000071
:108C04000000000000000000000000000000000060
:108C14000000000000000000000000000000000050
:108C24000000000000000000000000000000000040
:108C34000000000000000000000000000000000030
:108C44000000000000000000000000000000000020
:108C54000000000000000000000000000000000010
:108C64000000000000000000000000000000000000
:108C740000000000000000000000000000000000F0
:108C840000000000000000000000000000000000E0
:108C940000000000000000000000000000000000D0
:108CA40000000000000000000000000000000000C0
:108CB40000000000000000000000000000000000B0
:108CC40000000000000000000000000000000000A0
:108CD4000000000000000000000000000000000090
:108CE4000000000000000000000000000000000080
:108CF4000000000000000000000000000000000070
:108D0400000000000000000000000000000000005F
:108D1400000000000000000000000000000000004F
:108D2400000000000000000000000000000000003F
:108D3400000000000000000000000000000000002F
:108D4400000000000000000000000000000000001F
:108D5400000000000000000000000000000000000F
:108D640000000000000000000000000000000000FF
:108D740000000000000000000000000000000000EF
:108D840000000000000000000000000000000000DF
:108D940000000000000000000000000000000000CF
:108DA40000000000000000000000000000000000BF
:108DB40000000000000000000000000000000000AF
:108DC400000000000000000000000000000000009F
:108DD400000000000000000000000000000000008F
:108DE400000000000000000000000000000000007F
:108DF400000000000000000000000000000000006F
:108E0400000000000000000000000000000000005E
:108E1400000000000000000000000000000000004E
:108E2400000000000000000000000000000000003E
:108E3400000000000000000000000000000000002E
:108E4400000000000000000000000000000000001E
:108E5400000000000000000000000000000000000E
:108E640000000000000000000000000000000000FE
:108E740000000000000000000000000000000000EE
:108E840000000000000000000000000000000000DE
:108E940000000000000000000000000000000000CE
:108EA40000000000000000000000000000000000BE
:108EB40000000000000000000000000000000000AE
:108EC400000000000000000000000000000000009E
:108ED400000000000000000000000000000000008E
:108EE400000000000000000000000000000000007E
:108EF400000000000000000000000000000000006E
:108F0400000000000000000000000000000000005D
:108F1400000000000000000000000000000000004D
:108F2400000000000000000000000000000000003D
:108F3400000000000000000000000000000000002D
:108F4400000000000000000000000000000000001D
:108F5400000000000000000000000000000000000D
:108F640000000000000000000000000000000000FD
:108F740000000000000000000000000000000000ED
:108F840000000000000000000000000000000000DD
:108F940000000000000000000000000000000000CD
:108FA40000000000000000000000000000000000BD
:108FB40000000000000000000000000000000000AD
:108FC400000000000000000000000000000000009D
:108FD400000000000000000000000000000000008D
:108FE400000000000000000000000000000000007D
:108FF400000000000000000000000000000000006D
:10900400000000000000000000000000000000005C
:10901400000000000000000000000000000000004C
:10902400000000000000000000000000000000003C
:10903400000000000000000000000000000000002C
:10904400000000000000000000000000000000001C
:10905400000000000000000000000000000000000C
:109064000000000058447E4F232D302B2000686CF4
:109074004C00656667454647003031323334353637
:109084003738394142434445460030313233343570
:0C9094003637383961626364656600009D
:0890A000EC78FE7F01000000E6
:0490A8004502010874
:0490AC002102010894
:1090B0000000000003000000A400002010000020B9
:1090C00000000000A40000200C010020740100201A
:1090D0000000000000000000000000000000000090
:1090E0000000000000000000000000000000000080
:1090F0000000000000000000000000000000000070
:109100000000000000000000000000000024F40047
:109110001000000001000000AAAAAAAA0101FFFF96
:109120002466020807000C00986A02080E0014006A
:08913000707902080500080037
:040000050802056187
:00000001FF
