:020000040801F1
:100000000000022001030208B9FE0108C1FE010838
:10001000C9FE0108D1FE0108D9FE01080000000058
:1000200000000000000000000000000081A50108A1
:10003000E1FE010800000000D1A7010839A801086D
:100040005103020851030208510302085103020838
:100050005103020851030208510302085103020828
:100060005103020851030208510302085103020818
:100070005103020851030208510302085103020808
:1000800051030208510302085103020851030208F8
:1000900051030208510302085103020851030208E8
:1000A000510302085103020851030208F1FE01083E
:1000B00005FF01085103020819FF01082DFF01087F
:1000C00041FF0108510302085103020851030208CD
:1000D0005103020855FF0108D5FF0108510302082A
:1000E0005103020851030208510302085103020898
:1000F0005103020851030208510302085103020888
:100100005103020851030208510302085103020877
:10011000510302085103020841000208510302087A
:100120005103020851030208510302085103020857
:100130005103020851030208510302085103020847
:100140005103020851030208510302085103020837
:100150005103020851030208510302085500020826
:100160005103020851030208510302085103020817
:100170005103020851030208510302080000000065
:080180005103020851030208BB
:1002200010B5054C237833B9044B13B10448AFF330
:1002300000800123237010BD880000200000000012
:100240003C5E020808B5034B1BB103490348AFF3FA
:10025000008008BD000000008C0000203C5E020809
:1002600070B54FF0FF0C4CF4E06C1CEA11541DBF4C
:100270001CEA135594EA0C0F95EA0C0F00F0DEF817
:100280002C4481EA030621EA4C5123EA4C5350EAFC
:10029000013518BF52EA033541F4801143F480134D
:1002A00038D0A0FB02CE4FF00005E1FB02E506F0DE
:1002B0000042E0FB03E54FF00006E1FB03569CF033
:1002C000000F18BF4EF0010EA4F1FF04B6F5007F39
:1002D00064F5407404D25FEA4E0E6D4146EB0606AB
:1002E00042EAC62141EA55514FEAC52040EA5E5034
:1002F0004FEACE2EB4F1FD0C88BFBCF5E06F1ED8DE
:10030000BEF1004F08BF5FEA500E50F1000041EB14
:10031000045170BD06F0004646EA010140EA0200C1
:1003200081EA0301B4EB5C04C2BFD4EB0C0541EAE3
:10033000045170BD41F480114FF0000E013C00F3F8
:10034000AB8014F1360FDEBF002001F0004170BD1C
:10035000C4F10004203C35DA0C341BDC04F1140435
:10036000C4F1200500FA05F320FA04F001FA05F2C1
:1003700040EA020001F0004221F0004110EBD3708E
:1003800021FA04F642EB06015EEA430E08BF20EABA
:10039000D37070BDC4F10C04C4F1200500FA04F35D
:1003A00020FA05F001FA04F240EA020001F00041EF
:1003B00010EBD37041F100015EEA430E08BF20EA62
:1003C000D37070BDC4F1200500FA05F24EEA020EAA
:1003D00020FA04F301FA05F243EA020321FA04F0D9
:1003E00001F0004121FA04F220EA020000EBD37090
:1003F0005EEA430E08BF20EAD37070BD94F0000F90
:100400000FD101F00046400041EB010111F4801FC3
:1004100008BF013CF7D041EA060195F0000F18BF74
:10042000704703F00046520043EB030313F4801FB0
:1004300008BF013DF7D043EA0603704794EA0C0F6A
:100440000CEA135518BF95EA0C0F0CD050EA410680
:1004500018BF52EA4306D1D181EA030101F00041FD
:100460004FF0000070BD50EA410606BF1046194625
:1004700052EA430619D094EA0C0F02D150EA013631
:1004800013D195EA0C0F05D152EA03361CBF104672
:1004900019460AD181EA030101F0004141F0FE4111
:1004A00041F470014FF0000070BD41F0FE4141F495
:1004B000780170BD81F0004102E000BF83F000438D
:1004C00030B54FEA41044FEA430594EA050F08BFEF
:1004D00090EA020F1FBF54EA000C55EA020C7FEAB3
:1004E000645C7FEA655C00F0E2804FEA5454D4EB30
:1004F0005555B8BF6D420CDD2C4480EA020281EAFA
:10050000030382EA000083EA010180EA020281EA31
:100510000303362D88BF30BD11F0004F4FEA013183
:100520004FF4801C4CEA113102D0404261EB410192
:1005300013F0004F4FEA03334CEA133302D0524218
:1005400063EB430394EA050F00F0A780A4F10104D4
:10055000D5F1200E0DDB02FA0EFC22FA05F280180E
:1005600041F1000103FA0EF2801843FA05F35941F4
:100570000EE0A5F120050EF1200E012A03FA0EFC73
:1005800028BF4CF0020C43FA05F3C01851EBE3719D
:1005900001F0004507D54FF0000EDCF1000C7EEBBA
:1005A00000006EEB0101B1F5801F1BD3B1F5001FF8
:1005B0000CD349085FEA30004FEA3C0C04F1010417
:1005C0004FEA445212F5800F80F09A80BCF1004F40
:1005D00008BF5FEA500C50F1000041EB045141EAC2
:1005E000050130BD5FEA4C0C404141EB0101013C8B
:1005F00028BFB1F5801FE9D291F0000F04BF01467A
:100600000020B1FA81F308BF2033A3F10B03B3F14B
:1006100020020CDA0C3208DD02F1140CC2F10C02DB
:1006200001FA0CF021FA02F10CE002F11402D8BF39
:10063000C2F1200C01FA02F120FA0CFCDCBF41EA05
:100640000C019040E41AA2BF01EB0451294330BDD4
:100650006FEA04041F3C1CDA0C340EDC04F11404B1
:10066000C4F1200220FA04F001FA02F340EA030088
:1006700021FA04F345EA030130BDC4F10C04C4F1CE
:10068000200220FA02F001FA04F340EA03002946AE
:1006900030BD21FA04F0294630BD94F0000F83F4F8
:1006A000801306BF81F480110134013D4EE77FEADB
:1006B000645C18BF7FEA655C29D094EA050F08BF27
:1006C00090EA020F05D054EA000C04BF1946104608
:1006D00030BD91EA030F1EBF0021002030BD5FEA4C
:1006E000545C05D14000494128BF41F0004130BD74
:1006F00014F580043CBF01F5801130BD01F00045C8
:1007000045F0FE4141F470014FF0000030BD7FEA3A
:10071000645C1ABF194610467FEA655C1CBF0B4635
:10072000024650EA013406BF52EA033591EA030F4C
:1007300041F4002130BD00BF90F0000F04BF002144
:10074000704730B54FF4806404F132044FF0000577
:100750004FF0000150E700BF90F0000F04BF0021F0
:10076000704730B54FF4806404F1320410F0004556
:1007700048BF40424FF000013EE700BF42004FEA51
:10078000E2014FEA31014FEA02701FBF12F07F43CE
:1007900093F07F4F81F06051704732F07F4208BF85
:1007A000704793F07F4F04BF41F40021704730B58C
:1007B0004FF4607401F0004521F000411CE700BFD8
:1007C00050EA010208BF704730B54FF000050AE05B
:1007D00050EA010208BF704730B511F0004502D55C
:1007E000404261EB41014FF4806404F132045FEA5E
:1007F000915C3FF4D8AE4FF003025FEADC0C18BF07
:1008000003325FEADC0C18BF033202EBDC02C2F1F8
:10081000200300FA03FC20FA02F001FA03FE40EA8A
:100820000E0021FA02F11444BDE600BF4FEA410276
:1008300012F5001215D211D56FF47873B3EB625232
:1008400012D94FEAC12343F0004343EA505311F059
:10085000004F23FA02F018BF404270474FF00000EB
:10086000704750EA013005D111F0004008BF6FF029
:10087000004070474FF00000704700BF4A0011D29F
:1008800012F5001211D20DD56FF47873B3EB6252EA
:100890000ED44FEAC12343F0004343EA505323FAF6
:1008A00002F070474FF00000704750EA013002D16B
:1008B0004FF0FF3070474FF0000070474FEA4102A1
:1008C000B2F1E04324BFB3F5001CDCF1FE5C0DD9AE
:1008D00001F0004C4FEAC0024CEA5070B2F1004FF8
:1008E00040EB830008BF20F00100704711F0804FFB
:1008F00021D113F13872BCBF01F00040704741F4C0
:1009000080114FEA5252C2F11802C2F1200C10FAC3
:100910000CF320FA02F018BF40F001004FEAC123A7
:100920004FEAD32303FA0CFC40EA0C0023FA02F34B
:100930004FEA4303CCE77FEA625307D150EA013321
:100940001EBF4FF0FE4040F44000704701F00040F1
:1009500040F0FE4040F40000704700BF53B94AB970
:10096000002908BF00281CBF4FF0FF314FF0FF30B7
:1009700000F088B9ADF1080C6DE904CE00F006F87E
:10098000DDF804E0DDE9022304B070472DE9F0470B
:10099000089D0F4604468C46002B48D18A421646D5
:1009A00061D9B2FA82F34BB1C3F1200201FA03FC20
:1009B00020FA02F29E4042EA0C0C9C404FEA164E8E
:1009C000B7B2BCFBFEF1220C0EFB11CC42EA0C428A
:1009D00001FB07F0904209D9B21801F1FF3C80F009
:1009E000EE80904240F2EB8002393244121AA4B2F7
:1009F000B2FBFEF00EFB102244EA024400FB07F7B4
:100A0000A74209D9341900F1FF3280F0DA80A742F9
:100A100040F2D7803444023840EA0140E41B002110
:100A20001DB1DC400023C5E90043BDE8F0878B42DF
:100A300006D90DB1C5E9000100210846BDE8F087DF
:100A4000B3FA83F1002948D1BB4202D3824200F2BB
:100A50000781841A67EB030201209446002DE4D03D
:100A6000C5E9004CE1E7002A00F09280B2FA82F377
:100A7000002B40F0A8808A1A4FEA164E1FFA86FC17
:100A80000121200CB2FBFEF70EFB172240EA0242C6
:100A90000CFB07F0904207D9B21807F1FF3802D2D9
:100AA000904200F2E2804746121AA4B2B2FBFEF076
:100AB0000EFB102244EA02440CFB00FCA44507D9BB
:100AC000341900F1FF3202D2A44500F2CB80104667
:100AD000A4EB0C0440EA0740A2E7C1F120068B40DA
:100AE00022FA06FC4CEA030C07FA01F420FA06F39A
:100AF000F7404FEA1C49234300FA01F81FFA8CFE25
:100B0000B7FBF9F01C0C09FB107744EA074400FB23
:100B10000EF7A74202FA01F20AD91CEB040400F115
:100B2000FF3A80F09B80A74240F2988002386444EC
:100B3000E41B9FB2B4FBF9F309FB134447EA0444F6
:100B400003FB0EFEA64509D91CEB040403F1FF3795
:100B500080F08280A6457FD9023B644443EA00408E
:100B6000A4EB0E04A0FB02E7BC427346B94663D374
:100B700060D05DB1B8EB030264EB090404FA06F639
:100B800022FA01F31E43CC40C5E9006400214CE782
:100B90006208480842EAC1710B0C43EA00438AB27A
:100BA00042EA0342B3FBF6F1E407B4463746B646E1
:100BB0001F23B0FBF6F0D21B41EA004161E761461A
:100BC00014E7104628E7C3F1200120FA01F29E4005
:100BD00027FA01F19F403A434FEA164E1FFA86FC6E
:100BE000B1FBFEF70EFB1710110C41EA004107FBA9
:100BF0000CF8884504FA03F43AD9711807F1FF306C
:100C000001D288451FD8A1EB0801B1FBFEF808FB13
:100C10000CF70EFB181192B242EA0142BA422FD2EF
:100C2000B21808F1FF31C6D2BA42C4D2A8F102010B
:100C30003244C0E7F0459CD2BEEB020367EB0C07E1
:100C40000138B94695E7A6EB08084144B81EB1FB48
:100C5000FEF808FB0CF7DCE73B467FE7504667E70A
:100C60000846FBE63444023832E7023F32441BE7D1
:100C7000A1EB08013846B1FBFEF808FB0CF7C8E70A
:100C8000414698E7704700BF0000000000000000E8
:100C900001F0FF01102A2BDB10F0070F08D010F82D
:100CA000013B013A8B422DD010F0070F42B3F6D131
:100CB000F0B441EA012141EA014122F007047FF04A
:100CC00000070023F0E80256083C85EA010586EAA1
:100CD000010685FA47F5A3FA87F586FA47F6A5FADD
:100CE00087F68EB9EED1F0BC01F0FF0102F00702E9
:100CF00032B110F8013B013A83EA010313B1F8D194
:100D00000020704701387047002D06BF3546033874
:100D1000073815F0010F07D1013015F4807F02BFAD
:100D2000013015F4C03F0130F0BC0138704700BFFE
:100D3000002310B50446C0E90033C0E904338360E2
:100D400081814366C2818361194608225C3000F0CC
:100D5000F7F80D4B63620D4BA3620D4BE3620D4B35
:100D600023630D4B24629C4206D003F16802944237
:100D700002D0D0339C4205D104F15800BDE81040A8
:100D800000F0AEB910BD00BFB90E0108DB0E0108BE
:100D9000130F0108390F0108A4000020024A03497B
:100DA000034800F06BB800BF00000020DD1301080D
:100DB0001000002041680C4B994210B5044601D048
:100DC00000F00CFBA168094B994202D0204600F0CC
:100DD00005FBE168064B994204D02046BDE810406F
:100DE00000F0FCBA10BD00BFA40000200C010020E0
:100DF000740100200C4B0D4A0D4810B504211A60F7
:100E00000022FFF795FF0A4B01221C46092103F13E
:100E10006800FFF78DFF04F1D0000222BDE810400A
:100E20001221FFF785BF00BFDC0100209D0D0108E6
:100E3000A4000020014800F054B900BFE5010020E3
:100E4000014800F04FB900BFE501002010B504468D
:100E5000FFF7F0FF236A1BB1BDE81040FFF7F0BFBA
:100E6000044B2362044B1B68002BF5D1FFF7C2FF34
:100E7000F2E700BFB50D0108DC0100202DE9F843C1
:100E80000746884614460026D4E90195B9F10109C0
:100E900005D52468002CF7D13046BDE8F883AB892E
:100EA000012B07D9B5F90E30013303D02946384656
:100EB000C04706436835E9E710B50C46B1F90E1096
:100EC00000F0C6F80028ABBF636DA3891B1823F49C
:100ED0008053ACBF6365A38110BD2DE9F0411F466F
:100EE0008B89DB0505460C46164605D5B1F90E1073
:100EF0000223002200F09AF8A389B4F90E1023F41B
:100F00008053A38132463B462846BDE8F04100F0BD
:100F1000B1B810B50C46B1F90E1000F087F8B4F96D
:100F20000C30421C0BBF23F4805343F48053A38145
:100F3000A38118BF606510BDB1F90E1000F008B8AC
:100F400002440346934200D1704703F8011BF9E7BE
:100F500038B5064D0023044608462B600FF09BF978
:100F6000431C02D12B6803B1236038BDE00100208F
:100F70002D4B1B68834270B5044653D0C3691BB325
:100F8000DB6863B10025E369DB685959B1B9043501
:100F9000802DF8D1E3692046D96800F0A5F8E3690F
:100FA000196811B1204600F09FF8E3699D685DB1B2
:100FB000294620462D6800F097F8F8E70E6820468D
:100FC00000F092F83146E1E7616911B1204600F086
:100FD0008BF8E16911B1204600F086F8216B11B160
:100FE000204600F081F8616B11B1204600F07CF8DA
:100FF000A16B11B1204600F077F8A16C11B1204629
:1010000000F072F8616C11B1204600F06DF8E16AF1
:1010100011B1204600F068F8236A1BB12046BDE8F4
:101020007040184770BD00BF0C00002038B5074D58
:1010300004460846114600222A601A460FF052F96B
:10104000431C02D12B6803B1236038BDE0010020AE
:1010500038B5074D04460846114600222A601A4654
:101060000FF0E0F8431C02D12B6803B1236038BDB8
:10107000E001002038B5074D04460846114600221D
:101080002A601A460FF0EBF8431C02D12B6803B11B
:10109000236038BDE001002070B50D4B0D4D5B1B8A
:1010A0009C100026A64209D114F0C8FE0A4D0B4B35
:1010B0005B1B9C100026A64205D170BD55F8043B71
:1010C00098470136EEE755F8043B98470136F2E7BA
:1010D000608D0208608D0208608D0208648D020830
:1010E000704770477047000038B50546002941D069
:1010F00051F8043C0C1F002BB8BFE41800F0E0F8D6
:101100001D4A136833B9636014602846BDE838404F
:1011100000F0DCB8A34208D9206821188B4201BF37
:1011200019685B6809182160EDE71A465B680BB126
:10113000A342FAD911685018A0420BD1206801448B
:10114000501883421160E0D118685B68536008440E
:101150001060DAE702D90C232B60D6E7206821184B
:101160008B4204BF19685B68636004BF0918216083
:101170005460CAE738BD00BFEC01002070B50F4EC7
:101180000C463168054611B900F050F9306021462F
:10119000284600F04BF9431C03D14FF0FF342046A2
:1011A00070BDC41C24F00304A042F8D0211A2846C4
:1011B00000F03CF90130F2D1EFE700BFE801002078
:1011C0002DE9F843CD1C25F0030508350C2D38BF5B
:1011D0000C25002D064601DBA94204D90C233360FF
:1011E0000020BDE8F883DFF8D48000F069F8D8F873
:1011F00000301C4644BB29463046FFF7BFFF431C66
:10120000044658D1D8F800402746002F43D1002C7F
:101210004BD023683946304604EB030900F006F949
:10122000814542D121686D1A29463046FFF7A6FF55
:1012300001303AD023682B442360D8F800305A6834
:1012400062BBC8F800700FE02268521B20D40B2A42
:1012500017D96119A342256018BF5960636808BF98
:10126000C8F8001062514B60304600F02FF804F1CE
:101270000B00231D20F00700C21A1CBF1B1AA3502D
:10128000AFE76268A3420CBFC8F800205A60EBE7E2
:1012900023466468AEE73C467F68B6E71A465B685B
:1012A000A342FBD100235360DEE70C2333603046BA
:1012B00000F00CF894E70560D6E700BFEC010020D1
:1012C0000148FFF70EBF00BFE40100200148FFF70F
:1012D00009BF00BFE4010020B1F90C202DE9F04165
:1012E000160705460C4651D44B68002B02DC0B6CEC
:1012F000002B49DDE66A002E46D0002312F480520E
:101300002F682B6031D0626DA389590705D56368BA
:10131000D21A636B0BB1236CD21A0023E66A216ADE
:101320002846B047421CB4F90C3006D129681D2963
:1013300046D8294ACA40D60742D500226260D9045D
:101340002269226004D5421C01D12B6803B9606573
:10135000616B2F60C1B104F14403994202D0284669
:10136000FFF7C2FE002363630EE0216A01232846D3
:10137000B0470246501CC7D12B68002BC4D01D2B90
:1013800001D0162B1AD12F6000201EE00F69002F0C
:10139000FAD093070E6808BF4B690F6018BF00238F
:1013A000A6EB07088B60B8F1000FEDDD216AA66A95
:1013B00043463A462846B047002808DCB4F90C30CA
:1013C00043F04003A3814FF0FF30BDE8F0810744B4
:1013D000A8EB0008E7E700BF0100402038B50B6923
:1013E00005460C4613B90025284638BD18B1036AD6
:1013F0000BB9FFF72BFDB4F90C30002BF3D0626E64
:10140000D00704D4990502D4A06DFFF76AFE2846E0
:101410002146FFF761FF636EDA070546E4D4A3892E
:101420009B05E1D4A06DFFF75DFEDDE738B5064D05
:101430000023044608462B600EF0BEFE431C02D17A
:101440002B6803B1236038BDE001002080B400AFF9
:10145000074BD3F88830064A43F47003C2F888304B
:10146000034B044A9A6000BFBD465DF8047B704799
:1014700000ED00E00000010880B582B000AF7860A8
:101480007B68002B01D1012341E07B6893F83D305C
:10149000DBB2002B06D17B68002283F83C20786801
:1014A0000DF088F97B68022283F83D207B681A687A
:1014B0007B6804331946104600F076FE7B680122F3
:1014C00083F846207B68012283F83E207B68012256
:1014D00083F83F207B68012283F840207B6801224B
:1014E00083F841207B68012283F842207B68012237
:1014F00083F843207B68012283F844207B68012223
:1015000083F845207B68012283F83D20002318469C
:101510000837BD4680BD000080B485B000AF78605C
:101520007B6893F83D30DBB2012B01D001234EE004
:101530007B68022283F83D207B681B68DA687B6841
:101540001B6842F00102DA607B681B68234A934201
:1015500022D07B681B68B3F1804F1DD07B681B686D
:101560001F4A934218D07B681B681E4A934213D0CF
:101570007B681B681C4A93420ED07B681B681B4A21
:10158000934209D07B681B68194A934204D07B6858
:101590001B68184A934211D17B681B689B6803F053
:1015A0000703FB60FB68062B10D07B681B681A687A
:1015B0007B681B6842F001021A6007E07B681B68C9
:1015C0001A687B681B6842F001021A600023184603
:1015D0001437BD465DF8047B704700BF0000014032
:1015E0000004004000080040000C004000040140DE
:1015F000004001400018004080B582B000AF786024
:101600007B68002B01D1012341E07B6893F83D30DA
:10161000DBB2002B06D17B68002283F83C2078687F
:1016200000F039F87B68022283F83D207B681A6855
:101630007B6804331946104600F0B6FD7B68012232
:1016400083F846207B68012283F83E207B680122D4
:1016500083F83F207B68012283F840207B680122C9
:1016600083F841207B68012283F842207B680122B5
:1016700083F843207B68012283F844207B680122A1
:1016800083F845207B68012283F83D20002318461B
:101690000837BD4680BD80B483B000AF786000BF1E
:1016A0000C37BD465DF8047B7047000080B584B000
:1016B00000AF786039603B68002B09D17B6893F8F4
:1016C0003E30DBB2012B14BF01230023DBB222E04A
:1016D0003B68042B09D17B6893F83F30DBB2012BC8
:1016E00014BF01230023DBB215E03B68082B09D1AE
:1016F0007B6893F84030DBB2012B14BF0123002339
:10170000DBB208E07B6893F84130DBB2012B14BFF9
:1017100001230023DBB2002B01D001237CE03B68D6
:10172000002B04D17B68022283F83E2013E03B6843
:10173000042B04D17B68022283F83F200BE03B6836
:10174000082B04D17B68022283F8402003E07B68E9
:10175000022283F841207B681B6801223968184601
:1017600001F03CF97B681B682D4A934204D07B68EA
:101770001B682C4A934201D1012300E00023002B77
:1017800007D07B681B685A6C7B681B6842F4004278
:101790005A647B681B68224A934222D07B681B688C
:1017A000B3F1804F1DD07B681B681F4A934218D04D
:1017B0007B681B681D4A934213D07B681B681C4AD8
:1017C00093420ED07B681B68164A934209D07B680F
:1017D0001B68184A934204D07B681B68164A9342E0
:1017E00011D17B681B689B6803F00703FB60FB68F3
:1017F000062B10D07B681B681A687B681B6842F058
:1018000001021A6007E07B681B681A687B681B6826
:1018100042F001021A60002318461037BD4680BD11
:1018200000000140000401400004004000080040A6
:10183000000C0040004001400018004080B582B01C
:1018400000AF78607B68002B01D1012341E07B6809
:1018500093F83D30DBB2002B06D17B68002283F881
:101860003C20786800F039F87B68022283F83D203C
:101870007B681A687B6804331946104600F094FCB4
:101880007B68012283F846207B68012283F83E2092
:101890007B68012283F83F207B68012283F8402087
:1018A0007B68012283F841207B68012283F8422073
:1018B0007B68012283F843207B68012283F844205F
:1018C0007B68012283F845207B68012283F83D2054
:1018D000002318460837BD4680BD80B483B000AFF2
:1018E000786000BF0C37BD465DF8047B7047000090
:1018F00080B584B000AF786039600023FB733B682B
:10190000002B04D17B6893F83E30DBB213E03B68D8
:10191000042B04D17B6893F83F30DBB20BE03B68CB
:10192000082B04D17B6893F84030DBB203E07B687E
:1019300093F84130DBB2BB733B68002B04D17B686A
:1019400093F84230DBB213E03B68042B04D17B6890
:1019500093F84330DBB20BE03B68082B04D17B6883
:1019600093F84430DBB203E07B6893F84530DBB298
:101970007B73BB7B012B02D17B7B012B01D001232D
:10198000CCE03B68002B04D17B68022283F83E2028
:1019900013E03B68042B04D17B68022283F83F20CC
:1019A0000BE03B68082B04D17B68022283F84020BF
:1019B00003E07B68022283F841203B68002B04D1BE
:1019C0007B68022283F8422013E03B68042B04D199
:1019D0007B68022283F843200BE03B68082B04D18C
:1019E0007B68022283F8442003E07B68022283F8AC
:1019F00045203B680C2B41D801A252F823F000BFD0
:101A0000351A01087D1A01087D1A01087D1A01089E
:101A1000471A01087D1A01087D1A01087D1A01087C
:101A2000591A01087D1A01087D1A01087D1A01085A
:101A30006B1A01087B681B68DA687B681B6842F0D8
:101A40000202DA601DE07B681B68DA687B681B684D
:101A500042F00402DA6014E07B681B68DA687B6895
:101A60001B6842F00802DA600BE07B681B68DA68EA
:101A70007B681B6842F01002DA6002E00123FB730E
:101A800000BFFB7B002B48D17B681B6801223968B3
:101A9000184600F0A3FF7B681B68224A934222D0BD
:101AA0007B681B68B3F1804F1DD07B681B681E4AA2
:101AB000934218D07B681B681C4A934213D07B6802
:101AC0001B681B4A93420ED07B681B68194A9342DD
:101AD00009D07B681B68184A934204D07B681B6856
:101AE000164A934211D17B681B689B6803F0070379
:101AF000BB60BB68062B10D07B681B681A687B68CC
:101B00001B6842F001021A6007E07B681B681A68D4
:101B10007B681B6842F001021A60FB7B1846103795
:101B2000BD4680BD000001400004004000080040A8
:101B3000000C00400004014000400140001800403B
:101B400080B584B000AF78607B681B68DB68FB60A1
:101B50007B681B681B69BB60BB6803F00203002B3A
:101B600020D0FB6803F00203002B1BD07B681B68AE
:101B70006FF002021A617B6801221A777B681B688A
:101B80009B6903F00303002B03D0786809F044F944
:101B900005E0786800F0E9FA786800F0F0FA7B6810
:101BA00000221A77BB6803F00403002B20D0FB68E7
:101BB00003F00403002B1BD07B681B686FF004024A
:101BC0001A617B6802221A777B681B689B6903F4A1
:101BD0004073002B03D0786809F01EF905E078689F
:101BE00000F0C3FA786800F0CAFA7B6800221A771E
:101BF000BB6803F00803002B20D0FB6803F0080348
:101C0000002B1BD07B681B686FF008021A617B6891
:101C100004221A777B681B68DB6903F00303002B3F
:101C200003D0786809F0F8F805E0786800F09DFACC
:101C3000786800F0A4FA7B6800221A77BB6803F08A
:101C40001003002B20D0FB6803F01003002B1BD0E7
:101C50007B681B686FF010021A617B6808221A7794
:101C60007B681B68DB6903F44073002B03D0786842
:101C700009F0D2F805E0786800F077FA786800F0AB
:101C80007EFA7B6800221A77BB6803F00103002B01
:101C90000CD0FB6803F00103002B07D07B681B68A6
:101CA0006FF001021A61786809F0F2F8BB6803F07E
:101CB0008003002B0CD0FB6803F08003002B07D0BF
:101CC0007B681B686FF080021A61786800F032FF51
:101CD000BB6803F04003002B0CD0FB6803F040030B
:101CE000002B07D07B681B686FF040021A61786890
:101CF00000F04FFABB6803F02003002B0CD0FB6808
:101D000003F02003002B07D07B681B686FF02002D4
:101D10001A61786800F004FF00BF1037BD4680BD2F
:101D200080B586B000AFF860B9607A600023FB75BB
:101D3000FB6893F83C30012B01D1022388E0FB685B
:101D4000012283F83C207B68002B1BD1FB681868BC
:101D5000BB681968BB685A68BB68DB6800F07AFC2E
:101D6000FB681B689A69FB681B6822F00C029A6189
:101D7000FB681B689969BB689A68FB681B680A4323
:101D80009A6160E07B68042B1CD1FB681868BB6813
:101D90001968BB685A68BB68DB6800F0FEFCFB682A
:101DA0001B689A69FB681B6822F440629A61FB68B1
:101DB0001B689969BB689B681A02FB681B680A4329
:101DC0009A6140E07B68082B1BD1FB681868BB68F0
:101DD0001968BB685A68BB68DB6800F04BFDFB689C
:101DE0001B68DA69FB681B6822F00C02DA61FB6889
:101DF0001B68D969BB689A68FB681B680A43DA618B
:101E000021E07B680C2B1CD1FB681868BB68196843
:101E1000BB685A68BB68DB6800F068FDFB681B683C
:101E2000DA69FB681B6822F44062DA61FB681B68B0
:101E3000D969BB689B681A02FB681B680A43DA61B0
:101E400001E00123FB75FB68002283F83C20FB7D49
:101E500018461837BD4680BD80B586B000AFF86023
:101E6000B9607A600023FB75FB6893F83C30012B66
:101E700001D10223AEE0FB68012283F83C207B689D
:101E80000C2B00F29F8001A252F823F0C11E010822
:101E9000C51F0108C51F0108C51F0108011F010852
:101EA000C51F0108C51F0108C51F0108431F010800
:101EB000C51F0108C51F0108C51F0108831F0108B0
:101EC000FB681B68B968184600F014FAFB681B68C9
:101ED0009A69FB681B6842F008029A61FB681B68FC
:101EE0009A69FB681B6822F004029A61FB681B6810
:101EF0009969BB681A69FB681B680A439A6164E0C8
:101F0000FB681B68B968184600F064FAFB681B6838
:101F10009A69FB681B6842F400629A61FB681B685F
:101F20009A69FB681B6822F480629A61FB681B68EF
:101F30009969BB681B691A02FB681B680A439A61AE
:101F400043E0FB681B68B968184600F0B9FAFB6803
:101F50001B68DA69FB681B6842F00802DA61FB68FB
:101F60001B68DA69FB681B6822F00402DA61FB680F
:101F70001B68D969BB681A69FB681B680A43DA6188
:101F800023E0FB681B68B968184600F00DFBFB688E
:101F90001B68DA69FB681B6842F40062DA61FB685F
:101FA0001B68DA69FB681B6822F48062DA61FB68EF
:101FB0001B68D969BB681B691A02FB681B680A4366
:101FC000DA6102E00123FB7500BFFB68002283F8A1
:101FD0003C20FB7D18461837BD4680BD80B584B0D7
:101FE00000AF786039600023FB737B6893F83C3066
:101FF000012B01D10223B4E07B68012283F83C204D
:102000007B68022283F83D207B681B689B68BB606D
:10201000BB6823F07703BB60BB6823F47F43BB60DE
:102020007B681B68BA689A603B681B68B3F5005F01
:102030003ED0B3F5005F00F28780B3F5805F00F01B
:102040008680B3F5805F7FD8702B1AD0702B7BD839
:10205000602B50D0602B77D8502B3CD0502B73D8AE
:10206000402B58D0402B6FD8302B64D0302B6BD8FE
:10207000202B60D0202B67D8002B5CD0102B5AD09F
:1020800062E07B6818683B6899683B685A683B68FF
:10209000DB6800F083FC7B681B689B68BB60BB68E7
:1020A00043F07703BB607B681B68BA689A604FE0B7
:1020B0007B6818683B6899683B685A683B68DB68CE
:1020C00000F06CFC7B681B689A687B681B6842F4B4
:1020D00080429A603CE07B6818683B6859683B68BE
:1020E000DB681A4600F02AFB7B681B685021184603
:1020F00000F039FC2CE07B6818683B6859683B6845
:10210000DB681A4600F086FB7B681B686021184676
:1021100000F029FC1CE07B6818683B6859683B6844
:10212000DB681A4600F00AFB7B681B6840211846F2
:1021300000F019FC0CE07B681A683B681B681946C4
:10214000104600F010FC03E00123FB7300E000BF29
:102150007B68012283F83D207B68002283F83C20C5
:10216000FB7B18461037BD4680BD80B483B000AFFE
:10217000786000BF0C37BD465DF8047B704780B4C3
:1021800083B000AF786000BF0C37BD465DF8047BBC
:10219000704780B483B000AF786000BF0C37BD4695
:1021A0005DF8047B7047000080B485B000AF7860B4
:1021B00039607B681B68FB607B68434A934213D09D
:1021C0007B68B3F1804F0FD07B68404A93420BD0BD
:1021D0007B683F4A934207D07B683E4A934203D0D4
:1021E0007B683D4A934208D1FB6823F07003FB6093
:1021F0003B685B68FA681343FB607B68324A934232
:102200002BD07B68B3F1804F27D07B682F4A934255
:1022100023D07B682E4A93421FD07B682D4A93427D
:102220001BD07B682C4A934217D07B682B4A934281
:1022300013D07B682A4A93420FD07B68294A934285
:102240000BD07B68284A934207D07B68274A934289
:1022500003D07B68264A934208D1FB6823F440737D
:10226000FB603B68DB68FA681343FB60FB6823F0A4
:1022700080023B685B691343FB603B689A687B683C
:10228000DA623B681A687B689A627B680E4A9342FE
:1022900003D07B68104A934203D13B681A697B687C
:1022A0001A637B681B6843F004027B681A607B68D2
:1022B00001225A617B68FA681A6000BF1437BD4674
:1022C0005DF8047B704700BF00000140000400403F
:1022D00000080040000C00400004014000400140A4
:1022E000004401400048014000180040001C00402C
:1022F0000020004080B487B000AF786039607B6810
:102300001B6A7B617B681B6A23F001027B681A628F
:102310007B685B683B617B689B69FB60FB6823F0C3
:102320007003FB60FB6823F00303FB603B681B68E2
:10233000FA681343FB607B6923F002037B613B680F
:102340009B687A6913437B617B68204A934203D080
:102350007B681F4A93420CD17B6923F008037B61A1
:102360003B68DB687A6913437B617B6923F0040374
:102370007B617B68154A934203D07B68144A934281
:1023800011D13B6923F480733B613B6923F40073F3
:102390003B613B685B693A6913433B613B689B69FE
:1023A0003A6913433B617B683A695A607B68FA6813
:1023B0009A613B685A687B685A637B687A691A62DB
:1023C00000BF1C37BD465DF8047B7047000001402C
:1023D0000004014080B487B000AF786039607B684A
:1023E0001B6A7B617B681B6A23F010027B681A62A0
:1023F0007B685B683B617B689B69FB60FB6823F4DF
:10240000E043FB60FB6823F44073FB603B681B68A0
:102410001B02FA681343FB607B6923F020037B6196
:102420003B689B681B017A6913437B617B68224A86
:10243000934203D07B68214A93420DD17B6923F0FC
:1024400080037B613B68DB681B017A6913437B6116
:102450007B6923F040037B617B68174A934203D07A
:102460007B68164A934213D13B6923F480633B6136
:102470003B6923F400633B613B685B699B003A69FD
:1024800013433B613B689B699B003A6913433B6183
:102490007B683A695A607B68FA689A613B685A6857
:1024A0007B689A637B687A691A6200BF1C37BD46F5
:1024B0005DF8047B704700BF00000140000401404C
:1024C00080B487B000AF786039607B681B6A7B613D
:1024D0007B681B6A23F480727B681A627B685B6886
:1024E0003B617B68DB69FB60FB6823F07003FB608A
:1024F000FB6823F00303FB603B681B68FA68134327
:10250000FB607B6923F400737B613B689B681B0263
:102510007A6913437B617B68214A934203D07B68CD
:10252000204A93420DD17B6923F400637B613B68B1
:10253000DB681B027A6913437B617B6923F4806348
:102540007B617B68164A934203D07B68154A9342AD
:1025500013D13B6923F480533B613B6923F400535F
:102560003B613B685B691B013A6913433B613B6814
:102570009B691B013A6913433B617B683A695A6066
:102580007B68FA68DA613B685A687B68DA637B6863
:102590007A691A6200BF1C37BD465DF8047B70473C
:1025A000000001400004014080B487B000AF7860B3
:1025B00039607B681B6A3B617B681B6A23F480522D
:1025C0007B681A627B685B687B617B68DB69FB60A8
:1025D000FB6823F4E043FB60FB6823F44073FB607B
:1025E0003B681B681B02FA681343FB603B6923F4DA
:1025F00000533B613B689B681B033A6913433B6193
:102600007B68124A934203D07B68114A934209D1F6
:102610007B6923F480437B613B685B699B017A693A
:1026200013437B617B687A695A607B68FA68DA6178
:102630003B685A687B681A647B683A691A6200BF13
:102640001C37BD465DF8047B704700BF00000140A9
:102650000004014080B487B000AFF860B9607A60D0
:102660003B60FB681B6A3B61FB681B6A23F001024D
:10267000FB681A62FB689B697B61FB68284A93428E
:102680001BD0FB68B3F1804F17D0FB68254A9342FB
:1026900013D0FB68244A93420FD0FB68234A93422D
:1026A0000BD0FB68224A934207D0FB68214A934231
:1026B00003D0FB68204A934201D1012300E00023AC
:1026C000002B08D07B6923F003037B617A697B6868
:1026D00013437B6103E07B6943F001037B617B690A
:1026E00023F0F0037B613B681B01DBB27A69134383
:1026F0007B613B6923F00A033B61BB6803F00A037B
:102700003A6913433B61FB687A699A61FB683A69ED
:102710001A6200BF1C37BD465DF8047B704700BFDE
:10272000000001400004004000080040000C004090
:1027300000040140004001400018004080B487B010
:1027400000AFF860B9607A60FB681B6A7B61FB6868
:102750001B6A23F00102FB681A62FB689B693B61FC
:102760003B6923F0F0033B617B681B013A6913432B
:102770003B617B6923F00A037B617A69BB68134381
:102780007B61FB683A699A61FB687A691A6200BFEB
:102790001C37BD465DF8047B704780B487B000AF3E
:1027A000F860B9607A603B60FB681B6A7B61FB681C
:1027B0001B6A23F01002FB681A62FB689B693B618D
:1027C0003B6923F440733B617B681B023A69134306
:1027D0003B613B6923F470433B613B681B039BB245
:1027E0003A6913433B617B6923F0A0037B61BB68BB
:1027F0001B0103F0A0037A6913437B61FB683A690C
:102800009A61FB687A691A6200BF1C37BD465DF8A1
:10281000047B704780B487B000AFF860B9607A601D
:10282000FB681B6A7B61FB681B6A23F01002FB6874
:102830001A62FB689B693B613B6923F470433B610F
:102840007B681B033A6913433B617B6923F0A00358
:102850007B61BB681B017A6913437B61FB683A6942
:102860009A61FB687A691A6200BF1C37BD465DF841
:10287000047B704780B487B000AFF860B9607A60BD
:102880003B60FB681B6A7B61FB681B6A23F48072F8
:10289000FB681A62FB68DB693B613B6923F0030359
:1028A0003B613A697B6813433B613B6923F0F0036A
:1028B0003B613B681B01DBB23A6913433B617B69B7
:1028C00023F420637B61BB681B0203F420637A69F5
:1028D00013437B61FB683A69DA61FB687A691A62C3
:1028E00000BF1C37BD465DF8047B704780B487B0DD
:1028F00000AFF860B9607A603B60FB681B6A7B617F
:10290000FB681B6A23F48052FB681A62FB68DB6970
:102910003B613B6923F440733B617B681B023A696E
:1029200013433B613B6923F470433B613B681B03EA
:102930009BB23A6913433B617B6923F420437B617B
:10294000BB681B0303F420437A6913437B61FB6874
:102950003A69DA61FB687A691A6200BF1C37BD46C2
:102960005DF8047B704780B485B000AF7860396053
:102970007B689B68FB60FB6823F07003FB603A6830
:10298000FB68134343F00703FB607B68FA689A60B7
:1029900000BF1437BD465DF8047B704780B487B034
:1029A00000AFF860B9607A603B60FB689B687B6150
:1029B0007B6923F47F437B613B681A027B681A437F
:1029C000BB6813437A6913437B61FB687A699A6039
:1029D00000BF1C37BD465DF8047B704780B487B0EC
:1029E00000AFF860B9607A60BB6803F01F03012292
:1029F00002FA03F37B61FB681A6A7B69DB431A40C6
:102A0000FB681A62FB681A6ABB6803F01F037968E7
:102A100001FA03F31A43FB681A6200BF1C37BD4674
:102A20005DF8047B7047000080B485B000AF78602B
:102A300039607B6893F83C30012B01D102235AE0C6
:102A40007B68012283F83C207B68022283F83D20CA
:102A50007B681B685B68FB607B681B689B68BB606E
:102A6000FB6823F07003FB603B681B68FA68134344
:102A7000FB607B681B68FA685A607B681B68214AA8
:102A8000934222D07B681B68B3F1804F1DD07B68D6
:102A90001B681D4A934218D07B681B681B4A9342EF
:102AA00013D07B681B681A4A93420ED07B681B6860
:102AB000184A934209D07B681B68174A934204D096
:102AC0007B681B68154A93420CD1BB6823F08003D6
:102AD000BB603B685B68BA681343BB607B681B687C
:102AE000BA689A607B68012283F83D207B680022E7
:102AF00083F83C20002318461437BD465DF8047B5C
:102B0000704700BF00000140000400400008004082
:102B1000000C00400004014000400140001800404B
:102B200080B483B000AF786000BF0C37BD465DF85D
:102B3000047B704780B483B000AF786000BF0C376F
:102B4000BD465DF8047B704780B584B000AF786007
:102B50000023FB737B68002B01D1012333E07B68EA
:102B60001B6C002B09D178680BF008FA7B680022F7
:102B70005A647B68002283F83C207B681B6C03F05E
:102B80001003002B18D17B681B6C23F4885323F0AF
:102B9000020343F002027B681A64786800F0A4FA2A
:102BA0007B6800225A647B681B6C23F0030343F0AC
:102BB00001027B681A6401E00123FB737B68002239
:102BC00083F83C20FB7B18461037BD4680BD0000D3
:102BD00080B485B000AF78600023BB607B6893F859
:102BE0003C30012B01D10223B2E07B68012283F843
:102BF0003C207B681B689B6803F00103012B18D005
:102C00007B681B689A687B681B6842F001029A60C7
:102C1000524B1B68524AA2FB03239A0C13465B00DB
:102C20001344BB6002E0BB68013BBB60BB68002B88
:102C3000F9D17B681B689B6803F00103012B7AD1F3
:102C40007B681B6C23F4E06323F0010343F4807280
:102C50007B681A647B681B685B6803F48063002BE5
:102C600007D07B681B6C23F4405343F480527B688D
:102C70001A647B681B6C03F48053B3F5805F06D144
:102C80007B685B6C23F006027B685A6402E07B6819
:102C900000225A647B68002283F83C20314BFB60A1
:102CA0007B681B686FF022021A60FB685B6803F0A8
:102CB0001F03002B2AD17B681B682B4A934215D037
:102CC0007B681B68294A934205D1264B5B6803F059
:102CD0001F03002B0AD07B681B68254A934236D11C
:102CE000204B5B6803F01003002B30D17B681B681E
:102CF0009B6803F04053002B29D17B681B689A68BE
:102D00007B681B6842F080429A6020E07B681B6809
:102D1000154A93421BD17B681B689B6803F04053A4
:102D2000002B14D17B681B689A687B681B6842F093
:102D300080429A600BE07B681B6C43F010027B685A
:102D40001A647B685B6C43F001027B685A64002361
:102D500018461437BD465DF8047B70475C000020C0
:102D600083DE1B430023014000200140002101407D
:102D70000022014080B584B000AF78603960002344
:102D8000FB607B681B689B6803F48063B3F5806F0E
:102D900013D17B681B689B6803F48073B3F5807F55
:102DA0000BD17B681B6C43F020027B681A647B6844
:102DB000002283F83C20012363E001F045FCF86029
:102DC00021E03B68B3F1FF3F1DD03B68002B07D0EB
:102DD00001F03AFC0246FB68D31A3A689A4212D2D2
:102DE0007B681B681B6803F00203022B0BD07B6817
:102DF0001B6C43F004027B681A647B68002283F832
:102E00003C2003233DE07B681B681B6803F0020342
:102E1000022BD6D17B681B686FF012021A607B68A8
:102E20001B6C43F400727B681A647B681B689B68A8
:102E300003F04053002B23D17B681B7E002B1FD156
:102E40007B681B68DB6A03F47003002B06D07B6889
:102E50001B689B6803F48063002B11D17B681B6C9B
:102E600023F480727B681A647B681B6C03F48053C4
:102E7000002B05D17B681B6C43F001027B681A6450
:102E8000002318461037BD4680BD80B483B000AF24
:102E900078607B681B68DB6C18460C37BD465DF8B4
:102EA000047B704780B485B000AF78603960002340
:102EB000BB607B6893F83C30012B01D1022305E114
:102EC0007B68012283F83C203B681B68092B25D9CD
:102ED0007B681B68D9683B681B689BB21A4613461F
:102EE0005B0013441E3B072202FA03F3DA437B68BC
:102EF0001B680A40DA607B681B68D9683B689A687F
:102F00003B681B689BB2184603465B0003441E3BAC
:102F10009A407B681B680A43DA6022E07B681B6882
:102F200019693B681B689BB21A4613465B00134441
:102F3000072202FA03F3DA437B681B680A401A612E
:102F40007B681B6819693B689A683B681B689BB281
:102F5000184603465B0003449A407B681B680A439B
:102F60001A613B685B68062B24D87B681B68596B29
:102F70003B685A6813469B001344053B1F2202FA24
:102F800003F3DA437B681B680A405A637B681B685B
:102F9000596B3B681B689BB218463B685A681346DE
:102FA0009B001344053B00FA03F27B681B680A434D
:102FB0005A634CE03B685B680C2B24D87B681B6829
:102FC000196B3B685A6813469B001344233B1F222E
:102FD00002FA03F3DA437B681B680A401A637B68D2
:102FE0001B68196B3B681B689BB218463B685A68A4
:102FF00013469B001344233B00FA03F27B681B68D3
:103000000A431A6323E07B681B68D96A3B685A68E5
:1030100013469B001344413B1F2202FA03F3DA4399
:103020007B681B680A40DA627B681B68D96A3B6868
:103030001B689BB218463B685A6813469B001344B2
:10304000413B00FA03F27B681B680A43DA62224BB9
:10305000FB607B681B68214A934209D13B681B686F
:10306000122B05D1FB685B6843F48002FB685A6051
:103070007B681B68194A934223D13B681B68102B5D
:1030800003D03B681B68112B1BD1FB685B6843F4C2
:103090000002FB685A603B681B68102B11D1104B73
:1030A0001B68104AA2FB03239A0C13469B0013448F
:1030B0005B00BB6002E0BB68013BBB60BB68002BF0
:1030C000F9D17B68002283F83C200023184614378E
:1030D000BD465DF8047B704700230140002001409D
:1030E0005C00002083DE1B4380B485B000AF7860B5
:1030F000794BFB60FB685B6823F44032FB685A60E5
:10310000FB685A687B685B681A43FB685A607B6897
:103110001B685A687B681B6822F480725A607B685F
:103120001B6859687B681B691A027B681B680A4325
:103130005A607B681B685A687B681B6822F0407283
:103140005A607B681B6859687B689A687B681B6853
:103150000A435A607B681B689A687B681B6822F484
:1031600000629A607B681B6899687B68DA687B6894
:103170001B680A439A607B689B6A584A934222D034
:103180007B681B689A687B681B6822F070629A6093
:103190007B681B6899687B689A6A7B681B680A432E
:1031A0009A607B681B689A687B681B6822F04052B3
:1031B0009A607B681B6899687B68DA6A7B681B6821
:1031C0000A439A600FE07B681B689A687B681B68FB
:1031D00022F070629A607B681B689A687B681B6843
:1031E00022F040529A607B681B689A687B681B6873
:1031F00022F002029A607B681B6899687B681B7EDC
:103200005A007B681B680A439A607B6893F82030F9
:10321000002B1BD07B681B685A687B681B6842F4D4
:1032200000625A607B681B685A687B681B6822F4DE
:1032300060425A607B681B6859687B685B6A013B27
:103240005A037B681B680A435A6007E07B681B6867
:103250005A687B681B6822F400625A607B681B68AE
:10326000DA6A7B681B6822F47002DA627B681B688A
:10327000D96A7B68DB69013B1A057B681B680A43D6
:10328000DA627B681B689A687B681B6822F40072AC
:103290009A607B681B6899687B6893F830305A02A3
:1032A0007B681B680A439A607B681B689A687B6826
:1032B0001B6822F480629A607B681B6899687B684F
:1032C0005B699A027B681B680A439A6000BF1437E7
:1032D000BD465DF8047B7047002301400100000FEC
:1032E00080B586B000AF78607B68002B01D10123E8
:1032F00067E27B681B6803F00103002B75D0884BE5
:103300009B6803F00C03042B0CD0854B9B6803F0E7
:103310000C03082B12D1824B5B6803F48003B3F5D6
:10332000800F0BD17E4B1B6803F40033002B5BD066
:103330007B685B68002B57D1012342E27B685B68A6
:10334000B3F5803F06D1764B1B68754A43F4803352
:1033500013601DE07B685B68B3F5A02F0CD1704B48
:103360001B686F4A43F4802313606D4B1B686C4AE3
:1033700043F4803313600BE0694B1B68684A23F405
:1033800080331360664B1B68654A23F48023136007
:103390007B685B68002B13D001F056F9386108E0B8
:1033A00001F052F902463B69D31A642B01D9032379
:1033B00007E25B4B1B6803F40033002BF0D014E0F2
:1033C00001F042F9386108E001F03EF902463B693C
:1033D000D31A642B01D90323F3E1514B1B6803F487
:1033E0000033002BF0D100E000BF7B681B6803F0C6
:1033F0000203002B63D04A4B9B6803F00C03002BA5
:103400000BD0474B9B6803F00C03082B1CD1444B9B
:103410005B6803F48003002B16D1414B1B6803F05B
:103420000203002B05D07B68DB68012B01D0012350
:10343000C7E13B4B1B6823F0F8027B681B69DB008C
:10344000374913430B603AE07B68DB68002B20D0E0
:10345000344B01221A6001F0F7F8386108E001F0FE
:10346000F3F802463B69D31A022B01D90323A8E1E2
:103470002B4B1B6803F00203002BF0D0284B1B687A
:1034800023F0F8027B681B69DB00254913430B60BE
:1034900015E0244B00221A6001F0D6F8386108E0EC
:1034A00001F0D2F802463B69D31A022B01D903235B
:1034B00087E11B4B1B6803F00203002BF0D17B68F4
:1034C0001B6803F00803002B36D07B685B69002B78
:1034D00016D0154B01221A6001F0B6F8386108E0E9
:1034E00001F0B2F802463B69D31A022B01D903233B
:1034F00067E10B4B5B6F03F00203002BF0D01BE086
:10350000094B00221A6001F09FF838610EE001F0CB
:103510009BF802463B69D31A022B07D9032350E1DB
:103520000038024000004742800E4742884B5B6FE4
:1035300003F00203002BEAD17B681B6803F004034D
:10354000002B00F097800023FB75814B1B6C03F070
:103550008053002B0FD10023BB607D4B1B6C7C4A3A
:1035600043F0805313647A4B1B6C03F08053BB60B1
:10357000BB680123FB75774B1B6803F48073002B3A
:1035800018D1744B1B68734A43F48073136001F0C5
:103590005BF8386108E001F057F802463B69D31A3E
:1035A000022B01D903230CE16A4B1B6803F48073DF
:1035B000002BF0D07B689B68012B06D1644B1B6FFE
:1035C000634A43F0010313671CE07B689B68052B8B
:1035D0000CD15F4B1B6F5E4A43F0040313675C4BD7
:1035E0001B6F5B4A43F0010313670BE0584B1B6FE3
:1035F000574A23F001031367554B1B6F544A23F0BE
:10360000040313677B689B68002B15D001F01CF83E
:1036100038610AE001F018F802463B69D31A41F21A
:103620008832934201D90323CBE0494B1B6F03F04F
:103630000203002BEED014E001F006F838610AE036
:1036400001F002F802463B69D31A41F288329342F4
:1036500001D90323B5E03E4B1B6F03F00203002B9F
:10366000EED1FB7D012B05D1394B1B6C384A23F081
:10367000805313647B689B69002B00F0A180344B5E
:103680009B6803F00C03082B5CD07B689B69022BC2
:1036900041D1314B00221A6000F0D6FF386108E0BA
:1036A00000F0D2FF02463B69D31A022B01D9032353
:1036B00087E0274B1B6803F00073002BF0D17B6879
:1036C000DA697B681B6A1A437B685B6A9B011A4351
:1036D0007B689B6A5B08013B1B041A437B68DB6ABF
:1036E0001B061B4913434B601B4B01221A6000F061
:1036F000ABFF386108E000F0A7FF02463B69D31A30
:10370000022B01D903235CE0114B1B6803F000730B
:10371000002BF0D054E0104B00221A6000F094FF10
:10372000386108E000F090FF02463B69D31A022B93
:1037300001D9032345E0064B1B6803F00073002BFF
:10374000F0D13DE07B689B69012B07D1012338E074
:103750000038024000700040600047421B4B5B682D
:10376000FB607B689B69012B28D0FB6803F4800217
:103770007B68DB699A4221D1FB6803F03F027B68DA
:103780001B6A9A421AD1FA6847F6C07313407A68E6
:10379000526A9201934211D1FB6803F440327B6874
:1037A0009B6A5B08013B1B049A4207D1FB6803F04C
:1037B00070627B68DB6A1B069A4201D0012300E03D
:1037C000002318461837BD4680BD00BF00380240B0
:1037D00080B584B000AF786039607B68002B01D180
:1037E0000123CCE0684B1B6803F007033A689A4258
:1037F0000CD9654B3A68D2B21A70634B1B6803F060
:1038000007033A689A4201D00123B8E07B681B683D
:1038100003F00203002B20D07B681B6803F0040335
:10382000002B05D0594B9B68584A43F4E0539360F2
:103830007B681B6803F00803002B05D0534B9B6883
:10384000524A43F460439360504B9B6823F0F0026C
:103850007B689B684D4913438B607B681B6803F052
:103860000103002B44D07B685B68012B07D1474BD9
:103870001B6803F40033002B19D101237FE07B6820
:103880005B68022B03D07B685B68032B07D13F4B3F
:103890001B6803F00073002B09D101236FE03B4B41
:1038A0001B6803F00203002B01D1012367E0374BB3
:1038B0009B6823F003027B685B68344913438B6089
:1038C00000F0C2FEF8600AE000F0BEFE0246FB68AF
:1038D000D31A41F28832934201D903234FE02B4B94
:1038E0009B6803F00C027B685B689B009A42EBD1FB
:1038F000254B1B6803F007033A689A420CD2224B0F
:103900003A68D2B21A70204B1B6803F007033A687A
:103910009A4201D0012332E07B681B6803F0040364
:10392000002B08D0194B9B6823F4E0527B68DB68BE
:10393000164913438B607B681B6803F00803002B58
:1039400009D0124B9B6823F460427B681B69DB0043
:103950000E4913438B6000F021F802460B4B9B6825
:103960001B0903F00F030A49CB5C22FA03F3094A4F
:103970001360094B1B6818460CF0A2FB0023184685
:103980001037BD4680BD00BF003C024000380240F9
:10399000C46202085C000020600000202DE9B04FE6
:1039A00094B000AF00237B640023FB6400233B64DE
:1039B0000023BB64794B9B6803F00C03082B0DD0EC
:1039C000082B00F2E180002B02D0042B03D0DBE0B7
:1039D000734BBB64DBE0734BBB64D8E06F4B5B683D
:1039E00003F03F037B646D4B5B6803F48003002BA3
:1039F00063D06A4B5B689B090022BB63FA63BB6BB5
:103A0000C3F308033B6300237B63D7E90C452246DD
:103A10002B464FF000004FF00001590141EAD261FE
:103A2000500102460B462146511A3961294663EB83
:103A300001037B614FF000024FF00003D7E904ABB4
:103A400059468B01514643EA916351468A015146DA
:103A5000B2EB0108594663EB01094FF000024FF049
:103A600000034FEAC90343EA58734FEAC80290467D
:103A70009946234618EB0303BB602B4649EB03032F
:103A8000FB604FF000024FF00003D7E902452946E2
:103A90004B02214643EAD15321464A0210461946B9
:103AA0007B6C0022BB62FA62D7E90A23FCF756FF5F
:103AB00002460B461346FB6458E0384B5B689B0993
:103AC000002218461146C0F308033B6200237B62C4
:103AD000D7E9088942464B464FF000004FF00001FD
:103AE000590141EAD261500102460B464146B2EB10
:103AF000010A494663EB010B4FF000024FF000034F
:103B00004FEA8B1343EA9A634FEA8A12B2EB0A0434
:103B100063EB0B054FF000024FF00003EB0043EAAC
:103B20005473E20014461D464346E3183B604B467F
:103B300045EB03037B604FF000024FF00003D7E931
:103B4000004529468B02214643EA915321468A02C9
:103B5000104619467B6C0022BB61FA61D7E9062347
:103B6000FCF7FCFE02460B461346FB640B4B5B68FE
:103B70001B0C03F0030301335B003B64FA6C3B6CEA
:103B8000B2FBF3F3BB6402E0054BBB6400BFBB6C4C
:103B900018465037BD46BDE8B08F00BF0038024020
:103BA0000024F40000127A0080B400AF034B1B68BD
:103BB0001846BD465DF8047B704700BF5C000020DE
:103BC00080B500AFFFF7F0FF0246054B9B689B0AEC
:103BD00003F007030349CB5C22FA03F3184680BDC8
:103BE00000380240D462020880B500AFFFF7DCFF66
:103BF0000246054B9B685B0B03F007030349CB5C54
:103C000022FA03F3184680BD00380240D46202084D
:103C100080B483B000AF786039607B680F221A608F
:103C2000124B9B6803F003027B685A600F4B9B6842
:103C300003F0F0027B689A600C4B9B6803F4E0523F
:103C40007B68DA60094B9B68DB0803F4E0527B6811
:103C50001A61074B1B6803F007023B681A6000BF3C
:103C60000C37BD465DF8047B704700BF003802404A
:103C7000003C024080B489B000AF78603960002316
:103C80007B6100233B610023BB610023FB616BE18F
:103C90000122FB6902FA03F37B613B681B687A69C6
:103CA00013403B613A697B699A4240F05A813B6814
:103CB0005B6803F00303012B05D03B685B6803F0EE
:103CC0000303022B30D17B689B68BB61FB695B00FF
:103CD000032202FA03F3DB43BA691340BB613B687A
:103CE000DA68FB695B0002FA03F3BA691343BB614C
:103CF0007B68BA699A607B685B68BB610122FB697B
:103D000002FA03F3DB43BA691340BB613B685B68AB
:103D10001B0903F00102FB6902FA03F3BA691343BA
:103D2000BB617B68BA695A603B685B6803F0030358
:103D3000032B17D07B68DB68BB61FB695B00032248
:103D400002FA03F3DB43BA691340BB613B689A682C
:103D5000FB695B0002FA03F3BA691343BB617B683A
:103D6000BA69DA603B685B6803F00303022B23D176
:103D7000FB69DA087B68083253F82230BB61FB69C3
:103D800003F007039B000F2202FA03F3DB43BA6937
:103D90001340BB613B681A69FB6903F007039B0092
:103DA00002FA03F3BA691343BB61FB69DA087B6863
:103DB0000832B96943F822107B681B68BB61FB6954
:103DC0005B00032202FA03F3DB43BA691340BB61D1
:103DD0003B685B6803F00302FB695B0002FA03F3D4
:103DE000BA691343BB617B68BA691A603B685B6858
:103DF00003F44033002B00F0B4800023FB60604BE1
:103E00005B6C5F4A43F4804353645D4B5B6C03F42B
:103E10008043FB60FB685B4AFB699B08023352F8F6
:103E20002330BB61FB6903F003039B000F2202FAFE
:103E300003F3DB43BA691340BB617B68524A934288
:103E40002BD07B68514A934225D07B68504A9342DD
:103E50001FD07B684F4A934219D07B684E4A9342E9
:103E600013D07B684D4A93420DD07B684C4A9342F5
:103E700007D07B684B4A934201D107230EE0082309
:103E80000CE006230AE0052308E0042306E00323F0
:103E900004E0022302E0012300E00023FA6902F0BB
:103EA000030292009340BA691343BB613549FB6931
:103EB0009B080233BA6941F823203B4B9B68BB61E6
:103EC0003B69DB43BA691340BB613B685B6803F441
:103ED0008013002B03D0BA693B691343BB61324A9C
:103EE000BB699360304BDB68BB613B69DB43BA69FC
:103EF0001340BB613B685B6803F40013002B03D0E5
:103F0000BA693B691343BB61274ABB69D360264B3F
:103F10005B68BB613B69DB43BA691340BB613B68CB
:103F20005B6803F40033002B03D0BA693B69134389
:103F3000BB611D4ABB6953601B4B1B68BB613B697E
:103F4000DB43BA691340BB613B685B6803F48033B1
:103F5000002B03D0BA693B691343BB61124ABB69AA
:103F60001360FB690133FB61FB690F2B7FF690AE99
:103F700000BF00BF2437BD465DF8047B704700BF1B
:103F800000380240003801400000024000040240B6
:103F900000080240000C02400010024000140240E1
:103FA00000180240001C0240003C014080B487B071
:103FB00000AF7860396000233B610023FB60002381
:103FC000BB6000237B61CDE001227B6902FA03F331
:103FD0003B613A683B691340FB60FA683B699A426F
:103FE00040F0BD80654A7B699B08023352F823305C
:103FF000BB607B6903F003039B000F2202FA03F30B
:10400000BA681340BB607B685D4A93422BD07B68E3
:104010005C4A934225D07B685B4A93421FD07B6801
:104020005A4A934219D07B68594A934213D07B680D
:10403000584A93420DD07B68574A934207D07B6819
:10404000564A934201D107230EE008230CE00623D1
:104050000AE0052308E0042306E0032304E002232A
:1040600002E0012300E000237A6902F003029200DB
:104070009340BA689A4232D1494B1A68FB68DB43D5
:10408000474913400B60464B5A68FB68DB43444981
:1040900013404B60424BDA68FB68DB4340491340F6
:1040A000CB603F4B9A68FB68DB433D4913408B6014
:1040B0007B6903F003039B000F2202FA03F3BB604A
:1040C0002E4A7B699B08023352F82310BB68DA43FF
:1040D0002A487B699B080A40023340F823207B680A
:1040E0001A687B695B00032101FA03F3DB431A4082
:1040F0007B681A607B69DA087B68083253F8221003
:104100007B6903F007039B000F2202FA03F3DB43F2
:104110007A69D20819407B68083243F822107B681C
:10412000DA687B695B00032101FA03F3DB431A4081
:104130007B68DA607B685A6801217B6901FA03F3C6
:10414000DB431A407B685A607B689A687B695B0036
:10415000032101FA03F3DB431A407B689A607B6911
:1041600001337B617B690F2B7FF62EAF00BF00BF51
:104170001C37BD465DF8047B704700BF0038014026
:10418000000002400004024000080240000C02400F
:10419000001002400014024000180240001C0240BF
:1041A000003C014080B485B000AF78600B467B8056
:1041B0007B681A697B881340002B02D00123FB73B4
:1041C00001E00023FB73FB7B18461437BD465DF806
:1041D000047B704780B483B000AF78600B467B806F
:1041E00013467B707B78002B03D07A887B689A61BA
:1041F00003E07B881A047B689A6100BF0C37BD46D8
:104200005DF8047B704780B485B000AF78600B46E2
:104210007B807B685B69FB607A88FB6813401A04CB
:10422000FB68D9437B880B401A437B689A6100BFC7
:104230001437BD465DF8047B704780B584B000AF8D
:1042400078607B689B6DFB6000F0FEF9B8607B686E
:1042500093F83530DBB2022B08D07B6880225A6598
:104260007B68002283F83420012352E07B681B68BE
:104270001A687B681B6822F016021A607B681B684C
:104280005A697B681B6822F080025A617B681B6C4C
:10429000002B03D17B689B6C002B07D07B681B68CD
:1042A0001A687B681B6822F008021A607B681B682A
:1042B0001A687B681B6822F001021A6013E000F0A4
:1042C000C3F90246BB68D31A052B0CD97B682022A0
:1042D0005A657B68032283F835207B68002283F8C7
:1042E0003420032315E07B681B681B6803F001037F
:1042F000002BE4D17B68DB6D3F229A40FB689A601B
:104300007B68012283F835207B68002283F8342003
:10431000002318461037BD4680BD80B483B000AF7F
:1043200078607B6893F83530DBB2022B04D07B6871
:1043300080225A6501230CE07B68052283F8352032
:104340007B681B681A687B681B6822F001021A6090
:10435000002318460C37BD465DF8047B704780B4D7
:1043600083B000AF78607B6893F83530DBB21846D5
:104370000C37BD465DF8047B7047000080B485B003
:1043800000AF78607B6803F00703FB600C4BDB68D1
:10439000BB60BA684FF6FF031340BB60FB681A02AC
:1043A000BB68134343F0BF6343F40033BB60044A6C
:1043B000BB68D36000BF1437BD465DF8047B70470F
:1043C00000ED00E080B400AF044BDB681B0A03F093
:1043D00007031846BD465DF8047B704700ED00E01A
:1043E00080B483B000AF0346FB7197F90730002B10
:1043F0000BDBFB7903F01F02074997F907305B09D4
:10440000012000FA02F241F8232000BF0C37BD461C
:104410005DF8047B704700BF00E100E080B483B02A
:1044200000AF0346FB7197F90730002B12DBFB79D5
:1044300003F01F020A4997F907305B09012000FACF
:1044400002F2203341F82320BFF34F8F00BFBFF3A8
:104450006F8F00BF00BF0C37BD465DF8047B70470F
:1044600000E100E080B483B000AF03463960FB7127
:1044700097F90730002B0ADB3B68DAB20C4997F951
:1044800007301201D2B20B4483F800230AE03B68E4
:10449000DAB20849FB7903F00F03043B1201D2B2F0
:1044A0000B441A7600BF0C37BD465DF8047B70479D
:1044B00000E100E000ED00E080B489B000AFF860FA
:1044C000B9607A60FB6803F00703FB61FB69C3F125
:1044D0000703042B28BF0423BB61FB690433062BAD
:1044E00002D9FB69033B00E000237B614FF0FF3200
:1044F000BB6902FA03F3DA43BB681A407B699A404E
:104500004FF0FF317B6901FA03F3D9437B680B401D
:10451000134318462437BD465DF8047B70470000FE
:1045200080B400AFBFF34F8F00BF064BDB6803F4CE
:10453000E0620449044B1343CB60BFF34F8F00BFCD
:1045400000BFFDE700ED00E00400FA0580B582B091
:1045500000AF78607868FFF711FF00BF0837BD46ED
:1045600080BD80B586B000AF0346B9607A60FB734A
:1045700000237B61FFF726FF78617A68B968786964
:10458000FFF79AFF024697F90F3011461846FFF7DA
:1045900069FF00BF1837BD4680BD80B582B000AF4F
:1045A0000346FB7197F907301846FFF719FF00BF64
:1045B0000837BD4680BD80B582B000AF0346FB71B1
:1045C00097F907301846FFF729FF00BF0837BD46A7
:1045D00080BD80B500AFFFF7A3FF000080B500AF3E
:1045E0000E4B1B680D4A43F4007313600B4B1B68A2
:1045F0000A4A43F480631360084B1B68074A43F47C
:10460000807313600320FFF7A1FF00200BF058FD1B
:104610000BF02AFD0023184680BD00BF003C02407D
:1046200080B400AF064B1B781A46064B1B68134438
:10463000044A136000BFBD465DF8047B704700BFAD
:1046400064000020F001002080B400AF034B1B6821
:104650001846BD465DF8047B704700BFF00100209E
:1046600080B584B000AF7860FFF7EEFFB8607B687C
:10467000FB60FB68B3F1FF3F05D00A4B1B781A467D
:10468000FB681344FB6000BFFFF7DEFF0246BB6818
:10469000D31AFA689A42F7D800BF00BF1037BD4658
:1046A00080BD00BF6400002080B582B000AF78609C
:1046B0007B68002B01D101230EE07B685B79DBB2C4
:1046C000002B05D17B6800221A71786809F0AEFCD6
:1046D0007B6801225A71002318460837BD4680BD09
:1046E00080B584B000AF78607B68002B01D10123D6
:1046F0002BE17B6893F83D30DBB2002B06D17B6861
:10470000002283F83C20786809F0E0FC7B682422D2
:1047100083F83D207B681B681A687B681B6822F061
:1047200001021A607B681B681A687B681B6842F488
:1047300000421A607B681B681A687B681B6822F459
:1047400000421A60FFF73CFAF8607B685B68814AB8
:10475000934207D8FB68804A934294BF0123002309
:10476000DBB206E0FB687D4A934294BF012300233D
:10477000DBB2002B01D00123E7E0FB68784AA2FB03
:1047800003239B0CBB607B681B685B6823F03F01C5
:104790007B681B68BA680A435A607B681B681B6A9F
:1047A00023F03F017B685B686A4A934202D8BB688A
:1047B000013309E0BB684FF4967202FB03F3694AC8
:1047C000A2FB03239B0901337A6812680B4313622F
:1047D0007B681B68DB6923F44F4222F0FF027B6891
:1047E0005B685C498B4219D8FB68591E7B685B6823
:1047F0005B00B1FBF3F3591C40F6FC730B40002B3C
:104800000AD0FB68591E7B685B685B00B1FBF3F361
:104810000133C3F30B0351E004234FE07B689B6833
:10482000002B11D1FB68581E7B6859680B465B0052
:104830000B44B0FBF3F30133C3F30B03002B0CBFAA
:1048400001230023DBB212E0FB68581E7B68596825
:104850000B469B000B4499000B44B0FBF3F3013370
:10486000C3F30B03002B0CBF01230023DBB2002B8F
:1048700001D0012322E07B689B68002B0ED1FB68EE
:10488000581E7B6859680B465B000B44B0FBF3F382
:104890000133C3F30B0343F400430FE0FB68581EDE
:1048A0007B6859680B469B000B4499000B44B0FB96
:1048B000F3F30133C3F30B0343F44043796809680E
:1048C0001343CB617B681B681B6823F0C0017B68C6
:1048D000DA697B681B6A1A437B681B680A431A60A3
:1048E0007B681B689B6823F4034323F0FF037A680B
:1048F00011697A68D26811437A6812680B43936031
:104900007B681B68DB6823F0FF017B685A697B6862
:104910009B691A437B681B680A43DA607B681B68E3
:104920001A687B681B6842F001021A607B680022EB
:104930001A647B68202283F83D207B6800221A637A
:104940007B68002283F83E20002318461037BD46BE
:1049500080BD00BFA08601007F841E00FF083D00CF
:1049600083DE1B43D34D621080B483B000AF786008
:104970007B681B685B6903F08003802B03D17B6835
:104980001B6800221A6100BF0C37BD465DF8047B2E
:10499000704780B588B000AF78600023BB617B684A
:1049A0001B685B687B617B68DB6A3B617B6893F8B3
:1049B0003E30FB737B6893F83D30BB73FB7B102B61
:1049C00003D0FB7B402B40F0C1807B681B689B6958
:1049D000BB617B681B685B69FB61FB6903F00103DA
:1049E000002B0DD13B69B3F52A0F03D03B69B3F11E
:1049F0002A4F01D1012300E00023012B00F0328176
:104A0000FB6903F00103002B0CD07B695B0A03F008
:104A10000103002B06D0786801F098FC786800F05C
:104A20009BFD92E0FB69DB0803F00103002B09D03A
:104A30007B695B0A03F00103002B03D0786800F068
:104A400011FE82E0FB695B0803F00103002B09D033
:104A50007B695B0A03F00103002B03D0786800F048
:104A60002BFE72E0BB699B0803F00103002B3BD0D7
:104A70007B681B685B6803F40063B3F5006F00F0AC
:104A8000F380FB69DB0903F00103002B0FD07B6986
:104A90009B0A03F00103002B09D0FB699B0803F07C
:104AA0000103002B03D1786800F0F3F94DE0FB69B6
:104AB0009B0803F00103002B00F0D6807B695B0AA2
:104AC00003F00103002B00F0CF80BB7B212B03D12F
:104AD000786800F07AFAC7E0FB7B402B40F0C48096
:104AE000786800F0E8FABFE07B681B685B6803F455
:104AF0000063B3F5006F00F0B780FB699B0903F01A
:104B00000103002B0FD07B699B0A03F00103002BEC
:104B100009D0FB699B0803F00103002B03D17868DF
:104B200000F061FB11E0FB699B0803F00103002B1F
:104B300000F09A807B695B0A03F00103002B00F010
:104B40009380786800F017FC8EE08DE07B681B6C2A
:104B5000002B04D07B681B685B69FB6107E07B6806
:104B60001B689B69BB617B681B685B69FB61FB69B8
:104B70005B0803F00103002B12D07B695B0A03F092
:104B80000103002B0CD07B681B6C002B03D07B68CF
:104B90001B689B69BB61B969786800F0DCFF66E05F
:104BA000FB691B0903F00103002B09D07B695B0A39
:104BB00003F00103002B03D0786801F017F856E0EA
:104BC000BB7B212B02D0BB7B292B25D1FB69DB09C9
:104BD00003F00103002B0FD07B699B0A03F0010354
:104BE000002B09D0FB699B0803F00103002B03D1C4
:104BF000786800F0F2FE39E0FB699B0803F00103DE
:104C0000002B33D07B695B0A03F00103002B2DD00E
:104C1000786800F01FFF29E0FB699B0903F001039E
:104C2000002B0FD07B699B0A03F00103002B09D0F6
:104C3000FB699B0803F00103002B03D1786800F0A7
:104C40002AFF14E0FB699B0803F00103002B0ED040
:104C50007B695B0A03F00103002B08D0786800F041
:104C600058FF04E000BF02E000BF00E000BF2037B3
:104C7000BD4680BD80B58AB000AF78607B681B6898
:104C80005B693B627B681B685B68FB6100237B623E
:104C90007B6893F83E30FB763B6A1B0A03F0010306
:104CA000002B0ED0FB691B0A03F00103002B08D078
:104CB0007B6A43F001037B627B681B686FF4807240
:104CC0005A613B6A5B0A03F00103002B0ED0FB69BB
:104CD0001B0A03F00103002B08D07B6A43F0020398
:104CE0007B627B681B686FF400725A613B6A9B0AA7
:104CF00003F00103002B3FD0FB691B0A03F0010303
:104D0000002B39D0FB7EBB767B685B8D9BB27B61D1
:104D10007B6893F83D30FB747B681B6BFB60BB7E4C
:104D2000202B12D17B69002B0FD1FB7C212B08D0CB
:104D3000FB7C292B05D0FB7C282B06D1FB68212B83
:104D400003D1786801F082F816E07B681B686FF485
:104D500080625A617B6A43F004037B62FB7E102B06
:104D600002D0FB7E402B07D17B681B681A687B68EA
:104D70001B6842F400721A603B6ADB0A03F001030D
:104D8000002B0ED0FB691B0A03F00103002B08D097
:104D90007B6A43F008037B627B681B686FF40062E8
:104DA0005A617B6A002B08D07B681A6C7B6A1A43B5
:104DB0007B681A64786801F0BDF800BF2837BD46EB
:104DC00080BD80B483B000AF786000BF0C37BD46B3
:104DD0005DF8047B704780B483B000AF786000BF9B
:104DE0000C37BD465DF8047B704780B483B000AFDC
:104DF000786000BF0C37BD465DF8047B704780B417
:104E000083B000AF786000BF0C37BD465DF8047B0F
:104E1000704780B483B000AF78600B46FB701346D8
:104E20003B8000BF0C37BD465DF8047B704780B403
:104E300083B000AF786000BF0C37BD465DF8047BDF
:104E4000704780B483B000AF786000BF0C37BD46B8
:104E50005DF8047B704780B483B000AF786000BF1A
:104E60000C37BD465DF8047B704780B483B000AF5B
:104E7000786000BF0C37BD465DF8047B704780B496
:104E800083B000AF786000BF0C37BD465DF8047B8F
:104E9000704780B584B000AF78607B6893F83D3090
:104EA000FB737B6893F83E30BB737B68DB6ABB6047
:104EB0007B681B8D002B50D1FB7B212B4DD1BB6818
:104EC000082B1DD0BB68202B1AD0BB6813F5803F80
:104ED00016D07B681B685A687B681B6822F4E06206
:104EE0005A607B6811221A637B68002283F83E2097
:104EF0007B68202283F83D207868FFF762FF60E03E
:104F00007B681B685A687B681B6822F4E0625A6001
:104F10007B681B681A687B681B6842F400721A6021
:104F20007B6800221A637B68202283F83D207B681F
:104F300093F83E30DBB2402B07D17B68002283F828
:104F40003E207868FFF77DFF3BE07B68002283F816
:104F50003E207868FFF735FF33E0FB7B212B05D03F
:104F6000BB7B402B2DD1FB7B222B2AD17B685B8D19
:104F70009BB2002B08D17B681B685A687B681B6852
:104F800022F480625A601CE07B6893F83E30DBB20A
:104F9000402B03D1786800F08EF812E07B685B6AE2
:104FA0001A787B681B681A617B685B6A5A1C7B688D
:104FB0005A627B685B8D9BB2013B9AB27B685A85D3
:104FC000FFE700BF1037BD4680BD80B584B000AF9D
:104FD00078607B68DB6AFB607B6893F83D30DBB20E
:104FE000212B64D17B685B8D9BB2002B12D07B6838
:104FF0005B6A1A787B681B681A617B685B6A5A1C5B
:105000007B685A627B685B8D9BB2013B9AB27B687E
:105010005A854CE0FB68082B1DD0FB68202B1AD06A
:10502000FB6813F5803F16D07B681B685A687B6865
:105030001B6822F4E0625A607B6811221A637B6865
:10504000002283F83E207B68202283F83D20786888
:10505000FFF7B7FE2BE07B681B685A687B681B680C
:1050600022F4E0625A607B681B681A687B681B68E0
:1050700042F400721A607B6800221A637B68202267
:1050800083F83D207B6893F83E30DBB2402B07D19C
:105090007B68002283F83E207868FFF7D2FE06E0A6
:1050A0007B68002283F83E207868FFF78AFE00BF05
:1050B0001037BD4680BD80B584B000AF78607B6896
:1050C00093F83D30FB737B681B6D002B1DD17B6813
:1050D000DB6C012B0BD17B689B6CDAB27B681B68A5
:1050E0001A617B681B6D9A1C7B681A6577E07B6888
:1050F0009B6C9BB21B12DAB27B681B681A617B68DF
:105100001B6D5A1C7B681A6569E07B681B6D012B5F
:105110000BD17B689B6CDAB27B681B681A617B6879
:105120001B6D5A1C7B681A6559E07B681B6D022B4E
:1051300052D1FB7B222B0DD17B681B681A687B68E0
:105140001B6842F480721A607B681B6D5A1C7B6876
:105150001A6544E07B685B8D9BB2002B15D0FB7B0E
:10516000212B12D17B685B6A1A787B681B681A61F5
:105170007B685B6A5A1C7B685A627B685B8D9BB25A
:10518000013B9AB27B685A8529E07B685B8D9BB2B4
:10519000002B24D1FB7B212B21D17B681B685A6813
:1051A0007B681B6822F4E0625A607B681B681A689F
:1051B0007B681B6842F400721A607B6800221A63E5
:1051C0007B68202283F83D207B68002283F83E2004
:1051D0007868FFF736FE02E07868FFF7C5FB00BF8E
:1051E0001037BD4680BD80B584B000AF78607B6865
:1051F00093F83D30DBB2222B40F0B9807B68DB6A4C
:10520000FB607B685B8D9BB2BB60BB68032B21D9C5
:105210007B681B681A697B685B6AD2B21A707B680C
:105220005B6A5A1C7B685A627B685B8D9BB2013B50
:105230009AB27B685A857B685B8D9BB2032B40F0EA
:1052400096807B681B685A687B681B6822F48062C2
:105250005A608CE07B68DB6A022B7FD0BB68012B35
:1052600002D0BB68002B79D1786801F03DF8034685
:10527000002B4CD17B681B681A687B681B6822F482
:1052800080621A607B681B685A687B681B6822F41E
:10529000E0625A607B681B681A697B685B6AD2B2FD
:1052A0001A707B685B6A5A1C7B685A627B685B8DEC
:1052B0009BB2013B9AB27B685A857B68202283F8B7
:1052C0003D207B6893F83E30DBB2402B0AD17B68EF
:1052D000002283F83E207B6800221A637868FFF77B
:1052E000BAFD44E07B68002283F83E20FB68082B6F
:1052F00002D0FB68202B03D17B6800221A6302E0F6
:105300007B6812221A637868FFF765FD2FE07B68DF
:105310001B685A687B681B6822F4E0625A607B68ED
:105320001B681A697B685B6AD2B21A707B685B6A19
:105330005A1C7B685A627B685B8D9BB2013B9AB2B8
:105340007B685A857B68202283F83D207B68002299
:1053500083F83E207868FFF788FD08E07B681B68CB
:105360005A687B681B6822F480625A60FFE700BFBE
:105370001037BD4680BD80B584B000AF78607B68D3
:10538000DB6AFB607B685B8D9BB2042B1BD17B6867
:105390001B685A687B681B6822F480625A607B68CD
:1053A0001B681A697B685B6AD2B21A707B685B6A99
:1053B0005A1C7B685A627B685B8D9BB2013B9AB238
:1053C0007B685A85C4E07B685B8D9BB2032B29D137
:1053D0007B681B685A687B681B6822F480625A608D
:1053E000FB68042B0AD0FB68022B07D07B681B6884
:1053F0001A687B681B6822F480621A607B681B68ED
:105400001A697B685B6AD2B21A707B685B6A5A1C45
:105410007B685A627B685B8D9BB2013B9AB27B686A
:105420005A8595E07B685B8D9BB2022B7DD1FB6832
:10543000012B02D0FB68102B08D17B681B681A680F
:105440007B681B6822F480621A6016E0FB68042BFC
:1054500002D0FB68022B08D17B681B681A687B6846
:105460001B6842F480621A6007E07B681B681A6858
:105470007B681B6842F400721A607B681B681A69BB
:105480007B685B6AD2B21A707B685B6A5A1C7B6865
:105490005A627B685B8D9BB2013B9AB27B685A85EE
:1054A0007B681B681A697B685B6AD2B21A707B687A
:1054B0005B6A5A1C7B685A627B685B8D9BB2013BBE
:1054C0009AB27B685A857B681B685A687B681B6840
:1054D00022F440725A607B68202283F83D207B686A
:1054E00093F83E30DBB2402B0AD17B68002283F870
:1054F0003E207B6800221A637868FFF7ACFC27E047
:105500007B68002283F83E20FB68082B02D0FB68F2
:10551000202B03D17B6800221A6302E07B681222F1
:105520001A637868FFF757FC12E07B681B681A69FA
:105530007B685B6AD2B21A707B685B6A5A1C7B68B4
:105540005A627B685B8D9BB2013B9AB27B685A853D
:1055500000BF1037BD4680BD80B483B000AF786017
:105560007B6893F83E30DBB2402B17D17B681B6D14
:10557000002B09D17B685B6CDBB21A467B681B6829
:1055800002F0FE021A6167E07B685B6CDBB243F0FD
:105590000103DAB27B681B681A615DE07B681B69F6
:1055A000B3F5804F33D17B6893F83D30DBB2212BCC
:1055B00009D17B685B6CDBB21A467B681B6802F022
:1055C000FE021A6108E07B685B6CDBB243F001030A
:1055D000DAB27B681B681A617B685B6B002B04D0B6
:1055E0007B685B6BDB6B002B08D17B689B6B002BB4
:1055F00032D07B689B6BDB6B002B2DD07B681B68EC
:105600005A687B681B6842F400625A6024E07B6839
:105610001B6D002B0ED17B685B6C9BB2DB11DBB288
:1056200003F00603DBB263F00F03DAB27B681B689A
:105630001A6111E07B681B6D012B0DD17B685B6CDF
:105640009BB2DB11DBB203F00603DBB263F00E03A7
:10565000DAB27B681B681A6100BF0C37BD465DF883
:10566000047B704780B483B000AF78607B685B6C6C
:10567000DAB27B681B681A617B685B6B002B04D015
:105680007B685B6BDB6B002B08D17B689B6B002B13
:105690000CD07B689B6BDB6B002B07D07B681B6897
:1056A0005A687B681B6842F400625A6000BF0C377E
:1056B000BD465DF8047B704780B491B000AF786060
:1056C0007B6893F83E3087F83F307B68DB6ABB63CA
:1056D0007B681B6B7B637B6893F83D30DBB2222BCE
:1056E00040F069817B681B6D002B0FD197F83F302C
:1056F000402B0BD100233B637B681B685B693B63DA
:105700007B681B689B693B633B6B60E17B681B6D3F
:10571000002B1DD17B681B69B3F5404F18D10023C6
:10572000FB627B681B685B69FB627B681B689B692B
:10573000FB62FB6A7B681B681A687B681B6842F423
:1057400080721A607B681B6D5A1C7B681A653EE18B
:105750007B685B8D9BB2002B13D10023BB627B68FF
:105760001B685B69BB627B681B689B69BB62BB6A29
:105770007B681B681A687B681B6842F400721A60B9
:1057800015E17B685B8D9BB2012B40F08A80BB6B7F
:1057900013F5803F37D17B681B681A687B681B68EC
:1057A00022F480621A607B681B685B6803F4006304
:1057B000B3F5006F13D17B681B681A687B681B68A0
:1057C00022F480621A6000237B627B681B685B693D
:1057D0007B627B681B689B697B627B6AE7E00023D6
:1057E0003B627B681B685B693B627B681B689B69EB
:1057F0003B623B6A7B681B681A687B681B6842F4E3
:1058000000721A60D3E0BB6B082B2ED0BB6B202B31
:105810002BD07B6B122B02D1BB6B012B25D1BB6B29
:10582000042B0ED0BB6B022B0BD0BB6B102B08D004
:105830007B681B681A687B681B6822F480621A60A8
:1058400007E07B681B681A687B681B6842F480620B
:105850001A600023FB617B681B685B69FB617B68E6
:105860001B689B69FB61FB69A1E07B681B681A6888
:105870007B681B6822F480621A600023BB617B682E
:105880001B685B69BB617B681B689B69BB61BB690B
:105890007B681B681A687B681B6842F400721A6098
:1058A00085E07B685B8D9BB2022B4DD1BB6B042BDB
:1058B00016D0BB6B022B13D0BB6B102B10D07B68A8
:1058C0001B681A687B681B6822F480621A607B6818
:1058D0001B681A687B681B6842F400621A6007E064
:1058E0007B681B681A687B681B6842F480621A60D8
:1058F0007B681B685B6803F40063B3F5006F17D126
:10590000BB6B13F5803F0BD0BB6B012B08D0BB6B7F
:10591000082B05D0BB6B102B02D0BB6B202B07D103
:105920007B681B685A687B681B6842F480525A6027
:1059300000237B617B681B685B697B617B681B68FC
:105940009B697B617B6932E07B681B681A687B68B6
:105950001B6842F480621A607B681B685B6803F412
:105960000063B3F5006F17D1BB6B13F5803F0BD00D
:10597000BB6B012B08D0BB6B082B05D0BB6B102B6E
:1059800002D0BB6B202B07D17B681B685A687B68F1
:105990001B6842F480525A6000233B617B681B689D
:1059A0005B693B617B681B689B693B613B697B680A
:1059B00000221A650BE00023FB607B681B685B69B3
:1059C000FB607B681B689B69FB60FB68FFE700BFAF
:1059D0004437BD465DF8047B704780B584B000AFA6
:1059E00078607B6893F83D30FB737B685B8D9BB27E
:1059F000002B2BD07B685B6A1A787B681B681A6166
:105A00007B685B6A5A1C7B685A627B685B8D9BB2C1
:105A1000013B9AB27B685A857B685B8D9BB2002BF9
:105A200014D1FB7B292B11D17B681B685A687B68DA
:105A30001B6822F480625A607B6821221A637B68AB
:105A4000282283F83D207868FFF7CFF900BF103790
:105A5000BD4680BD80B483B000AF78607B685B8D4D
:105A60009BB2002B11D07B685B6A1A787B681B683D
:105A70001A617B685B6A5A1C7B685A627B685B8D23
:105A80009BB2013B9AB27B685A8500BF0C37BD467A
:105A90005DF8047B704780B584B000AF78607B68A8
:105AA00093F83D30FB737B685B8D9BB2002B2CD051
:105AB0007B681B681A697B685B6AD2B21A707B6864
:105AC0005B6A5A1C7B685A627B685B8D9BB2013BA8
:105AD0009AB27B685A857B685B8D9BB2002B14D190
:105AE000FB7B2A2B11D17B681B685A687B681B687B
:105AF00022F480625A607B6822221A637B68282223
:105B000083F83D207868FFF77AF900BF1037BD466B
:105B100080BD80B483B000AF78607B685B8D9BB242
:105B2000002B12D07B681B681A697B685B6AD2B253
:105B30001A707B685B6A5A1C7B685A627B685B8D53
:105B40009BB2013B9AB27B685A8500BF0C37BD46B9
:105B50005DF8047B704780B584B000AF7860396031
:105B60000023FB737B6893F83D30DBB203F028031E
:105B7000282B27D17B681B685A687B681B6822F436
:105B800080625A603B689B0803F00103002B01D13F
:105B90000123FB733B68DB0903F00103002B03D1F6
:105BA0007B68DB68BB8102E07B689B69BB817B68AB
:105BB000002283F83C20BA89FB7B19467868FFF7FE
:105BC00028F90EE00023BB607B681B685B69BB6043
:105BD0007B681B689B69BB60BB687B68002283F89D
:105BE0003C2000BF1037BD4680BD000080B584B0AA
:105BF00000AF78607B6893F83D30FB737B681B686F
:105C00005A687B681B6822F4E0625A600023BB601C
:105C10007B681B685B69BB607B681B681A687B6874
:105C20001B6842F001021A60BB687B681B681A6837
:105C30007B681B6822F480621A607B681B685B6863
:105C400003F40063B3F5006F72D1FB7B222B02D00B
:105C5000FB7B2A2B35D17B689B6B1B685B689AB2F8
:105C60007B685A857B685B8D9BB2002B05D07B6877
:105C70001B6C43F004027B681A647B681B685A68DB
:105C80007B681B6822F400625A607B689B6B184635
:105C9000FEF765FB0346012B49D07B689B6B694A85
:105CA0001A657B689B6B1846FEF737FB0346002B93
:105CB0003DD07B689B6B1B6D7A68926B1046984752
:105CC00035E07B685B6B1B685B689AB27B685A85C2
:105CD0007B685B8D9BB2002B05D07B681B6C43F00F
:105CE00004027B681A647B681B685A687B681B68BF
:105CF00022F400625A607B685B6B1846FEF72FFB4C
:105D00000346012B14D07B685B6B4E4A1A657B6897
:105D10005B6B1846FEF701FB0346002B08D07B683F
:105D20005B6B1B6D7A68526B1046984700E000BFB2
:105D30007B685B8D9BB2002B3ED07B681B685B69E8
:105D400003F00403042B12D17B681B681A697B687B
:105D50005B6AD2B21A707B685B6A5A1C7B685A62B3
:105D60007B685B8D9BB2013B9AB27B685A857B68EE
:105D70001B685B6903F04003402B12D17B681B68F2
:105D80001A697B685B6AD2B21A707B685B6A5A1CBC
:105D90007B685A627B685B8D9BB2013B9AB27B68E1
:105DA0005A857B685B8D9BB2002B05D07B681B6C92
:105DB00043F004027B681A647B681B6C002B03D0E1
:105DC000786800F0B7F839E0FB7B2A2B09D17B68B3
:105DD00000221A637B68282283F83D207868FFF749
:105DE0000EF87B6893F83D30DBB2282B11D17B682D
:105DF000154ADA627B6800221A637B68202283F8E6
:105E00003D207B68002283F83E207868FFF70FF87A
:105E100014E07B681B6B222B02D0FB7B222B0DD165
:105E20007B6800221A637B68202283F83D207B6810
:105E3000002283F83E207868FEF7E1FF00BF1037AC
:105E4000BD4680BD996101080000FFFF80B584B0A8
:105E500000AF78607B6893F83D30FB737B68DB6A4A
:105E6000BB60BB68082B02D0BB68202B29D1FB7B11
:105E7000282B26D17B682E4ADA627B681B685A6819
:105E80007B681B6822F4E0625A607B681B686FF4D1
:105E900080625A617B681B681A687B681B6822F401
:105EA00080621A607B6800221A637B68202283F874
:105EB0003D207B68002283F83E207868FEF7B7FF1C
:105EC00031E0FB7B212B29D17B68194ADA627B68A0
:105ED00021221A637B68202283F83D207B68002200
:105EE00083F83E207B681B685A687B681B6822F435
:105EF000E0625A607B681B686FF480625A617B685D
:105F00001B681A687B681B6822F480621A607868D4
:105F1000FEF72AFD7868FEF768FF04E07B681B68DF
:105F20006FF480625A6100BF1037BD4680BD00BF6C
:105F30000000FFFF80B584B000AF78607B6893F805
:105F40003D30FB737B6893F83E30BB73BB7B102BFB
:105F500002D0BB7B402B0AD1FB7B222B07D17B6875
:105F60001B681A687B681B6822F400621A60FB7B5E
:105F700003F02803282B07D17B6800221A637B6873
:105F8000282283F83D2015E07B681B685B6803F4DA
:105F90000063B3F5006F0AD0FB7B602B07D07B68F2
:105FA000202283F83D207B68002283F83E207B6816
:105FB00000221A637B681B685B6803F40063B3F517
:105FC000006F62D17B681B685A687B681B6822F48B
:105FD00000625A607B685B6B93F83530DBB2012B53
:105FE00020D07B685B6B6A4A1A657B685B6B1846DE
:105FF000FEF793F90346002B00F089807B681B684D
:106000001A687B681B6822F001021A607B682022F4
:1060100083F83D207B685B6B1B6D7A68526B104682
:10602000984774E07B689B6B594A1A657B689B6B49
:106030001846FEF772F90346002B68D07B681B6890
:106040005B6903F04003402B0BD17B681B681A6926
:106050007B685B6AD2B21A707B685B6A5A1C7B6889
:106060005A627B681B681A687B681B6822F0010211
:106070001A607B68202283F83D207B689B6B1B6D38
:106080007A68926B1046984741E07B6893F83D3000
:10609000DBB2602B25D17B68202283F83D207B6812
:1060A00000221A647B681B685B6903F04003402B85
:1060B0000BD17B681B681A697B685B6AD2B21A7065
:1060C0007B685B6A5A1C7B685A627B681B681A682B
:1060D0007B681B6822F001021A607868FEF7CFFE29
:1060E00015E07B681B685B6903F04003402B0BD114
:1060F0007B681B681A697B685B6AD2B21A707B681E
:106100005B6A5A1C7B685A627868FEF7AEFE7B6851
:106110001B6CBB60BB6803F00103002B0ED1BB6896
:1061200003F00203002B09D1BB6803F00403002B2A
:1061300004D1BB6803F00803002B07D07B681B6801
:106140005A687B681B6822F4E0625A607B6893F8A7
:106150003D30FB737B681B6C03F00403042B13D1ED
:10616000FB7B282B10D17B680A4ADA627B6800220D
:106170001A637B68202283F83D207B68002283F825
:106180003E207868FEF753FE00BF1037BD4680BD45
:10619000996101080000FFFF80B586B000AF78600C
:1061A0000023FB607B689B6B7B617B6993F83D30D0
:1061B000FB744B4B1B68DB084A4AA2FB03231A0AF9
:1061C00013469B001344DA00D31AFB60FB68002BD4
:1061D00006D17B691B6C43F020027B691A640AE0DC
:1061E000FB68013BFB607B691B681B6803F4007361
:1061F000B3F5007FEAD07B695B6B002B03D07B6932
:106200005B6B0022DA637B699B6B002B03D07B699D
:106210009B6B0022DA637B691B681A687B691B68C9
:1062200022F480621A607B6900225A857B695B6B6D
:10623000002B03D07B695B6B00221A657B699B6B2B
:10624000002B03D07B699B6B00221A657B691B685E
:106250001A687B691B6822F001021A607B6993F857
:106260003D30DBB2602B0ED17B69202283F83D20CC
:106270007B69002283F83E207B6900221A647869DA
:10628000FEF7FDFD27E0FB7C03F02803282B17D148
:106290007B691B681A687B691B6842F001021A60FF
:1062A0007B691B681A687B691B6842F480621A600C
:1062B0007B6900221A637B69282283F83D2007E06E
:1062C0007B69202283F83D207B69002283F83E20F1
:1062D0007869FEF7CAFD00BF1837BD4680BD00BF14
:1062E0005C00002089B5F81480B485B000AF7860F8
:1062F0000023FB60134B1B68DB08134AA2FB03233C
:106300001A0A13469B001344FB60FB68013BFB60C9
:10631000FB68002B07D17B681B6C43F020027B6875
:106320001A64012308E07B681B681B6803F4007390
:10633000B3F5007FE9D0002318461437BD465DF859
:10634000047B70475C00002089B5F81480B483B0EA
:1063500000AF78607B68DB6AB3F52A0F03D17B68F6
:106360000122DA6207E07B68DB6AB3F12A4F02D1CF
:106370007B680822DA6200BF0C37BD465DF8047BFB
:10638000704780B582B000AF78607B68002B01D188
:1063900001237BE07B685B6A002B08D17B685B682C
:1063A000B3F5827F09D07B680022DA6105E07B6863
:1063B00000221A617B6800225A617B6800229A627F
:1063C0007B6893F85130DBB2002B06D17B6800224A
:1063D00083F85020786807F073FF7B68022283F807
:1063E00051207B681B681A687B681B6822F040029A
:1063F0001A607B685B6803F482727B689B6803F4B5
:1064000004431A437B68DB6803F400631A437B6828
:106410001B6903F002031A437B685B6903F0010305
:106420001A437B689B6903F400731A437B68DB693A
:1064300003F038031A437B681B6A03F0800342EAC7
:1064400003017B689B6A03F400527B681B680A4364
:106450001A607B689B691B0C03F004017B685B6A14
:1064600003F010027B681B680A435A607B681B6854
:10647000DA697B681B6822F40062DA617B680022BB
:106480005A657B68012283F851200023184608379B
:10649000BD4680BD80B588B000AFF860B9603B6094
:1064A0001346FB80FEF7D0F8F861FB887B83FB681E
:1064B00093F85130DBB2012B01D002232AE1BB68F3
:1064C000002B02D0FB88002B01D1012322E1FB68C5
:1064D00093F85030012B01D102231BE1FB6801220C
:1064E00083F85020FB68032283F85120FB680022C8
:1064F0005A65FB68BA681A63FB68FA889A86FB6873
:10650000FA88DA86FB6800229A63FB6800229A8781
:10651000FB680022DA87FB6800225A64FB680022CD
:106520001A64FB689B68B3F5004F0FD1FB681B68CA
:106530001A68FB681B6822F040021A60FB681B683F
:106540001A68FB681B6842F480421A60FB681B688B
:106550001B6803F04003402B07D0FB681B681A68D8
:10656000FB681B6842F040021A60FB68DB68B3F509
:10657000006F52D1FB685B68002B02D07B8B012B34
:1065800045D1FB681B6B1A88FB681B68DA60FB68E7
:106590001B6B9A1CFB681A63FB68DB8E9BB2013B8A
:1065A0009AB2FB68DA8632E0FB681B689B6803F0EE
:1065B0000203022B12D1FB681B6B1A88FB681B6855
:1065C000DA60FB681B6B9A1CFB681A63FB68DB8E46
:1065D0009BB2013B9AB2FB68DA8618E0FEF734F80A
:1065E0000246FB69D31A3A689A4203D83B68B3F172
:1065F000FF3F02D13B68002B09D1FB68012283F8E1
:106600005120FB68002283F85020032382E0FB68BE
:10661000DB8E9BB2002BC7D153E0FB685B68002B7D
:1066200002D07B8B012B47D1FB681A6BFB681B6880
:106630000C3312781A70FB681B6B5A1CFB681A63C8
:10664000FB68DB8E9BB2013B9AB2FB68DA8633E0D3
:10665000FB681B689B6803F00203022B13D1FB68E5
:106660001A6BFB681B680C3312781A70FB681B6B83
:106670005A1CFB681A63FB68DB8E9BB2013B9AB223
:10668000FB68DA8618E0FDF7DFFF0246FB69D31AE4
:106690003A689A4203D83B68B3F1FF3F02D13B68A6
:1066A000002B09D1FB68012283F85120FB680022EE
:1066B00083F8502003232DE0FB68DB8E9BB2002B78
:1066C000C6D1FA693968F86800F0D8FB0346002B98
:1066D00002D0FB6820225A65FB689B68002B0AD118
:1066E00000237B61FB681B68DB687B61FB681B68C0
:1066F0009B687B617B69FB68012283F85120FB6802
:10670000002283F85020FB685B6D002B01D0012331
:1067100000E0002318462037BD4680BD80B588B014
:1067200002AFF860B9603B601346FB80FB6893F8EA
:106730005130DBB2012B01D0022304E1BB68002BF6
:1067400002D0FB88002B01D10123FCE0FB685B68D1
:10675000B3F5827F12D1FB689B68002B0ED1FB68DA
:10676000042283F85120FA883B6800931346BA68E4
:10677000B968F86800F0EBF80346E4E0FDF764FF61
:106780007861FB6893F85030012B01D10223DAE0E5
:10679000FB68012283F85020FB68042283F8512013
:1067A000FB6800225A65FB68BA689A63FB68FA883E
:1067B0009A87FB68FA88DA87FB6800221A63FB680D
:1067C00000229A86FB680022DA86FB6800221A649F
:1067D000FB6800225A64FB689B68B3F5004F0FD139
:1067E000FB681B681A68FB681B6822F040021A608D
:1067F000FB681B681A68FB681B6822F480421A60F9
:10680000FB681B681B6803F04003402B07D0FB6844
:106810001B681A68FB681B6842F040021A60FB683C
:10682000DB68002B70D135E0FB681B689B6803F0C8
:106830000103012B15D1FB681B6803F10C02FB68F7
:106840009B6B1278D2B21A70FB689B6B5A1CFB6868
:106850009A63FB68DB8F9BB2013B9AB2FB68DA87D5
:1068600018E0FDF7F1FE02467B69D31A3A689A42B6
:1068700003D83B68B3F1FF3F02D13B68002B09D13D
:10688000FB68012283F85120FB68002283F8502026
:10689000032358E0FB68DB8F9BB2002BC4D138E0A8
:1068A000FB681B689B6803F00103012B13D1FB6895
:1068B0001B68DA68FB689B6B92B21A80FB689B6B63
:1068C0009A1CFB689A63FB68DB8F9BB2013B9AB210
:1068D000FB68DA8718E0FDF7B7FE02467B69D31A3A
:1068E0003A689A4203D83B68B3F1FF3F02D13B6854
:1068F000002B09D1FB68012283F85120FB6800229C
:1069000083F8502003231EE0FB68DB8F9BB2002B33
:10691000C6D17A693968F86800F04AFA0346002B54
:1069200002D0FB6820225A65FB68012283F85120BF
:10693000FB68002283F85020FB685B6D002B01D0C0
:10694000012300E0002318461837BD4680BD80B5FE
:106950008AB000AFF860B9607A607B8001237B6207
:10696000FDF772FE3862FB6893F85130FB77FB68E5
:106970005B68BB617B88FB82FB7F012B0CD0BB6912
:10698000B3F5827F06D1FB689B68002B02D1FB7FA9
:10699000042B01D002237FE1BB68002B05D07B686C
:1069A000002B02D07B88002B01D1012374E1FB680E
:1069B00093F85030012B01D102236DE1FB680122D5
:1069C00083F85020FB6893F85130DBB2042B03D0DE
:1069D000FB68052283F85120FB6800225A65FB689A
:1069E0007A689A63FB687A88DA87FB687A889A877C
:1069F000FB68BA681A63FB687A88DA86FB687A886B
:106A00009A86FB6800221A64FB6800225A64FB68BD
:106A10001B681B6803F04003402B07D0FB681B6812
:106A20001A68FB681B6842F040021A60FB68DB686A
:106A3000B3F5006F7ED1FB685B68002B02D0FB8A48
:106A4000012B6CD1FB681B6B1A88FB681B68DA6032
:106A5000FB681B6B9A1CFB681A63FB68DB8E9BB29E
:106A6000013B9AB2FB68DA8659E0FB681B689B68B9
:106A700003F00203022B1BD1FB68DB8E9BB2002BC1
:106A800016D07B6A012B13D1FB681B6B1A88FB683D
:106A90001B68DA60FB681B6B9A1CFB681A63FB6857
:106AA000DB8E9BB2013B9AB2FB68DA8600237B62E5
:106AB000FB681B689B6803F00103012B19D1FB687D
:106AC000DB8F9BB2002B14D0FB681B68DA68FB6875
:106AD0009B6B92B21A80FB689B6B9A1CFB689A6353
:106AE000FB68DB8F9BB2013B9AB2FB68DA8701231C
:106AF0007B62FDF7A9FD02463B6AD31A3A6B9A42C4
:106B00000DD83B6BB3F1FF3F09D0FB68012283F83E
:106B10005120FB68002283F850200323BCE0FB686F
:106B2000DB8E9BB2002BA0D1FB68DB8F9BB2002BCE
:106B30009BD182E0FB685B68002B02D0FB8A012BB3
:106B400071D1FB681A6BFB681B680C3312781A70E2
:106B5000FB681B6B5A1CFB681A63FB68DB8E9BB2DD
:106B6000013B9AB2FB68DA865DE0FB681B689B68B4
:106B700003F00203022B1CD1FB68DB8E9BB2002BBF
:106B800017D07B6A012B14D1FB681A6BFB681B685A
:106B90000C3312781A70FB681B6B5A1CFB681A6363
:106BA000FB68DB8E9BB2013B9AB2FB68DA8600235E
:106BB0007B62FB681B689B6803F00103012B19D102
:106BC000FB68DB8F9BB2002B14D0FB681B68DA6874
:106BD000FB689B6BD2B21A70FB689B6B5A1CFB68FC
:106BE0009A63FB68DB8F9BB2013B9AB2FB68DA8742
:106BF00001237B62FDF728FD02463B6AD31A3A6BFC
:106C00009A4203D83B6BB3F1FF3F02D13B6B002BA1
:106C100009D1FB68012283F85120FB68002283F828
:106C20005020032338E0FB68DB8E9BB2002B9CD105
:106C3000FB68DB8F9BB2002B97D13A6A396BF868FF
:106C400000F01CF90346002B08D0FB6820225A658F
:106C5000FB68002283F8502001231DE0FB689B683D
:106C6000002B0AD100233B61FB681B68DB683B619A
:106C7000FB681B689B683B613B69FB68012283F8EA
:106C80005120FB68002283F85020FB685B6D002BCD
:106C900001D0012300E0002318462837BD4680BDFF
:106CA00080B588B000AFF860B9603B601346FB71F7
:106CB000FDF7CAFC0246BB6A9B1A3A681344FB61A3
:106CC000FDF7C2FCB861394B1B685B011B0DFA690B
:106CD00002FB03F37B6155E03B68B3F1FF3F51D00A
:106CE000FDF7B2FC0246BB69D31AFA699A4202D98F
:106CF000FB69002B3DD1FB681B685A68FB681B6869
:106D000022F0E0025A60FB685B68B3F5827F11D124
:106D1000FB689B68B3F5004F04D0FB689B68B3F534
:106D2000806F07D1FB681B681A68FB681B6822F03C
:106D300040021A60FB689B6AB3F5005F0FD1FB68E5
:106D40001B681A68FB681B6822F400521A60FB6813
:106D50001B681A68FB681B6842F400521A60FB68E3
:106D6000012283F85120FB68002283F8502003237E
:106D700018E07B69002B02D10023FB6102E07B69F4
:106D8000013B7B61FB681B689A68BB681340BA686B
:106D90009A420CBF01230023DBB21A46FB799A42C8
:106DA0009AD1002318462037BD4680BD5C000020E4
:106DB00080B586B002AFF860B9607A60FB685B6846
:106DC000B3F5827F11D1FB689B68B3F5004F04D007
:106DD000FB689B68B3F5806F07D1FB681B681A6876
:106DE000FB681B6822F040021A60FB685B68B3F521
:106DF000827F2AD1FB689B68B3F5806F12D07B68D5
:106E00000093BB6800228021F868FFF749FF034622
:106E1000002B2DD0FB685B6D43F02002FB685A65A8
:106E2000032326E07B680093BB6800220121F868F9
:106E3000FFF736FF0346002B1AD0FB685B6D43F06B
:106E40002002FB685A65032313E07B680093BB684C
:106E500000220121F868FFF723FF0346002B07D02B
:106E6000FB685B6D43F02002FB685A65032300E07A
:106E7000002318461037BD4680BD000080B588B09D
:106E800002AFF860B9607A607B680093BB6801224A
:106E90000221F868FFF704FF0346002B07D0FB68C8
:106EA0005B6D43F02002FB685A65032332E01B4B05
:106EB0001B681B4AA2FB03235B0D4FF47A7202FB93
:106EC00003F37B61FB685B68B3F5827F12D17B685B
:106ED0000093BB6800228021F868FFF7E1FE0346BB
:106EE000002B16D0FB685B6D43F02002FB685A65EF
:106EF00003230FE07B69002B0AD07B69013B7B6198
:106F0000FB681B689B6803F08003802BF2D000E0D5
:106F100000BF002318461837BD4680BD5C00002026
:106F2000819F5E1680B582B000AF78607B68002BD1
:106F300001D1012342E07B6893F84130DBB2002BA2
:106F400006D17B68002283F84020786807F002FEB3
:106F50007B68242283F841207B681B68DA687B68A1
:106F60001B6822F40052DA60786800F0FBFD7B6851
:106F70001B681A697B681B6822F490421A617B685F
:106F80001B685A697B681B6822F02A025A617B6879
:106F90001B68DA687B681B6842F40052DA607B6821
:106FA00000225A647B68202283F841207B682022DB
:106FB00083F842207B6800225A6300231846083772
:106FC000BD4680BD80B582B000AF78607B68002B85
:106FD00001D1012324E07B68242283F841207B68CF
:106FE0001B68DA687B681B6822F40052DA607868F4
:106FF00007F07AFE7B6800225A647B68002283F8DF
:1070000041207B68002283F842207B6800221A63BB
:107010007B6800225A637B68002283F840200023AB
:1070200018460837BD4680BD80B58AB002AFF8600B
:10703000B9603B601346FB8000237B61FB6893F8DB
:107040004130DBB2202B75D1BB68002B02D0FB880E
:10705000002B01D101236EE0FB6800225A64FB681B
:10706000212283F84120FDF7EFFA7861FB68FA8866
:107070009A84FB68FA88DA84FB689B68B3F5805FC2
:1070800008D1FB681B69002B04D10023FB61BB689E
:10709000BB6103E0BB68FB610023BB612EE03B6882
:1070A00000937B6900228021F86800F02DFB0346E5
:1070B000002B05D0FB68202283F8412003233AE00F
:1070C000FB69002B0BD1BB691B881A46FB681B6848
:1070D000C2F308025A60BB690233BB6107E0FB6977
:1070E0001A78FB681B685A60FB690133FB61FB6817
:1070F000DB8C9BB2013B9AB2FB68DA84FB68DB8CC9
:107100009BB2002BCBD13B6800937B6900224021CE
:10711000F86800F0F9FA0346002B05D0FB6820223E
:1071200083F84120032306E0FB68202283F84120F6
:10713000002300E0022318462037BD4680BD80B5FD
:1071400084B000AFF860B9601346FB80FB6893F829
:107150004230DBB2202B12D1BB68002B02D0FB885F
:10716000002B01D101230BE0FB6800221A63FB888E
:107170001A46B968F86800F020FB034600E00223D5
:1071800018461037BD4680BD80B5BAB000AF7860F4
:107190007B681B681B68C7F8E4307B681B68DB688A
:1071A000C7F8E0307B681B685B69C7F8DC300023F8
:1071B000C7F8D8300023C7F8D430D7F8E43003F04C
:1071C0000F03C7F8D830D7F8D830002B0FD1D7F835
:1071D000E43003F02003002B09D0D7F8E03003F0AF
:1071E0002003002B03D0786800F0FDFB73E2D7F892
:1071F000D830002B00F0DE80D7F8DC3003F001033C
:10720000002B06D1D7F8E03003F49073002B00F088
:10721000D180D7F8E43003F00103002B0BD0D7F86E
:10722000E03003F48073002B05D07B685B6C43F087
:1072300001027B685A64D7F8E43003F00403002BA2
:107240000BD0D7F8DC3003F00103002B05D07B68AE
:107250005B6C43F002027B685A64D7F8E43003F0B9
:107260000203002B0BD0D7F8DC3003F00103002B16
:1072700005D07B685B6C43F004027B685A64D7F8E6
:10728000E43003F00803002B11D0D7F8E03003F00E
:107290002003002B05D1D7F8DC3003F00103002BCD
:1072A00005D07B685B6C43F008027B685A647B689E
:1072B0005B6C002B00F00A82D7F8E43003F0200367
:1072C000002B08D0D7F8E03003F02003002B02D0C9
:1072D000786800F088FB7B681B685B6903F04003FB
:1072E000402B0CBF01230023DBB2C7F8D4307B68EE
:1072F0005B6C03F00803002B03D1D7F8D430002BCC
:107300004FD0786800F093FA7B681B685B6903F0E4
:107310004003402B41D17B681B681433C7F89C3075
:10732000D7F89C3053E8003FC7F89830D7F898302A
:1073300023F04003C7F8D0307B681B681433D7F8BC
:10734000D020C7F8A820C7F8A430D7F8A410D7F8E1
:10735000A82041E80023C7F8A030D7F8A030002BC0
:10736000D9D17B68DB6B002B13D07B68DB6B8A4A3F
:107370001A657B68DB6B1846FCF7CFFF0346002BD2
:1073800016D07B68DB6B1B6D7A68D26B1046984712
:107390000EE0786808F00EF90AE0786808F00AF95B
:1073A00006E0786808F006F97B6800225A648DE1EF
:1073B00000BF8BE17B681B6B012B40F06781D7F826
:1073C000E43003F01003002B00F06081D7F8E030C8
:1073D00003F01003002B00F059810023BB607B6891
:1073E0001B681B68BB607B681B685B68BB60BB6815
:1073F0007B681B685B6903F04003402B40F0CE8044
:107400007B68DB6B1B685B68A7F8BE30B7F8BE30E3
:10741000002B00F0A9807B689B8DB7F8BE209A42B4
:1074200080F0A2807B68B7F8BE20DA857B68DB6BD2
:10743000DB69B3F5807F00F088807B681B680C33C4
:10744000C7F88830D7F8883053E8003FC7F8843051
:10745000D7F8843023F48073C7F8B8307B681B6892
:107460000C33D7F8B820C7F89420C7F89030D7F875
:107470009010D7F8942041E80023C7F88C30D7F853
:107480008C30002BD9D17B681B6814337B677B6FF2
:1074900053E8003F3B673B6F23F00103C7F8B4306C
:1074A0007B681B681433D7F8B420C7F88020FB67CB
:1074B000F96FD7F8802041E80023BB67BB6F002B32
:1074C000E1D17B681B6814333B663B6E53E8003F99
:1074D000FB65FB6D23F04003C7F8B0307B681B6889
:1074E0001433D7F8B020FA66BB66B96EFA6E41E87D
:1074F00000237B667B6E002BE3D17B68202283F820
:1075000042207B6800221A637B681B680C33FB6493
:10751000FB6C53E8003FBB64BB6C23F01003C7F85F
:10752000AC307B681B680C33D7F8AC20BA657B6540
:10753000796DBA6D41E800233B653B6D002BE3D1CB
:107540007B68DB6B1846FCF778FE7B6802225A6387
:107550007B689A8D7B68DB8D9BB2D31A9BB21946F0
:10756000786800F0C5F8B3E07B689B8DB7F8BE2063
:107570009A4240F0AD807B68DB6BDB69B3F5807FBE
:1075800040F0A6807B6802225A637B689B8D194677
:10759000786800F0ADF89BE0F57801087B689A8D7B
:1075A0007B68DB8D9BB2D31AA7F8CE307B68DB8D6E
:1075B0009BB2002B00F08E80B7F8CE30002B00F08D
:1075C00089807B681B680C33BB63BB6B53E8003F4F
:1075D0007B637B6B23F49073C7F8C8307B681B68B0
:1075E0000C33D7F8C8207A643B64396C7A6C41E874
:1075F0000023FB63FB6B002BE3D17B681B68143318
:107600007B627B6A53E8003F3B623B6A23F00103E5
:10761000C7F8C4307B681B681433D7F8C4203A63BA
:10762000FB62F96A3A6B41E80023BB62BB6A002B3C
:10763000E3D17B68202283F842207B6800221A6312
:107640007B681B680C333B613B6953E8003FFB6080
:10765000FB6823F01003C7F8C0307B681B680C334D
:10766000D7F8C020FA61BB61B969FA6941E8002323
:107670007B617B69002BE3D17B6802225A63B7F8F8
:10768000CE301946786800F033F823E0D7F8E430BC
:1076900003F08003002B09D0D7F8E03003F080031B
:1076A000002B03D0786800F036F914E0D7F8E43006
:1076B00003F04003002B0ED0D7F8E03003F0400376
:1076C000002B08D0786800F076F904E000BF02E0F3
:1076D00000BF00E000BFE837BD4680BD80B483B086
:1076E00000AF786000BF0C37BD465DF8047B704783
:1076F00080B483B000AF78600B467B8000BF0C374E
:10770000BD465DF8047B704780B586B000AFF86079
:10771000B9603B601346FB713BE03B6AB3F1FF3F4E
:1077200037D0FCF791FF02463B68D31A3A6A9A4277
:1077300002D33B6A002B01D103233AE0FB681B68AC
:10774000DB6803F00403002B23D0BB68802B20D020
:10775000BB68402B1DD0FB681B681B6803F0080347
:10776000082B16D100237B61FB681B681B687B61BB
:10777000FB681B685B687B617B69F86800F057F801
:10778000FB6808225A64FB68002283F8402001232A
:107790000FE0FB681B681A68BB681340BA689A421E
:1077A0000CBF01230023DBB21A46FB799A42B4D006
:1077B000002318461837BD4680BD80B485B000AFA1
:1077C000F860B9601346FB80FB68BA689A62FB6890
:1077D000FA889A85FB68FA88DA85FB6800225A6481
:1077E000FB68222283F84220FB681B69002B07D02C
:1077F000FB681B68DA68FB681B6842F48072DA6019
:10780000FB681B685A69FB681B6842F001025A61F9
:10781000FB681B68DA68FB681B6842F02002DA60CC
:10782000002318461437BD465DF8047B704780B4CA
:1078300095B000AF78607B681B680C337B637B6B13
:1078400053E8003F3B633B6B23F49073FB647B681E
:107850001B680C33FA6C3A64FB63F96B3A6C41E8D1
:107860000023BB63BB6B002BE5D17B681B68143323
:107870003B623B6A53E8003FFB61FB6923F0010375
:10788000BB647B681B681433BA6CFA62BB62B96A6A
:10789000FA6A41E800237B627B6A002BE5D17B68B2
:1078A0001B6B012B19D17B681B680C33FB60FB68D9
:1078B00053E8003FBB60BB6823F010037B647B6828
:1078C0001B680C337A6CBA617B617969BA6941E8EB
:1078D00000233B613B69002BE5D17B68202283F8C4
:1078E00042207B6800221A6300BF5437BD465DF812
:1078F000047B704780B584B000AF78607B689B6B79
:10790000FB60FB680022DA85F86807F053FE00BFD1
:107910001037BD4680BD80B485B000AF78607B680D
:1079200093F84130DBB2212B3ED17B689B68B3F5E5
:10793000805F14D17B681B69002B10D17B681B6AA8
:10794000FB60FB681B881A467B681B68C2F3080251
:107950005A607B681B6A9A1C7B681A6208E07B6825
:107960001B6A591C7A6811621A787B681B685A6016
:107970007B68DB8C9BB2013B9BB27A681946D18451
:10798000002B0FD17B681B68DA687B681B6822F0CC
:107990008002DA607B681B68DA687B681B6842F0EB
:1079A0004002DA60002300E0022318461437BD4687
:1079B0005DF8047B704780B582B000AF78607B686B
:1079C0001B68DA687B681B6822F04002DA607B681B
:1079D000202283F841207868FFF780FE00231846B4
:1079E0000837BD4680BD80B58CB000AF78600023FD
:1079F000FB620023BB627B6893F84230DBB2222B30
:107A000040F0AA807B689B68B3F5805F15D17B68E6
:107A10001B69002B11D17B689B6ABB627B681B686A
:107A20005B689BB2C3F308039AB2BB6A1A807B6897
:107A30009B6A9A1C7B689A6224E07B689B6AFB6263
:107A40007B689B68B3F5805F07D07B689B68002BE1
:107A50000AD17B681B69002B06D17B681B685B68B9
:107A6000DAB2FB6A1A7008E07B681B685B68DBB2FD
:107A700003F07F03DAB2FB6A1A707B689B6A5A1CB8
:107A80007B689A627B68DB8D9BB2013B9BB27A6814
:107A90001946D185002B5DD17B681B68DA687B684D
:107AA0001B6822F02002DA607B681B68DA687B685A
:107AB0001B6822F48072DA607B681B685A697B68F5
:107AC0001B6822F001025A617B68202283F8422061
:107AD0007B6800225A637B681B6B012B35D17B6866
:107AE00000221A637B681B680C337B617B6953E857
:107AF000003F3B613B6923F010037B627B681B689E
:107B00000C337A6A3A62FB61F9693A6A41E8002308
:107B1000BB61BB69002BE5D17B681B681B6803F068
:107B20001003102B0AD10023FB607B681B681B68C5
:107B3000FB607B681B685B68FB60FB687B689B8DF8
:107B400019467868FFF7D4FD02E0786807F0D6FCA4
:107B5000002302E0002300E0022318463037BD4630
:107B600080BD00002DE9B04FC0B000AFC7F8F400F1
:107B7000D7F8F4301B681B6923F44050D7F8F43071
:107B8000D968D7F8F4301A6840EA01031361D7F8CE
:107B9000F4309A68D7F8F4301B691A43D7F8F430F8
:107BA0005B691A43D7F8F430DB691343C7F8F83040
:107BB000D7F8F4301B68DB6823F4164121F00C0180
:107BC000D7F8F4301A68D7F8F8300B43D360D7F8F9
:107BD000F4301B685B6923F44070D7F8F43099697E
:107BE000D7F8F4301A6840EA01035361D7F8F4304B
:107BF0001A688F4B9A4205D0D7F8F4301A688D4B2B
:107C00009A4204D1FBF7F0FFC7F8FC0003E0FBF752
:107C1000D7FFC7F8FC00D7F8F430DB69B3F5004FA5
:107C200040F00C81D7F8FC300022C7F8E830C7F8E4
:107C3000EC20D7E93A4522462B469118B9655B41BD
:107C4000FB65D7E91623214612EB0108294643EBD1
:107C500001094FF000024FF000034FEAC90343EA65
:107C600058734FEAC80290469946234618EB03031F
:107C7000C7F8E0302B4649EB0303C7F8E430D7F8E8
:107C8000F4305B680022C7F8D830C7F8DC20D7E9A9
:107C900036120B46DB183B65134642EB03037B654C
:107CA000D7E91423D7E93801F8F758FE02460B4606
:107CB000614BA3FB02235B091C01D7F8FC300022B7
:107CC000C7F8D030C7F8D420D7E9348942464B46AC
:107CD0009118B9645B41FB64D7E91223414612EB6A
:107CE000010A494643EB010B4FF000024FF000033D
:107CF0004FEACB0343EA5A734FEACA0292469B46C5
:107D000043461AEB0303C7F8C8304B464BEB03035B
:107D1000C7F8CC30D7F8F4305B680022C7F8C03021
:107D2000C7F8C420D7E930120B46DB183B64134672
:107D300042EB03037B64D7E91023D7E93201F8F75C
:107D40000DFE02460B4611463B4BA3FB01235B098C
:107D5000642202FB03F3CB1ADB0003F13202364B41
:107D6000A3FB02235B095B0003F4F8731C44D7F800
:107D7000FC300022C7F8B830C7F8BC20D7E92E89FC
:107D800042464B469118B9635B41FB63D7E90E232A
:107D900041465118396349464B417B634FF000021D
:107DA0004FF00003D7E90CAB5946CB00514643EAEC
:107DB00051735146CA0010461946034642469B1865
:107DC000C7F8B0304B460A4642EB0303C7F8B4305D
:107DD000D7F8F4305B680022C7F8A830C7F8AC20A9
:107DE000D7E92A120B46DB18BB62134642EB0303AA
:107DF000FB62D7E90A23D7E92C01F8F7AFFD024669
:107E00000B460D4BA3FB02135B09642101FB03F33B
:107E1000D31ADB003233084AA2FB03235B0903F0C9
:107E20000702D7F8F4301B6822449A6006E100BFCD
:107E300000100140001401401F85EB51D7F8FC30C1
:107E40000022C7F8A030C7F8A420D7E92889424605
:107E50004B46911839625B417B62D7E90823414662
:107E60005418494643EB01054FF000024FF0000360
:107E7000EB0043EA5473E20014461D464346E31800
:107E8000C7F898304B4645EB0303C7F89C30D7F84A
:107E9000F4305B680022C7F89030C7F894204FF0A8
:107EA00000024FF00003D7E9244529468B00214604
:107EB00043EA917321468A00D7E92601F8F74EFD7F
:107EC00002460B46604BA3FB02235B091C01D7F85B
:107ED000FC300022C7F88830C7F88C20D7E9228907
:107EE00042464B469118B9615B41FB61D7E90623D5
:107EF00041465118396149464B417B614FF00002C0
:107F00004FF00003D7E904AB5946CB00514643EA92
:107F100051735146CA0010461946034642469B1803
:107F2000C7F880304B460A4642EB0303C7F884305B
:107F3000D7F8F4305B680022BB67FA674FF00002A5
:107F40004FF00003D7E91E8949468B00414643EABA
:107F5000917341468A00D7E92001F8F7FFFC0246F9
:107F60000B461146384BA3FB01235B09642202FB3D
:107F700003F3CB1A1B013233334AA2FB03235B0901
:107F800003F0F0031C44D7F8FC3000223B677A670B
:107F9000D7E91C8942464B469118B9605B41FB60AA
:107FA000D7E9022341465118396049464B417B606D
:107FB0004FF000024FF00003D7E900AB5946CB0069
:107FC000514643EA51735146CA00104619460346CA
:107FD00042469B18BB664B460A4642EB0303FB66D0
:107FE000D7F8F4305B6800223B667A664FF00002F7
:107FF0004FF00003D7E9188949468B00414643EA10
:10800000917341468A00D7E91A01F8F7A7FC0246A6
:108010000B460D4BA3FB02135B09642101FB03F329
:10802000D31A1B013233084AA2FB03235B0903F076
:108030000F02D7F8F4301B6822449A6000BF07F59E
:108040008077BD46BDE8B08F1F85EB5180B483B00B
:1080500000AF78607B6803F108027B685A607B6838
:108060004FF0FF329A607B6803F108027B68DA60A8
:108070007B6803F108027B681A617B6800221A6042
:1080800000BF0C37BD465DF8047B704780B483B0F9
:1080900000AF78607B6800221A6100BF0C37BD46D4
:1080A0005DF8047B704780B485B000AF78603960BC
:1080B0007B685B68FB603B68FA685A60FB689A689B
:1080C0003B689A60FB689B683A685A60FB683A684C
:1080D0009A603B687A681A617B681B685A1C7B68E7
:1080E0001A6000BF1437BD465DF8047B704780B44A
:1080F00085B000AF786039603B681B68BB60BB68C7
:10810000B3F1FF3F03D17B681B69FB600CE07B6828
:108110000833FB6002E0FB685B68FB60FB685B6840
:108120001B68BA689A42F6D2FB685A683B685A6084
:108130003B685B683A689A603B68FA689A60FB68DB
:108140003A685A603B687A681A617B681B685A1CF7
:108150007B681A6000BF1437BD465DF8047B70472A
:1081600080B485B000AF78607B681B69FB607B687A
:108170005B687A6892689A607B689B687A685268E4
:108180005A60FB685B687A689A4203D17B689A6898
:10819000FB685A607B6800221A61FB681B685A1EE4
:1081A000FB681A60FB681B6818461437BD465DF80B
:1081B000047B704780B584B000AF786039607B681D
:1081C000FB60FB68002B0BD14FF0500383F3118849
:1081D000BFF36F8FBFF34F8FBB6000BF00BFFDE7E2
:1081E00002F09AFAFB681A68FB68DB6BF968096CA5
:1081F00001FB03F31A44FB689A60FB6800229A6350
:10820000FB681A68FB685A60FB681A68FB68DB6BDE
:10821000013BF968096C01FB03F31A44FB68DA605F
:10822000FB68FF2283F84420FB68FF2283F8452087
:108230003B68002B14D1FB681B69002B1AD0FB682C
:108240001033184601F02AFA0346002B12D00D4BCA
:108250004FF080521A60BFF34F8FBFF36F8F09E06A
:10826000FB6810331846FFF7F1FEFB68243318460D
:10827000FFF7ECFE02F082FA012318461037BD46E4
:1082800080BD00BF04ED00E080B58EB002AFF860A5
:10829000B9607A603B60FB68002B0BD14FF0500354
:1082A00083F31188BFF36F8FBFF34F8FBB6200BFA3
:1082B00000BFFDE73B68002B0BD14FF0500383F369
:1082C0001188BFF36F8FBFF34F8F7B6200BF00BF7A
:1082D000FDE77B68002B02D0BB68002B01D0012397
:1082E00000E00023002B0BD14FF0500383F31188E3
:1082F000BFF36F8FBFF34F8F3B6200BF00BFFDE73F
:108300007B68002B02D1BB68002B01D1012300E068
:108310000023002B0BD14FF0500383F31188BFF3E0
:108320006F8FBFF34F8FFB6100BF00BFFDE7482396
:108330007B617B69482B0BD04FF0500383F311888E
:10834000BFF36F8FBFF34F8FBB6100BF00BFFDE76F
:108350007B693B68FB62FB6A002B0DD0FB6A012244
:1083600083F8462097F83820FB6A009313467A6812
:10837000B968F86800F040F8FB6A18463037BD4627
:1083800080BD80B58AB002AFF860B9601346FB715A
:10839000FB68002B0BD14FF0500383F31188BFF320
:1083A0006F8FBFF34F8F3B6100BF00BFFDE7FB68DE
:1083B000BA6802FB03F3FB61FB694833184601F01E
:1083C00089FEB861BB69002B11D0BB697B617B69F9
:1083D00048337B61BB69002283F84620FA79BB6988
:1083E000009313467A69B968F86800F005F8BB692C
:1083F00018462037BD4680BD80B584B000AFF86018
:10840000B9607A60FB70BB68002B03D1BB69BA69A5
:108410001A6002E0BB697A681A60BB69FA68DA63BD
:10842000BB69BA681A640121B869FFF7C3FE00BFCF
:108430001037BD4680BD80B582B000AF78607B68E4
:10844000002B0ED07B6800229A607B6800221A60A5
:108450007B680022DA60002300220021786800F0A7
:1084600037F800BF0837BD4680BD80B586B000AF85
:108470000346FB7101237B6100233B61FB791A46B4
:1084800039697869FFF77DFFF860F868FFF7D3FF77
:10849000FB6818461837BD4680BD80B588B002AF6E
:1084A00003463960FB7101237B6100233B61FB794B
:1084B00000933B68002239697869FFF7E5FEF860B0
:1084C000F868FFF7B8FFFB6818461837BD4680BD4F
:1084D00080B58EB000AFF860B9607A603B60002371
:1084E0007B63FB683B633B6B002B0BD14FF050036E
:1084F00083F31188BFF36F8FBFF34F8FBB6200BF51
:1085000000BFFDE7BB68002B03D13B6B1B6C002B4E
:1085100001D1012300E00023002B0BD14FF05003C9
:1085200083F31188BFF36F8FBFF34F8F7B6200BF60
:1085300000BFFDE73B68022B03D13B6BDB6B012BDC
:1085400001D1012300E00023002B0BD14FF0500399
:1085500083F31188BFF36F8FBFF34F8F3B6200BF70
:1085600000BFFDE701F062FA0346002B02D17B68F1
:10857000002B01D1012300E00023002B0BD14FF091
:10858000500383F31188BFF36F8FBFF34F8FFB61ED
:1085900000BF00BFFDE702F0BFF83B6B9A6B3B6B7F
:1085A000DB6B9A4202D33B68022B29D13A68B96847
:1085B000386B00F0C9FAF8623B6B5B6A002B10D095
:1085C0003B6B2433184601F069F80346002B13D0A7
:1085D0003F4B4FF080521A60BFF34F8FBFF36F8F46
:1085E0000AE0FB6A002B07D0394B4FF080521A602B
:1085F000BFF34F8FBFF36F8F02F0C0F8012363E02A
:108600007B68002B03D102F0B9F800235CE07B6BA0
:10861000002B06D107F11403184601F0A3F801233B
:108620007B6302F0ABF800F025FE02F075F83B6BBF
:1086300093F844305BB2B3F1FF3F03D13B6B0022B0
:1086400083F844203B6B93F845305BB2B3F1FF3FB6
:1086500003D13B6B002283F8452002F08FF83A1DCE
:1086600007F114031146184601F092F80346002B57
:1086700024D1386B00F060FB0346002B18D03B6B15
:1086800010337A681146184600F0E2FF386B00F0AC
:10869000EBFA00F0FDFD0346002B7FF47CAF0C4BA2
:1086A0004FF080521A60BFF34F8FBFF36F8F72E7A6
:1086B000386B00F0D9FA00F0EBFD6CE7386B00F096
:1086C000D3FA00F0E5FD002318463837BD4680BDDB
:1086D00004ED00E080B58EB000AF786039607B6853
:1086E0003B633B6B002B0BD14FF0500383F311889E
:1086F000BFF36F8FBFF34F8F3B6200BF00BFFDE73B
:108700003B6B1B6C002B0BD04FF0500383F3118895
:10871000BFF36F8FBFF34F8FFB6100BF00BFFDE75B
:108720003B6B1B68002B03D13B6B9B68002B01D17B
:10873000012300E00023002B0BD14FF0500383F303
:108740001188BFF36F8FBFF34F8FBB6100BF00BFB6
:10875000FDE702F0C1F8EFF311824FF0500383F30D
:108760001188BFF36F8FBFF34F8F7A613B617B69D5
:10877000FB623B6B9B6BBB623B6BDB6BBA6A9A42E7
:108780002BD23B6B93F8453087F82730BB6A5A1CD5
:108790003B6B9A6397F92730B3F1FF3F12D13B6BE4
:1087A0005B6A002B16D03B6B2433184600F076FF33
:1087B0000346002B0ED03B68002B0BD03B680122F8
:1087C0001A6007E097F827300133DBB25AB23B6BEF
:1087D00083F8452001237B6301E000237B63FB6A70
:1087E000FB60FB6883F3118800BF7B6B184638374A
:1087F000BD4680BD80B58EB000AF78603960002383
:108800007B637B68FB6200233B63FB6A002B0BD11D
:108810004FF0500383F31188BFF36F8FBFF34F8F77
:108820003B6200BF00BFFDE7FB6A1B6C002B0BD057
:108830004FF0500383F31188BFF36F8FBFF34F8F57
:10884000FB6100BF00BFFDE701F0F0F80346002B1D
:1088500002D13B68002B01D1012300E00023002B53
:108860000BD14FF0500383F31188BFF36F8FBFF329
:108870004F8FBB6100BF00BFFDE701F04DFFFB6AFA
:108880009B6BBB62BB6A002B24D0BB6A5A1EFB6A7F
:108890009A63FB6A1B68002B04D101F073FA02464D
:1088A000FB6A9A60FB6A1B69002B0FD0FB6A1033CE
:1088B000184600F0F3FE0346002B07D0544B4FF050
:1088C00080521A60BFF34F8FBFF36F8F01F056FFD6
:1088D000012398E03B68002B12D13B6B002B0BD09F
:1088E0004FF0500383F31188BFF36F8FBFF34F8FA7
:1088F0007B6100BF00BFFDE701F040FF002382E085
:108900007B6B002B06D107F10C03184600F02AFF01
:1089100001237B6301F032FF00F0ACFC01F0FCFEB0
:10892000FB6A93F844305BB2B3F1FF3F03D1FB6ABB
:10893000002283F84420FB6A93F845305BB2B3F120
:10894000FF3F03D1FB6A002283F8452001F016FFA8
:108950003A4607F10C031146184600F019FF03468A
:10896000002B32D1F86A00F0D1F90346002B26D053
:10897000FB6A1B68002B09D101F0CEFEFB6A9B68E5
:10898000184601F071F8386301F0F8FEFB6A2433F1
:108990003A681146184600F05BFEF86A00F064F988
:1089A00000F076FC0346002B7FF467AF184B4FF0C6
:1089B00080521A60BFF34F8FBFF36F8F5DE7F86A85
:1089C00000F052F900F064FC57E7F86A00F04CF947
:1089D00000F05EFCF86A00F099F90346002B3FF4C2
:1089E0004CAF3B6B002B0DD001F096FEF86A00F007
:1089F00093F87862FB6A9B68796A184601F032F94D
:108A000001F0BCFE002318463837BD4680BD00BFCC
:108A100004ED00E080B58EB000AFF860B9607A6018
:108A2000FB683B633B6B002B0BD14FF0500383F390
:108A30001188BFF36F8FBFF34F8F3B6200BF00BF42
:108A4000FDE7BB68002B03D13B6B1B6C002B01D1F6
:108A5000012300E00023002B0BD14FF0500383F3E0
:108A60001188BFF36F8FBFF34F8FFB6100BF00BF53
:108A7000FDE701F031FFEFF311824FF0500383F374
:108A80001188BFF36F8FBFF34F8FBA617B61BB69F2
:108A9000FB623B6B9B6BBB62BB6A002B2FD03B6BBB
:108AA00093F8443087F82730B968386B00F0B6F88F
:108AB000BB6A5A1E3B6B9A6397F92730B3F1FF3FAD
:108AC00012D13B6B1B69002B16D03B6B1033184641
:108AD00000F0E4FD0346002B0ED07B68002B0BD08A
:108AE0007B6801221A6007E097F827300133DBB278
:108AF0005AB23B6B83F8442001237B6301E00023DF
:108B00007B63FB6A3B613B6983F3118800BF7B6B2E
:108B100018463837BD4680BD80B485B000AF786058
:108B20007B685B6A002B06D07B681B6B1B68C3F1FC
:108B30000703FB6001E00023FB60FB681846143765
:108B4000BD465DF8047B704780B586B000AFF86025
:108B5000B9607A6000237B61FB689B6B3B61FB68BB
:108B60001B6C002B0DD1FB681B68002B4DD1FB68E3
:108B70009B68184600F0EEFF7861FB6800229A605F
:108B800043E07B68002B19D1FB685868FB681B6CBD
:108B90001A46B9680CF04CFCFB685A68FB681B6C01
:108BA0001A44FB685A60FB685A68FB689B689A42E3
:108BB0002BD3FB681A68FB685A6026E0FB68D8680C
:108BC000FB681B6C1A46B9680CF032FCFB68DA686B
:108BD000FB681B6C5B421A44FB68DA60FB68DA686E
:108BE000FB681B689A4207D2FB689A68FB681B6C9B
:108BF0005B421A44FB68DA607B68022B05D13B6953
:108C0000002B02D03B69013B3B613B695A1CFB686E
:108C10009A637B6918461837BD4680BD80B582B01F
:108C200000AF786039607B681B6C002B18D07B68C4
:108C3000DA687B681B6C1A447B68DA607B68DA68E8
:108C40007B689B689A4203D37B681A687B68DA600A
:108C50007B68D9687B681B6C1A4638680CF0E8FBA7
:108C600000BF0837BD4680BD80B584B000AF7860D6
:108C700001F052FD7B6893F84530FB7311E07B688F
:108C80005B6A002B12D07B682433184600F006FD87
:108C90000346002B01D000F0DFFDFB7B013BDBB284
:108CA000FB7397F90F30002BE9DC00E000BF7B6815
:108CB000FF2283F8452001F061FD01F02DFD7B6866
:108CC00093F84430BB7311E07B681B69002B12D012
:108CD0007B681033184600F0E1FC0346002B01D0FE
:108CE00000F0BAFDBB7B013BDBB2BB7397F90E30E2
:108CF000002BE9DC00E000BF7B68FF2283F8442002
:108D000001F03CFD00BF1037BD4680BD80B584B08A
:108D100000AF786001F000FD7B689B6B002B02D1F7
:108D20000123FB6001E00023FB6001F027FDFB68ED
:108D300018461037BD4680BD80B584B000AF78605E
:108D400001F0EAFC7B689A6B7B68DB6B9A4202D18C
:108D50000123FB6001E00023FB6001F00FFDFB68D5
:108D600018461037BD4680BD80B58EB004AFF860A0
:108D7000B9607A603B607B6B002B0BD14FF05003E6
:108D800083F31188BFF36F8FBFF34F8F3B6200BF38
:108D900000BFFDE7BB6B002B0BD14FF0500383F3FB
:108DA0001188BFF36F8FBFF34F8FFB6100BF00BF10
:108DB000FDE74FF4BC733B613B69B3F5BC7F0BD05F
:108DC0004FF0500383F31188BFF36F8FBFF34F8FC2
:108DD000BB6100BF00BFFDE73B69BB6B002B1ED032
:108DE0007B6B002B1BD0BB6B7B627B6A7A6B1A633D
:108DF0007B6A022283F87521002303937B6A029326
:108E000007F1140301933B6B00933B687A68B968E0
:108E1000F86800F051F8786A00F022F901E00023C8
:108E20007B617B6918462837BD4680BD80B58CB014
:108E300004AFF860B9603B601346FB80FB889B0081
:108E4000184601F047F978617B69002B0FD04FF489
:108E5000BC7001F03FF9F861FB69002B03D0FB699E
:108E60007A691A6305E0786901F008FA01E00023E5
:108E7000FB61FB69002B17D0FB69002283F8752189
:108E8000FA8800230393FB690293FB6A0193BB6A90
:108E900000933B68B968F86800F00EF8F86900F0D4
:108EA000DFF80123BB6102E04FF0FF33BB61BB6918
:108EB00018462037BD4680BD80B588B000AFF86049
:108EC000B9607A603B603B6B186B7B689B001A460D
:108ED000A521F8F735F83B6B1A6B7B6803F18043EB
:108EE000013B9B001344BB61BB6923F00703BB61DB
:108EF000BB6903F00703002B0BD04FF0500383F343
:108F00001188BFF36F8FBFF34F8F7B6100BF00BF2E
:108F1000FDE7BB68002B1FD00023FB6112E0BA689D
:108F2000FB69134419783A6BFB69134434330A46DE
:108F30001A70BA68FB6913441B78002B06D0FB69D2
:108F40000133FB61FB690F2BE9D900E000BF3B6BEC
:108F5000002283F8432003E03B6B002283F8342097
:108F6000BB6A062B01D90623BB623B6BBA6ADA6285
:108F70003B6BBA6A5A643B6B00229A643B6B0433C6
:108F80001846FFF783F83B6B18331846FFF77EF857
:108F90003B6B3A6B1A61BB6AC3F107023B6B9A6188
:108FA0003B6B3A6B5A623B6B0022DA643B6B0022EC
:108FB000C3F870213B6B002283F874213B6B503364
:108FC0004FF4907200211846F7F7BAFF3B6B214A25
:108FD0005A653B6B204A9A653B6B204ADA65396BD0
:108FE0004FF001024FF00003C1E93A233B6B43F21B
:108FF0000E32A3F8F0203B6B4AF6CD32A3F8F220F4
:109000003B6B41F23422A3F8F4203B6B4EF26D62CD
:10901000A3F8F6203B6B4DF6EC62A3F8F8203B6B0F
:109020000522A3F8FA203B6B0B22A3F8FC203A6838
:10903000F968B86901F042FA02463B6B1A60FB6AB4
:10904000002B02D0FB6A3A6B1A6000BF2037BD4686
:1090500080BD00BFA40000200C010020740100208E
:1090600080B582B000AF786001F056FB2A4B1B68D8
:109070000133294A1360294B1B68002B09D1274A69
:109080007B681360244B1B68012B10D100F00AFC95
:109090000DE0234B1B68002B09D1204B1B68DA6ABB
:1090A0007B68DB6A9A4202D81C4A7B6813601D4BBE
:1090B0001B6801331B4A13607B68DB6A01229A40FC
:1090C000194B1B681343184A13607B68DA6A13460E
:1090D0009B0013449B00154A1A447B6804331946CD
:1090E0001046FEF7E0FF01F049FB0D4B1B68002B1B
:1090F0000ED00A4B1B68DA6A7B68DB6A9A4207D299
:109100000B4B4FF080521A60BFF34F8FBFF36F8F3E
:1091100000BF0837BD4680BDF4020020F4010020E6
:109120000003002010030020FC020020F8010020B2
:1091300004ED00E080B584B000AF78600023FB60F0
:109140007B68002B18D0144B1B68002B0BD04FF002
:10915000500383F31188BFF36F8FBFF34F8FBB6052
:1091600000BF00BFFDE700F085F80021786800F03F
:109170001DFE00F08DF8F860FB68002B07D1074B4F
:109180004FF080521A60BFF34F8FBFF36F8F00BF55
:109190001037BD4680BD00BF1C03002004ED00E079
:1091A00080B58AB004AF0023BB6000237B603A46E1
:1091B000391D07F10803184602F0D6FA39687B68B2
:1091C000BA68029201930023009300230A462149C2
:1091D0002148FFF7C9FD0346204A13601F4B1B6857
:1091E000002B02D001237B6101E000237B617B69BE
:1091F000012B1BD14FF0500383F31188BFF36F8F06
:10920000BFF34F8F3B6100BF154B1B685033154AAE
:109210001360154B4FF0FF321A60144B01221A6095
:10922000134B00221A6001F0D3F90FE07B69B3F110
:10923000FF3F0BD14FF0500383F31188BFF36F8FC3
:10924000BFF34F8FFB6000BF00BFFDE700BF1837C3
:10925000BD4680BD545E02087198010818030020C5
:10926000F40100200C000020140300200003002063
:10927000F802002080B400AF044B1B680133034A9E
:10928000136000BFBD465DF8047B70471C030020DF
:1092900080B584B000AF0023FB600023BB60424B6D
:1092A0001B68002B0BD14FF0500383F31188BFF3E1
:1092B0006F8FBFF34F8F3B6000BF00BFFDE701F032
:1092C0002BFA394B1B68013B374A1360364B1B683E
:1092D000002B61D1354B1B68002B5DD02EE0344B49
:1092E000DB68DB68FB60FB6818331846FEF738FF65
:1092F000FB6804331846FEF733FFFB68DB6A012284
:109300009A402C4B1B6813432A4A1360FB68DA6AA5
:1093100013469B0013449B00274A1A44FB680433FE
:1093200019461046FEF7BFFEFB68DA6A234B1B683E
:10933000DB6A9A4202D3224B01221A601C4B1B6843
:10934000002BCCD1FB68002B01D000F04FFB1D4B54
:109350001B687B607B68002B10D000F037F8034659
:10936000002B02D0164B01221A607B68013B7B6008
:109370007B68002BF1D1134B00221A60104B1B6845
:10938000002B09D00123BB600F4B4FF080521A60B5
:10939000BFF34F8FBFF36F8F01F0F0F9BB68184632
:1093A0001037BD4680BD00BF1C030020F402002022
:1093B000B4020020FC020020F8010020F40100208B
:1093C000080300200403002004ED00E080B586B00F
:1093D00000AF00237B614F4B1B68002B40F08F8058
:1093E0004D4B1B6801333B614B4A3B6913603B6942
:1093F000002B21D1494B1B681B68002B0BD04FF071
:10940000500383F31188BFF36F8FBFF34F8F3B601F
:1094100000BF00BFFDE7414B1B68FB60404B1B6872
:109420003E4A13603E4AFB6813603E4B1B680133A3
:109430003C4A136000F0DAFA3B4B1B683A699A42E7
:1094400048D3364B1B681B68002B04D1364B4FF0BA
:10945000FF321A603EE0314B1B68DB68DB68BB60A3
:10946000BB685B687B603A697B689A4203D22E4A8C
:109470007B6813602EE0BB6804331846FEF770FE6D
:10948000BB689B6A002B04D0BB6818331846FEF7F4
:1094900067FEBB68DB6A01229A40244B1B681343BA
:1094A000224A1360BB68DA6A13469B0013449B0090
:1094B0001F4A1A44BB68043319461046FEF7F3FDF1
:1094C000BB68DA6A1B4B1B68DB6A9A42B9D301237B
:1094D0007B61B6E7174B1B68DA6A154913469B0098
:1094E00013449B000B441B68012B01D901237B61B2
:1094F000114B1B68002B07D001237B6104E00F4B4D
:109500001B6801330D4A13607B6918461837BD4646
:1095100080BD00BF1C030020F8020020AC02002028
:10952000B00200200C03002014030020FC020020E5
:10953000F8010020F40100200803002004030020AB
:1095400080B588B000AF3C4B1B68002B03D03B4B71
:1095500001221A606CE0394B00221A60384B1B68FC
:109560001B6BFB614FF0A533BB61FB691B68BA69DC
:109570009A4211D1FB6904331B68BA699A420BD134
:10958000FB6908331B68BA699A4205D1FB690C3341
:109590001B68BA699A4208D0294B1A68284B1B6885
:1095A00034331946104602F0CCF8264B1B68FB609A
:1095B000FB68B3FA83F3FB72FB7AC3F11F037B6191
:1095C00021497A6913469B0013449B000B441B6896
:1095D000002B0BD14FF0500383F31188BFF36F8F33
:1095E000BFF34F8F7B6000BF00BFFDE77A69134672
:1095F0009B0013449B00144A13443B613B695B6826
:109600005A683B695A603B695A683B6908339A4219
:1096100004D13B695B685A683B695A603B695B6887
:10962000DB68074A1360064B1B685033074A136018
:1096300000BF2037BD4680BD1C030020080300206A
:10964000F4010020FC020020F80100200C000020A2
:1096500080B584B000AF786039607B68002B0BD197
:109660004FF0500383F31188BFF36F8FBFF34F8F19
:10967000FB6000BF00BFFDE7074B1B6818331946AE
:109680007868FEF734FD0121386800F08FFB00BFD9
:109690001037BD4680BD00BFF401002080B586B004
:1096A00000AF78607B68DB68DB683B613B69002B5F
:1096B0000BD14FF0500383F31188BFF36F8FBFF3CB
:1096C0004F8FFB6000BF00BFFDE73B6918331846B2
:1096D000FEF746FD1D4B1B68002B1CD13B69043374
:1096E0001846FEF73DFD3B69DB6A01229A40184BA4
:1096F0001B681343164A13603B69DA6A13469B00E2
:1097000013449B00134A1A443B690433194610461C
:10971000FEF7C9FC05E03B69183319460E48FEF711
:10972000C2FC3B69DA6A0D4B1B68DB6A9A4205D9B9
:1097300001237B610A4B01221A6001E000237B6157
:109740007B6918461837BD4680BD00BF1C0300204A
:10975000FC020020F8010020B4020020F4010020E7
:109760000803002080B483B000AF7860064B1A680D
:109770007B681A60054B1A687B685A6000BF0C371B
:10978000BD465DF8047B70470C030020F802002002
:1097900080B588B000AF786039607B68002B0BD152
:1097A0004FF0500383F31188BFF36F8FBFF34F8FD8
:1097B0003B6100BF00BFFDE73B68002B0BD14FF0C2
:1097C000500383F31188BFF36F8FBFF34F8FFB609C
:1097D00000BF00BFFDE700F09FFF1D4B1B68BB6192
:1097E0007B685B68BA69D31A7B613B681B68B3F11D
:1097F000FF3F02D10023FB6123E07B681A68154B11
:109800001B689A4207D07B685B68BA699A4202D3A8
:109810000123FB6115E03B681B687A699A420BD211
:109820003B681A687B69D21A3B681A607868FFF750
:1098300099FF0023FB6104E03B6800221A600123CA
:10984000FB6100F09BFFFB6918462037BD4680BDD9
:10985000F80200200C03002080B400AF034B01226B
:109860001A6000BFBD465DF8047B70470803002006
:1098700080B582B000AF786000F054F8074B1B68E9
:10988000012B07D9064B4FF080521A60BFF34F8F60
:10989000BFF36F8F01F04EFFEEE700BFF80100202D
:1098A00004ED00E080B582B000AF00237B600CE0E7
:1098B0007A6813469B0013449B00124A13441846CF
:1098C000FEF7C4FB7B6801337B607B68062BEFD916
:1098D0000D48FEF7BBFB0D48FEF7B8FB0C48FEF742
:1098E000B5FB0C48FEF7B2FB0B48FEF7AFFB0B4B8A
:1098F000054A1A600A4B054A1A6000BF0837BD4680
:1099000080BD00BFF80100208402002098020020E2
:10991000B4020020C8020020E0020020AC020020B7
:10992000B002002080B582B000AF19E000F0F4FE74
:10993000104BDB68DB687B607B6804331846FEF7FE
:109940000FFC0D4B1B68013B0B4A13600B4B1B6854
:10995000013B0A4A136000F011FF786800F010F82C
:10996000064B1B68002BE1D100BF00BF0837BD4686
:1099700080BD00BFC8020020F4020020DC020020ED
:1099800080B584B000AF78607B6850331846F7F735
:10999000EFFA7B6893F87531002B08D17B681B6B5D
:1099A000184600F06BFC786800F068FC19E07B68F2
:1099B00093F87531012B03D1786800F05FFC10E05B
:1099C0007B6893F87531022B0BD04FF0500383F373
:1099D0001188BFF36F8FBFF34F8FFB6000BF00BFD5
:1099E000FDE700BF1037BD4680BD000080B483B0E6
:1099F00000AF0C4B1B681B68002B04D10A4B4FF0C7
:109A0000FF321A6008E0074B1B68DB68DB687B608D
:109A10007B685B68044A136000BF0C37BD465DF885
:109A2000047B7047AC0200201403002080B483B094
:109A300000AF0B4B1B68002B02D101237B6008E0B9
:109A4000084B1B68002B02D102237B6001E000233E
:109A50007B607B6818460C37BD465DF8047B704719
:109A6000000300201C03002080B584B000AF7860A4
:109A70007B68BB600023FB607B68002B5ED0BB680B
:109A8000DA6A314B1B68DB6A9A424ED2BB689B692B
:109A9000002B06DB2C4B1B68DB6AC3F10702BB689B
:109AA0009A61BB685969BB68DA6A13469B00134424
:109AB0009B00264A134499422FD1BB6804331846B1
:109AC000FEF74EFB0346002B0AD1BB68DB6A01227E
:109AD00002FA03F3DA431E4B1B6813401C4A13605F
:109AE000194B1B68DA6ABB68DA62BB68DB6A012261
:109AF0009A40174B1B681343154A1360BB68DA6A18
:109B000013469B0013449B00104A1A44BB6804335D
:109B100019461046FEF7C7FA04E00B4B1B68DA6AD9
:109B2000BB68DA620123FB6008E0BB685A6C064B35
:109B30001B68DB6A9A4201D20123FB60FB6818466E
:109B40001037BD4680BD00BFF4010020F8010020A1
:109B5000FC02002080B586B000AF78607B683B6176
:109B600000237B617B68002B70D03B4B1B683A69FC
:109B70009A420BD04FF0500383F31188BFF36F8FDD
:109B8000BFF34F8FFB6000BF00BFFDE73B699B6CDD
:109B9000002B0BD14FF0500383F31188BFF36F8F6D
:109BA000BFF34F8FBB6000BF00BFFDE73B699B6CFD
:109BB0005A1E3B699A643B69DA6A3B695B6C9A425C
:109BC00044D03B699B6C002B40D13B690433184661
:109BD000FEF7C6FA0346002B15D13B69DA6A1F4926
:109BE00013469B0013449B000B441B68002B0AD1B7
:109BF0003B69DB6A012202FA03F3DA43184B1B6864
:109C00001340174A13603B695A6C3B69DA623B693F
:109C1000DB6AC3F107023B699A613B69DB6A012297
:109C20009A400F4B1B6813430D4A13603B69DA6A75
:109C300013469B0013449B00084A1A443B690433B3
:109C400019461046FEF72FFA01237B617B691846FF
:109C50001837BD4680BD00BFF4010020F801002088
:109C6000FC02002080B588B000AF786039607B6866
:109C7000BB6101237B617B68002B79D0BB699B6C46
:109C8000002B0BD14FF0500383F31188BFF36F8F7C
:109C9000BFF34F8FFB6000BF00BFFDE7BB695B6C8C
:109CA0003A689A4202D93B68FB6102E0BB695B6C8F
:109CB000FB61BB69DB6AFA699A4259D0BB699B6C4C
:109CC0007A699A4254D12C4B1B68BA699A420BD1DB
:109CD0004FF0500383F31188BFF36F8FBFF34F8FA3
:109CE000BB6000BF00BFFDE7BB69DB6A3B61BB69CE
:109CF000FA69DA62BB699B69002B04DBFB69C3F17B
:109D00000702BB699A61BB6959693A6913469B00AE
:109D100013449B00194A1344994229D1BB69043367
:109D20001846FEF71DFA0346002B0AD1BB69DB6A11
:109D3000012202FA03F3DA43114B1B681340104A65
:109D40001360BB69DB6A01229A400D4B1B68134309
:109D50000B4A1360BB69DA6A13469B0013449B00ED
:109D6000064A1A44BB69043319461046FEF79BF9AC
:109D700000BF2037BD4680BDF4010020F80100205F
:109D8000FC02002080B400AF074B1B68002B04D0FE
:109D9000054B1B689A6C01329A64034B1B6818468A
:109DA000BD465DF8047B7047F401002080B584B0A7
:109DB00000AF78603960294B1B68FB60284B1B683B
:109DC00004331846FEF7CCF90346002B0BD1244B85
:109DD0001B68DB6A012202FA03F3DA43214B1B689A
:109DE0001340204A13607B68B3F1FF3F0AD13B6800
:109DF000002B07D01A4B1B68043319461A48FEF78C
:109E000052F926E0FA687B681344BB60144B1B6868
:109E1000BA685A60BA68FB689A4209D2134B1A684A
:109E20000F4B1B68043319461046FEF760F910E02B
:109E30000F4B1A680A4B1B68043319461046FEF78D
:109E400056F90C4B1B68BA689A4202D2094ABB68A1
:109E5000136000BF1037BD4680BD00BFF802002070
:109E6000F4010020FC020020E0020020B0020020EB
:109E7000AC0200201403002080B485B000AF03467C
:109E8000FB800023FB60B7F90630842B05D0B7F9BF
:109E90000620FB6813440333FB60FB681846143745
:109EA000BD465DF8047B704780B483B000AFEFF32C
:109EB00005837B607B68002B14BF01230023DBB28A
:109EC00018460C37BD465DF8047B704780B500AF7F
:109ED000FFF766F90023184680BDF0B589B004AFDE
:109EE000786039607B685B69002B20D07B689B6958
:109EF000002B1CD07B685C687B681D687B681E69D2
:109F00007B68B3F908301846FFF7B6FF01467B6857
:109F10005B697A6892690292019300913B683246CC
:109F200029462046FEF720FF0346FB601CE07B68C5
:109F30005C687B681D687B681B699EB27B68B3F9AF
:109F400008301846FFF798FF024607F10C0301930B
:109F500000923B68324629462046FEF767FF0346DB
:109F6000012B01D0002300E0FB6818461437BD46E2
:109F7000F0BD80B584B000AF78607B68FB60FB68A3
:109F8000002B01D0FB6800E001231846FFF7D2F850
:109F9000002318461037BD4680BD80B582B000AFA3
:109FA00078607B685B68002B07D07B685B6819462C
:109FB0000120FEF772FA034603E00120FEF755FA8E
:109FC000034618460837BD4680BD000080B584B002
:109FD00000AF786039600023BB607B68002B01D143
:109FE00080233AE00023FB603B68B3F1FF3F03D1DD
:109FF0004FF0FF33FB6009E03B68002B06D03B6865
:10A00000FB60FB68002B01D10123FB60FFF74CFFD5
:10A010000346002B17D007F108031A460021786881
:10A02000FEF7F8FC0346012B01D0FF2315E0BB68C7
:10A03000002B11D00B4B4FF080521A60BFF34F8FA3
:10A04000BFF36F8F08E0F9687868FEF7D3FB03462B
:10A05000012B01D0FF2300E0002318461037BD4636
:10A0600080BD00BF04ED00E080B584B000AF786033
:10A070000023FB600023BB60FFF716FF0346002BA5
:10A0800016D007F1080319467868FEF723FB03464C
:10A09000012B01D0FF2317E0BB68002B13D00C4B22
:10A0A0004FF080521A60BFF34F8FBFF36F8F0AE0FB
:10A0B0000023002200217868FEF70AFA0346012BEC
:10A0C00001D0FF23FB60FB6818461037BD4680BDFA
:10A0D00004ED00E080B58AB000AF78600023FB613A
:10A0E000FFF7C8F85F4B1B68002B01D100F02AF97D
:10A0F0005D4B1A687B681340002B40F095807B68AD
:10A10000002B1ED008227B6813447B607B6803F021
:10A110000703002B15D07B6823F0070308337B600F
:10A120007B6803F00703002B0BD04FF0500383F341
:10A130001188BFF36F8FBFF34F8F7B6100BF00BFEC
:10A14000FDE77B68002B6FD0484B1B687A689A420A
:10A150006AD8474B3B62464B1B687B6204E07B6AD4
:10A160003B627B6A1B687B627B6A5B687A689A42A7
:10A1700003D97B6A1B68002BF1D13A4B1B687A6AC2
:10A180009A4251D03B6A1B6808221344FB617B6AE8
:10A190001A683B6A1A607B6A5A687B68D21A08237D
:10A1A0005B009A4220D97A6A7B681344BB61BB6921
:10A1B00003F00703002B0BD04FF0500383F31188FB
:10A1C000BFF36F8FBFF34F8F3B6100BF00BFFDE751
:10A1D0007B6A5A687B68D21ABB695A607B6A7A6864
:10A1E0005A60B86900F010F9204B1A687B6A5B6806
:10A1F000D31A1E4A13601D4B1A681E4B1B689A42E5
:10A2000003D21A4B1B681B4A13607B6A5A68164BB1
:10A210001B681A437B6A5A607B6A00221A60164BDD
:10A220001B680133144A1360FFF732F8FB69002BF7
:10A2300001D101F091FAFB6903F00703002B0BD069
:10A240004FF0500383F31188BFF36F8FBFF34F8F2D
:10A25000FB6000BF00BFFDE7FB6918462837BD461D
:10A2600080BD00BFE04A0020F44A0020E44A0020FC
:10A27000D84A0020E84A0020EC4A002080B586B089
:10A2800000AF78607B687B617B68002B4FD0082330
:10A290005B427A6913447B617B693B613B695A6825
:10A2A000254B1B681340002B0BD14FF0500383F359
:10A2B0001188BFF36F8FBFF34F8FFB6000BF00BFEC
:10A2C000FDE73B691B68002B0BD04FF0500383F375
:10A2D0001188BFF36F8FBFF34F8FBB6000BF00BF0C
:10A2E000FDE73B695A68144B1B681340002B1ED0D6
:10A2F0003B691B68002B1AD13B695A680E4B1B68DF
:10A30000DB431A403B695A60FEF7B4FF3B695A6869
:10A310000A4B1B681344094A1360386900F074F84B
:10A32000074B1B680133064A1360FEF7B1FF00BFFD
:10A330001837BD4680BD00BFF44A0020E44A002023
:10A34000F04A002080B485B000AF44F2B873BB601F
:10A35000274BFB60FB6803F00703002B0CD0FB6866
:10A360000733FB60FB6823F00703FB60BA68FB68F8
:10A37000D31A1F4A1344BB60FB687B601D4A7B688D
:10A3800013601C4B00225A607B68BA681344FB6060
:10A390000822FB689B1AFB60FB6823F00703FB6045
:10A3A000FB68154A1360144B1B6800225A60124B5D
:10A3B0001B6800221A607B683B603B68FA68D21A0F
:10A3C0003B685A600C4B1A683B681A603B685B68D4
:10A3D0000A4A13603B685B68094A1360094B4FF0F7
:10A3E00000421A6000BF1437BD465DF8047B704719
:10A3F00020030020D84A0020E04A0020E84A00203C
:10A40000E44A0020F44A002080B485B000AF7860B0
:10A41000284BFB6002E0FB681B68FB60FB681B6865
:10A420007A689A42F7D8FB68BB60FB685B68BA68D9
:10A4300013447A689A4208D1FB685A687B685B6863
:10A440001A44FB685A60FB687B607B68BB607B6872
:10A450005B68BA681A44FB681B689A4218D1FB68AB
:10A460001A68154B1B689A420DD07B685A68FB68C6
:10A470001B685B681A447B685A60FB681B681A6833
:10A480007B681A6008E00C4B1A687B681A6003E06E
:10A49000FB681A687B681A60FA687B689A4202D087
:10A4A000FB687A681A6000BF1437BD465DF8047B0C
:10A4B000704700BFD84A0020E04A002080B485B031
:10A4C00000AFF860B9607A60FB68043BFB60FB6832
:10A4D0004FF080721A60FB68043BFB60BB6823F09E
:10A4E0000102FB681A60FB68043BFB600C4AFB68D6
:10A4F0001A60FB68143BFB607A68FB681A60FB68B3
:10A50000043BFB60FB686FF002021A60FB68203BB3
:10A51000FB60FB6818461437BD465DF8047B704746
:10A5200025A5010880B485B000AF00237B60134BE4
:10A530001B68B3F1FF3F0BD04FF0500383F311883A
:10A54000BFF36F8FBFF34F8FFB6000BF00BFFDE70E
:10A550004FF0500383F31188BFF36F8FBFF34F8F1A
:10A56000BB6000BF00BF7B68002BFCD000BF00BFFA
:10A570001437BD465DF8047B704700BF68000020BB
:10A58000074B19680868B0E8F04F80F30988BFF3FB
:10A590006F8F4FF0000080F311887047AFF3008099
:10A5A000F401002000BF00BF08480068006880F385
:10A5B00008884FF0000080F3148862B661B6BFF3DC
:10A5C0004F8FBFF36F8F00DF00BF00BF08ED00E0CB
:10A5D00080B586B000AF474B1B68474A93420BD10A
:10A5E0004FF0500383F31188BFF36F8FBFF34F8F8A
:10A5F000FB6000BF00BFFDE73E4B1B683F4A934234
:10A600000BD14FF0500383F31188BFF36F8FBFF36B
:10A610004F8F3B6100BF00BFFDE7394B7B617B691A
:10A620001B78DBB27B607B69FF221A707B691B7829
:10A63000DBB2FB70FB78DBB203F05003DAB2314BD4
:10A640001A70314B07221A6009E02F4B1B68013B3F
:10A650002D4A1360FB78DBB25B00DBB2FB70FB784A
:10A66000DBB203F08003802BEFD0274B1B68C3F1D4
:10A670000703042B0BD04FF0500383F31188BFF373
:10A680006F8FBFF34F8FBB6000BF00BFFDE71E4B56
:10A690001B681B021C4A13601B4B1B6803F4E0631E
:10A6A000194A13607B68DAB27B691A70174B1B6812
:10A6B000164A43F470031360144B1B68134A43F0AB
:10A6C0007043136000F0DAF8114B00221A6000F0BA
:10A6D000F9F8104B1B680F4A43F040431360FFF733
:10A6E00063FFFEF72DFFFFF71DFF00231846183705
:10A6F000BD4680BD00ED00E071C20F4170C20F4148
:10A7000000E400E0F84A0020FC4A002020ED00E0D0
:10A710006800002034EF00E080B483B000AF4FF059
:10A72000500383F31188BFF36F8FBFF34F8F7B60AC
:10A7300000BF104B1B6801330E4A13600D4B1B68A2
:10A74000012B10D10C4B1B68DBB2002B0BD04FF050
:10A75000500383F31188BFF36F8FBFF34F8F3B60BC
:10A7600000BF00BFFDE700BF0C37BD465DF8047BAE
:10A77000704700BF6800002004ED00E080B483B0A3
:10A7800000AF124B1B68002B0BD14FF0500383F32B
:10A790001188BFF36F8FBFF34F8F7B6000BF00BF87
:10A7A000FDE70A4B1B68013B084A1360074B1B6817
:10A7B000002B05D100233B603B6883F3118800BF69
:10A7C00000BF0C37BD465DF8047B70476800002071
:10A7D000EFF30980BFF36F8F154B1A681EF0100F4F
:10A7E00008BF20ED108A20E9F04F106009B44FF047
:10A7F000500080F31188BFF34F8FBFF36F8FFEF7C8
:10A800009FFE4FF0000080F3118809BC19680868AA
:10A81000B0E8F04F1EF0100F08BFB0EC108A80F3C4
:10A820000988BFF36F8F7047AFF30080AFF30080EC
:10A83000F401002000BF00BF80B582B000AF4FF030
:10A84000500383F31188BFF36F8FBFF34F8F7B608B
:10A8500000BFFEF7BBFD0346002B03D0064B4FF0B5
:10A8600080521A6000233B603B6883F3118800BF6D
:10A8700000BF0837BD4680BD04ED00E080B400AFE6
:10A880000B4B00221A600B4B00221A600A4B1B680C
:10A890000A4AA2FB03239B09094A013B1360044BAC
:10A8A00007221A6000BFBD465DF8047B704700BFF9
:10A8B00010E000E018E000E05C000020D34D6210E2
:10A8C00014E000E0DFF80C00016841F47001016061
:10A8D000704700BF88ED00E080B485B000AFEFF3B3
:10A8E0000583FB60FB680F2B15D9184AFB681344DE
:10A8F0001B78FB72164B1B78FA7A9A420BD24FF0F8
:10A90000500383F31188BFF36F8FBFF34F8F7B60CA
:10A9100000BF00BFFDE70F4B1B6803F4E0620E4B66
:10A920001B689A420BD94FF0500383F31188BFF391
:10A930006F8FBFF34F8F3B6000BF00BFFDE700BFCD
:10A940001437BD465DF8047B704700BFF0E300E0BC
:10A95000F84A00200CED00E0FC4A002080B582B0EF
:10A9600000AF7860391D4FF0FF3301220648FCF735
:10A970005BFB0346002B02D04FF0FF3300E07B6807
:10A9800018460837BD4680BDC05A002080B500AFCC
:10A99000F9F724FE00F0D6F900F050FB03F07CFA42
:10A9A00003F066FB03F0EAFB03F01EFC03F030FE4D
:10A9B00004F02EF804F056F804F0A2F803F0DAFDE3
:10A9C00003F042FD03F0A8FE03F044FC06F07CFF18
:10A9D00003F018FB062008F0A9FB0120F9F740FE60
:10A9E00008F022FC0120F9F73BFE0021022003F0D1
:10A9F000AFF9012201219B48F9F7ECFB9A4B1B7937
:10AA0000DBB2062B00F2CE8001A252F823F000BF89
:10AA10002DAA01086DAA0108A5AB0108A1AA010889
:10AA2000E1AA010825AB010865AB01088E4B41F690
:10AA30001462DA818C4B41F24462DA828A4B4FF421
:10AA40002F629A82884B4FF4AF625A82864B1C2247
:10AA50001A82854BDB899BB21946012003F078F9F5
:10AA6000002220218148F9F7B5FB9CE07E4B41F69E
:10AA70001462DA817C4B41F24462DA827A4B4FF401
:10AA80002F629A82784B4FF4AF625A82764B1C2227
:10AA90001A82754BDB899BB2184605F041F882E0BB
:10AAA000714B41F2EC32DA816F4B40F63C72DA8244
:10AAB0006D4B40F6F6129A826B4B40F2FB425A8283
:10AAC000694B19221A82684BDB899BB21946012017
:10AAD00003F03EF9012220216448F9F77BFB62E094
:10AAE000614B41F2EC32DA815F4B40F63C72DA8224
:10AAF0005D4B40F6F6129A825B4B40F2FB425A8263
:10AB0000594B19221A82584BDB899BB2184605F023
:10AB100007F84FF47A70F9F7A3FD0021022003F043
:10AB200017F940E0504B41F6B642DA814E4B40F601
:10AB30009212DA824C4B40F692129A824A4B40F2C1
:10AB4000C9425A82484B18221A82474BDB899BB272
:10AB50001946012003F0FCF8012220214348F9F7AF
:10AB600039FB20E0404B41F6B642DA813E4B4FF4D0
:10AB70001662DA823C4B4FF416629A823A4B4FF4DB
:10AB800096625A82384B18221A82374BDB899BB265
:10AB90001946012003F0DCF8012220213348F9F79F
:10ABA00019FB00E000BF304B9B79DBB2012B02D1D7
:10ABB00004F0E8F801E003F055FF01224FF4804172
:10ABC0002B48F9F707FB284B5B7BDBB2022B26D027
:10ABD000022B34DC002B02D0012B10D02FE00122FD
:10ABE00004212248F9F7F6FA012208211F48F9F753
:10ABF000F1FA012201211B48F9F7ECFA20E00122C9
:10AC000004211A48F9F7E6FA002208211748F9F753
:10AC1000E1FA012201211348F9F7DCFA10E00022E1
:10AC200004211248F9F7D6FA002208210F48F9F753
:10AC3000D1FA012201210B48F9F7CCFA00E000BF5C
:10AC40000C48F6F769FC084B9B79DBB2032B19D152
:10AC5000012209490948FCF772FA094B024A1A60B5
:10AC60001EE000BF00040240044B00200010024020
:10AC70000008024070530020D85D0020785A002060
:10AC800000600020244B9B79DBB2022B08D104F03A
:10AC9000D3F805F05FFB012220492148FCF74FFA69
:10ACA000012220492048FCF74AFA01221F49204886
:10ACB000FCF745FA00211F48F6F71AFE04211D484B
:10ACC000F6F716FE08211B48F6F712FE0C2119486C
:10ACD000F6F70EFE00211848F6F7E8FC04211648A6
:10ACE000F6F7E4FC002005F07DFF144806F09BFD1C
:10ACF0004FF47A70F9F7B4FC002005F073FF1048A8
:10AD000006F091FD4FF47A70F9F7AAFC00F046FDC9
:10AD1000FFF7DCF800BFFDE7044B0020A05B00203C
:10AD2000785A0020604B0020C05A00206B4D002054
:10AD3000085B002028530020B85300202479020823
:10AD40002483020880B594B000AF07F120033022BD
:10AD500000211846F6F7F4F807F10C0300221A60F8
:10AD60005A609A60DA601A610023BB60284B1B6C42
:10AD7000274A43F080531364254B1B6C03F0805328
:10AD8000BB60BB6800237B60224B1B68214A43F4F5
:10AD9000804313601F4B1B6803F480437B607B6818
:10ADA00002233B620123FB6210233B630223BB634C
:10ADB0000023FB6308233B64A8237B640223BB645A
:10ADC0000423FB6407F120031846F8F789FA0346C9
:10ADD000002B01D000F02CF90F23FB6002233B6114
:10ADE00000237B614FF4A053BB614FF48053FB61A0
:10ADF00007F10C0305211846F8F7EAFC0346002B7F
:10AE000001D000F015F900BF5037BD4680BD00BF2E
:10AE1000003802400070004080B483B000AF78601A
:10AE20007B681B68184A934227D17B681B7F012BE4
:10AE300005D1164B5B8901339AB2144B5A817B685A
:10AE40001B7F022B05D1114B9B8901339AB20F4B0B
:10AE50009A817B681B7F042B05D10C4BDB89013366
:10AE60009AB20A4BDA817B681B7F082B05D1074B0E
:10AE70001B8A01339AB2054B1A8200BF0C37BD46BC
:10AE80005DF8047B704700BF00000140A44D002026
:10AE900080B582B000AF78607B681B685E4A9342E1
:10AEA00001D1F9F7BDFB7B681B68B3F1804F40F01F
:10AEB000AE805A4B9B79DBB2012B2AD1584B5B8A6F
:10AEC000B3F57A7F1FD3574B5B79DBB2002B1AD0D7
:10AED000544B5B79DBB23C2B15D8524B5B79DBB220
:10AEE000013BDAB24F4B5A714E4B5B79DBB2002B10
:10AEF00003D14A4B00229A7101E04A4B5B79484BDF
:10AF000000225A8205E0464B5B8A01339AB2444BD9
:10AF10005A82434B1B78012B15D1414B5B88B3F50B
:10AF2000967F0AD33E4B00225A803F4B0022A3F863
:10AF30003C223B4B00221A7005E0394B5B88013301
:10AF40009AB2374B5A80364B5B79012B18D1344B70
:10AF5000DB88B3F5967F0DD3314B0022DA80324B7C
:10AF6000002283F81422314B00221A702C4B00224D
:10AF70005A7105E02A4BDB8801339AB2284BDA80FC
:10AF8000274B1B89B3F57A7F3BD3254B5B895B0845
:10AF90009BB21A461201D31A9B009AB2214B1A8215
:10AFA0001F4B00225A811E4B9B895B089BB21A469D
:10AFB0001201D31A9B009AB21A4B5A82184B0022E4
:10AFC0009A81174BDB895B089BB21A461201D31A90
:10AFD0009B009AB2134B9A82114B0022DA81104BDC
:10AFE0001B8A5B089BB21A461201D31A9B009AB2C5
:10AFF0000C4BDA820A4B00221A82094B00221A817A
:10B0000005E0074B1B8901339AB2054B1A8100BF3B
:10B010000837BD4680BD00BF00100040244B002013
:10B02000A44D0020344B0020604B0020544B0020E6
:10B0300080B400AF72B600BF00BFFDE780B58CB032
:10B0400000AF07F11C0300221A605A609A60DA60B0
:10B050001A610023BB61934B1B6B924A43F01003B0
:10B060001363904B1B6B03F01003BB61BB690023A0
:10B070007B618C4B1B6B8B4A43F004031363894B3E
:10B080001B6B03F004037B617B6900233B61854BF1
:10B090001B6B844A43F080031363824B1B6B03F0EA
:10B0A00080033B613B690023FB607E4B1B6B7D4A49
:10B0B00043F0010313637B4B1B6B03F00103FB6045
:10B0C000FB680023BB60774B1B6B764A43F002039F
:10B0D0001363744B1B6B03F00203BB60BB6800235C
:10B0E0007B60704B1B6B6F4A43F0080313636D4B1F
:10B0F0001B6B03F008037B607B6800223C216A48DD
:10B10000F9F768F800224FF480416848F9F762F8CF
:10B11000002249F603116648F9F75CF80022012184
:10B120006448F9F757F800224CF29F316248F9F76A
:10B1300051F83C23FB6101233B6201237B62002326
:10B14000BB6207F11C0319465748F8F793FD4FF40B
:10B150000053FB6100233B6202237B6207F11C0367
:10B1600019465248F8F786FD4FF48043FB610123EE
:10B170003B6201237B620023BB6207F11C0319467B
:10B180004A48F8F777FD0A23FB6103233B6200235B
:10B190007B6207F11C0319464448F8F76BFD40F247
:10B1A0000313FB6101233B6200237B620023BB622C
:10B1B00007F11C0319463E48F8F75CFD0123FB61CB
:10B1C00001233B6201237B620323BB6207F11C0363
:10B1D00019463848F8F74EFD41F20603FB6100239B
:10B1E0003B6201237B6207F11C0319463148F8F7E3
:10B1F00041FD4FF4C073FB6100233B6201237B627E
:10B2000007F11C0319462848F8F734FD4CF29E3329
:10B21000FB6101233B6201237B620023BB6207F1D8
:10B220001C0319462448F8F725FD4FF40063FB6121
:10B2300001233B6201237B6207F11C0319461C4872
:10B24000F8F718FD4FF48053FB6101233B620123A3
:10B250007B620223BB6207F11C0319461448F8F70E
:10B2600009FD4FF40043FB6101233B6201237B6234
:10B270000023BB6207F11C0319460D48F8F7FAFCDE
:10B280000123FB6101233B6201237B620323BB6239
:10B2900007F11C0319460848F8F7ECFC00BF3037EB
:10B2A000BD4680BD00380240001002400008024048
:10B2B0000000024000040240000C024080B483B051
:10B2C00000AF0346FB710E4B1B78DBB2012B0ED196
:10B2D0000C4B1B78DBB2FA799A4208D10A4B1B78E7
:10B2E000DAB20A4B1B789A4201D1012300E0002315
:10B2F000DBB218460C37BD465DF8047B704700BFD3
:10B30000554B00206C000020574B0020D84D0020EA
:10B3100080B483B000AF0346FB710A4B1B78DBB2ED
:10B32000012B07D1084B1B78DBB2FA799A4201D185
:10B33000012300E00023DBB218460C37BD465DF860
:10B34000047B7047584B00206D00002080B584B00E
:10B3500000AF0346FB80FB88002B13D101220121A3
:10B360002248F8F737FF224B1B6800229A63214BD3
:10B3700000221A80204B00221A60204B4FF000025E
:10B38000DA612EE01B4B1B88002B19D11C4B1B686C
:10B39000002B06D0F9F758F90246194B1B68D31A4F
:10B3A00000E00023FB60FB68FF2B02D8FB68D9B2EA
:10B3B00000E0FF21FB884FF42F720D2003F0D4FA38
:10B3C0000B4B1B68FA889A630A4AFB881380F9F7CB
:10B3D0003BF90346084A1360002201210348F8F7AD
:10B3E000F9FE00BF1037BD4680BD00BF000402401B
:10B3F000B8530020B84D0020D44D0020344B00201D
:10B40000C04D002080B584B000AF0346FB710F4BE8
:10B410001B78FB73FB79184604F0A6FC0B4B1B78DA
:10B42000DBB2FA7B9A420CD0084B1B78DAB2084B9D
:10B430001A70084AFB791370F9F706F90346064AB1
:10B44000136000BF1037BD4680BD00BF564B0020C3
:10B45000D84D00206E000020CC4D002080B582B079
:10B4600000AF0346FB71FB791846FFF727FF034641
:10B47000002B13D1FB791846FFF74AFF0346002B38
:10B480000CD1F9F7E1F80246064B1B68D31A952B4D
:10B4900005D9FB791846FFF7B5FF00E000BF083774
:10B4A000BD4680BDCC4D002080B500AF0F4B1B7852
:10B4B000DBB2002B14D104F07BFB0346002B11D030
:10B4C000F9F7C2F802460A4B1B68D31AC72B0BD9EF
:10B4D000F9F7BAF80346064A136004F0E9FB04E002
:10B4E00000BF02E000BF00E000BF80BD544B002061
:10B4F000D04D002080B500AF0020FFF727FF0120CE
:10B50000FFF780FFF9F7A0F80346084A1360084BDD
:10B5100000221A60074B00221A60074B00221A60B3
:10B52000064B01221A7000BF80BD00BFC84D00202D
:10B53000BC4D0020C04D0020D04D0020DC4D00202F
:10B5400080B500AF0120FFF789FFFFF7ADFF0120B5
:10B55000FFF7B4FE0346002B05D10120FFF7D8FE0C
:10B560000346002B01D0012300E00023DBB2184684
:10B5700080BD000080B582B000AFF9F765F80246E3
:10B58000104B1B68D31A7B607B68632B01D80023A8
:10B5900014E00020FFF762FFFFF786FF0020FFF7AF
:10B5A0008DFE0346002B05D10020FFF7B1FE0346B8
:10B5B000002B01D0012300E00023DBB2184608373E
:10B5C000BD4680BDBC4D002080B500AF094B1B6857
:10B5D000002B01D100230BE0F9F736F80246054BAA
:10B5E0001B68D31AB3F52F7F01D3012300E000239A
:10B5F000184680BDC04D002080B582B000AF274BFB
:10B600001B88BB80264B1B88002B25D0254B1A8816
:10B61000234B1B889A421CD2234B1B8A9AB2214B84
:10B620001B881344FB801E4B1B88FA889A4202D960
:10B630001B4B1B88FB80FB881846FFF787FE194BC6
:10B640001A88174B1B889A4224D3154B00221A8064
:10B6500020E0134B00221A80124B1B88002B0FD1C5
:10B66000114B1B8A9BB2BA889A4209D90C4ABB88F3
:10B6700013800D4B1B8A9BB21846FFF767FE0AE04A
:10B68000084B1B88BA889A4205D0BB881846FFF73A
:10B690005DFE00E000BF0837BD4680BDBA4D00200A
:10B6A000DA4D0020B84D0020044B002080B400AFDC
:10B6B000064B01221A70064B00221A60054B00222D
:10B6C0001A8000BFBD465DF8047B7047D94D00204D
:10B6D000C44D0020DA4D002080B500AF114B1B791E
:10B6E000DBB2042B01D0012319E00F4B1B78032B95
:10B6F00001D0002313E00D4B1B88002B01D1002348
:10B700000DE004F055FA0346002B06D0084B1B78D9
:10B71000DBB2002B01D1012300E00023DBB218468D
:10B7200080BD00BF044B0020DC4D0020BA4D00203E
:10B73000544B002080B400AF00BFBD465DF8047BD1
:10B74000704780B483B000AF7860396000BF0C37B9
:10B75000BD465DF8047B704780B400AF00BFBD46B6
:10B760005DF8047B7047000080B485B000AFF860DE
:10B77000B9607A60FB68074A1A60BB68064A1A60BB
:10B780007B6880221A6000BF1437BD465DF8047BD9
:10B79000704700BF004E0020784F0020B0B5ACB01D
:10B7A00000AF0023C7F8A8300023C7F8AC3007F17A
:10B7B000A8031846FEF7F1FB03463B4A13603B4BD8
:10B7C00007F18C041D460FCD0FC495E8070084E8EF
:10B7D000070007F18C0300211846FEF77EFB0346A5
:10B7E000334A1360334B07F170041D460FCD0FC46D
:10B7F00095E8070084E8070007F170030021184668
:10B80000FEF76BFB03462C4A13602C4B07F15404E4
:10B810001D460FCD0FC495E8070084E8070007F127
:10B82000540300211846FEF758FB0346244A1360D0
:10B83000244B07F138041D460FCD0FC495E80700CF
:10B8400084E8070007F1380300211846FEF745FB9E
:10B8500003461D4A13601D4B07F11C041D460FCD06
:10B860000FC495E8070084E8070007F11C030021D6
:10B870001846FEF732FB0346154A1360154B3C464B
:10B880001D460FCD0FC495E8070084E807003B462E
:10B8900000211846FEF721FB03460F4A136000BF44
:10B8A000B037BD46B0BD00BFF84D0020685E02084D
:10B8B000E04D0020905E0208E44D0020B85E0208D2
:10B8C000E84D0020DC5E0208EC4D0020045F020819
:10B8D000F04D0020305F0208F44D002080B584B0A8
:10B8E00000AF78600023FB730023BB60BB68002BB4
:10B8F0001AD0F8F7A9FE0246BB68D31A8A4A9342C7
:10B9000012D98A4B00229A71894B5B78DBB21A46B6
:10B91000884B1B8A9BB212FB03F39BB21946022091
:10B9200002F016FA0023BB60FB7B804A9279D2B208
:10B93000934233D07D4B9B79DBB2002B14BF0123A4
:10B940000023FB73794B9B79DBB2002B23D1774B20
:10B95000DB79DBB2012B0DD1754B0122DA70744B10
:10B9600032225A70734B5B8A9BB21946022002F056
:10B97000EFF90DE06E4B5B78DBB21A466D4B1B8A1C
:10B980009BB212FB03F39BB21946022002F0E0F9CE
:10B990000023BB6002E0F8F757FEB860634B9B7969
:10B9A000DBB2012B02D1624B02221A70604B5B7832
:10B9B000DBB2002B03D15E4B00221A7002E05C4B1D
:10B9C00001221A705B4B1B79DBB2012B04D0594B5F
:10B9D0001B79DBB2042B10D1574B1B78DBB2002B49
:10B9E0000BD1524B1B7BDBB2002B06D1FFF774FE51
:10B9F0000346002B01D004F0FFF84C4B1B7ADBB25E
:10BA0000012B1AD14A4B1B8A9BB2B3F57A6F11D91D
:10BA1000474B5B8A9BB2B3F57A6F0BD9444B9B8A39
:10BA20009BB2B3F57A6F05D9414BDB8A9BB2B3F574
:10BA30007A6F02D83E4B06221A703D4BDB889BB2D0
:10BA40003C4A927AD2B2934204D2384B9B79DBB211
:10BA5000012B1FD1354B01221A72012210213748C8
:10BA6000F8F7B8FB9620FEF784FA01220821334844
:10BA7000F8F7B0FB9620FEF77CFA012204212F484C
:10BA8000F8F7A8FB9620FEF774FA012202212B4852
:10BA9000F8F7A0FB264BDB889BB2264AD27AD2B2BB
:10BAA00093421BD8214B9B79DBB2002B16D11F4B45
:10BAB00000221A72002210212048F8F78BFB002286
:10BAC00008211E48F8F786FB002204211B48F8F7DE
:10BAD00081FB002202211948F8F77CFB144BDB881C
:10BAE0009BB2144A527AD2B2934209D3104B052228
:10BAF0001A700E4B0122DA720021022002F028F99E
:10BB00000B4BDB889BB20B4A127AD2B2934202D81B
:10BB1000064B0022DA7210210948F8F774FBC8209E
:10BB2000FEF727FAE2E600BFD04E0900244B0020C2
:10BB3000344B0020044B0020004B0020000C02403E
:10BB40000010024080B586B000AF786000237B73A0
:10BB5000944B1B78DBB2012B08D1924B00221A7058
:10BB6000A521152007F032FBF8F733FD04F0A6FD00
:10BB700001F088FE8C4B9B79DBB2012B05D08A4B00
:10BB80009B79DBB2022B40F06981884BDB7ADBB218
:10BB9000002B40F06381854BDB79DBB2002B40F05A
:10BBA0005D81814B1B7EDBB2012B40F04581804BD8
:10BBB0001B887B814FF07E533B617E4B1B8B9AB27F
:10BBC0007B4B1B889A4207D97A4B1B8B9AB2784BD6
:10BBD0001B88D31AFB8206E0754B1A88754B1B8BAA
:10BBE0009BB2D31AFB82704B1B8A9BB2002B00F0D6
:10BBF000AD806D4B1B8A9BB2FA8AB2FBF3F33B819B
:10BC00003B89022B38D86B4B1B8B9BB2002B30D05F
:10BC1000674B1B881A46644B1B8A9BB2194632231A
:10BC200001FB03F39A4221DC614B1B8819465E4BF2
:10BC30001B8A9BB21A4613469B0013449A00134476
:10BC4000994210DC5A4B1B881946574B1B8A9BB2F2
:10BC50001A4613469B0013445B00994201DD564B84
:10BC600005E0564B03E04FF07C5300E0544B3B6142
:10BC70006CE0544B3B6169E03B890A2B39D84D4B52
:10BC80001B8B9BB2002B31D0494B1B881A46464B6D
:10BC90001B8A9BB21946322301FB03F39A4222DC32
:10BCA000434B1B881946404B1B8A9BB21A461346CE
:10BCB0009B0013449A001344994212DC3C4B1B88AE
:10BCC0001946394B1B8A9BB21A4613469B001344F4
:10BCD0005B00994202DD4FF07C5305E04FF07A5350
:10BCE00002E0374B00E0364B3B612FE0354B3B61C8
:10BCF0002CE03B89142B0BD82E4B1B8B9BB2002BBB
:10BD000003D04FF07E533B6120E02F4B3B611DE0A1
:10BD10003B89322B0AD8274B1B8B9BB2002B02D0BE
:10BD2000284B3B6112E0294B3B610FE03B89502BD4
:10BD30000AD8204B1B8B9BB2002B02D0224B3B61BD
:10BD400004E0234B3B6101E0214B3B61164B1B8A16
:10BD50009BB207EE903AB8EEE77AD7ED047A67EE39
:10BD6000277AFCEEE77A17EE903AFB81FB89002BED
:10BD700001D10123FB810F4B1B8B9AB20C4B1B880B
:10BD80009A422FD90B4B1B8B9BB21A46084B1B8830
:10BD9000D21AFB899A421DDA064B1B8B9AB2044BCE
:10BDA0001A803DE048540020044B0020244B002022
:10BDB00078510020344B00209A99993E0AD7A33D30
:10BDC000CDCC4C3F000040400000A0400000E040CF
:10BDD000000020419F4B1A88FB8913449AB29D4B67
:10BDE0001A801DE09C4B1B8B9AB29A4B1B889A427F
:10BDF00016D2984B1B881A46974B1B8B9BB2D21AB4
:10BE0000FB899A4205DA944B1B8B9AB2914B1A80AC
:10BE100006E0904B1A88FB89D31A9AB28D4B1A8090
:10BE20008C4B1B887A899A4218D08A4B1B881946FA
:10BE3000022001F08DFF11E0874B1B8B9AB2854BDE
:10BE40001B889A420AD0844B1B8B9AB2814B1A8072
:10BE5000804B1B881946022001F07AFF7F4B5B79EB
:10BE6000DBB2012B40F0BA817D4B1B684FF0FF31F4
:10BE70001846FEF7ABF80346002B40F0AF81794B34
:10BE80009B78A53B042B00F2968101A252F823F087
:10BE9000A5BE010851BF010871C00108B7C1010862
:10BEA00073C101086F4B5B791A46920013441A461E
:10BEB00091001A460B4613449B00DAB2694B9B79FA
:10BEC000194689000B445B00DBB21344DAB2654BC0
:10BED000DB791344DBB230337B73604B9B79DBB28D
:10BEE000002B2DD17B7B642B11D85B4A7B7B53705D
:10BEF000594B5B78DBB21A465B4B1B8A9BB212FB39
:10BF000003F39BB21946022001F022FF55E17B7B2F
:10BF1000564AA2FB03125209642101FB02F29B1A4A
:10BF2000DBB20133DAB24C4B5A714C4B01229A719D
:10BF30004D4BDB8A9BB21946022001F009FF3CE120
:10BF40007B7B642B00F23981434A7B7B537034E165
:10BF5000444B5B791A46920013445B00DAB2414BC2
:10BF60009B791344DBB2103BDAB23E4B83F80A22D2
:10BF70003D4B5B78DAB23B4B93F80A329A4267D872
:10BF8000394B5B78DBB29B000233364A13445B7853
:10BF90001A46920013441A4691001A460B4613445F
:10BFA0009B00DAB2304B5B78DBB29B0003332D4948
:10BFB0000B445B78194689000B445B00DBB21344E9
:10BFC000DAB2294B5B78DBB201339B0025490B4485
:10BFD0005B781344DBB230337B73204B9B79DBB24D
:10BFE000002B2DD17B7B642B11D81B4A7B7B53709C
:10BFF000194B5B78DBB21A461B4B1B8A9BB212FBB8
:10C0000003F39BB21946022001F0A2FED7E07B7B2E
:10C01000164AA2FB03125209642101FB02F29B1A89
:10C02000DBB20133DAB20C4B5A710C4B01229A711C
:10C030000D4BDB8A9BB21946022001F089FEBEE05F
:10C040007B7B642B00F2BB80034A7B7B5370B6E0A2
:10C0500000BFB4E078510020344B0020244B002076
:10C06000F84D0020604B0020044B00201F85EB5151
:10C070005C4B5B791A46920013445B00DAB2594B71
:10C080009B791344DBB2103BDAB2564B83F809229A
:10C09000554B1B78DAB2534B93F809329A4266D863
:10C0A000514B1B78DBB29B0002334E4A13445B7842
:10C0B0001A46920013441A4691001A460B4613443E
:10C0C0009B00DAB2484B1B78DBB29B000333454937
:10C0D0000B445B78194689000B445B00DBB21344C8
:10C0E000DAB2414B1B78DBB201339B003D490B4474
:10C0F0005B781344DBB230337B733C4B9B79DBB210
:10C10000002B2DD17B7B642B11D8394A7B7B53705C
:10C11000374B5B78DBB21A46334B1B8A9BB212FB60
:10C1200003F39BB21946022001F012FE49E07B7B2B
:10C13000304AA2FB03125209642101FB02F29B1A4E
:10C14000DBB20133DAB22A4B5A71284B01229A71C1
:10C15000254BDB8A9BB21946022001F0F9FD30E045
:10C160007B7B642B2DD8224A7B7B537029E000BF58
:10C1700027E01C4B5B791A46920013445B00DAB24D
:10C18000184B9B791344DBB2103BDAB2154B83F8A2
:10C190000922154B1B78DAB2124B93F809329A42F6
:10C1A00011D1154B1B689B680021184608F0B8FF99
:10C1B00003F0B2FA07E000BF06E000BF04E000BFF2
:10C1C00002E000BF00E000BF084B00225A710B4B99
:10C1D0001B681846FDF748FF00237B730A20FDF714
:10C1E000C8FEB5E4604B0020044B0020244B002027
:10C1F000344B00201F85EB510C000020F84D00202F
:10C2000080B586B002AF78600023FB730023BB7358
:10C2100000237B73A54B1B7BDBB2002B03D0012BD0
:10C2200000F0BC80BDE04FF4FA630093322300229B
:10C230004FF400519E4801F01FFA0346FB73FB7B4D
:10C24000022B50D19B4B1B78DBB2032B3BD0994B7D
:10C250001B78DBB2042B36D0964B1B78DBB2052B58
:10C2600031D0954BDB79DBB2012B12D1924B0022FE
:10C27000DA71904B0022DA708E4B00225A708E4B8E
:10C2800000229A71FFF712FA0021022001F060FDEE
:10C2900083E0894B0122DA7101224FF48041844806
:10C2A000F7F798FF834B0122DA70824B32225A70E3
:10C2B000814B00229A717D4B5B8A9BB2194602200A
:10C2C00001F046FD69E07C4B0022DA71794B0022D7
:10C2D000DA70784B00225A70FFF7E8F9002102204B
:10C2E00001F036FD5CE0FB7B012B51D1724BDB7919
:10C2F000DBB2012B54D16F4BDB78DBB20133DAB206
:10C300006C4BDA706B4BDB78DBB2032B2AD0032B40
:10C3100040DC012B02D0022B0ED03BE0654B3222D9
:10C320005A70654B00229A71604B5B8A9BB219462A
:10C33000022001F00DFD30E05E4B64225A705E4B2E
:10C3400000229A71594B9B8A9BB21946022001F038
:10C35000FFFC564B1B79DBB2052B1DD1554B002240
:10C36000DA7019E0514BDB78DAB2524B5A714F4B0D
:10C37000DB8A9BB21946022001F0EAFC4D4B0022F9
:10C380005A704C4B0022DA704B4B01229A7104E038
:10C3900000BF05E000BF03E000BF01E000BF00E018
:10C3A00000BF464B1B78DBB2082B00F2A18701A22D
:10C3B00052F823F0D9C301082DC40108CDC40108E7
:10C3C0004BC50108C9C50108FFC70108EFCA01082C
:10C3D0002DCD0108B5CF01084FF4FA630093142363
:10C3E00000224FF48071364801F046F90346FB7392
:10C3F000FB7B012B0CD1314B9B78DBB2002B02D1A4
:10C400002E4B01221A702D4B00229A7000F087BF2C
:10C41000FB7B022B07D1294B04221A70294B0122E6
:10C420001A7000F07CBF00BF00F079BF4FF4FA63D0
:10C430000093142300224FF48071214801F01CF96D
:10C440000346FB73FB7B012B02D11C4B00221A70AD
:10C45000164B9B79DBB2032B40F04C874FF4FA6309
:10C460000093142300220421174801F005F9034624
:10C47000BB734FF4FA630093142300228021104809
:10C4800001F0FAF803467B73BB7B012B04D10B4B05
:10C4900003221A7000F030BF7B7B012B40F02C8709
:10C4A000064B02221A7000F027BF00BF044B002089
:10C4B00000080240344B0020244B0020004B002099
:10C4C00000100240204B0020000402404FF4FA63A9
:10C4D0000093142300224FF48071B24801F0CCF88D
:10C4E0000346FB73FB7B012B02D1AF4B00221A707A
:10C4F000AE4B9B79DBB2032B40F000874FF4FA631D
:10C500000093142300220421A94801F0B5F8034642
:10C51000BB734FF4FA630093142300228021A148D7
:10C5200001F0AAF803467B73BB7B012B04D19E4B21
:10C5300001221A7000F0E4BE7B7B012B40F0E08604
:10C54000994B03221A7000F0DBBE4FF4FA6300939C
:10C55000142300224FF48071924801F08DF80346B5
:10C56000FB73FB7B012B02D18F4B00221A708F4B88
:10C570009B79DBB2032B40F0C5864FF4FA6300933E
:10C580001423002204218A4801F076F80346BB7385
:10C590004FF4FA630093142300228021814801F0B4
:10C5A0006BF803467B73BB7B012B04D17E4B0222CD
:10C5B0001A7000F0A9BE7B7B012B40F0A5867A4B58
:10C5C00001221A7000F0A0BE4FF4FA630093142306
:10C5D00000224FF48071734801F04EF80346FB735C
:10C5E000FB7B022B22D1714B1B78DBB21946012059
:10C5F00006F0ECFD6D4B5B78DBB21946022006F0CD
:10C60000E5FD6A4B9B78DBB21946032006F0DEFDA0
:10C61000664BDB78DBB21946042006F0D7FD624B8F
:10C6200001229A70604B00221A700AE0FB7B012BFA
:10C6300006D15D4B05221A705E4B05221A7000E090
:10C6400000BF4FF4FA6300931423002202215848DC
:10C6500001F012F80346FB73FB7B012B13D1554B02
:10C660001B78DBB2132B07D8524B1B78DBB2143389
:10C67000DAB2504B1A7006E04E4B1B78DBB2143B1B
:10C68000DAB24C4B1A704FF4FA6300931423002271
:10C690008021444800F0F0FF0346FB73FB7B012B35
:10C6A00047D1444B1B78DBB2132B10D8414B1B787E
:10C6B000DBB2012B03D83F4B04221A7039E03D4B0B
:10C6C0001B78DBB2013BDAB23A4B1A7031E0394BDE
:10C6D0001B78DBB2153B032B2AD801A252F823F0BA
:10C6E000F1C6010801C7010811C7010821C70108E7
:10C6F0002E4B1B78DBB20133DAB22C4B1A7018E0E8
:10C700002A4B5B78DBB20133DAB2284B5A7010E067
:10C71000264B9B78DBB20133DAB2244B9A7008E0E7
:10C72000224BDB78DBB20133DAB2204BDA7000E067
:10C7300000BF4FF4FA6300931423002204211C4825
:10C7400000F09AFF0346FB73FB7B012B40F0DE8574
:10C75000184B1B78DBB2132B12D8164B1B78DBB2AD
:10C76000032B04D9134B01221A7000F0CFBD114BDB
:10C770001B78DBB20133DAB20E4B1A7000F0C6BD83
:10C780000C4B1B78DBB2153B032B35D801A252F8BA
:10C7900023F000BFB9C70108C9C70108D9C70108FC
:10C7A000E9C7010800100240004B0020044B0020A4
:10C7B00000040240204B0020A84B1B78DBB2013B59
:10C7C000DAB2A64B1A7018E0A44B5B78DBB2013BDF
:10C7D000DAB2A24B5A7010E0A04B9B78DBB2013B5F
:10C7E000DAB29E4B9A7008E09C4BDB78DBB2013BDF
:10C7F000DAB29A4BDA7000E000BF00F087BD4FF468
:10C80000FA630093142300224FF48071944800F0DF
:10C8100033FF0346FB73FB7B022B22D18F4B1B792B
:10C82000DBB21946052006F0D1FC8C4B5B79DBB2FC
:10C830001946062006F0CAFC884B9B79DBB21946E4
:10C84000072006F0C3FC854BDB79DBB219460820D4
:10C8500006F0BCFC834B01229A70824B00221A70B6
:10C860000AE0FB7B012B06D17E4B06221A707E4B21
:10C8700009221A7000E000BF4FF4FA6300931423FA
:10C8800000220221794800F0F7FE0346FB73FB7B90
:10C89000012B13D1744B1B78DBB2132B07D8724BCF
:10C8A0001B78DBB21433DAB26F4B1A7006E06E4BB2
:10C8B0001B78DBB2143BDAB26B4B1A704FF4FA639D
:10C8C0000093142300228021654800F0D5FE034622
:10C8D000FB73FB7B012B73D1634B1B78DBB2132BF8
:10C8E00010D8614B1B78DBB2052B03D85E4B0822B6
:10C8F0001A7065E05C4B1B78DBB2013BDAB25A4B35
:10C900001A705DE0584B1B78DBB2193B032B56D8ED
:10C9100001A252F823F000BF29C901084BC9010840
:10C9200053C90108B7C901084C4B1B79DBB2042B72
:10C9300003D94A4B00221A7142E0484B1B79DBB203
:10C940000133DAB2454B1A713AE0444B6E225A7108
:10C9500036E0424B9B79DBB2022B03D93F4B0022DE
:10C960009A712DE03D4B9B79DBB20133DAB23B4B40
:10C970009A713A4B9B79DBB2012B0BD13C48FAF709
:10C9800021FB0346002B10D13A4B00225A7002F0D3
:10C99000F9F90AE03648FAF715FB0346002B04D1F3
:10C9A000344B00225A7002F05DF8012232493048BF
:10C9B000FAF7C5FB04E0294B0122DA7100E000BF61
:10C9C0004FF4FA630093142300220421274800F057
:10C9D00053FE0346FB73FB7B012B40F09984224BF3
:10C9E0001B78DBB2132B12D81F4B1B78DBB2072B43
:10C9F00004D91D4B05221A7000F08ABC1A4B1B7813
:10CA0000DBB20133DAB2184B1A7000F081BC164B5E
:10CA10001B78DBB2193B032B66D801A252F823F036
:10CA200031CA010853CA01087DCA0108E1CA0108D8
:10CA30000A4B1B79DBB2002B03D1084B05221A717C
:10CA400053E0064B1B79DBB2013BDAB2034B1A71A0
:10CA50004BE0024BDC225A7147E000BF044B002040
:10CA600000100240004B0020204B00200004024038
:10CA7000C05A0020344B0020604B0020A34B9B7910
:10CA8000DBB2002B03D1A14B03229A712DE09F4B07
:10CA90009B79DBB2013BDAB29C4B9A719B4B9B7941
:10CAA000DBB2012B0BD19A48FAF78CFA0346002B24
:10CAB00010D1984B00225A7002F064F90AE09448B1
:10CAC000FAF780FA0346002B04D1924B00225A70E9
:10CAD00001F0C8FF012290498D48FAF730FB04E0CD
:10CAE0008A4B0022DA7100E000BF00F011BC4FF465
:10CAF000FA630093142300224FF48071874800F0FA
:10CB0000BBFD0346FB73FB7B022B22D17F4B1B7AC1
:10CB1000DBB21946092006F059FB7C4B5B7ADBB28D
:10CB200019460A2006F052FB784B9B7ADBB2194675
:10CB30000B2006F04BFB754BDB7ADBB219460C2061
:10CB400006F044FB764B01229A70754B00221A7056
:10CB50000AE0FB7B012B06D1714B07221A70714B47
:10CB60000D221A7000E000BF4FF4FA630093142303
:10CB7000002202216C4800F07FFD0346FB73FB7B23
:10CB8000012B13D1674B1B78DBB2132B07D8654BF6
:10CB90001B78DBB21433DAB2624B1A7006E0614BD9
:10CBA0001B78DBB2143BDAB25E4B1A704FF4FA63B7
:10CBB0000093142300228021584800F05DFD0346B5
:10CBC000FB73FB7B012B48D1564B1B78DBB2132B3D
:10CBD00010D8544B1B78DBB2092B03D8514B0C22D5
:10CBE0001A703AE04F4B1B78DBB2013BDAB24D4B87
:10CBF0001A7032E04B4B1B78DBB21D3B032B2BD85A
:10CC000001A252F823F000BF19CC010829CC010879
:10CC100039CC010849CC01083C4B1B7ADBB201330B
:10CC2000DAB23A4B1A7218E0384B5B7ADBB2013356
:10CC3000DAB2364B5A7210E0344B9B7ADBB20133D6
:10CC4000DAB2324B9A7208E0304BDB7ADBB2013356
:10CC5000DAB22E4BDA7200E000BF4FF4FA630093B1
:10CC6000142300220421304800F006FD0346FB7324
:10CC7000FB7B012B40F04E832A4B1B78DBB2132B3E
:10CC800010D8284B1B78DBB20B2B03D9254B09227C
:10CC90001A703FE3234B1B78DBB20133DAB2214B2E
:10CCA0001A7037E31F4B1B78DBB21D3B032B2BD8CD
:10CCB00001A252F823F000BFC9CC0108D9CC010869
:10CCC000E9CC0108F9CC0108104B1B7ADBB2013B1F
:10CCD000DAB20E4B1A7218E00C4B5B7ADBB2013BF6
:10CCE000DAB20A4B5A7210E0084B9B7ADBB2013B76
:10CCF000DAB2064B9A7208E0044BDB7ADBB2013BF6
:10CD0000DAB2024BDA7200E000BF03E3044B00200A
:10CD1000C05A0020344B0020604B0020001002401D
:10CD2000004B0020204B0020000402404FF4FA6327
:10CD30000093142300224FF48071984800F09CFC6B
:10CD40000346FB73FB7B022B21D1954B1B7BDBB294
:10CD500019460D2006F03AFA914B5B7BDBB219467F
:10CD60000E2006F033FA8E4BDB899BB28D4AA2FB74
:10CD700003235B099BB2DBB219460F2006F026FAAB
:10CD8000894B01229A70884B00221A700AE0FB7BC3
:10CD9000012B06D1844B08221A70844B11221A7081
:10CDA00000E000BF4FF4FA63009314230022022135
:10CDB0007F4800F061FC0346FB73FB7B012B1ED117
:10CDC0007A4B1B78DBB2132B12D8784B1B78DBB273
:10CDD0001433DAB2754B1A70744B1B78DBB2242B08
:10CDE0000DD1714B00221A70704B10221A7006E0A0
:10CDF0006E4B1B78DBB2143BDAB26C4B1A704FF4FB
:10CE0000FA630093142300228021644800F034FC6C
:10CE10000346FB73FB7B012B57D1644B1B78DBB2C2
:10CE2000132B10D8614B1B78DBB20D2B03D85F4B53
:10CE300010221A7049E05D4B1B78DBB2013BDAB27D
:10CE40005A4B1A7041E0594B1B78DBB2232B1BD095
:10CE5000232B39DC212B02D0222B04D034E0504B81
:10CE600001221A7331E04E4B5B7BDBB2012B03D9FD
:10CE70004B4B00225A7328E0494B5B7BDBB20133FA
:10CE8000DAB2474B5A7320E0454BDB899BB2B3F5CE
:10CE9000FA5F04D3424B4FF4FA52DA8115E0404B6B
:10CEA000DB899BB264339AB23D4BDA813C4BDB8920
:10CEB0009BB21946012000F04BFF394BDB899BB236
:10CEC000184602F02DFE00E000BF4FF4FA63009315
:10CED000142300220421364800F0CEFB0346FB73E6
:10CEE000FB7B012B40F01882304B1B78DBB2132BFD
:10CEF00010D82E4B1B78DBB20F2B03D92B4B0D22F6
:10CF00001A7009E2294B1B78DBB20133DAB2274BE6
:10CF10001A7001E2254B1B78DBB2232B1BD0232B8D
:10CF200039DC212B02D0222B04D034E01C4B002210
:10CF30001A7331E01A4B5B7BDBB2002B03D1184B29
:10CF400002225A7328E0164B5B7BDBB2013BDAB25C
:10CF5000134B5A7320E0124BDB899BB2B3F5FA6F87
:10CF600004D80F4B4FF4FA62DA8115E00C4BDB89E1
:10CF70009BB2643B9AB20A4BDA81094BDB899BB2C4
:10CF80001946012000F0E4FE054BDB899BB21846F0
:10CF900002F0C6FD00E000BFBEE100BF001002408D
:10CFA000044B00201F85EB51004B0020204B00203C
:10CFB000000402404FF4FA630093142300224FF45C
:10CFC00080719E4800F058FB0346FB73FB7B022BED
:10CFD0004DD19B4B1B8A9BB29A4AA2FB03235B0950
:10CFE0009BB2DBB21946102006F0F0F8944B1B8A76
:10CFF0009BB2944AA2FB03125209642101FB02F284
:10D000009B1A9BB2DBB21946112006F0DFF88C4B5D
:10D010009B8A9BB28B4AA2FB03235B099BB2DBB2C8
:10D020001946122006F0D2F8854B9B8A9BB2854A9E
:10D03000A2FB03125209642101FB02F29B1A9BB26C
:10D04000DBB21946132006F0C1F87D4B1B7EDBB224
:10D050001946142006F0BAF80021022000F078FEEC
:10D06000794B01229A70784B00221A700AE0FB7B00
:10D07000012B06D1744B04221A70744B01221A70D2
:10D0800000E000BF4FF4FA63009314230022022152
:10D090006F4800F0F1FA0346FB73FB7B012B13D1C1
:10D0A0006A4B1B78DBB2132B07D8684B1B78DBB2BB
:10D0B0001433DAB2654B1A7006E0644B1B78DBB2AE
:10D0C000143BDAB2614B1A704FF4FA6300931423E5
:10D0D00000228021594800F0CFFA0346FB73FB7B06
:10D0E000012B70D1594B1B78DBB2132B19D8574B3E
:10D0F0001B78DBB2112B0CD8514B1B79DBB2052B03
:10D1000003D1524B13221A705DE0504B12221A7059
:10D1100059E04E4B1B78DBB2013BDAB24B4B1A7035
:10D1200051E04A4B1B78DBB2272B3ED0272B49DC42
:10D13000252B02D0262B1CD044E0414B1B8A9BB2EE
:10D1400001339AB23E4B1A823D4B1B8A9AB23C4B3A
:10D150005B8A9BB29A4204D3394B5B8A9AB2384BB2
:10D160001A82374B1B8A9BB21946022000F0F0FD51
:10D1700029E0334B9B8A9BB20A339AB2304B9A8296
:10D180002F4B9B8A9AB22E4BDB8A9BB29A4204D3D6
:10D190002B4BDB8A9AB22A4B9A82294B9B8A9BB2F1
:10D1A0001946022000F0D4FD0DE0254B1B7EDBB2BA
:10D1B000012B03D1224B00221A7604E0204B0122DE
:10D1C0001A7600E000BF4FF4FA63009314230022A4
:10D1D00004211F4800F050FA0346FB73FB7B012B30
:10D1E00040F09C80194B1B78DBB2132B32D8144BC8
:10D1F0001B79DBB2052B10D1144B1B78DBB2122B41
:10D2000003D9124B11221A7088E0104B1B78DBB245
:10D210000133DAB20D4B1A7080E00C4B1B78DBB295
:10D22000112B03D9094B11221A7077E0074B1B7899
:10D23000DBB20133DAB2054B1A706FE00010024026
:10D24000044B00201F85EB51004B0020204B002099
:10D2500000040240344B1B78DBB2272B39D0272B3C
:10D2600044DC252B02D0262B17D03FE02F4B1B8A06
:10D270009BB2013B9AB22D4B1A822C4B1B8A9BB25C
:10D28000002B02D1294B01221A82284B1B8A9BB208
:10D290001946022000F05CFD29E0244B9B8A9BB2DA
:10D2A0000A3B9AB2214B9A82204B9B8A9AB21F4B1F
:10D2B0005B8A9BB29A4204D21C4B5B8A9AB21B4B8C
:10D2C0009A821A4B9B8A9BB21946022000F040FDBD
:10D2D0000DE0164B1B7EDBB2012B03D1134B00225A
:10D2E0001A7604E0114B01221A7600E000BF15E027
:10D2F00000BF14E000BF12E000BF10E000BF0EE06E
:10D3000000BF0CE000BF0AE000BF08E000BF06E07D
:10D3100000BF04E000BF02E000BF00E000BF01204A
:10D32000FCF727FEFEF776BF204B0020044B0020C1
:10D3300080B582B000AF78602A4B1B78DBB2082B37
:10D340004AD801A252F823F06DD3010879D301081D
:10D3500085D3010891D301089DD30108A9D3010801
:10D36000B5D30108C1D30108CDD30108002003F0D3
:10D3700039FC04F0E3FA30E0002003F033FC04F061
:10D38000A1FC2AE0002003F02DFC04F0ADFD24E018
:10D39000002003F027FC04F087FE1EE0002003F0CD
:10D3A00021FC04F04DFF18E0002003F01BFC05F009
:10D3B0007FF812E0002003F015FC05F00BFB0CE0F9
:10D3C000002003F00FFC05F03DFC06E0002003F018
:10D3D00009FC05F09FFD00E000BFC820FCF7C9FD77
:10D3E000AAE700BF004B002080B586B000AF786090
:10D3F00000233B610023FB604FF00003BB60002370
:10D40000FB754BE09848F5F7E3FB01219648F5F7EB
:10D41000B1FC9548F5F739FD03469AB2934B5A8112
:10D42000924B5B899BB203F47E6307EE903AF8EE71
:10D43000677A97ED027A77EE277AC7ED027A8A4803
:10D44000F5F7C6FB01218848F5F794FC8648F5F707
:10D450001CFD03469AB2854B9A81844B9B899BB2F3
:10D4600003F47E63FA681344FB607F48F5F7B0FB72
:10D4700001217D48F5F77EFC7B48F5F706FD034664
:10D480009AB27A4BDA81794BDB899BB203F47E63E3
:10D490003A6913443B61FB7D0133FB75FB7D092B2E
:10D4A000B0D9734B1B79DBB2002B21D1D7ED027AB7
:10D4B000B2EE047AC7EE876A16EE900AF3F75EF9C9
:10D4C0005DA3D3E90023F2F7CBFE02460B461046DC
:10D4D00019465BA3D3E90023F2F7F0FF02460B469F
:10D4E00010461946F3F7EAF90346604AD3614EE065
:10D4F0005F4B1B79DBB2052B21D1D7ED027AB2EE5F
:10D50000047AC7EE876A16EE900AF3F737F94AA352
:10D51000D3E90023F2F7A4FE02460B461046194653
:10D5200047A3D3E90023F2F7C9FF02460B46104692
:10D530001946F3F7C3F903464C4AD36127E04C4B35
:10D540001B79DBB2032B21D1D7ED027AB2EE047A3C
:10D55000C7EE876A16EE900AF3F710F93AA3D3E9FB
:10D560000023F2F77DFE02460B461046194638A30B
:10D57000D3E90023F2F7A2FF02460B4610461946F4
:10D58000F3F79CF90346394AD36100E000BF374BFB
:10D59000D3ED077AF5EEC07AF1EE10FA03D8334BEB
:10D5A0004FF00002DA61FB6807EE903AF8EE677A16
:10D5B000B2EE047AC7EE876A16EE900AF3F7DEF849
:10D5C00025A3D3E90023F2F74BFE02460B46104693
:10D5D000194623A3D3E90023F2F772FF02460B4654
:10D5E00010461946F3F74AF903469AB21F4BDA8000
:10D5F0001E4BDB889BB2002B02D11C4B0022DA8031
:10D600003B691C4AA2FB0323DB089AB2174B1A8121
:10D61000164B1B899BB2002B02D1144B00221A819E
:10D6200000233B614FF00003BB600023FB601E2022
:10D63000FCF79FFCE3E600BFB37BF2B0506B8A3F80
:10D6400001DE02098A7F22406EA301BC0512943FCD
:10D65000EC51B81E85EB2B40DE718A8EE4F29FBF41
:10D66000D578E926311056407C510020344B0020FB
:10D67000044B0020CDCCCCCC80B586B000AFF86098
:10D68000084611461A4603467B810B467B721346B9
:10D69000FB800023FB753A8CFB88D31ABB82F6F71C
:10D6A000D3FF38611E20FCF764FCFB681A697B8994
:10D6B0001340002B14BF01230023DBB21A467B7AF0
:10D6C0009A4245D1FB881846FCF753FC32E0F6F746
:10D6D000BBFF02463B69D21ABB8A9A4218D37B89A8
:10D6E0001946F86800F088F80346002B37D17B898B
:10D6F0001946F86800F080F80346012B2FD002236A
:10D70000FB757B8901221946F86800F02FF826E0A6
:10D71000F6F79AFF02463B69D21AFB889A4209D370
:10D720007B891946F86800F067F80346002B01D1A1
:10D730000123FB75FB681A697B891340002B14BF1A
:10D7400001230023DBB21A467B7A9A42BFD007E05E
:10D750007B8900221946F86800F008F800E000BF55
:10D76000FB7D18461837BD4680BD000080B483B0ED
:10D7700000AF78600B467B8013467B707B681A4A4B
:10D7800093420DD17B88022B03D1184A7B7813700A
:10D7900024E07B88042B21D1144A7B7893701DE010
:10D7A0007B68134A93420ED17B88802B03D10F4AAA
:10D7B0007B78537012E07B88B3F5807F0ED10B4AE3
:10D7C0007B78D3700AE07B680A4A934206D17B8853
:10D7D000B3F5005F02D1054A7B78137100BF0C37A7
:10D7E000BD465DF8047B704700040240244B0020D6
:10D7F000001002400008024080B483B000AF78609F
:10D800000B467B807B681B4A93420DD17B88022BA1
:10D8100003D1194B1B78DBB226E07B88042B22D185
:10D82000154B9B78DBB21FE07B68144A93420ED104
:10D830007B88802B03D1104B5B78DBB214E07B88B4
:10D84000B3F5807F0FD10C4BDB78DBB20CE07B684B
:10D850000B4A934207D17B88B3F5005F03D1064B97
:10D860001B79DBB200E0002318460C37BD465DF89B
:10D87000047B704700040240244B0020001002404B
:10D880000008024090B583B000AF984B1B88FB8026
:10D89000974B1B79DBB2042B40F03582954BDB7A3A
:10D8A000DBB2012B02D10023FB803DE0914BDB7901
:10D8B000DBB2012B1DD18F4B9B79DBB2012B03D146
:10D8C0008B4BDB8AFB802FE08B4BDB78DBB2012BB1
:10D8D00003D1874B5B8AFB8026E0874BDB78DBB28A
:10D8E000022B03D1824B9B8AFB801DE00023FB802F
:10D8F0001AE0804B9B79DBB2012B03D17C4BDB8A96
:10D90000FB8011E07C4B5B78DBB2002B0AD07A4BBA
:10D910005B78DBB21A46764B1B8A9BB212FB03F391
:10D92000FB8001E00023FB80704AFB8813806F4B73
:10D930001B88002B6AD10020FDF708FD6F4B0022E9
:10D940001A806F4B1B78002B06D06D4B00221A708B
:10D950006C4B00221A6027E06B4B1B78032B20D105
:10D96000684B1B68002B0DD1F6F76EFE034603F6DD
:10D97000B833644A1360002300220021102000F015
:10D98000F3FFC2E1F6F760FE02465E4B1B68D31A56
:10D99000002BC0F2BA815B4B00221A60FDF7AAFD92
:10D9A000B3E1584B00221A60574B1B78002B13D160
:10D9B000564B1B88002B0FD1554B1B78012B0BD1DD
:10D9C0000020FDF7A5FC0346002B02D0FDF792FDD9
:10D9D000A4E1FDF769FDA1E14B4B1B78012B02D0BF
:10D9E000FDF788FD93E1FDF7ABFD0346002B00F04A
:10D9F0008E81454B00221A70464B00221A60464B1E
:10DA000000221A60454B00221A6080E13D4B002243
:10DA10001A603D4B1B78032B40F0A1800120FDF7DD
:10DA200077FC0346002B1AD00020FDF747FC034685
:10DA3000002B14D13A4B1B78D9B2354B1B781A46C0
:10DA4000324B1B880B2000F08FFF0020FDF77EFC7F
:10DA50002D4B00221A70294B00221A805EE12B4BBD
:10DA60001B88002B62D02D4B1B68002B5ED0002042
:10DA7000FDF74EFC0346002B58D0F6F7E5FD0246B5
:10DA8000264B1B68D31AB3F5FA7F4FD31A4BD3ED4D
:10DA9000077A9FED247AF4EEC77AF1EE10FA45D8B2
:10DAA0001F4B1B78D9B2194B1B8800220C2000F0A9
:10DAB0005BFF0020FDF74AFC104B00221A800E4B42
:10DAC0004FF00002DA610020FDF79CFCF6F7BCFD88
:10DAD0000346104A1360104B00221A60124B0022BA
:10DAE0001A60094B02221A7018E100BFBA4D0020DB
:10DAF000044B0020244B0020344B0020DA4D002042
:10DB0000D94D0020C44D0020DC4D0020B84D002030
:10DB10006E000020BC4D0020C04D0020D44D0020E0
:10DB20006D0000200AD7233CD04D00207D4B1A8881
:10DB30007D4B1B889A4204D17C4B1B88002B00F044
:10DB4000E880784B1B88002B06D1774B1B8800227E
:10DB50000221112000F008FFFDF74EFDD9E0744BC3
:10DB60001B78012B3DD10020FDF7F0FB0020FDF7D5
:10DB7000CFFB0346002B11D06D4B03221A70F6F732
:10DB800063FD03466B4A1360674B1B88002201212B
:10DB9000112000F0E9FEFDF72FFDBFE0FDF7D0FCFE
:10DBA0000346002B11D10020FDF72CFCF6F74CFDAD
:10DBB0000346614A13605F4B00221A605F4B0022EC
:10DBC0001A605B4B02221A70A8E0594B00221A70AF
:10DBD000594B00221A60574B00221A60584B002202
:10DBE0001A60534B1B78002B18D10020FDF7AEFBB9
:10DBF000544B4FF00002DA610020FDF703FCF6F70A
:10DC000023FD03464C4A13604A4B00221A604B4BDB
:10DC100000221A60464B02221A707FE0444B1B78A8
:10DC2000022B42D10020FDF791FBFDF7A3FC034638
:10DC3000002B70D03F4B1B68002B04D1F6F704FD7E
:10DC400003463C4A1360FDF7BFFC0346002B64D03B
:10DC5000354B1B88002B02D1FDF74CFC5EE0F6F73C
:10DC6000F3FC0246334B1B68D31A3B603B68FF2B27
:10DC700002D83B68D9B200E0FF212B4B1B884FF440
:10DC80002F720F2000F070FE2F4B1B78DCB20020AB
:10DC9000FDF714FB03461A46234B1B8821460A2036
:10DCA00000F062FE224B03221A700120FDF730FBC8
:10DCB0000346002B1AD00020FDF700FB0346002B83
:10DCC00014D1214B1B78D9B2204B1B781A46154B27
:10DCD0001B880B2000F048FE0020FDF737FB144B9B
:10DCE00000221A70114B00221A8017E00D4B1A887F
:10DCF0000D4B1B889A4203D10C4B1B88002B0DD077
:10DD0000FDF77AFC0AE000BF08E000BF06E000BFB4
:10DD100004E000BF02E000BF00E000BF0C37BD46DA
:10DD200090BD00BFB84D0020BA4D0020DA4D002054
:10DD3000DC4D0020C04D0020BC4D0020D04D002007
:10DD4000D44D0020344B00206D0000206E000020D8
:10DD500080B584B000AF03460A46FB711346BB8012
:10DD6000FB79012B04D1454B1B68BA885A6381E0CB
:10DD7000434B01221A73434B1B79DBB2052B04D1B1
:10DD8000002220214048F6F725FA3E4B1B79DBB2F2
:10DD9000042B29D1BB88002B03D03C4ABB881380BD
:10DDA0001EE0374BDB79DBB2012B03D1344B002271
:10DDB0001A735FE0324BDB7ADBB2002B0DD1344BB0
:10DDC0005B78DBB2002B04D12D4B9B79DBB2012BAE
:10DDD00003D12B4B00221A734CE02C4B00221A80EB
:10DDE000274B00221A7345E0BB88002B28D0234B19
:10DDF0001B68BA889A63234B1B79DBB2032B05D1CE
:10DE0000012220212048F6F7E5F902E0002001F088
:10DE1000ABFFEFF30583FB60FB68002B0AD0002308
:10DE2000BB6002E0BB680133BB60BB6841F2873274
:10DE30009342F7DD002201211648F6F7CBF916E0F0
:10DE4000012201211348F6F7C5F90C4B1B68BA886B
:10DE50009A630C4B1B79DBB2032B05D100222021E6
:10DE60000948F6F7B7F902E0012001F07DFF044B05
:10DE700000221A731037BD4680BD00BFB853002082
:10DE8000244B0020044B002000100240BA4D00201B
:10DE9000344B00200004024080B584B000AF3B4604
:10DEA00000221A605A609A60DA60314B314A1A6077
:10DEB0002F4B4FF480325A602D4B00229A602C4B2E
:10DEC00001221A612A4B00221A76294B012283F87B
:10DED0002020274B01225A62254B0022DA62244B74
:10DEE000254A9A62224B0022DA60214B0322DA6132
:10DEF0001F4B002283F830201D4B01225A611C4821
:10DF0000F4F722FE0346002B01D0FDF791F80B2316
:10DF10003B6001237B600223BB603B4619461448EB
:10DF2000F4F7C0FF0346002B01D0FDF781F80C2366
:10DF30003B6002237B603B4619460D48F4F7B2FF75
:10DF40000346002B01D0FDF773F80D233B6003233C
:10DF50007B603B4619460648F4F7A4FF0346002BB6
:10DF600001D0FDF765F800BF1037BD4680BD00BF8A
:10DF70007C510020002001400100000F80B58AB0D4
:10DF800000AF786007F1140300221A605A609A60AB
:10DF9000DA601A617B681B68174A934227D1002315
:10DFA0003B61164B5B6C154A43F480735364134B0F
:10DFB0005B6C03F480733B613B690023FB600F4B98
:10DFC0001B6B0E4A43F0040313630C4B1B6B03F0F3
:10DFD0000403FB60FB680E237B610323BB6100230A
:10DFE000FB6107F1140319460548F5F743FE00BF2E
:10DFF0002837BD4680BD00BF0020014000380240E8
:10E000000008024080B500AF064B074A1A60054879
:10E01000F6F74AFB0346002B01D0FDF709F800BFD5
:10E0200080BD00BFC45100200030024080B485B0E4
:10E0300000AF78607B681B680B4A93420DD10023C8
:10E04000FB600A4B1B6B094A43F480531363074B75
:10E050001B6B03F48053FB60FB6800BF1437BD46A5
:10E060005DF8047B704700BF00300240003802407A
:10E0700080B500AF124B134A1A60114B124A5A6016
:10E080000F4B00229A600E4BF022DA600C4B4FF4DB
:10E0900080421A610A4B00225A61094B00229A61A0
:10E0A000074B0022DA61064B00221A620448F6F799
:10E0B00017FB0346002B01D0FCF7BAFF00BF80BD61
:10E0C000CC51002000540040A086010080B58AB0E9
:10E0D00000AF786007F1140300221A605A609A605A
:10E0E000DA601A617B681B68214A93423BD10023A6
:10E0F0003B61204B1B6B1F4A43F0020313631D4B14
:10E100001B6B03F002033B613B69C0237B6112235D
:10E11000BB610123FB6103233B6204237B6207F1A4
:10E12000140319461448F5F7A5FD0023FB60114BB5
:10E130001B6C104A43F4001313640E4B1B6C03F466
:10E140000013FB60FB68002205211F20F6F709FA87
:10E150001F20F6F722FA002205212020F6F701FA07
:10E160002020F6F71AFA00BF2837BD4680BD00BF51
:10E1700000540040003802400004024080B500AF67
:10E18000174B184A1A60164B4FF482725A60144BA0
:10E1900000229A60124B0022DA60114B00221A61B1
:10E1A0000F4B00225A610E4B4FF400729A610C4BD8
:10E1B0001822DA610A4B00221A62094B00225A62C5
:10E1C000074B00229A62064B0A22DA620448F8F7EB
:10E1D000D8F80346002B01D0FCF72AFF00BF80BD12
:10E1E000205200200030014080B500AF174B184A84
:10E1F0001A60164B4FF482725A60144B00229A60D8
:10E20000124B0022DA60114B00221A610F4B0022E0
:10E210005A610E4B4FF400729A610C4B0022DA6186
:10E220000A4B00221A62094B00225A62074B002255
:10E230009A62064B0A22DA620448F8F7A2F803460B
:10E24000002B01D0FCF7F4FE00BF80BD7852002007
:10E250000038004080B500AF174B184A1A60164BC3
:10E260004FF482725A60144B00229A60124B0022C3
:10E27000DA60114B02221A610F4B01225A610E4BD8
:10E280004FF400729A610C4B0822DA610A4B0022AB
:10E290001A62094B00225A62074B00229A62064B0F
:10E2A0000A22DA620448F8F76CF80346002B01D022
:10E2B000FCF7BEFE00BF80BDD0520020003C0040F5
:10E2C00080B58EB000AF786007F1240300221A6099
:10E2D0005A609A60DA601A617B681B68544A9342FC
:10E2E0002CD100233B62534B5B6C524A43F4805366
:10E2F0005364504B5B6C03F480533B623B6A0023D6
:10E30000FB614C4B1B6B4B4A43F002031363494BBD
:10E310001B6B03F00203FB61FB6938237B62022362
:10E32000BB620123FB6203233B6305237B6307F18D
:10E33000240319464048F5F79DFC75E07B681B688F
:10E340003E4A93422DD10023BB613A4B1B6C394AA4
:10E3500043F480431364374B1B6C03F48043BB616D
:10E36000BB6900237B61334B1B6B324A43F00203D2
:10E370001363304B1B6B03F002037B617B694FF42B
:10E3800060437B620223BB620123FB6203233B6386
:10E3900005237B6307F1240319462748F5F76AFC38
:10E3A00042E07B681B68264A93423DD100233B61D3
:10E3B000204B1B6C1F4A43F4004313641D4B1B6C22
:10E3C00003F400433B613B690023FB60194B1B6B6B
:10E3D000184A43F004031363164B1B6B03F004034A
:10E3E000FB60FB684FF4A0537B620223BB620123F6
:10E3F000FB6203233B6306237B6307F12403194677
:10E400001048F5F737FC4FF400637B620223BB62D0
:10E410000023FB6203233B6306237B6307F1240392
:10E4200019460848F5F726FC00BF3837BD4680BDC1
:10E430000030014000380240000402400038004033
:10E44000003C00400008024080B58AB000AF07F1F0
:10E45000180300221A605A609A60DA6007F110030C
:10E4600000221A605A603B4600221A605A609A6085
:10E47000DA603E4B3E4A1A603C4B40F28F625A6073
:10E480003A4B00229A60394B4FF6FF72DA60374BF5
:10E4900000221A61354B00225A61344B00229A61E6
:10E4A0003248F2F7E9FF0346002B01D0FCF7C0FD2C
:10E4B0004FF48053BB6107F1180319462B48F3F75B
:10E4C0008DFD0346002B01D0FCF7B2FD2748F3F782
:10E4D000B5F90346002B01D0FCF7AAFD00233B61F0
:10E4E00000237B6107F1100319462048F4F79CFADA
:10E4F0000346002B01D0FCF79BFD02233B60012368
:10E500007B600023BB600023FB603B460022194672
:10E510001648F3F705FC0346002B01D0FCF788FDF5
:10E520003B46042219461148F3F7FAFB0346002B39
:10E5300001D0FCF77DFD3B46082219460B48F3F756
:10E54000EFFB0346002B01D0FCF772FD3B460C228B
:10E5500019460648F3F7E4FB0346002B01D0FCF70D
:10E5600067FD00BF2837BD4680BD00BF285300208F
:10E570000000014080B586B000AF07F1080300221B
:10E580001A605A609A60DA603B4600221A605A604C
:10E590001D4B4FF080421A601B4B00225A601A4BF1
:10E5A00000229A60184B194ADA60174B00221A6150
:10E5B000154B80229A611448F2F75EFF0346002B48
:10E5C00001D0FCF735FD4FF48053BB6007F1080321
:10E5D00019460D48F3F702FD0346002B01D0FCF766
:10E5E00027FD00233B6080237B603B46194606489D
:10E5F000F4F71AFA0346002B01D0FCF719FD00BF0F
:10E600001837BD4680BD00BF705300201F48010071
:10E6100080B58EB000AF07F1280300221A605A605F
:10E620009A60DA6007F1200300221A605A603B1DED
:10E6300000221A605A609A60DA601A615A619A611F
:10E64000334B344A1A60324B00225A60304B00225E
:10E650009A602F4B42F2D002DA602D4B00221A61F1
:10E660002B4B80229A612A48F2F706FF0346002BC3
:10E6700001D0FCF7DDFC4FF48053BB6207F12803A7
:10E6800019462348F3F7AAFC0346002B01D0FCF7F8
:10E69000CFFC1F48F2F7B0FF0346002B01D0FCF778
:10E6A000C7FC30233B6200237B6207F1200319463D
:10E6B0001748F4F7B9F90346002B01D0FCF7B8FC72
:10E6C00060237B600023BB600023FB6000237B6131
:10E6D0003B1D002219460E48F3F7BEFB0346002BF4
:10E6E00001D0FCF7A5FC0223FB603B1D0422194668
:10E6F0000748F3F7B1FB0346002B01D0FCF798FC69
:10E70000034800F0F7F800BF3837BD4680BD00BFB2
:10E71000B85300200004004080B586B000AF07F178
:10E72000080300221A605A609A60DA603B460022B1
:10E730001A605A601D4B1E4A1A601C4B00225A6018
:10E740001A4B00229A60194B4FF6FF72DA60174B92
:10E7500000221A61154B80229A611448F2F78CFE50
:10E760000346002B01D0FCF763FC4FF48053BB60E1
:10E7700007F1080319460D48F3F730FC0346002B58
:10E7800001D0FCF755FC00233B6080237B603B46B7
:10E7900019460648F4F748F90346002B01D0FCF768
:10E7A00047FC00BF1837BD4680BD00BF00540020A5
:10E7B0000008004080B58CB000AF786007F11C0302
:10E7C00000221A605A609A60DA601A617B681B68DE
:10E7D000434A934235D10023BB61424B5B6C414AB3
:10E7E00043F0010353643F4B5B6C03F00103BB61D7
:10E7F000BB6900237B613B4B1B6B3A4A43F0100320
:10E800001363384B1B6B03F010037B617B694FF480
:10E81000D443FB6102233B6200237B620323BB6280
:10E820000123FB6207F11C0319462F48F5F722FA72
:10E83000002205211B20F5F794FE1B20F5F7ADFE05
:10E840004AE07B681B68B3F1804F16D100233B611F
:10E85000244B1B6C234A43F001031364214B1B6CB4
:10E8600003F001033B613B69002205211C20F5F701
:10E8700078FE1C20F5F791FE2EE07B681B681B4A92
:10E8800093420ED10023FB60164B1B6C154A43F0DC
:10E8900002031364134B1B6C03F00203FB60FB6861
:10E8A0001AE07B681B68124A934215D10023BB60B3
:10E8B0000C4B1B6C0B4A43F004031364094B1B6C99
:10E8C00003F00403BB60BB68002205211E20F5F79E
:10E8D00048FE1E20F5F761FE00BF3037BD4680BD03
:10E8E00000000140003802400010024000040040D7
:10E8F0000008004080B588B000AF786007F10C03D5
:10E9000000221A605A609A60DA601A617B681B689C
:10E91000124A93421DD10023BB60114B1B6B104A5E
:10E9200043F0010313630E4B1B6B03F00103BB6049
:10E93000BB68C023FB6002233B6100237B61002393
:10E94000BB610223FB6107F10C0319460548F5F78B
:10E9500091F900BF2037BD4680BD00BF00040040D4
:10E96000003802400000024090B585B000AF044678
:10E97000084611461A462346FB710346BB710B46F7
:10E98000BB8013467B80204B1B6803F07F03FB603A
:10E99000F5F75AFE01461D48FA6813465B0013441A
:10E9A0009B00034419601949FA6813465B0013443D
:10E9B0009B000B440433FA791A701449FA68134621
:10E9C0005B0013449B000B440533BA791A700F495E
:10E9D000FA6813465B0013449B000B440633BA8865
:10E9E0001A800A49FA6813465B0013449B000B44E3
:10E9F00008337A881A80044B1B680133024A13607B
:10EA000000BF1437BD4690BD4C5A00204C54002026
:10EA100080B500AF114B124A1A60104B4FF4E1322F
:10EA20005A600E4B00229A600C4B0022DA600B4BAE
:10EA300000221A61094B0C225A61084B00229A618C
:10EA4000064B0022DA610548F8F76CFA0346002B02
:10EA500001D0FCF7EDFA00BF80BD00BF785A00205E
:10EA60000010014080B582B000AF214B214A1A60EE
:10EA70001F4B4FF416525A601D4B00229A601C4BDC
:10EA80000022DA601A4B00221A61194B0C225A61DB
:10EA9000174B00229A61164B0022DA611448F8F7EE
:10EAA00041FA0346002B01D0FCF7C2FA00237B6039
:10EAB0000F4B1B681B687B600D4B1B685B687B60A2
:10EAC0007B680B4B1B68DA68094B1B6822F010024D
:10EAD000DA60094B0022A3F83C22074B002283F89E
:10EAE0004022064B00229A7200BF0837BD4680BD07
:10EAF000C05A002000440040604B0020244B0020FE
:10EB000080B500AF114B124A1A60104B4FF4E1323E
:10EB10005A600E4B00229A600C4B0022DA600B4BBD
:10EB200000221A61094B0C225A61084B00229A619B
:10EB3000064B0022DA610548F8F7F4F90346002B8A
:10EB400001D0FCF775FA00BF80BD00BF085B002054
:10EB50000014014080B58EB000AF786007F1240347
:10EB600000221A605A609A60DA601A617B681B683A
:10EB7000574A934235D100233B62564B5B6C554A52
:10EB800043F010035364534B5B6C03F010033B6280
:10EB90003B6A0023FB614F4B1B6B4E4A43F0010362
:10EBA00013634C4B1B6B03F00103FB61FB694FF4D8
:10EBB000C0637B620223BB620123FB6203233B63CE
:10EBC00007237B6307F1240319464348F5F752F8FE
:10EBD000002205212520F5F7C4FC2520F5F7DDFCF2
:10EBE00072E07B681B683D4A934234D10023BB61CD
:10EBF000384B1B6C374A43F400331364354B1B6CA2
:10EC000003F40033BB61BB6900237B61314B1B6B99
:10EC1000304A43F0010313632E4B1B6B03F00103D7
:10EC20007B617B690C237B620223BB620123FB6255
:10EC300003233B6307237B6307F12403194626481C
:10EC4000F5F718F8002205212620F5F78AFC262082
:10EC5000F5F7A3FC38E07B681B68214A934233D167
:10EC600000233B611B4B5B6C1A4A43F02003536447
:10EC7000184B5B6C03F020033B613B690023FB6096
:10EC8000144B1B6B134A43F004031363114B1B6BB0
:10EC900003F00403FB60FB68C0237B620223BB62BA
:10ECA0000123FB6203233B6308237B6307F12403F7
:10ECB00019460C48F4F7DEFF002205214720F5F73E
:10ECC00050FC4720F5F769FC00BF3837BD4680BDD2
:10ECD00000100140003802400000024000440040A3
:10ECE000001401400008024080B582B000AF786097
:10ECF0007B681B681D4A93420ED11D4B5B6C1C4AFE
:10ED000023F0100353644FF4C0611A48F5F74EF92D
:10ED10002520F5F750FC24E07B681B68164A9342D7
:10ED20000DD1134B1B6C124A23F4003313640C21D6
:10ED30001048F5F73BF92620F5F73DFC11E07B681C
:10ED40001B680E4A93420CD1094B5B6C084A23F0B6
:10ED500020035364C0210A48F5F728F94720F5F746
:10ED60002AFC00BF0837BD4680BD00BF001001402F
:10ED700000380240000002400044004000140140FE
:10ED80000008024080B582B000AF254B9B79DBB212
:10ED9000012B02D0FFF766FE3EE0224B224A1A60AA
:10EDA000204B224A5A601F4B00229A601D4B4FF4A1
:10EDB0000052DA601B4B00221A611A4B0C225A6176
:10EDC000184B00229A61174B0022DA611548F8F7B8
:10EDD000A9F80346002B01D0FCF72AF900237B6039
:10EDE000104B1B681B687B600E4B1B685B687B606D
:10EDF0007B680C4B1B68DA680A4B1B6822F0100218
:10EE0000DA600B4B0022A3F83C22094B012283F865
:10EE10004022084B00229A720837BD4680BD00BFD1
:10EE2000044B0020C05A00200044004090D0030052
:10EE3000604B0020244B002080B500AF154B164AD4
:10EE40001A60144B154A5A60124B00229A60114BFB
:10EE50004FF40052DA600F4B00221A610D4B04226E
:10EE60005A610C4B00229A610A4B0022DA61094870
:10EE7000F8F758F80346002B01D0FCF7D9F8054BFA
:10EE80001B68DA68034B1B6842F01002DA6000BFAF
:10EE900080BD00BF785A00200010014090D00300D0
:10EEA00080B483B000AF0346FB71FB79092B03D814
:10EEB000FB793033FB7102E0FB793733FB71FB796F
:10EEC00018460C37BD465DF8047B704780B582B0AC
:10EED00000AF0023FB800023BB8000237B80002346
:10EEE0003B80754B01221A70744BB3F83C325A1CAC
:10EEF00091B2724AA2F83C121946704B1A786F4BC5
:10EF00000B445A706D4B5B78022B40F0CA806B4B00
:10EF1000B3F83C32062B36D1684B9B78A52B04D135
:10EF2000664B0B22A3F83E222DE0644B9B78A92B65
:10EF300004D1624B0922A3F83E2224E05F4B9B7868
:10EF4000A62B03D05D4B9B78A72B15D15B4B5B7930
:10EF5000A3F1300213469B0013445B001A46574B43
:10EF60009B79303B13449BB29B009BB209339AB20E
:10EF7000524BA3F83E2206E0504B0022A3F83C225D
:10EF80004D4B00221A704D4BB3F83C32082B40F227
:10EF90008F804A4BB3F83C22484BB3F83E329A423A
:10EFA000C0F08680454BB3F83E32013B434A1344E0
:10EFB0005B78032B64D10123BB800AE0BB883F4A06
:10EFC00013445B781A46FB881344FB80BB880133EB
:10EFD000BB80BA88394BB3F83E32033B9A42EDDB33
:10EFE000FB88DBB2FB80FB881B099BB2DBB21846B7
:10EFF000FFF756FF03463B80FB88DBB203F00F03AD
:10F00000DBB21846FFF74CFF03467B802B4BB3F86F
:10F010003E32033B294A13445B781A463B889342AD
:10F0200020D1264BB3F83E32023B244A13445B788E
:10F030001A467B88934215D1214BDB79DBB2002B3A
:10F040000CD11F4BDB7ADBB2002B07D11C4B1B7B97
:10F05000DBB2002B02D11A4B01225A71164B00224F
:10F060001A7008E0174B1B689B680021184606F0D1
:10F0700057F800F009FB114B0022A3F83C2217E0DF
:10F08000104B1B689B680021184606F049F800F0F9
:10F09000FBFA0A4B0022A3F83C22074B00221A700D
:10F0A00006E0064B0022A3F83C22034B00221A7014
:10F0B00000BF0837BD4680BDA44D0020604B002036
:10F0C000244B00200C00002080B582B000AF00234C
:10F0D000BB800023FB718E4B1B6801338C4A13608D
:10F0E0008C4B01225A718C4B93F81432072B01D9A7
:10F0F00000F0C0FE884B93F814325A1CD1B2864AF5
:10F1000082F814121946844B93F80B22824B0B445D
:10F1100083F80C22804B93F80C32012B40F0F080E6
:10F120007D4B93F81432012B11D97B4B93F80D32A0
:10F13000032B02D10723FB7109E0774B93F80D32C3
:10F14000062B02D10823FB7101E000F093FEFB794E
:10F15000002B00F0D780704B93F81432FA799A4262
:10F1600000F2D080FB79023BDBB219466B4800F01D
:10F170009BFC0346BB806A4B1B680133684A1360E3
:10F18000FB79023B644A134493F80C321A46BB885D
:10F19000DBB29BB29A4240F09E80FB79013B5E4A13
:10F1A000134493F80C321A46BB881B0A9BB29A424E
:10F1B00040F091805B4B1B6801335A4A1360564BF9
:10F1C00093F80D32032B4FD1534B93F80E32022B91
:10F1D0004AD1514B93F80F321B029BB24E4A92F820
:10F1E000102213447B80504B1B78DBB2002B0DD1D7
:10F1F0004E4B1B6801334D4A1360474B93F80F1277
:10F200007B8800220920FFF7AFFB04E0484B1B6816
:10F210000133474A1360444B1B78DBB2012B12D1F8
:10F220007B8807EE903AF8EE677A9FED427A67EEB8
:10F23000877A414BC3ED077A7B88002200210E209C
:10F24000FFF792FB0BE0384B1B78DBB2022B06D1A9
:10F250007B88DAB2394B1A70394B01221A70324B63
:10F2600000221A7000BF47E02B4B93F80D32062B9B
:10F2700042D1294B93F80E32002B3DD1264B93F807
:10F280000F32062B38D1244B93F811222D4B1A70D4
:10F290002D4B1B78DAB22D4B1A702D4B01221A70B0
:10F2A000284B1B78DAB2254B1A70254B01221A70B5
:10F2B000284B1B680133274A1360224B1B78D9B2B5
:10F2C000224B1B78DBB21A461F4B1B78DBB20720A0
:10F2D000FFF74AFB10E0204B1B6801331E4A136006
:10F2E0000D4B93F80D120C4B93F814321A46002371
:10F2F0000620FFF739FB00E000BF00F0BBFD01E096
:10F3000000F0B8FD0023BB8000BF0837BD4680BDBC
:10F31000505A0020A44D0020604B00206C4D00206E
:10F320005C5A0020605A0020544B0020745A002080
:10F330006C5A00205839343C344B00206D000020BA
:10F34000584B00206C000020564B0020574B0020EB
:10F35000554B0020685A0020645A002080B485B0C4
:10F3600000AF404B93F84032002B56D03D4BB3F8E2
:10F370003C323D4A1278D2B293424ED93B4BDB7AB3
:10F38000DBB2002B49D1394BDB79DBB2002B44D106
:10F39000364B1B7BDBB2002B3FD1324B5B78002B13
:10F3A0003BD1314B1B78DBB21A462E4B13445B78B2
:10F3B00007EE903AF8EE677A9FED2D7A67EE877A3E
:10F3C000C7ED037AD7ED037A9FED2A7AF4EEC77A78
:10F3D000F1EE10FA01DD284BFB60D7ED037AFCEE6D
:10F3E000E77AC7ED017A3B79DAB2244B5A70D7ED50
:10F3F000037ADFED206A87EEA67A1B4B9B8A9BB2CD
:10F4000007EE903AF8EE677A67EE277AFCEEE77A35
:10F4100017EE903A9AB2194B1A83124B0022A3F8B6
:10F420003C22104B012283F84022104BDB7ADBB2E6
:10F43000002B0DD10D4BDB79DBB2002B08D10B4B30
:10F440001B7BDBB2002B03D1084B01229A7203E035
:10F45000064B00229A7200BF00BF1437BD465DF80C
:10F46000047B7047604B0020044B0020244B00209D
:10F47000355ECA3E0000C8420000C842344B00203E
:10F4800080B400AF1A4B9B79DBB2012B28D1194B0A
:10F4900093F8403283F00103DBB2002B22D1154BED
:10F4A000B3F83C32B3F5007F0ED8124BB3F83C32C0
:10F4B0005A1C91B20F4AA2F83C1219460D4B1A7809
:10F4C0000C4B0B445A700EE00A4B0022A3F83C226E
:10F4D000084B002283F84022074B00229A7202E078
:10F4E00000BF00E000BFBD465DF8047B704700BF71
:10F4F000044B0020604B0020244B002080B582B0DC
:10F5000000AF78607B681B681F4A934213D11F4B82
:10F510009B79DBB2022B07D100F0C8FF01221C4906
:10F520001C48F7F70CFE06E005F0FAF801221A492C
:10F530001848F7F704FE7B681B68184A934213D1FA
:10F54000174B1B78184600F06BF8104B9B79DBB219
:10F55000012B02D1FFF794FF01E0FFF7B7FC012276
:10F560000F491048F7F7EBFD7B681B680E4A934282
:10F5700006D1FFF7A9FD01220C490D48F7F7DFFD81
:10F5800000BF0837BD4680BD00100140044B00207D
:10F59000A05B0020785A0020D85D00200044004085
:10F5A000604B0020C05A0020001401406B4D002029
:10F5B000085B002080B582B000AF78607B681B6874
:10F5C000104A93420AD1104B9B79DBB2022B05D132
:10F5D00001220E490E48F7F7B2FD0EE07B681B686A
:10F5E0000C4A934209D1084B9B79DBB2012B04D121
:10F5F000012209490948F7F7A2FD00BF0837BD46B7
:10F6000080BD00BF00100140044B0020A05B002023
:10F61000785A002000440040604B0020C05A00206F
:10F6200080B483B000AF0346FB71144B1B781A46BD
:10F63000134B9B5CFA799A4210D1104B1B78013323
:10F64000DAB20E4B1A700D4B1B781F2B0FD90D4BD6
:10F6500001221A70094B00221A7008E05022FB792F
:10F66000934201D1012200E00022044B1A7000BF36
:10F670000C37BD465DF8047B704700BF505B00202F
:10F680004C5F02084854002080B500AF1D4B022299
:10F6900083F815221B4B062283F81622194B1522DC
:10F6A00083F81722184B1B78DAB2164B83F818220E
:10F6B000154B1B78DBB215335A42DBB2D2B258BFBE
:10F6C0005342DAB20F4B83F819220E4B032283F810
:10F6D0001A220D4B9B79DBB2032B06D06423062242
:10F6E0000A490B48F7F7A0FC0AE0074B9B79DBB20D
:10F6F000032B05D16423062204490648F7F794FC3E
:10F7000000BF80BD604B0020044B0020754D0020E1
:10F71000C05A0020785A002080B582B000AF002384
:10F72000FB80AF4B022283F81B22AD4BA92283F84A
:10F730001C22AB4B322283F81D22AA4B1B79DBB271
:10F74000062B2AD801A252F823F000BF69F701085E
:10F7500069F7010873F701087DF701087DF70108D3
:10F7600087F7010891F701089D4B332283F81E2289
:10F7700018E09B4B352283F81E2213E0984B34226D
:10F7800083F81E220EE0964B362283F81E2209E0F3
:10F79000934B372283F81E2204E0914B302283F8EA
:10F7A0001E2200BF8F4B1B78DBB28F4AA2FB0323C4
:10F7B000DB08DBB23033DAB2894B83F81F22894B86
:10F7C0001B78DAB2884BA3FB0213D9080B469B00C7
:10F7D0000B445B00D31ADBB23033DAB2804B83F8D0
:10F7E0002022824B5B78DBB2814AA2FB03235B09B8
:10F7F000DBB23033DAB27A4B83F821227B4B5B7871
:10F80000DBB2794AA2FB0323DB08DAB2764BA3FB17
:10F810000213D9080B469B000B445B00D31ADBB2E2
:10F820003033DAB26E4B83F82222704B5B78DAB257
:10F830006D4BA3FB0213D9080B469B000B445B00E6
:10F84000D31ADBB23033DAB2654B83F82322644B30
:10F85000302283F82422654BDB889BB2644AA2FBEA
:10F8600003235B099BB2DBB23033DAB25C4B83F823
:10F8700025225E4BDB889BB25B4AA2FB0323DB089D
:10F880009AB2594BA3FB0213D9080B469B000B44B9
:10F890005B00D31A9BB2DBB23033DAB2504B83F841
:10F8A0002622524BDB889AB24F4BA3FB0213D90896
:10F8B0000B469B000B445B00D31A9BB2DBB2303388
:10F8C000DAB2474B83F82722484B1B8A9BB2494A3E
:10F8D000A2FB03239B099BB2DBB23033DAB2404B6D
:10F8E00083F82822414B1B8A9BB2414AA2FB032387
:10F8F0005B099AB23C4BA3FB0213D9080B469B0051
:10F900000B445B00D31A9BB2DBB23033DAB2344B18
:10F9100083F82922354B1B8A9BB2334AA2FB03236F
:10F92000DB089AB2304BA3FB0213D9080B469B00AD
:10F930000B445B00D31A9BB2DBB23033DAB2284BF4
:10F9400083F82A22294B1B8A9AB2274BA3FB021366
:10F95000D9080B469B000B445B00D31A9BB2DBB269
:10F960003033DAB21E4B83F82B22204BD3ED077ACB
:10F97000FCEEE77A17EE903A9BB21B4AA2FB0323F8
:10F98000DB089BB2DBB23033DAB2154B83F82C22A2
:10F99000164BD3ED077AFCEEE77A17EE903A9AB25F
:10F9A000114BA3FB0213D9080B469B000B445B00D1
:10F9B000D31A9BB2DBB23033DAB2094B83F82D2273
:10F9C000074B302283F82E22084B1B78DBB23033F2
:10F9D000DAB2034B83F82F220123BB8018E000BF6B
:10F9E000604B0020044B0020CDCCCCCC344B00200D
:10F9F0001F85EB51D34D6210BB88264A134493F800
:10FA00001B321A46FB881344FB80BB880133BB8042
:10FA1000BB88142BF0D9FB88DBB2FB80FB881B0969
:10FA20009BB2DBB21846FFF73BFA03467B80FB88AC
:10FA3000DBB203F00F03DBB21846FFF731FA0346DF
:10FA40003B807B88DAB2134B83F830223B88DAB2F2
:10FA5000104B83F831220F4B032283F832220E4BD6
:10FA60009B79DBB2032B06D0642318220B490C4888
:10FA7000F7F7DAFA0AE0084B9B79DBB2032B05D1E2
:10FA80006423182205490748F7F7CEFA00BF083764
:10FA9000BD4680BD604B0020044B00207B4D002004
:10FAA000C05A0020785A002080B485B000AF78603A
:10FAB0000B46FB704FF6FF73FB8100237B73002323
:10FAC000BB601EE07B685A1C7A601B781A46FB8973
:10FAD0005340FB8100237B7310E0FB8903F001039B
:10FAE000BB60FB895B08FB810C4ABB6832F81320C2
:10FAF000FB895340FB817B7B01337B737B7B072B33
:10FB0000EBD9FB785A1EFA70002BDBD1FB89184623
:10FB10001437BD465DF8047B704700BFDC62020805
:10FB200080B584B000AF0346FB800023FB811D4BF2
:10FB3000012283F833221B4B062283F83422194B0F
:10FB4000002283F83522174B002283F83622FB88E7
:10FB50001B0A9BB2DAB2134B83F83722FB88DAB266
:10FB6000104B83F8382206210F48FFF79DFF03460C
:10FB7000FB81FB89DAB20B4B83F83922FB891B0A24
:10FB80009BB2DAB2074B83F83A2264230822064973
:10FB90000648F7F749FA0023FB8100BF1037BD463E
:10FBA00080BD00BF604B0020934D0020085B00200B
:10FBB00080B500AFF4F748FD0246054B1B68D31A29
:10FBC000002B01DB012300E00023184680BD00BFAD
:10FBD0005C4B002080B500AF054B00221A70F4F793
:10FBE00033FD03465033034A136000BF80BD00BF9E
:10FBF000584B00205C4B002080B582B000AF002342
:10FC0000FB80FFF7D5FF0346002B43D0234B1B7827
:10FC1000DBB2002B3ED100F02DF9204B01221A70EF
:10FC200000F03AF9FFF7D6FF1D4B012283F833228B
:10FC30001B4B032283F83422194B002283F8352210
:10FC4000174B082283F83622154B002283F83722FF
:10FC5000134B012283F8382206211248FFF724FFB4
:10FC60000346FB80FB88DAB20D4B83F83922FB8810
:10FC70001B0A9BB2DAB20A4B83F83A220A4B1B6882
:10FC80000133094A13606423082206490748F7F73D
:10FC9000CBF900E000BF0837BD4680BD544B0020C3
:10FCA000604B0020934D0020585A0020085B002034
:10FCB00080B582B000AF0023FB80FFF779FF0346D9
:10FCC000002B43D0234B1B78DBB2002B3ED100F03E
:10FCD000D1F8204B02221A7000F0DEF8FFF77AFF0D
:10FCE0001D4B012283F833221B4B032283F834225D
:10FCF000194B002283F83522174B062283F836224F
:10FD0000154B002283F83722134B012283F8382247
:10FD100006211248FFF7C8FE0346FB80FB88DAB2D3
:10FD20000D4B83F83922FB881B0A9BB2DAB20A4BCF
:10FD300083F83A220A4B1B680133094A1360642393
:10FD4000082206490748F7F76FF900E000BF0837B7
:10FD5000BD4680BD544B0020604B0020934D0020D9
:10FD6000585A0020085B002080B584B000AF0346DD
:10FD7000FB710023BB810023FB73364B1B78DBB286
:10FD8000002B08D0FB7B43F00103FB73324B1B6855
:10FD90000133314A1360FFF70BFF0346002B03D1F9
:10FDA000FB7B43F00203FB7300F064F8294B002255
:10FDB0001A702A4B00221A70294B1B78DBB20133D0
:10FDC000DAB2274B1A70FFF705FF264B012283F8A2
:10FDD0003322244B062283F83422224B002283F85C
:10FDE0003522204B062283F836221E4B002283F850
:10FDF00037221C4AFB7982F8383206211A48FFF76D
:10FE000053FE0346BB81BB89DAB2164B83F8392215
:10FE1000BB891B0A9BB2DAB2124B83F83A22134B0E
:10FE20001B680133114A1360FB7B9AB20C4B1B78A1
:10FE3000DBB2F9790120FEF797FD642308220A4915
:10FE40000B48F7F7F1F80023BB8100BF1037BD4620
:10FE500080BD00BF544B0020705A0020554B00203D
:10FE6000564B0020604B0020934D0020545A002038
:10FE7000085B002080B400AF054B002283F81422F9
:10FE8000044B00225A7100BFBD465DF8047B7047E9
:10FE9000604B0020A44D002080B400AF054B002231
:10FEA000DA80044B01225A7100BFBD465DF8047B25
:10FEB000704700BFA44D002080B400AF00BFFDE735
:10FEC00080B400AF00BFFDE780B400AF00BFFDE726
:10FED00080B400AF00BFFDE780B400AF00BFFDE716
:10FEE00080B400AF00BFBD465DF8047B70470000E2
:10FEF00080B500AF0248F1F723FE00BF80BD00BF10
:10FF00002853002080B500AF0248F1F719FE00BF6A
:10FF100080BD00BF7053002080B500AF0248F1F7EC
:10FF20000FFE00BF80BD00BF0054002080B500AFB1
:10FF30000248F4F72EFD00BF80BD00BFCC51002069
:10FF400080B500AF0248F4F795FE00BF80BD00BF4A
:10FF5000CC51002080B582B000AF1B4B9B79DBB247
:10FF6000022B2BD1194B1B681B687B607B6803F04D
:10FF70001003002B05D0154B1B685B6800F000FADE
:10FF80001FE07B6803F00203002B17D07B6803F0AF
:10FF90002003002B12D00D4B202283F842200B4B64
:10FFA000002283F84020094B1B685B6800F0E8F9E9
:10FFB000012207490548F7F7C2F802E00348F7F7BE
:10FFC000E3F80837BD4680BD044B0020785A002076
:10FFD000A05B002080B582B000AF164B9B79DBB2EE
:10FFE000012B20D1144B1B681B687B607B6803F0DE
:10FFF0000203002B17D07B6803F02003002B12D0E4
:020000040802F0
:100000000D4B202283F842200B4B002283F8402026
:10001000094B1B685B68FFF7A1F9012207490648F5
:10002000F7F78DF802E00448F7F7AEF80837BD4659
:1000300080BD00BF044B0020C05A0020604B002050
:1000400080B500AF0248F1F77BFD00BF80BD00BF67
:10005000545B002080B500AF0248F7F795F800BF69
:1000600080BD00BF085B002080B582B000AF0023D8
:100070007B60124B5B6C114A43F4804353640F4B1B
:100080005B6C03F480437B607B6800233B600B4B1D
:100090001B6C0A4A43F080531364084B1B6C03F03B
:1000A00080533B603B6800220F216FF00100F4F7A2
:1000B00058FA00BF0837BD4680BD00BF0038024077
:1000C00080B58EB000AF78600023FB620023BB6276
:1000D0000023FB60334B1B6C324A43F01003136464
:1000E000304B1B6C03F01003FB60FB6807F1100240
:1000F00007F1140311461846F3F78AFD3B6AFB62C9
:10010000FB6A002B03D1F3F75BFD786304E0F3F7A0
:1001100057FD03465B007B637B6B234AA2FB0323F3
:100120009B0C013BBB62214B214A1A601F4B40F2E2
:10013000E732DA601D4ABB6A53601C4B00221A6129
:100140001A4B00229A60194B00229A611748F1F766
:1001500093F9034687F8333097F83330002B1BD1DF
:100160001248F1F7D9F9034687F8333097F833305E
:10017000002B11D13620F4F710FA7B680F2B08D82A
:10018000002279683620F4F7ECF90A4A7B6813609C
:1001900002E0012387F8333097F8333018463837B8
:1001A000BD4680BD0038024083DE1B43545B002007
:1001B000001000406000002080B586B000AF78607D
:1001C000144A154BD31A7B617B693B61134B1B6847
:1001D000002B02D1114B124A1A60104B1A687B682F
:1001E00013443A699A4207D205F01CF903460C22DF
:1001F0001A604FF0FF3309E0084B1B68FB60074BA8
:100200001A687B681344054A1360FB681846183760
:10021000BD4680BD00000220000400009C5B002061
:10022000C063002080B586B000AFF860B9607A6026
:1002300000237B610AE0AFF300800146BB685A1CD3
:10024000BA60CAB21A707B6901337B617A697B68D4
:100250009A42F0DB7B6818461837BD4680BD80B5F2
:1002600086B000AFF860B9607A6000237B6109E076
:10027000BB685A1CBA601B781846FAF76FFB7B699B
:1002800001337B617A697B689A42F1DB7B681846AF
:100290001837BD4680BD80B483B000AF78604FF0A2
:1002A000FF3318460C37BD465DF8047B704780B4B9
:1002B00083B000AF786039603B684FF400525A60F9
:1002C000002318460C37BD465DF8047B704780B4A8
:1002D00083B000AF7860012318460C37BD465DF847
:1002E000047B704780B485B000AFF860B9607A6075
:1002F000002318461437BD465DF8047B70470000A4
:10030000DFF834D0F1F7A2F80C480D490D4A00236C
:1003100002E0D458C4500433C4188C42F9D30A4ABA
:100320000A4C002301E013600432A242FBD3F0F731
:10033000B3FEFAF72BFB70470000022000000020FC
:1003400088000020688D020888000020BC6300201F
:10035000FEE7000080B500AF064B00221A80064B76
:1003600001221A70054B00229A7200F011F900BFA9
:1003700080BD00BFA65D0020A85D0020244B0020AA
:1003800080B584B000AF404B1B78012B01D100F049
:10039000C7F83D4B1B78012B55D13C4B1B78DBB28A
:1003A0001A463B4B1B889A424DD23A4BDB7ADBB262
:1003B000002B48D1374BDB79DBB2002B43D1354BD7
:1003C0001B7BDBB2002B3ED1334B1B78002B3AD189
:1003D0002E4B1B78DBB21A462F4B9B5C07EE903AF4
:1003E000F8EE677A9FED2D7A67EE877AC7ED037A8C
:1003F000D7ED037A9FED2A7AF4EEC77AF1EE10FA80
:1004000001DD284BFB60D7ED037AFCEEE77AC7ED00
:10041000017A3B79DAB2244B5A70D7ED037ADFEDDB
:10042000206A87EEA67A194B9B8A9BB207EE903A18
:10043000F8EE677A67EE277AFCEEE77A17EE903AE5
:100440009AB2194B1A83124B00221A800E4B0122CA
:100450001A70104BDB7ADBB2002B0DD10D4BDB7920
:10046000DBB2002B08D10B4B1B7BDBB2002B03D183
:10047000084B01229A7203E0064B00229A7200BFD9
:1004800000BF1037BD4680BDA85D0020044B002092
:10049000A65D0020244B0020A45B0020355ECA3EF0
:1004A0000000C8420000C842344B002080B400AFB6
:1004B000154B9B79DBB2022B1ED1144B1B78002B02
:1004C0001CD0134B1B88B3F5007F0BD8104B1B8837
:1004D0005A1C91B20E4A11801A460E4B19780E4BD7
:1004E00099540CE00A4B00221A80084B00221A7023
:1004F0000A4B00229A7202E000BF00E000BFBD4636
:100500005DF8047B704700BF044B0020A85D00200D
:10051000A65D0020A05B0020A45B0020244B0020EF
:1005200080B483B000AF164B1B88202B1DD9154B10
:100530001B78F92B19D9134B1B78FA2B17D10023F1
:10054000FB800BE0FB8801330E4AD25CFB880E492E
:10055000CB5C9A420DD1FB880133FB80FB881F2BBB
:10056000F0D90A4B01221A7004E000BF02E000BF7C
:1005700000E000BF0C37BD465DF8047B704700BF4C
:10058000A65D0020A45B0020705F02084854002094
:1005900080B586B000AF3B1D00221A605A609A6099
:1005A000DA601A614FF400637B600023BB600023B4
:1005B000FB603B1D19461048F3F75CFB0F4B002214
:1005C0001A704FF400610C48F3F7ECFD03461A462D
:1005D0000B4B1A70F4F738F803460A4A13600A4BBB
:1005E00000221A60094B00221A60094B01221A707E
:1005F00000BF1837BD4680BD00000240A95D002045
:10060000AA5D0020AC5D0020B05D0020B45D00203C
:10061000B85D002080B485B000AFF860B9607A6042
:10062000FA68BB689A4205D3FA687B689A4201D897
:10063000012300E0002318461437BD465DF8047B13
:100640007047000080B500AF194B1B68B4223C21F5
:100650001846FFF7DFFF0346002B0DD0154B1B6834
:10066000B4223C211846FFF7D5FF0346002B03D0E8
:10067000114B02221A7018E00D4B1B68B4223C216A
:100680001846FFF7C7FF0346002B0ED0094B1B6827
:1006900040F27E4240F28A211846FFF7BBFF034634
:1006A000002B02D0044B03221A7000BF80BD00BF94
:1006B000B45D0020B05D0020A95D002080B584B04D
:1006C00000AF2B4B9B79DAB22A4B1B789A4207D0AA
:1006D000294B00221A70264B9B79DAB2254B1A70EF
:1006E000234B9B79DBB2022B3DD1234B1B78002B94
:1006F00001D1FFF74DFFF3F7A7FFF8604FF400615A
:100700001E48F3F74FFD0346FB721D4B1B78FA7A28
:100710009A4218D01B4B1B68FA68D31A7B60184B9F
:100720001B78012B03D1184A7B68136002E0174A3B
:100730007B681360124AFB7A1370124AFB681360DD
:10074000FFF780FF10E00F4B1B68FA68D31AB3F570
:10075000966F09D3FB7A012B01D1042200E001221C
:100760000B4B1A7000E000BF1037BD4680BD00BFC4
:10077000044B00206F000020B85D00200000024004
:10078000AA5D0020AC5D0020B05D0020B45D0020BB
:10079000A95D002080B400AF0E4B1B78013B032BFA
:1007A00012D801A252F823F0B9070208BD070208C7
:1007B000C1070208C5070208074B06E0074B04E023
:1007C000074B02E0074B00E0074B1846BD465DF8BB
:1007D000047B7047A95D0020945F0208985F0208BF
:1007E0009C5F0208A05F0208A45F020880B400AF0B
:1007F00000231846BD465DF8047B704780B582B083
:1008000000AF0346FB71F91D0A2301220348F5F7E7
:1008100041FE002318460837BD4680BDD052002057
:1008200080B582B000AF78607868F3F719FF00BF39
:100830000837BD4680BD000080B485B000AFF860C9
:10084000084611461A4603467B810B463B811346F8
:10085000FB80234B00221A60214AFB681360204A68
:100860007B8913811E4A3B8953811D4A3B8B9381AF
:100870001B4B0222DA827B8903F007039BB2002B19
:1008800003D17B89DB089BB204E07B89DB089BB248
:1008900001339BB2124A5382114A3B899382104A18
:1008A000FB88D3810E4B00221A82FB88002B02D0DA
:1008B000FB88B42B06D10A4A7B899380084A3B897E
:1008C000D38006E0064A3B899380054A7B89D38022
:1008D00000BF00BF1437BD465DF8047B704700BF02
:1008E000BC5D002080B483B000AF7860044A7B68B0
:1008F000136000BF0C37BD465DF8047B704700BF36
:10090000BC5D002080B48BB000AF0346FB800B467B
:10091000BB8013467B809B4B9B88FA889A4200F2EF
:100920005281984BDB88BA889A4200F24C81954BF1
:10093000DB89B3F5877F2BD0B3F5877F00F3458143
:10094000B42B16D0B42B00F34081002B02D05A2BCD
:1009500005D03AE1FB88FB84BB88BB8422E0894B4D
:100960001A89BB88D31A9BB2013BFB84FB88BB84EA
:1009700018E0844B1A89FB88D31A9BB2013BFB8495
:10098000804B5A89BB88D31A9BB2013BBB8409E0D8
:10099000BB88FB847B4B5A89FB88D31A9BB2013BF3
:1009A000BB8400BF774B1B8A032B00F2108101A28E
:1009B00052F823F0030A0208C5090208D509020803
:1009C000E50902086F4B1A89FB8CD31A9BB2013BD5
:1009D000FB8417E06B4B5A89BB8CD31A9BB2013B4B
:1009E000BB840FE0674B1A89FB8CD31A9BB2013B87
:1009F000FB84644B5A89BB8CD31A9BB2013BBB84EA
:100A000000E000BF5F4B1B89FA8C9A4200F2E18044
:100A10005C4B5B89BA8C9A4200F2DB80594BDB8AD3
:100A2000022B38D1FB8CDB089BB21946BB8C554A94
:100A3000528A02FB03F30B44FB60524B1A68FB68BB
:100A400013441B78FB727B88002B12D1FB8C03F0C4
:100A500007036FF0800242FA03F35AB297F90B30A2
:100A6000134059B2474B1A68FB681344CAB21A7054
:100A7000B0E0FB8C03F00703802242FA03F35AB282
:100A800097F90B30134359B23E4B1A68FB68134475
:100A9000CAB21A709EE03B4BDB8A042B36D1FB8C2A
:100AA0009B089BB21946BB8C364A528A02FB03F361
:100AB0000B447B617B8803F003037B80314B1A6816
:100AC0007B6913441B78FB74FB8C03F003035B000E
:100AD0006FF0C00242FA03F35AB297F91330134091
:100AE0005BB2FB747B889A01FB8C03F003035B0011
:100AF00042FA03F35AB297F91330134359B2214B18
:100B00001A687B691344CAB21A7063E01D4BDB8A12
:100B1000102B39D1FB8C5B089BB21946BB8C194A50
:100B2000528A02FB03F30B44FB61164B1A68FB6904
:100B300013441B78FB767B8803F00F037B80FB8CD0
:100B400003F001039B006FF0F00242FA03F35AB284
:100B500097F91B3013405BB2FB767B881A01FB8C44
:100B600003F001039B0042FA03F35AB297F91B30DA
:100B7000134359B2034B1A68FB691344CAB21A7083
:100B800028E000BFBC5D0020154BDB8A412B21D142
:100B9000FB8C5A00BB8C1249498A01FB03F31344B6
:100BA0003B627B881B0A99B20D4B1A683B6A13445F
:100BB000CAB21A700A4B1A683B6A013313447A8826
:100BC000D2B21A7006E000BF04E000BF02E000BF2E
:100BD00000E000BF2C37BD465DF8047B704700BFC6
:100BE000BC5D002080B489B000AF0346FB80524B4F
:100BF000DB8A022B03D0504BDB8A042B25D1002348
:100C0000FB831CE00023BB8311E0BA8BFB8B4A49BA
:100C1000498A01FB03F31344BB60474B1A68BB6866
:100C20001344FA88D2B21A70BB8B0133BB83424B98
:100C30005B8ABA8B9A42E8D3FB8B0133FB833E4B32
:100C40009B8AFA8B9A42DDD36FE03B4BDB8A102BF9
:100C500030D100237B8327E000233B831CE03A8BC9
:100C60007B8B3549498A01FB03F31344FB60FB8806
:100C700003F00F03FB80FB885BB21B015AB2FB88B9
:100C80005BB2134359B22C4B1A68FB681344CAB2C7
:100C90001A703B8B01333B83274B5B8A3A8B9A421A
:100CA000DDD37B8B01337B83234B9B8A7A8B9A42E8
:100CB000D2D33AE0204BDB8A412B36D10023FB8292
:100CC0002DE00023BB8222E0BB8A5A00FB8A1A492E
:100CD000498A01FB03F313443B61FB881B0A9BB267
:100CE000DAB2154B19683B690B4402F00F02D2B21D
:100CF0001A70FB88DAB2104B19683B6901330B4458
:100D000002F00F02D2B21A70BB8A0133BB820A4BC7
:100D10005B8ABA8A9A42D7D3FB8A0133FB82064B9D
:100D20009B8AFA8A9A42CCD3FFE700BF2437BD469C
:100D30005DF8047B704700BFBC5D002090B585B0B6
:100D400000AF0446084611461A462346FB80034678
:100D5000BB800B467B8013467B70424B9B88FA8896
:100D60009A427AD83F4BDB88BA889A4275D897F86E
:100D70002030012B44D10023FB8139E00023BB81CB
:100D800029E0FA88B7F90E301A447B78D31A002B81
:100D900028DBBA88B7F90C301A447B78D31A002BB9
:100DA00020DBFA89FB8813449AB27B789BB2D31A72
:100DB00098B2BA89BB8813449AB27B789BB2D31A93
:100DC0009BB27A881946FFF79DFDB7F90C309BB2AC
:100DD00001339BB2BB81B7F90C207B785B00013BF0
:100DE0009A42CEDBB7F90E309BB201339BB2FB8146
:100DF000B7F90E207B785B00013B9A42BEDB2DE009
:100E00000023FB8123E00023BB8115E0FA89FB88E6
:100E100013449BB2013B98B2BA89BB8813449BB27E
:100E2000013B9BB27A881946FFF76CFDB7F90C308D
:100E30009BB201339BB2BB81B7F90C207B789A42FD
:100E4000E4DBB7F90E309BB201339BB2FB81B7F9FB
:100E50000E207B789A42D6DB00E000BF1437BD46F7
:100E600090BD00BFBC5D002090B58DB002AF0446C0
:100E7000084611461A462346FB800346BB800B46B4
:100E80007B8013463B80534B9B88FA889A4200F242
:100E90009880504BDB88BA889A4200F292804D4B82
:100EA0009B887A889A4200F28C804A4BDB883A8889
:100EB0009A4200F28680FB88FB84BB88BB847A88D8
:100EC000FB88D31A002BB8BF5B42BB613A88BB8852
:100ED000D31A002BB8BF5B425B427B61FA887B88E8
:100EE0009A4201D2012301E04FF0FF333B61BA88FF
:100EF0003B889A4201D2012301E04FF0FF33FB60AF
:100F0000BA697B6913443B620023FB77FB7F0133A3
:100F1000FB7797F84030012B25D1FA7F2E4BA3FBAE
:100F2000021359080B465B000B44D31ADBB2002BAB
:100F300019D13B8F002B09D097F83C30B98CF88C35
:100F4000012200920022FFF7F9FE09E097F83C30F9
:100F5000B98CF88C012200924FF6FF72FFF7EEFE7B
:100F60000023FB7708E097F83C303A8FB98CF88C77
:100F700001240094FFF7E2FE3B6A5B007A699A4223
:100F80000CDCFA8C7B889A421DD03A6A7B69134448
:100F90003B623B699AB2FB8C1344FB843B6A5B0067
:100FA000BA699A42B2DBBA8C3B889A420DD03A6A4F
:100FB000BB6913443B62FB689AB2BB8C1344BB848D
:100FC000A4E700BF02E000BF00E000BF2C37BD4631
:100FD00090BD00BFBC5D0020ABAAAAAA90B589B0A5
:100FE00004AF0446084611461A462346FB800346D2
:100FF000BB800B467B8013463B80374B9B88FA882F
:101000009A4264D8344BDB88BA889A425FD8324B14
:101010009B887A889A425AD82F4BDB883A889A4222
:1010200055D897F82830002B18D0BB88FB8110E0EA
:10103000FC897A88F989F8880023029397F824308C
:1010400001933B8C00932346FFF70EFFFB8901338E
:10105000FB81FA893B889A42EAD339E0BC887A88D6
:10106000B988F8880023029397F8243001933B8CC9
:1010700000932346FFF7F8FE3C88FA88B988F88881
:101080000023029397F8243001933B8C009323466E
:10109000FFF7EAFEBC887A883988788800230293B3
:1010A00097F8243001933B8C00932346FFF7DCFE36
:1010B0003C88FA88398878880023029397F824308E
:1010C00001933B8C00932346FFF7CEFE00E000BF68
:1010D0001437BD4690BD00BFBC5D002080B588B010
:1010E00000AF7B600346FB810B46BB811346FB725E
:1010F0004D4B9B88FA899A4200F291804A4BDB88DB
:10110000BA899A4200F28B80FB7A203B7A68D288B7
:1011100002FB03F37A689288D20892B211467A6889
:10112000928802F0070292B2002A14BF0122002224
:10113000D2B20A4402FB03F37B617B681A687B69C5
:101140001344BB610023FB8363E00023BB834EE0B9
:10115000BB8D4FF6FF72934218D1BB691B781946BD
:10116000BB8B03F00703802242FA03F30B40002BF2
:1011700031D0FA89BB8B134498B2BA89FB8B1344E4
:101180009BB23A8D1946FFF7BDFB24E0BB691B7883
:101190001946BB8B03F00703802242FA03F30B408E
:1011A000002B0CD0FA89BB8B134498B2BA89FB8B05
:1011B00013449BB23A8D1946FFF7A4FB0BE0FA8962
:1011C000BB8B134498B2BA89FB8B13449BB2BA8D84
:1011D0001946FFF797FBBB8B03F007039BB2072B66
:1011E00002D1BB690133BB61BB8B0133BB837B681D
:1011F0009B88BA8B9A42ABD37B689B8803F007032A
:101200009BB2002B02D0BB690133BB61FB8B013366
:10121000FB837B68DB88FA8B9A4296D300E000BFA1
:101220002037BD4680BD00BFBC5D002080B588B0C2
:1012300002AFBA607B600346FB810B46BB81FB8932
:10124000FB82BB89BB82214B9B88FA899A4238D8A2
:101250001E4BDB88BA899A4233D82DE0FB8A7A6824
:1012600092881344194A9288934206DDFB89FB82D7
:101270007B68DA88BB8A1344BB82BB8A7A68D288CF
:101280001344124AD288934203DDFB89FB82BB8957
:10129000BB82BB681A78B98AF88A3B8C0193BB8CF5
:1012A00000937B68FFF71AFFBB680133BB607B6864
:1012B0009A88FB8A1344FB82BB681B78002BCDD134
:1012C00000E000BF1837BD4680BD00BFBC5D0020F8
:1012D00090B5ADF50F7D02AF0446084607F1100149
:1012E00001ED020B07F50C71A1F508710A601946B2
:1012F00007F50C73A3F21A2322461A8007F50C7324
:10130000A3F5077302461A8007F50C73A3F22A238C
:101310000A461A800023A7F82E320023A7F82C32A1
:1013200007F50C73A3F58A731846FF231A460021AC
:10133000EFF706FE07F50C73A3F505731846FF23B8
:101340001A460021EFF7FCFD07F58E73C7F81C3233
:1013500007F1100353E90201EFF768FA0346C7F8F3
:101360002832944B9B8807F50C72A2F21A2212883D
:101370009A4200F21A818F4BDB8807F50C72A2F5B6
:10138000077212889A4200F2108107F50C73A3F2DB
:101390002A231B88002B7DD0D7F82802EFF7DCF931
:1013A00002460B4607F1100151E90201EFF786F8FA
:1013B00002460B4610461946EFF780FA0346C7F877
:1013C000243207F50C73A3F22A231B8887F82332F3
:1013D0000CE0D7ED897AB2EE047A67EE877AC7ED32
:1013E000897A97F82332013B87F8233297F8233222
:1013F000002BEED1D7ED897AFDEEE77A17EE903A21
:10140000C7F8283207F50C73A3F22A231B8887F844
:1014100023322CE0D7F82822674B83FB0213991064
:10142000D317C91A0B469B000B445B00D11ACAB2F2
:10143000B7F92E323032D1B207F50C72A2F505722F
:10144000D154B7F92E329BB201339BB2A7F82E329A
:10145000D7F82832584A82FB03129210DB17D31AAE
:10146000C7F8283297F82332013B87F8233297F8E0
:101470002332002BCED1B7F92E3207F50C72A2F52C
:1014800005722E21D154B7F92E329BB201339BB293
:10149000A7F82E3207F1100353E90201EFF7C6F95E
:1014A0000346C7F8283227E0D7F82822424B83FBAF
:1014B00002139910D317C91A0B469B000B445B000B
:1014C000D11ACAB2B7F92E323032D1B207F50C7246
:1014D000A2F50572D154B7F92E329BB201339BB2FB
:1014E000A7F82E32D7F82832334A82FB0312921023
:1014F000DB17D31AC7F82832D7F82832002BD3D1FC
:1015000007F1100353E90201EFF7B8F90346DBB224
:10151000002B2CD1B7F92E3207F50C72A2F505720B
:101520003021D154B7F92E329BB201339BB2A7F8C8
:101530002E321CE0B7F92E325A1EB7F92C3207F5BD
:101540000C71A1F50571895C07F50C72A2F58A7220
:10155000D154B7F92C329BB201339BB2A7F82C328D
:10156000B7F92E329BB2013B9BB2A7F82E32B7F9E6
:101570002E32002BDEDC07F50C73A3F5087307F59C
:101580000C72A2F50772118807F50C72A2F21A22EA
:101590001088B7F840220192B7F8442200921B68E5
:1015A000D7F81C22FFF742FE00E000BF07F50D77D9
:1015B000BD4690BDBC5D00206766666680B500AF25
:1015C00001224FF480510D48F2F704FE6420FFF72A
:1015D00027F900224FF480510848F2F7FBFD642000
:1015E000FFF71EF901224FF480510448F2F7F2FD93
:1015F0006420FFF715F900BF80BD00BF0000024066
:1016000080B582B000AF0346FB7100224FF4004169
:101610000A48F2F7DFFD002201210948F2F7DAFD5E
:10162000FB791846FFF7EAF8012201210448F2F796
:10163000D1FD00BF0837BD4680BD00BF000002409D
:10164000000C024080B582B000AF0346FB7101225E
:101650004FF400410A48F2F7BDFD0022012109487C
:10166000F2F7B8FDFB791846FFF7C8F8012201210F
:101670000448F2F7AFFD00BF0837BD4680BD00BF8C
:1016800000000240000C024080B500AFAE20FFF722
:10169000B7FF0020FFF7B4FF1020FFF7B1FFB02025
:1016A000FFF7AEFFDC20FFF7ABFF0020FFF7A8FF3E
:1016B0008120FFF7A5FF6F20FFF7A2FF2120FFF792
:1016C0009FFFA020FFF79CFFC020FFF799FFA420F9
:1016D000FFF796FFA620FFF793FFA820FFF790FFE4
:1016E0003F20FFF78DFFD320FFF78AFF6020FFF731
:1016F00087FFD520FFF784FF4120FFF781FFD92026
:10170000FFF77EFF2220FFF77BFFDB20FFF778FF4C
:101710003520FFF775FFAD20FFF772FF8A20FFF736
:101720006FFF00BF80BD80B500AFFFF747FFFFF739
:10173000ABFFC820FFF774F8AF20FFF761FF00BFD1
:1017400080BD80B584B000AF10237B8140233B81F6
:10175000B020FFF755FF0023FB8124E0FB89C3F194
:101760003F03FB80FB88DBB203F00F03DBB21846BC
:10177000FFF746FFFB881B099BB2DBB21033DBB2DD
:101780001846FFF73DFF0023BB8105E00020FFF76F
:1017900059FFBB890133BB81BA897B899A42F5D352
:1017A000FB890133FB81FA893B899A42D6D300BF7A
:1017B00000BF1037BD4680BD80B483B000AF034684
:1017C000FB7197F907305B005BB223F055035AB207
:1017D000FB795B105BB203F055035BB213435BB262
:1017E000FB7197F907309B005BB223F033035AB2C9
:1017F000FB799B105BB203F033035BB213435BB224
:10180000FB7197F907301B015AB2FB791B09DBB258
:101810005BB213435BB2FB71FB7918460C37BD46D4
:101820005DF8047B704780B586B000AF7860102308
:101830007B8240233B82B020FFF7E2FE0023FB8245
:1018400038E0FB8AC3F13F03FB81FB89DBB203F085
:101850000F03DBB21846FFF7D3FEFB891B099BB2CF
:10186000DBB21033DBB21846FFF7CAFE0023BB829F
:1018700019E0BA8AFB8A798A01FB03F313441A46FA
:101880007B6813441B78BB81BB89DBB21846FFF72A
:1018900093FF0346BB81BB89DBB21846FFF7D2FE3C
:1018A000BB8A0133BB82BA8A7B8A9A42E1D3FB8A24
:1018B0000133FB82FA8A3B8A9A42C2D300BF00BF3F
:1018C0001837BD4680BD000080B584B002AFFEF77A
:1018D0008DFF0346002B02D04FF0FF3327E0FFF7C8
:1018E00022FFFFF72EFF4FF48063FB80FB88184632
:1018F00003F09EFB03461A460F4B1A600E4B1B6803
:10190000002B02D14FF0FF3311E00B4B186800237E
:101910000093B42340228021FEF78EFF064B1B6804
:101920001846FEF7DFFF0020FFF75CF9002318469A
:101930000837BD4680BD00BFD45D002080B586B0AD
:1019400004AF00230293012301934FF6FF7300932A
:101950004023802201210120FFF740FB0023029356
:10196000012301934FF6FF7300934023502214216B
:101970005020FFF779FA00230293012301934FF6D9
:10198000FF7300931423802214210020FFF76CFAC8
:10199000FF23019300230093B54BB64A0521052090
:1019A000FFF744FCB44B1B78DBB21846EEF7C4FEDD
:1019B00000230193FF2300930023AD4A41EC100B59
:1019C00005211B20FFF784FCAB4B5B78DBB218468C
:1019D000EEF7B2FE00230193FF2300930023A44AF5
:1019E00041EC100B05213920FFF772FCFF23019316
:1019F000002300939E4BA14A18210520FFF716FCF7
:101A00009F4BDB889BB21846EEF796FE00230193AE
:101A1000FF2300930023964A41EC100B18212A2043
:101A2000FFF756FCFF23019300230093904B954A48
:101A300025210520FFF7FAFB914BDB691846EEF7ED
:101A40009DFE00230193FF2300930123884A41EC6C
:101A5000100B25212A20FFF73BFCFF2301930023D5
:101A60000093834B884A32210520FFF7DFFB844B2C
:101A70001B78DBB2062B53D801A252F823F000BF2B
:101A80009D1A0208B31A02080B1B0208C91A0208A1
:101A9000DF1A0208211B0208F51A0208FF2301932E
:101AA00000230093724B794A32212A20FFF7BEFBB4
:101AB00049E0FF230193002300936D4B744A3221C8
:101AC0002A20FFF7B3FB3EE0FF230193002300939E
:101AD000674B704A32212A20FFF7A8FB33E0FF232F
:101AE000019300230093624B6B4A32212A20FFF7B7
:101AF0009DFB28E000230193FF2300935C4B674A82
:101B000032212A20FFF792FB1DE0FF2301930023DF
:101B10000093574B624A32212A20FFF787FB12E0DD
:101B2000574B1B78DBB21846EEF706FE00230193F5
:101B3000FF23009300234E4A41EC100B32212A2050
:101B4000FFF7C6FB00BF574B9B79DBB2012B1CD1C3
:101B5000FF23019300230093454B534A182155203E
:101B6000FFF764FB464B5B79DBB21846EEF7E4FD0A
:101B700000230193FF23009300234C4A41EC100BF8
:101B800029215320FFF7A4FB30E03D4B5B78FB712C
:101B9000444BDB79DBB2012B0ED1394BDB78DBB266
:101BA000012B02D13223FB7106E0354BDB78DBB22F
:101BB000022B01D16423FB71FF23019300230093C7
:101BC0002B4B3B4A18215520FFF730FBFB79184679
:101BD000EEF7B2FD00230193FF2300930023334A65
:101BE00041EC100B29215320FFF772FB224B1B798C
:101BF000DBB2062B31D801A252F823F0191C0208DF
:101C0000191C02082F1C0208451C0208451C02086A
:101C1000191C0208191C0208FF23019300230093DA
:101C2000134B244A05215F20FFF700FB16E0FF233A
:101C30000193002300930E4B1F4A05215F20FFF7FD
:101C4000F5FA0BE0FF23019300230093084B1B4A96
:101C500005215F20FFF7EAFA00E000BF184B1B6880
:101C60001846FFF7E0FD00BF0837BD4680BD00BF46
:101C700070000020A85F0208044B0020B45F020837
:101C8000344B0020C05F0208C85F0208D05F020822
:101C9000D45F0208D85F0208DC5F0208E05F020838
:101CA000E45F0208244B0020EC5F0208780000206B
:101CB000F45F0208FC5F0208046002080C6002087E
:101CC000D45D002080B58CB004AF002302930123C3
:101CD00001934FF6FF7300934023802201210120DE
:101CE000FFF77CF9FF230193002300936F4B704AA9
:101CF00005210520FFF79AFA6E4B9B79DBB2032B87
:101D000064D801A252F823F0191D02082F1D020801
:101D1000451D02086F1D0208FF2301930023009355
:101D2000624B654A05213720FFF780FA4FE0FF2319
:101D30000193002300935D4B604A05213720FFF794
:101D400075FA44E0FEF726FD024607F110035C49F0
:101D5000184603F0A1FA07F11002FF2301930023B4
:101D60000093524B05213720FFF760FA2FE0554BC7
:101D70007B6007F1080300221A601A710023FB77C9
:101D8000514B5B79012B01D10123FB774F4B1B7921
:101D9000012B01D10223FB774C4B5B79012B01D145
:101DA0000323FB77FA7F3B1D4949184603F074FA79
:101DB000464B01229A703A1DFF23019300230093A2
:101DC0003A4B05213720FFF731FA00E000BFFF232F
:101DD000019300230093354B3E4A14210520FFF761
:101DE00025FA3D4B1B8A9BB21846EEF7A5FC002353
:101DF0000193FF23009300232C4A41EC100B142184
:101E00003720FFF765FA344B5B8A9BB21846EEF732
:101E100093FC00230193FF2300930023234A41EC0A
:101E2000100B14215A20FFF753FAFF2301930023CC
:101E300000931E4B294A23210520FFF7F7F9264B73
:101E40009B8A9BB21846EEF777FC00230193FF2391
:101E500000930023154A41EC100B23213720FFF794
:101E600037FA1D4BDB8A9BB21846EEF765FC002360
:101E70000193FF23009300230C4A41EC100B232114
:101E80005A20FFF725FAFF23019300230093074B05
:101E9000134A32210520FFF7C9F9124B1B68184677
:101EA000FFF7C1FC00BF2037BD4680BD7000002099
:101EB00014600208044B00201C6002082460020821
:101EC000286002085749464900600020346100201C
:101ED0003460020840600208344B00205060020861
:101EE00060600208D45D0020F0B58DB004AF00231F
:101EF0000293012301934FF6FF7300934023802246
:101F000001210120FFF76AF8584B9B79DBB2032BC4
:101F100040F09680564BDB7D012B40F09180FF23F3
:101F2000019300230093534B534A05210520FFF7EB
:101F30007DF94F4BDB7A19464D4B1B7B1C464C4BB6
:101F40005B7B1A464A4B9B7B3846019300922346A3
:101F50000A464A4903F0A0F93A46FF2301930023B9
:101F60000093474B07212820FFF760F9404B9B7FE8
:101F7000012B2ED1FF230193002300933D4B414AB7
:101F800014210520FFF752F9394B1B7E1D46384BB3
:101F90005B7E1E46364B9B7E1A46354BDB7E1946D2
:101FA000334B1B7F1C46324B5B7F384603930294B6
:101FB0000191009233462A46334903F06DF93A46BF
:101FC000FF230193002300932D4B16212820FFF7B8
:101FD0002DF9274B93F86130012B19D1FF23019381
:101FE00000230093234B294A23210520FFF71EF9E4
:101FF0003B46274A2749184603F04EF93A46FF2345
:102000000193002300931E4B25212820FFF70EF992
:10201000214B5B78012B1ED11F4B93F900301A46E0
:102020003B461E49184603F037F93A46FF23019311
:10203000002300930F4B32210520FFF7F7F80AE049
:10204000FF230193002300930A4B154A1421052016
:10205000FFF7ECF800E000BF124B1B681846FFF7D3
:10206000E2FB00BF2437BD46F0BD00BF044B00209B
:102070000060002070000020706002087860020894
:1020800080000020846002088C600208AC600208B6
:102090001F600020B460020834610020B8600208AC
:1020A000C4600208D45D002090B595B004AF002351
:1020B0000293012301934FF6FF7300934023802284
:1020C00001210120FEF78AFF4E4B9B79DBB2032BE7
:1020D00040F082804C4B93F86830012B7CD1FF2379
:1020E000019300230093494B494A05210520FFF73E
:1020F0009DF8454B93F862301946434B93F8633093
:102100001C46414B93F864301A463F4B93F86530B8
:1021100038460193009223460A463E4903F0BCF834
:102120003A46FF230193002300933B4B07212820CD
:10213000FFF77CF8344BB3F866301A463B46374914
:10214000184603F0A9F83A46FF23019300230093B1
:102150002E4B14210520FFF769F82B4B93F8CB3059
:10216000012B0FD13B462E4A2E49184603F094F816
:102170003A46FF23019300230093244B222105209C
:10218000FFF754F8204B93F82F31012B2FD1FF2369
:102190000193002300931D4B234A31210520FFF7B3
:1021A00045F83B46214A2249184603F075F83A465D
:1021B000FF23019300230093174B2E212820FFF7C4
:1021C00035F8FF23019300230093134B194A37215D
:1021D0002820FFF72BF80AE0FF2301930023009348
:1021E0000A4B154A14210520FFF720F800E000BF34
:1021F000124B1B681846FFF716FB00BF4437BD465D
:1022000090BD00BF044B0020006000207000002043
:10221000D46002087860020880000020DC600208B8
:10222000AA600020E4600208EC600208EE60002072
:10223000F4600208FC600020FC600208D45D00200D
:1022400080B584B004AF00230293012301934FF6BD
:10225000FF7300934023802201210120FEF7BEFE80
:102260008B4B1B78DBB2012B0AD100230193FF2398
:102270000093884B884A05210520FEF7D7FF09E027
:10228000FF23019300230093824B834A05210520FD
:10229000FEF7CCFF7E4B1B78DBB2152B12D17F4BA8
:1022A0001B78DBB21846EEF747FAFF2301930023B1
:1022B00000930023774A41EC100B05214620FFF7DD
:1022C00007F811E0754B1B78DBB21846EEF734FACD
:1022D00000230193FF23009300236E4A41EC100B6F
:1022E00005214620FEF7F4FF694B1B78DBB2022B79
:1022F0000AD100230193FF230093664B684A1421FF
:102300000520FEF793FF09E0FF23019300230093CC
:10231000604B634A14210520FEF788FF5C4B1B7855
:10232000DBB2162B12D15D4B5B78DBB21846EEF7B1
:1023300003FAFF230193002300930023554A41EC45
:10234000100B14214620FEF7C3FF11E0534B5B78BE
:10235000DBB21846EEF7F0F900230193FF23009358
:1023600000234C4A41EC100B14214620FEF7B0FF2D
:10237000474B1B78DBB2032B0AD100230193FF23C9
:102380000093444B474A23210520FEF74FFF09E005
:10239000FF230193002300933E4B424A2321052053
:1023A000FEF744FF3A4B1B78DBB2172B12D13B4BA5
:1023B0009B78DBB21846EEF7BFF9FF2301930023A9
:1023C00000930023334A41EC100B23214620FEF7F3
:1023D0007FFF11E0314B9B78DBB21846EEF7ACF98A
:1023E00000230193FF23009300232A4A41EC100BA2
:1023F00023214620FEF76CFF254B1B78DBB2042B14
:102400000AD100230193FF230093224B264A322155
:102410000520FEF70BFF09E0FF2301930023009343
:102420001C4B214A32210520FEF700FF184B1B7878
:10243000DBB2182B12D1194BDB78DBB21846EEF762
:102440007BF9FF230193002300930023114A41EC01
:10245000100B32214620FEF73BFF11E00F4BDB78DB
:10246000DBB21846EEF768F900230193FF230093CF
:102470000023084A41EC100B32214620FEF728FFCA
:102480000A4B1B681846FFF7CEF900BFBD4680BD5A
:10249000204B0020700000200C610208044B00203B
:1024A000186102082461020830610208D45D00202E
:1024B00080B584B004AF00230293012301934FF64B
:1024C000FF7300934023802201210120FEF786FD47
:1024D000A14B1B78DBB2052B0AD100230193FF230C
:1024E00000939E4B9E4A05210520FEF79FFE09E0C2
:1024F000FF23019300230093984B994A052105205F
:10250000FEF794FE944B1B78DBB2192B56D1954BFA
:102510001B79DBB2052B00F2A78001A252F823F051
:10252000392502084F250208652502087B25020887
:1025300091250208A725020800230193FF23009399
:10254000864B894A05214620FEF770FE8FE0002366
:102550000193FF230093814B844A05214620FEF717
:1025600065FE84E000230193FF2300937B4B804AA8
:1025700005214620FEF75AFE79E000230193FF2350
:102580000093764B7B4A05214620FEF74FFE6EE016
:1025900000230193FF230093704B774A05214620C7
:1025A000FEF744FE63E000230193FF2300936B4B8F
:1025B000724A05214620FEF739FE58E0694B1B7927
:1025C000DBB2052B52D801A252F823F0E525020810
:1025D000FB25020811260208272602083D260208CC
:1025E00053260208FF230193002300935B4B5E4AAE
:1025F00005214620FEF71AFE39E0FF230193002350
:102600000093564B594A05214620FEF70FFE2EE057
:10261000FF23019300230093504B554A0521462088
:10262000FEF704FE23E0FF230193002300934B4BAE
:10263000504A05214620FEF7F9FD18E0FF230193DB
:1026400000230093454B4C4A05214620FEF7EEFD42
:102650000DE0FF23019300230093404B474A0521DF
:102660004620FEF7E3FD02E000BF00E000BF3A4B6A
:102670001B78DBB2062B0AD100230193FF230093C2
:10268000364B3F4A14210520FEF7D0FD25E0324BA2
:102690001B78DBB21A2B16D1324B1B79DBB2052B20
:1026A00011D1FF230193002300932C4B344A1421B2
:1026B0000520FEF7BBFD284B1B78DBB2143BDAB2DA
:1026C000254B1A7009E0FF23019300230093234B4D
:1026D0002B4A14210520FEF7A9FD224B1B79DBB202
:1026E000052B18D11F4B1B79DBB2052B02D19FEDB7
:1026F000167B01E09FED167B00230193FF230093DF
:102700000023164AB0EE470AF0EE670A142146206D
:10271000FEF7DEFD48E0104B1B78DBB21A2B31D1FF
:10272000104B5B79DBB21846EEF706F8FF230193F6
:10273000002300930023094A41EC100B142146208A
:10274000FEF7C6FD30E000BF000000000000694059
:102750000000000000805B40204B00207000002043
:102760003C610208044B00204861020850610208E5
:10277000046002085861020860610208686102088A
:1027800070610208874B5B79DBB21846EDF7D4FF26
:1027900000230193FF2300930023834A41EC100B95
:1027A00014214620FEF794FD804B1B78DBB2072BEB
:1027B0000AD100230193FF2300937B4B7C4A232102
:1027C0000520FEF733FD09E0FF230193002300936A
:1027D000754B774A23210520FEF728FD734B1B78A4
:1027E000DBB21B2B3CD16F4B9B79DBB2032B73D835
:1027F00001A252F823F000BF092802081F2802088E
:10280000352802084B28020800230193FF23009378
:10281000654B684A23214620FEF708FD5FE0002350
:102820000193FF230093604B634A23214620FEF768
:10283000FDFC54E000230193FF2300935A4B5F4AB1
:1028400023214620FEF7F2FC49E000230193FF23F9
:102850000093554B5A4A23214620FEF7E7FC3EE001
:10286000504B9B79DBB2032B38D801A252F823F0EE
:102870008128020897280208AD280208C328020808
:10288000FF23019300230093474B4A4A232146200C
:10289000FEF7CCFC23E0FF23019300230093424B7F
:1028A000454A23214620FEF7C1FC18E0FF2301938F
:1028B000002300933C4B414A23214620FEF7B6FCFF
:1028C0000DE0FF23019300230093374B3C4A232163
:1028D0004620FEF7ABFC02E000BF00E000BF334B38
:1028E0001B78DBB2082B0AD100230193FF2300934E
:1028F0002D4B344A32210520FEF798FC09E0FF23D6
:10290000019300230093284B2E4A32210520FEF725
:102910008DFC264B1B78DBB21C2B1DD1214BDB79A8
:10292000DBB2002B02D0012B0BD033E0002301934C
:10293000FF2300931C4B244A32214620FEF776FCED
:1029400028E000230193FF230093174B1F4A3221F5
:102950004620FEF76BFC1DE0124BDB79DBB2002B4F
:1029600002D0012B0BD015E0FF230193002300932D
:102970000D4B154A32214620FEF758FC0AE0FF2392
:10298000019300230093084B104A32214620FEF7A2
:102990004DFC00BF0E4B1B681846FEF744FF00BFFE
:1029A000BD4680BD044B002070000020204B00205D
:1029B0007C6102081C600208246002088861020829
:1029C0009061020898610208A4610208AC610208E3
:1029D000D45D002080B584B004AF002302930123AE
:1029E00001934FF6FF7300934023802201210120C1
:1029F000FEF7F4FA8B4B1B78DBB2092B0AD10023CC
:102A00000193FF230093884B884A05210520FEF798
:102A10000DFC09E0FF23019300230093824B834ABE
:102A200005210520FEF702FC7E4B1B78DBB21D2B37
:102A300012D17F4B1B7ADBB21846EDF77DFEFF23E8
:102A40000193002300930023774A41EC100B0521EA
:102A50004620FEF73DFC11E0754B1B7ADBB21846B1
:102A6000EDF76AFE00230193FF23009300236E4AD3
:102A700041EC100B05214620FEF72AFC694B1B7820
:102A8000DBB20A2B0AD100230193FF230093664B8C
:102A9000684A14210520FEF7C9FB09E0FF230193D2
:102AA00000230093604B634A14210520FEF7BEFB10
:102AB0005C4B1B78DBB21E2B12D15D4B5B7ADBB219
:102AC0001846EDF739FEFF230193002300930023FE
:102AD000554A41EC100B14214620FEF7F9FB11E09A
:102AE000534B5B7ADBB21846EDF726FE00230193C9
:102AF000FF23009300234C4A41EC100B1421462085
:102B0000FEF7E6FB474B1B78DBB20B2B0AD1002309
:102B10000193FF230093444B474A23210520FEF7EE
:102B200085FB09E0FF230193002300933E4B424ABB
:102B300023210520FEF77AFB3A4B1B78DBB21F2BD3
:102B400012D13B4B9B7ADBB21846EDF7F5FDFF2324
:102B50000193002300930023334A41EC100B2321FF
:102B60004620FEF7B5FB11E0314B9B7ADBB21846ED
:102B7000EDF7E2FD00230193FF23009300232A4A8F
:102B800041EC100B23214620FEF7A2FB254B1B78BE
:102B9000DBB20C2B0AD100230193FF230093224BBD
:102BA000264A32210520FEF741FB09E0FF2301936D
:102BB000002300931C4B214A32210520FEF736FBEF
:102BC000184B1B78DBB2202B12D1194BDB7ADBB20E
:102BD0001846EDF7B1FDFF23019300230093002376
:102BE000114A41EC100B32214620FEF771FB11E037
:102BF0000F4BDB7ADBB21846EDF79EFD0023019305
:102C0000FF2300930023084A41EC100B3221462099
:102C1000FEF75EFB0A4B1B681846FEF704FE00BF7A
:102C2000BD4680BD204B002070000020B06102082E
:102C3000044B0020C0610208D0610208E061020874
:102C4000D45D002080B584B004AF0023029301233B
:102C500001934FF6FF73009340238022012101204E
:102C6000FEF7BCF99E4B1B78DBB20D2B0AD100237B
:102C70000193FF2300939B4B9B4A05210520FEF700
:102C8000D5FA09E0FF23019300230093954B964A60
:102C900005210520FEF7CAFA914B1B78DBB2212BE8
:102CA0001DD1924B1B7BDBB2002B02D0012B0BD032
:102CB00033E000230193FF2300938A4B8C4A0521C4
:102CC0004620FEF7B3FA28E000230193FF23009388
:102CD000844B884A05214620FEF7A8FA1DE0834B65
:102CE0001B7BDBB2002B02D0012B0BD015E0FF23A6
:102CF0000193002300937B4B7D4A05214620FEF77C
:102D000095FA0AE0FF23019300230093754B794A5B
:102D100005214620FEF78AFA00BF714B1B78DBB213
:102D20000E2B0AD100230193FF2300936D4B724AAF
:102D300014210520FEF77AFA09E0FF23019300230E
:102D40000093684B6C4A14210520FEF76FFA644B20
:102D50001B78DBB2222B2CD1644B5B7BDBB2022BCA
:102D60001CD0022B52DC002B02D0012B0BD04DE0EB
:102D700000230193FF2300935A4B604A14214620FD
:102D8000FEF754FA45E000230193FF230093554BCF
:102D90005B4A14214620FEF749FA3AE000230193EA
:102DA000FF2300934F4B574A14214620FEF73EFA6B
:102DB0002FE04E4B5B7BDBB2022B1CD0022B27DCBF
:102DC000002B02D0012B0BD022E0FF230193002324
:102DD0000093444B494A14214620FEF727FA18E095
:102DE000FF230193002300933E4B454A14214620C4
:102DF000FEF71CFA0DE0FF23019300230093394BEB
:102E0000404A14214620FEF711FA02E000BF00E01C
:102E100000BF334B1B78DBB20F2B0AD10023019389
:102E2000FF2300932F4B384A23210520FEF7FEF99C
:102E300009E0FF230193002300932A4B324A232108
:102E40000520FEF7F3F9264B1B78DBB2232B12D1BA
:102E5000264BDB899BB21846EDF76EFCFF230193EE
:102E60000023009300231F4A41EC100B232146202E
:102E7000FEF72EFA11E01D4BDB899BB21846EDF7E9
:102E80005BFC00230193FF2300930023154A41ECD0
:102E9000100B23214620FEF71BFA114B1B78DBB2E7
:102EA000102B0AD100230193FF2300930D4B174AE7
:102EB00032210520FEF7BAF909E0FF230193002330
:102EC0000093084B114A32210520FEF7AFF9104B51
:102ED0001B681846FEF7A7FC00BFBD4680BD00BFBB
:102EE000204B002070000020F0610208044B0020FD
:102EF000FC610208046202080C62020818620208FF
:102F00001C62020828620208346202084062020859
:102F1000D45D002080B584B004AF00230293012368
:102F200001934FF6FF73009340238022012101207B
:102F3000FEF754F8744B1B78DBB2112B0AD1002337
:102F40000193FF230093714B714A05210520FEF781
:102F50006DF909E0FF230193002300936B4B6C4A4A
:102F600005210520FEF762F9674B1B78DBB2252BA4
:102F700012D1684B1B8A9BB21846EDF7DDFBFF238D
:102F80000193002300930023604A41EC100B0521BC
:102F90004620FEF79DF911E05E4B1B8A9BB2184656
:102FA000EDF7CAFB00230193FF2300930023574A48
:102FB00041EC100B05214620FEF78AF9524B1B7895
:102FC000DBB2122B0AD100230193FF2300934F4B56
:102FD000514A14210520FEF729F909E0FF23019346
:102FE00000230093494B4C4A14210520FEF71EF99B
:102FF000454B1B78DBB2262B12D1464B9B8A9BB2EA
:103000001846EDF799FBFF2301930023009300235B
:103010003E4A41EC100B14214620FEF759F911E00D
:103020003C4B9B8A9BB21846EDF786FB002301932D
:10303000FF2300930023354A41EC100B1421462056
:10304000FEF746F9334B1B79DBB2052B53D12E4BE0
:103050001B78DBB2132B0AD100230193FF230093CB
:103060002A4B2E4A23210520FEF7E0F809E0FF2332
:10307000019300230093254B284A23210520FEF7C6
:10308000D5F8214B1B78DBB2272B1AD1214B1B7EA5
:10309000DBB2012B0AD100230193FF2300931B4BCA
:1030A0001F4A23214620FEF7C1F824E000230193A4
:1030B000FF230093154B1B4A23214620FEF7B6F849
:1030C00019E0144B1B7EDBB2012B0AD1FF230193C5
:1030D000002300930D4B124A23214620FEF7A6F849
:1030E00009E0FF23019300230093084B0D4A23219D
:1030F0004620FEF79BF80C4B1B681846FEF793FB27
:1031000000BFBD4680BD00BF204B002070000020E6
:1031100054620208044B0020606202086C620208DC
:10312000D45F0208D05F0208D45D002080B584B06F
:1031300000AF0346FB71FB793B73002280210948F5
:10314000F1F748F807F10C01642301220648F3F770
:10315000A1F9012280210348F1F73CF800BF1037A4
:10316000BD4680BD000C02402052002080B584B0D6
:1031700000AF78600023FB7203233B737B681B0A5C
:10318000DBB27B737B68DBB2BB73002280210D480E
:10319000F1F720F807F10C01642303220A48F3F742
:1031A00079F907F10B01642301220748F3F7B6FA16
:1031B000012280210348F1F70DF8FB7A18461037F9
:1031C000BD4680BD000C02402052002080B584B076
:1031D00000AF78600B46FB7002233B737B681B0AD1
:1031E000DBB27B737B68DBB2BB73FB78FB730620BF
:1031F000FFF79CFF002280210948F0F7EBFF07F161
:103200000C01642304220748F3F744F901228021CA
:103210000348F0F7DFFF00BF1037BD4680BD00BF99
:10322000000C02402052002090B583B000AF002374
:10323000FB710020FFF79AFF0346FB71FB79AA2B75
:1032400040F0A6800120FFF791FF03461A467E4B0F
:103250001A700220FFF78AFF03461A467A4B5A700B
:103260000320FFF783FF03461A46774B9A7004202A
:10327000FFF77CFF03461A46734BDA700520FFF711
:1032800075FF03461A46704B1A710620FFF76EFF52
:1032900003461A466C4B5A710720FFF767FF034637
:1032A0001A46694B9A710820FFF760FF03461A46D9
:1032B000654BDA710920FFF759FF03461A46624B46
:1032C0001A720A20FFF752FF03461A465E4B5A72E3
:1032D0000B20FFF74BFF03461A465B4B9A720C20FC
:1032E000FFF744FF03461A46574BDA720D20FFF7EB
:1032F0003DFF03461A46544B1A730E20FFF736FF64
:1033000003461A46504B5A730F20FFF72FFF034610
:103310001A46920013441A4691001A460B4613446B
:103320009B009AB2484BDA811020FFF71FFF03463B
:103330001A46920013441A4691001A460B4613444B
:103340009B009CB21120FFF711FF034623449AB261
:103350003D4B1A821220FFF709FF03461A469200DE
:1033600013441A4691001A460B4613449B009CB224
:103370001320FFF7FBFE034623449AB2324B9A8296
:103380001420FFF7F3FE03461A462F4B1A7657E038
:10339000AA210020FFF71AFF01210120FFF716FFE5
:1033A00001210220FFF712FF01210320FFF70EFF8A
:1033B0000A210420FFF70AFF03210520FFF706FF7B
:1033C000DC210620FFF702FF00210720FFF7FEFEA9
:1033D00000210820FFF7FAFE28210920FFF7F6FE5A
:1033E0003C210A20FFF7F2FE28210B20FFF7EEFE1A
:1033F0001E210C20FFF7EAFE00210D20FFF7E6FE5C
:1034000000210E20FFF7E2FE2D210F20FFF7DEFE48
:1034100000211020FFF7DAFE2A211120FFF7D6FE47
:1034200017211220FFF7D2FE00211320FFF7CEFE56
:1034300001211420FFF7CAFE00211520FFF7C6FE68
:1034400000BF0C37BD4690BD044B002080B400AFD8
:10345000174B00225A71164B0022DA75144B0022CA
:103460009A77134B002283F86120114B002283F8D6
:1034700068200F4B002283F8CB200D4B002283F8ED
:10348000ED200B4B002283F83121094B002283F8F9
:103490002F21084B00225A70064B00221A71054B4F
:1034A00000225A7100BFBD465DF8047B704700BF23
:1034B000006000203461002080B582B002AF114B63
:1034C00001221A7100F062FC00F048FC0E4B9B7A5E
:1034D000002B13D00B4B1B79012B0FD10A4B1B89EF
:1034E000D9B201230093094B0122BA2000F018FE43
:1034F000054B00229A72044B00221A8100BFBD4680
:1035000080BD00BF3461002000600020044B00201B
:1035100080B500AF00F03AFC234B5B79002B02D161
:10352000012000F0D1FC204BDB7D002B02D11220CA
:1035300000F0CAFC1C4B9B7F002B02D1142000F032
:10354000C3FC194B93F86130002B02D1112000F01D
:10355000BBFC154B93F86830002B02D1212000F002
:10356000B3FC114B93F8CB30002B04D00E4B93F8E7
:10357000ED30002B02D1222000F0A6FC0A4B93F87C
:103580003131002B02D1152000F09EFC064B93F840
:103590002F31002B02D1232000F096FC162000F0E2
:1035A00093FC00BF80BD00BF0060002080B500AF6D
:1035B00000F0ECFB1D4B5B79002B02D1012000F0E9
:1035C00083FC1A4BDB7D002B02D1122000F07CFC27
:1035D000164B9B7F002B02D1142000F075FC134B7F
:1035E00093F86130002B02D1112000F06DFC0F4BDD
:1035F00093F86830002B02D1212000F065FC0B4BC2
:1036000093F8CB30002B04D0084B93F8ED30002B0F
:1036100002D1222000F058FC044B93F83131002BEA
:1036200002D1152000F050FC00BF80BD00600020DA
:1036300080B500AF00F0AAFB1F4B5B79002B02D1D5
:10364000012000F041FC1C4BDB7D002B02D112203D
:1036500000F03AFC184B9B7F002B02D1142000F0A5
:1036600033FC154B93F86130002B02D1112000F090
:103670002BFC114B93F86830002B02D1212000F075
:1036800023FC0D4B93F8CB30002B04D00A4B93F85E
:10369000ED30002B02D1222000F016FC064B93F8EF
:1036A0003131002B02D1152000F00EFC162000F065
:1036B0000BFC00BF80BD00BF0060002080B58AB059
:1036C00002AF03463960FB711346BB71FB79232BB4
:1036D00050DC002B40F3CF82013B222B00F2CB8247
:1036E00001A252F823F000BFCB370208773C020852
:1036F000773C0208773C0208773C0208773C0208D6
:10370000773C0208773C0208773C0208773C0208C5
:10371000773C0208773C0208773C0208773C0208B5
:10372000773C02087D3702088F38020821380208EA
:10373000773C020871380208013C02081B3C020871
:10374000773C0208773C0208773C0208773C020885
:10375000773C0208773C0208773C0208773C020875
:10376000773C02089B37020819390208DD3A020843
:103770006F3B0208F02B00F05C827CE2BB79002BEF
:1037800000F07B823B681B78012B0CBF01230023D8
:10379000DBB21A46A14B1A716FE2BB79002B00F025
:1037A0006E823B681B78012B0CBF01230023DBB228
:1037B0001A469A4B5A71994B5B79012B40F05F8204
:1037C000964B5A79954B1A7159E2BB79002B00F050
:1037D00058823B681A78924B1B78DBB29A4216D01B
:1037E0008E4B1B79012B09D13B681978012300937B
:1037F0008B4B0122BA2000F093FC42E2894B01225C
:103800009A723B681B781A46864B1A8139E2844BC0
:103810001B78DAB2834B1A71824B01225A7130E263
:10382000BB790B2B40F22F823B681B681A467D4BFD
:10383000C3F80B203B6804331B681A46794BC3F866
:103840000F203B6808331B681A46764BC3F81320D9
:10385000744BDB7A002B07D0724BDB7B002B03D041
:10386000704B0122DA750EE26E4B0022DA750AE225
:10387000BB79052B40F209826A4B3A68183310680D
:10388000186092889A80674B01229A77FDE1FF23A6
:10389000FB770023BB770BE0BB7F3A6813441B78B0
:1038A0002C2B02D1BB7FFB7706E0BB7F0133BB77BC
:1038B000BA7FBB799A42EFD3FB7FFF2B00F0E78101
:1038C000FB7F202B28BF2023BB73BB7B1A463968A4
:1038D000554801F0ADFD534ABB7B82F83F30BA79C1
:1038E000FB7FD31ADBB2013B7B777B7F202B01D997
:1038F00020237B77FB7F01333A6813447A7F194694
:103900004A4801F095FD474A7B7F82F86030454B7D
:10391000012283F86120BAE1BB79062B1AD13B68FA
:103920001B681A463F4BC3F862203B6804331B7880
:103930001BB21B021AB23B6805331B781BB2134340
:103940001BB29AB2374BA3F86620364B012283F89C
:1039500068209EE1BB79062B40F29B810023BB606F
:1039600000237B8300237B7600233B760023FB75BB
:10397000BB791A4639682E4801F05AFD294ABB79AD
:1039800082F8A930BB79072B0AD907222949386860
:1039900001F036FD0346002B02D10723FB750CE036
:1039A000BB79062B09D906222349386801F028FD86
:1039B0000346002B01D10623FB75FB7D3B765AE0C5
:1039C0003B7E3A6813441B782E2B0ED17B7E032B53
:1039D00008D87B7E5A1C7A767A8BD2B220333B444D
:1039E00003F8182C00237B8342E03B7E3A681344A3
:1039F0001B783A2B22D17B7E032B08D87B7E5A1C66
:103A00007A767A8BD2B220333B4403F8182C002309
:103A10007B833B7E01333B7631E000BF3461002085
:103A2000044B0020006000201F6000204060002048
:103A30006960002078620208806202083B7E3A6872
:103A400013441B782F2B13D93B7E3A6813441B7801
:103A5000392B0DD87B8B1A46920013445B009BB226
:103A60003A7E39680A44127813449BB2303B7B8318
:103A70003B7E01333B763A7EBB799A42A0D31CE071
:103A80003B7E3A6813441B782F2B13D93B7E3A6850
:103A900013441B78392B0DD87B8B1A4692001344A4
:103AA0005B009BB23A7E39680A44127813449BB299
:103AB000303B7B833B7E01333B763A7EBB799A4237
:103AC000DED3BB687A4AC2F86230794A7B8BA2F8AF
:103AD0006630774B012283F86820DAE0FF23BB755C
:103AE00000237B750BE07B7D3A6813441B782C2BFD
:103AF00002D17B7DBB7506E07B7D01337B757A7DD2
:103B0000BB799A42EFD3BB7DFF2B00F0C480BB7D15
:103B1000202B28BF2023FB73FB7B1A46396865489E
:103B200001F086FC624AFB7B82F8CA30BA79BB7D21
:103B3000D31ADBB2013B3B753B7D202B01D92023FF
:103B40003B75BB7D01333A6813443A7D19465A48A8
:103B500001F06EFC564A3B7D82F8EC30544B01225A
:103B600083F8CB20524B012283F8ED2093E0BB7900
:103B7000002B00F09280FF23FB74FF23BB74002313
:103B80007B7411E07B7C3A6813441B782F2B08D19F
:103B9000FB7CFF2B02D17B7CFB7402E07B7CBB7443
:103BA00006E07B7C01337B747A7CBB799A42E9D353
:103BB000FB7CFF2B71D0BB7CFF2B6ED0BA7CFB7CD7
:103BC00001339A4269DDBA7CFB7CD31ADBB2013B3C
:103BD0003B743B7C402B01D940233B74FB7C01337D
:103BE0003A6813443A7C1946344801F021FC304AC3
:103BF0003B7C82F82E312E4B012283F82F214CE0A2
:103C0000BB79002B4BD03B681A78294B83F83021C5
:103C1000274B012283F8312141E0BB79002B40D0B2
:103C20003B681B785AB2264B1A70254B01225A70FA
:103C300037E0BB79002B36D000224FF400612148D9
:103C4000F0F7C8FA204B0022C3F818223220F6F70A
:103C500090F9FFF7FBFB01224FF400611948F0F7E0
:103C6000B9FAF0F7F1FC0346174AC2F818323220CD
:103C7000F6F77FF917E000BF16E000BF14E000BFC1
:103C800012E000BF10E000BF0EE000BF0CE000BF7C
:103C90000AE000BF08E000BF06E000BF04E000BF8C
:103CA00002E000BF00E000BF00BF2037BD4680BD7E
:103CB00000600020AA600020CC600020EE600020A0
:103CC0003461002000000240D85D002080B400AFC5
:103CD000034B1B781846BD465DF8047B704700BF58
:103CE0004E61002080B400AF034B1B781846BD46E0
:103CF0005DF8047B704700BFA263002080B400AF72
:103D0000034B1B781846BD465DF8047B704700BF27
:103D10004C61002080B400AF034B1B781846BD46B1
:103D20005DF8047B704700BFA063002080B400AF43
:103D3000034B1B781846BD465DF8047B704700BFF7
:103D40004D61002080B400AF034B1B781846BD4680
:103D50005DF8047B704700BFA163002080B400AF12
:103D6000074B00221A70074B00221A70064B0022E4
:103D70001A7001231846BD465DF8047B704700BFEA
:103D8000A0630020A1630020A263002080B400AFE4
:103D9000074B00221A70074B00221A70064B0022B4
:103DA0001A7001231846BD465DF8047B704700BFBA
:103DB0004C6100204D6100204E61002080B582B032
:103DC00000AF144B1B78012B1FD1F0F73DFC78603E
:103DD000114B1B68002B19D00F4B1B687A68D31A44
:103DE0004FF4FA72934211D30C4B1B78184600F033
:103DF00041F8084B00221A70084B00221A70064B3B
:103E000000221A6000F0C8F800E000BF0837BD4685
:103E100080BD00BF4E610020506100204F61002036
:103E200080B582B000AF104B1B78012B17D1F0F793
:103E30000BFC02460D4B1B68D31A7B607B6840F27B
:103E4000DC5293420BD97968094801F0F9F8064B26
:103E500000221A70054B00221A6000F027F900BFFB
:103E60000837BD4680BD00BFA2630020A4630020C8
:103E70008862020880B485B000AF0346FB710F4B27
:103E80001B7801335A4203F00F0302F00F0258BFB0
:103E90005342FB730A4B1B78FA7B9A4208D0074BBC
:103EA0001B781946074AFB795354044AFB7B13706D
:103EB00000BF1437BD465DF8047B70474D6100209C
:103EC0004C6100203C61002080B584B000AF034607
:103ED000FB71FB791846FFF7CDFF144B1B78002BC5
:103EE0001FD1134B1A78134B1B789A4219D00F4BE2
:103EF00001221A700E4B1B781A460F4B9B5CFB730A
:103F00000B4B1B7801335A4203F00F0302F00F02F0
:103F100058BF5342DAB2064B1A70FB7B184600F0CA
:103F200097F900BF1037BD4680BD00BF4E6100202D
:103F30004C6100204D6100203C61002080B483B0C2
:103F400000AF7860114B1A78114B1B789A4201D15F
:103F5000002314E00D4B1B781A460E4B9A5C7B68CD
:103F60001A700A4B1B7801335A4203F00F0302F018
:103F70000F0258BF5342DAB2044B1A70012318469D
:103F80000C37BD465DF8047B704700BF4C610020D4
:103F90004D6100203C61002080B582B000AF154B20
:103FA0001B78012B22D0FB1D1846FFF7C7FF0346E5
:103FB000002B1CD0F0F748FB02460F4B1B68D31AAE
:103FC0001D2B03D80C4B1B68002B10D1094B012271
:103FD0001A70FA79094B1A70F0F736FB0346064A55
:103FE0001360FB79184600F033F900E000BF083792
:103FF000BD4680BD4E610020506100204F61002011
:1040000080B584B000AFF860B9607A60234B1A784D
:10401000234B1B789A4201D100233AE01F4B1B78B7
:104020001946204A622301FB03F313441A78FB6804
:104030001A701A4B1B7819461A4A622301FB03F3C4
:10404000134461331A787B681A707B681B78002BE5
:104050000ED0124B1B781A46622302FB03F3114A5F
:104060001344591C7B681B781A46B86801F0E0F9C4
:104070000A4B1B785A1C0C4B83FB0231D317C91A0D
:104080000B465B000B445B00D11ACAB2034B1A709B
:10409000012318461037BD4680BD00BFA063002035
:1040A000A163002054610020ABAAAA2A80B59CB06D
:1040B00002AF184B1B78012B28D007F16402391D81
:1040C00007F165031846FFF79BFF0346002B1ED040
:1040D000F0F7BAFA0346104A13600E4B01221A7029
:1040E00097F8653087F8673097F8643087F866305E
:1040F0000A4B1B78D9B2381D97F8672097F86630BD
:1041000000930346BA2000F00BF800E000BF6837C8
:10411000BD4680BDA2630020A4630020044B0020A4
:1041200080B5A4B000AF3B600346FB710B46BB718A
:1041300013467B710023A7F88E30B7F88E305A1CD7
:10414000A7F88E2090333B44022203F8842CB7F862
:104150008E305A1CA7F88E20194697F898300133F4
:10416000DAB201F190033B4403F8842CB7F88E30A7
:104170005A1CA7F88E2090333B44FA7903F8842C1C
:10418000B7F88E305A1CA7F88E2090333B44BA798A
:1041900003F8842CB7F88E305A1CA7F88E20903381
:1041A0003B447A7903F8842C002387F88D3017E09C
:1041B0003B68002B05D097F88D303A6813441A7885
:1041C00000E00022B7F88E30591CA7F88E1090330B
:1041D0003B4403F8842C97F88D30013387F88D30F9
:1041E00097F88D2097F898309A42E1D397F8983055
:1041F0009BB203339AB207F10C03023311461846FF
:1042000000F036F9034687F88C30B7F88E305A1C28
:10421000A7F88E2090333B4497F88C2003F8842C29
:10422000B7F88E305A1CA7F88E2090333B440322F7
:1042300003F8842CB7F88E2007F10C01C82303483B
:10424000F2F7F2FE00BF9037BD4680BD785A0020DD
:1042500080B584B002AF0346FB71074B1B78D9B21F
:10426000FA79002300930023BC20FFF759FF00BF19
:104270000837BD4680BD00BF044B002080B500AFAD
:104280000D4B93F81F32012B13D10B4B93F82032B7
:10429000062B094B002283F81F22084B1B78012BA9
:1042A00007D1064B00221A70054B00221A60FFF757
:1042B000FDFE00BF80BD00BFD85D0020A2630020CE
:1042C000A463002080B582B000AF264BDB78FB7181
:1042D000244B5B79BB71234B9B78013B7B71224B59
:1042E0003B60224B00221A70214B00221A70214B96
:1042F00000221A60FFF750FEFB79BC2B2ED17A7991
:10430000BB7939681846FFF7D9F9BB79102B02D071
:10431000202B10D022E07B79002B1CD06420F5F7F5
:1043200028FE3B681B78002B02D0FFF7C5F812E08F
:10433000FFF73CF90FE07B79002B0ED06420F5F7F6
:1043400018FE3B681B78002B02D0FFF7E1F804E071
:10435000FFF76EF901E000BF00E000BF00BF0837C3
:10436000BD4680BDD85D0020DE5D00204E6100208E
:104370004F6100205061002080B5C2B000AF3A4BC1
:10438000B3F80A32023BA7F80431B7F80431364AD1
:1043900013445B7887F8003107F58473A3F58473C1
:1043A00018464FF480731A460021ECF7C9FD00232C
:1043B000A7F80631B7F806315A1CA7F806211A46A5
:1043C000294BD97807F58473A3F584739954B7F80A
:1043D00006315A1CA7F806211A46234B197907F50E
:1043E0008473A3F584739954B7F806315A1CA7F85F
:1043F00006211A461C4B597907F58473A3F584737B
:104400009954194B9B78013B87F8033197F8033196
:10441000002B11D0B7F806313A46134497F8032120
:104420001249184601F004F897F803319AB2B7F828
:1044300006311344A7F80631B7F806213B4611466A
:10444000184600F015F8034687F8023197F8003156
:1044500097F802219A4201D0002300E00123184678
:1044600007F58477BD4680BDD85D0020DE5D002065
:1044700080B485B000AF78600B467B800023FB6082
:1044800000237B810DE07B897A6813441B781A46F0
:10449000FB681344FB60FB68DBB2FB607B89013384
:1044A0007B817A897B889A42EDD3FB68DBB2184620
:1044B0001437BD465DF8047B704780B483B000AF0D
:1044C0000346FB71FB79092B03D8FB793033DBB250
:1044D0000AE0FB79092B06D9FB790F2B03D8FB796E
:1044E0003733DBB200E0002318460C37BD465DF8D9
:1044F000047B704780B487B000AFF860B9607A6021
:10450000BB68002B01D10A230FE0FB684FF4FA527D
:1045100003FB02F2BB68B2FBF3F27B6802FB03F31E
:104520007B617B690A2B38BF0A2318461C37BD46BE
:104530005DF8047B704780B584B000AFF860B96067
:104540007A607A68B968F868FFF7D4FF03461846BE
:104550001037BD4680BD000080B584B000AF7860E4
:104560000B46FB700123BB720023FB730023BB814E
:1045700000237B7200233B720023FB7200BFBB7AD7
:10458000002B00F0B780FB78062B31D97B68013314
:104590001B78A52B02D10B23FB722CE07B68013327
:1045A0001B78A92B02D10923FB7224E07B6801331D
:1045B0001B78A62B04D07B6801331B78A72B14D162
:1045C0007B6804331B78A3F1300213469B0013442D
:1045D0005B001A467B6805331B78303B1344DBB223
:1045E0009B00DBB20933FB7205E00023BB7281E064
:1045F0000023BB727EE0FB78082B78D9FA78FB7A2F
:104600009A4271D3FB78013B7A6813441B78032BE1
:104610005ED10123FB730AE0FB7B7A6813441B78AD
:104620001A46BB891344BB81FB7B0133FB73FA7BC6
:10463000FB78033B9A42EFDBBB89DBB2BB81BB89D2
:104640001B099BB2DBB21846FFF737FF03467B72AC
:10465000BB89DBB203F00F03DBB21846FFF72DFF77
:1046600003463B72FB78033B7A6813441B787A7AE3
:104670009A422AD1FB78023B7A6813441B783A7A33
:104680009A4222D1214BDB79DBB2002B17D11F4B91
:10469000DB7ADBB2002B12D11C4B1B7BDBB2002B75
:1046A0000DD1FB781A467968194800F0C1FEFB78F5
:1046B0009AB2184BA3F83E22144B01225A71164BA2
:1046C00000221A700023BB7214E00023BB7211E0B9
:1046D000124B1B689B680021184600F021FDFAF779
:1046E000D3FF0023BB7205E00023BB7202E000236E
:1046F000BB7200BF054B5B79DBB2002B14BF0123FB
:104700000023DBB218461037BD4680BD244B002085
:10471000614B0020604B0020A44D00200C000020C5
:1047200080B582B000AF814B93F81D32012B77D159
:104730007E4BB3F80A325A1C91B27C4AA2F80A1294
:1047400019467A4B1A78794B0B445A70774B93F889
:104750001E32002B09D1EFF777FF0346734AC2F8E8
:104760001032724B0522C3F81422704BB3F80A3290
:10477000032B36D100237B606C4BB3F80A32012B3C
:1047800003D96A4B9B7806337B607B68002B13D080
:104790007B68B3F5027F0FD202224FF4165178687E
:1047A000FFF7C9FE0346614AC2F814327B689AB229
:1047B0005E4BA3F80C2233E05C4B002283F81D22F1
:1047C0005A4B0022A3F80C22584B0022A3F80A22CD
:1047D000564B0022C3F81422544B0022C3F8102277
:1047E0001EE0524BD3F81432002B19D04F4BB3F8C4
:1047F0000A32042B14D14D4BDB78BA2B03D04B4B30
:10480000DB78BC2B04D1494B012283F81E2207E040
:10481000464B0622A3F80C22444B002283F81E22AA
:10482000424B1B78022B29D1404B93F81D32002BB1
:1048300024D13E4B012283F81D223C4B0022A3F8D9
:104840000A223A4BB3F80A325A1C91B2374AA2F8FC
:104850000A121946354B1A78344B0B445A70EFF74D
:10486000F3FE0346314AC2F81032304B3022C3F80F
:1048700014222E4B022283F81E2252E02B4B1B786F
:10488000032B2FD1294BB3F80C32002B07D0274B29
:10489000B3F80A22254BB3F80C329A4204D2234BC8
:1048A00093F81E32012B1DD0204B0022C3F810229A
:1048B0001E4B0022C3F814221C4B002283F81D2239
:1048C0001A4B93F81E32002B04D1184B012283F8A7
:1048D0001C2226E0FFF750FD03461A46134B83F8CF
:1048E0001C221EE0114B93F81D32002B19D10F4BE7
:1048F0001B78062B03D00D4B1B78152B11D10B4BBE
:10490000012283F81F22094B1A78084B83F82022D2
:10491000064B0022C3F81422044B0022C3F81022D5
:10492000FFE700BF0837BD4680BD00BFD85D00204F
:1049300080B586B000AF3B1D00221A605A609A60B5
:10494000DA601A614FF400637B600123BB600123CE
:10495000FB6000233B613B1D19460348EFF78AF9D2
:1049600000BF1837BD4680BD0000024080B584B04E
:1049700000AF78606B4800F0CBFBFF23FB736A4B02
:104980009B79DBB2FA7B9A4209D0674B9B79DBB209
:10499000022B01D0FFF7CCFF634B9B79FB73624B7B
:1049A0009B79DBB2022B03D16420F5F7E2FAB8E081
:1049B0005D4B9B79DBB2032B17D04FF400615B4852
:1049C000EFF7F0FB0346012B0BD1FEF73FFD002272
:1049D0004FF400615548EFF7FDFB554B0022C3F83B
:1049E00018226420F5F7C5FA9BE04F4B9B79DBB2A8
:1049F000032B26D14FF400614C48EFF7D3FB03465D
:104A0000012B1ED000224FF400614848EFF7E2FB73
:104A1000474B0022C3F818223220F5F7AAFAFEF716
:104A200015FD01224FF400614048EFF7D3FBEFF78B
:104A30000BFE03463E4AC2F818323220F5F799FAC7
:104A40006FE03B4BD3F81432002B28D0384BD3F80F
:104A50001032002B23D0EFF7F7FD0246344BD3F88A
:104A60001032D21A324BD3F814329A4217D9304B43
:104A70000022C3F814222E4B0022C3F810222C4B24
:104A80000022A3F80A222A4B0022A3F80C22284B6A
:104A9000002283F81D22264B002283F81E22244B7D
:104AA00093F81C32002B28D0214B002283F81C22C3
:104AB000EFF7CAFD03461E4AC2F824321C4B93F896
:104AC0001E32002B0AD11A4BB3F80A32DBB2194658
:104AD0001848FFF741FD0346BB7322E0FFF7F2FBE6
:104AE000134B0022A3F80A22114B0022A3F80C2238
:104AF0000F4B002283F81E2206E00D4B93F81F3265
:104B0000002B01D0FFF7BAFB00F016F800F0B2F866
:104B1000FFF754F9FFF784F900F0AAF90A20F5F736
:104B200028FA2CE7B4620208044B0020000002407F
:104B3000D85D0020D95D002080B584B002AF484B1D
:104B40001B79012B40F08680454B5B79012B40F0AF
:104B50008180EFF779FD7860424B93F81C32002B8F
:104B600004D1404B93F81F32002B03D03E4A7B68A0
:104B7000136072E03C4B1B68002B63D03A4B1B6800
:104B80007A68D31A41F2883293425BD3344B5B7913
:104B9000002B08D1334BD3F818327A68D31A43F676
:104BA000972293424ED92E4B5B79002B1ED02D4B72
:104BB000D3F824327A68D31A40F6B732934215D824
:104BC0002A4B1B78042B06D8284B1B780133DAB20A
:104BD000264B1A7006E0254B1B78042B02D9204B7C
:104BE00091221A70204A7B68136036E01C4B93F9BF
:104BF0000030B3F1FF3F03D1194B00225A702BE074
:104C0000FFF764F80346002B26D1FFF76BF8034645
:104C1000002B21D1144A7B681360114B9B78012B28
:104C20000CD1134B1B78D9B200230093002316221A
:104C3000BC20FFF775FA0A4B00229A700B4B00223A
:104C40001A7009E0084B1B68002B06D1064A7B68E6
:104C5000136002E000BF00E000BF0837BD4680BD22
:104C600034610020D85D0020A8630020AC630020E0
:104C7000044B002080B582B000AF784B1B79012B2C
:104C800040F0E180754B5B79012B40F0DC80EFF761
:104C9000DBFC3860724B93F81C32002B04D1704B54
:104CA00093F81F32002B03D06E4A3B681360D1E0AB
:104CB0000023FB716C4B5B79002B01D10123FB714D
:104CC000694BDB7D002B01D10123FB71664B9B7F80
:104CD000002B01D10123FB71634B93F86130002B52
:104CE00001D10123FB71604B93F86830002B01D197
:104CF0000123FB715C4B93F8CB30002B04D05A4B53
:104D000093F8ED30002B01D10123FB71564B93F842
:104D10003131002B01D10123FB71534B93F82F311B
:104D2000002B01D10123FB71FB7983F00103DBB27E
:104D3000002B40F08A804A4BD3F818323A68D31AD5
:104D40004EF6602293422CD9474B5B79002B0CD056
:104D5000424B1B79002B08D0404B5B79002B04D0D1
:104D6000414B93F82F31002B71D1FEF76FFB0022DE
:104D70004FF400613D48EFF72DFA394B0022C3F89C
:104D800018226420F5F7F5F801224FF40061374846
:104D9000EFF720FAEFF758FC0346314AC2F8183211
:104DA00055E0304B1B68002B07D02E4B1B683A6830
:104DB000D31A42F2107293424BD32A4A3B681360D3
:104DC000294B5B79002B02D10120FFF77DF8264BA0
:104DD000DB7D002B02D11320FFF776F8224B9B7F5F
:104DE000002B02D11420FFF76FF81F4B93F86130AE
:104DF000002B02D11120FFF767F81B4B93F86830A6
:104E0000002B02D12120FFF75FF8174B93F8CB302E
:104E1000002B04D0144B93F8ED30002B02D122204C
:104E2000FFF752F8104B93F83131002B02D11520C7
:104E3000FFF74AF80C4B93F82F31002B0AD12320AF
:104E4000FFF742F806E000BF04E000BF02E000BF49
:104E500000E000BF0837BD4680BD00BF34610020C0
:104E6000D85D0020B06300200060002000000240F8
:104E700090B585B002AF674BD3F81832002B03D141
:104E8000654B00221A60C2E0EFF7DEFB7860634BEF
:104E90001B79012B07D1614B5B79012B03D15E4B51
:104EA00000221A60B3E05C4B1B68002B07D15B4B00
:104EB0005B79012B03D0584A7B681360A7E0584BFD
:104EC0005B79002B16D1534BD3F818327A68D31A7A
:104ED000534AD28801324FF47A7101FB02F29342B5
:104EE00008D94F4BDB8801339AB24D4BDA80012051
:104EF000FFF7AEF9484B1B687A68D31A4CF2503270
:104F000093421ED9444A7B681360FEF79FFA002241
:104F10004FF400614348EFF75DF93E4B0022C3F8C0
:104F200018226420F5F725F801224FF400613D486E
:104F3000EFF750F9EFF788FB0346364AC2F818320C
:104F400065E0344BD3F818327A68D31A47F23052FE
:104F500093425CD9344B1B68002B07D0324B1B6843
:104F60007A68D31A41F28832934250D3FEF7C6FED4
:104F700003461C46FEF7DAFE03469C4247D1FEF785
:104F8000A5FE0346002B42D1FEF7C4FE03461C4695
:104F9000FEF7D8FE03469C4239D1FEF7A3FE034636
:104FA000002B34D11B4B93F81C32002B2FD1194B03
:104FB00093F81F32002B2AD1184B1B79002B26D1D6
:104FC000164B1B79002B0FD10123FB70174B1B785D
:104FD000D9B2FB1C012200921022BA20FFF7A0F8E0
:104FE000114A7B68136012E00C4B5B79002B0ED1E9
:104FF0000123BB700D4B1B78D9B2BB1C0122009260
:105000002022BA20FFF78CF8074A7B6813600C3720
:10501000BD4690BDD85D0020B463002034610020FF
:105020000060002000000240B8630020044B002014
:10503000024B01461868ECF7C3B800BF0C00002013
:105040000FB407B5064904AB086853F8042B816810
:10505000019300F07DFB03B05DF804EB04B07047F2
:105060000C000020036A70B5846805460E460BB933
:10507000EBF7ECFE636EDB0705D4A389980502D439
:10508000A06DECF72EF8A389190702D52369002B30
:1050900035D12146284600F05FF980B34FF0FF3547
:1050A000636EDA0705D4A3899B0502D4A06DECF7E3
:1050B00019F8284670BD002B04DAA269934217DB69
:1050C0000A2915D023685A1C22601970A36816F8A3
:1050D000011F013BA3600029EDD1002B11DA22460C
:1050E0000A21284600F0FAF80130D7D00A25D7E780
:1050F0002246284600F0F2F80130E7D1CEE7013E23
:10510000E4E723685A1C22600A221A70EEE70000C6
:10511000024B01461868FFF7A5BF00BF0C00002036
:10512000B1FA81F252094FF48063520000F000B8E6
:105130002DE9F7431D46574B1F6804460E4690461F
:1051400027B13B6A13B93846EBF780FEB8F1020F7E
:1051500006D0B8F1010F00F29A80002DC0F29780BE
:10516000636ED90705D4A3899A0502D4A06DEBF725
:10517000B8FF21463846ECF731F9616B41B104F1D3
:105180004403994202D03846EBF7AEFF0023636335
:105190000023A3616360A3891B0603D521693846F8
:1051A000EBF7A2FFA38923F44A6323F00303B8F1CA
:1051B000020FA38161D001AB6A462146384600F058
:1051C0006FFDA3891843A0812DBB009D2846FFF7E2
:1051D0002FFF0646002852D1DDF80090A94540D1A6
:1051E0004FF0FF35B4F90C3043F00202A2810022E7
:1051F000A26004F147022260226101226261626EB4
:10520000D60704D4980502D4A06DEBF76BFF2846AF
:1052100003B0BDE8F083002ED8D03B6A13B93846FE
:10522000EBF714FEB8F1010F08BFA389266004BF95
:1052300043F00103A381B4F90C3013F00802C4E970
:1052400004651ED0D90741BF00226D42A260A5614E
:1052500058BFA560626ED20701D49B0513D5002507
:10526000D5E74846FFF7E4FE06460028B8D0A389F4
:1052700043F08003A3814D46CFE70025B2E7A9465E
:10528000F5E7A260E6E7A06DEBF72CFFE7E74FF04C
:10529000FF35BCE70C0000200EB410B59DB01FAB6D
:1052A000029006906FF000410A48079104910A4964
:1052B00053F8042B0591002402A9006801931B9464
:1052C00000F024F9029B1C701DB0BDE8104003B033
:1052D000704700BF0C0000200802FFFFF8B50E4623
:1052E0001446054618B1036A0BB9EBF7AFFDA36985
:1052F000A360A3891A0701D5236943B9214628462B
:1053000000F02AF818B14FF0FF373846F8BD23688F
:105310002269981A6369F6B28342374605DC214652
:105320002846ECF75BF80028EDD1A368013BA360A9
:1053300023685A1C22601E706269431C9A4204D082
:10534000A389DB07E1D50A2EDFD121462846ECF7F9
:1053500045F80028D9D0D6E738B5284B0546186857
:105360000C4618B1036A0BB9EBF770FDB4F90C30B9
:105370001A0721D4D80607D409222A6043F0400333
:10538000A3814FF0FF3030E0590712D5616B41B176
:1053900004F14403994202D02846EBF7A5FE00230E
:1053A00063630022B4F90C3062602269226023F04A
:1053B000240343F00803A38122693AB99A0501D571
:1053C000180603D52146284600F08EFCB4F90C30AF
:1053D00013F001020AD00022A26062695242A26167
:1053E000226942B913F08000C8D138BD990758BF6F
:1053F0006269A260F4E70020F7E700BF0C0000201C
:1054000010B56AB10139841810F8012B11F8013F69
:105410009A4203D1A04201D0002AF5D1D01A10BD82
:105420001046FCE7014B1868704700BF0C000020D5
:105430000A44914200F1FF3300D1704710B511F8D2
:10544000014B03F8014F9142F9D110BD2DE9F0470E
:105450008E681F46BE4282460C469046334653D85D
:10546000B1F90C0010F4906F2BD0656923680969BD
:1054700005EB4505A3EB010905EBD5757B1C6D100C
:105480004B44AB422A4684BF1D462A46430527D5D6
:1054900011465046EBF794FE064658B321694A463A
:1054A000FFF7C6FFA38923F4906343F08003A38131
:1054B000266165614E44A5EB09052660A5603E4660
:1054C0003B461F4620683A46414600F046FCA3682A
:1054D0009B1BA36023683B4423600020BDE8F0874A
:1054E000504600F075FC06460028E1D1216950467F
:1054F000EBF7FAFD0C23CAF80030A38943F0400310
:10550000A3814FF0FF30E9E73E46DBE72DE9F047A6
:105510001F468B891B069CB006460D46144610D5C7
:105520000B6973B94021EBF74BFE2860286130B955
:105530000C2333604FF0FF301CB0BDE8F0874023F0
:105540006B610023099320238DF8293003973023C2
:10555000654F8DF82A304FF001082346994613F81D
:10556000012B0AB1252AF9D1B9EB040A0BD0534615
:10557000224629463046FFF769FF013000F0A4803B
:10558000099A5244099299F80030002B00F09C804F
:1055900000234FF0FF32CDE9052309F101090493FF
:1055A00007938DF853301A934C464F4814F8011B5B
:1055B0000522EBF76DFB049BD0B9D80644BF20222F
:1055C0008DF85320190744BF2B228DF8532099F8EA
:1055D00000202A2A13D0079A4C4600204FF00A0CCC
:1055E000214611F8013B303B092B49D968B913E03A
:1055F000C01B08FA00F018430490A146D4E7039AB0
:10560000111D12680391002A01DB079204E0524247
:1056100043F002030792049323782E2B0AD1637878
:105620002A2B32D1039B1A1D1B68039243EAE373B2
:1056300002340593DFF8C090217803224846EBF747
:1056400027FB38B1049BA0EB0900402282401343A2
:105650000134049314F8011B24488DF82810062205
:10566000EBF716FB002835D0214818BB039B073306
:1056700023F0070308330393099B034409936CE762
:105680000CFB02320C460120AAE7002301340593EB
:1056900019464FF00A0C204610F8012B303A092A1F
:1056A00003D9002BC6D00591C4E70CFB01210446A9
:1056B0000123F0E703AB00932A460E4B04A93046C2
:1056C000AFF30080421CD7D1AB895B063FF532AF08
:1056D000099831E703AB00932A46064B04A93046EC
:1056E00000F0B8F9EEE700BF248D02082E8D020805
:1056F000000000004D5402082A8D02089368013B07
:10570000002B10B4936008DA9469A34201DB0A29E4
:1057100003D15DF8044BFFF7E1BD1368581C10601E
:10572000197008465DF8044B7047F8B506460F46F9
:105730001446D518AC4201D1002007E014F8011B33
:105740003A463046FFF7DAFF431CF3D1F8BD0000BC
:105750002DE9F0470D469CB014461F46064618B189
:10576000036A0BB9EBF772FB6B6ED90705D4AB89F3
:105770009A0502D4A86DEBF7B4FCAB891B0701D5E1
:105780002B699BB929463046FFF7E6FD70B16B6E79
:10579000DC0704D54FF0FF301CB0BDE8F087AB89C3
:1057A0009805F7D4A86DEBF79DFCF3E70023099368
:1057B00020238DF82930039730236A4F8DF82A3043
:1057C0004FF001082346994613F8012B0AB1252A08
:1057D000F9D1B9EB040A0BD053462246294630468C
:1057E000FFF7A3FF013000F0A480099A5244099208
:1057F00099F80030002B00F09C8000234FF0FF321E
:10580000CDE9052309F10109049307938DF853307D
:105810001A934C46534814F8011B0522EBF738FA4B
:10582000049BD0B9D90644BF20228DF853201A0713
:1058300044BF2B228DF8532099F800202A2A13D038
:10584000079A4C4600204FF00A0C214611F8013B04
:10585000303B092B49D968B913E0C01B08FA00F0A6
:1058600018430490A146D4E7039A111D12680391CE
:10587000002A01DB079204E0524243F00203079240
:10588000049323782E2B0AD163782A2B32D1039BE1
:105890001A1D1B68039243EAE37302340593DFF891
:1058A000D490217803224846EBF7F2F938B1049BF3
:1058B000A0EB09004022824013430134049314F802
:1058C000011B29488DF828100622EBF7E1F9002882
:1058D0003ED0264818BB039B073323F00703083349
:1058E0000393099B034409936CE70CFB02320C46BB
:1058F0000120AAE700230134059319464FF00A0C52
:10590000204610F8012B303A092A03D9002BC6D0C3
:105910000591C4E70CFB012104460123F0E703AB2A
:1059200000932A46124B04A93046AFF30080431C73
:10593000D7D16B6ED90705D4AB899A0502D4A86D6F
:10594000EBF7D0FBAB895B063FF524AF099823E763
:1059500003AB00932A46064B04A9304600F07AF8C0
:10596000E5E700BF248D02082E8D0208000000002C
:105970002B5702082A8D02082DE9F0471646984653
:105980008A680B69DDF820909342B8BF13463360F4
:1059900091F8432007460C460AB10133336023686F
:1059A000990642BF336802333360256815F0060557
:1059B00006D104F1190AE36832689B1AAB4226DC6F
:1059C00094F843302268003B18BF012392062BD481
:1059D00004F1430241463846C84701301ED02368CF
:1059E000226903F00603042B02BFE5683368ED1A51
:1059F000A3680CBF25EAE57500259342C4BF9B1A36
:105A0000ED1800261A34B5421AD1002008E001230F
:105A1000524641463846C847013003D14FF0FF3067
:105A2000BDE8F0870135C6E7E1185A1C302081F83F
:105A30004300224494F8451082F843100233C7E72C
:105A40000123224641463846C8470130E6D0013698
:105A5000D9E700002DE9F0430D7E85B0782D904602
:105A60000C9E07460C46994601F1430207D8622D69
:105A70000AD8002D00F0D780582D00F0BC8004F12A
:105A8000420684F842503BE0A5F16303152BF6D89B
:105A900001A151F823F000BFF15A0208055B02088A
:105AA0007F5A02087F5A02087F5A02087F5A02086A
:105AB000055B02087F5A02087F5A02087F5A0208D3
:105AC0007F5A02080D5C02082F5B0208BF5B0208C8
:105AD0007F5A02087F5A02082F5C02087F5A020888
:105AE0002F5B02087F5A02087F5A0208C75B020830
:105AF00033681A1D1B68326004F1420684F8423094
:105B00000123A1E033682068191D3160060601D524
:105B10001D6803E04506FBD5B3F90050002D03DAFC
:105B20002D236D4284F843305B480A2311E021683D
:105B30003368080653F8045B02D4490648BFADB287
:105B40003360237E54486F2B5CD10823002184F8F6
:105B500043106668A660002E05DB21682E4321F005
:105B60000401216050D01646B5FBF3F103FB115C34
:105B700010F80CC006F801CDAC4663450D46F3D9CC
:105B8000082B0BD12368DB0708D52369616899428C
:105B9000DEBF302306F8013C06F1FF36921B22617E
:105BA000CDF80090434603AA21463846FFF7E4FEAD
:105BB00001304ED14FF0FF3005B0BDE8F0832368CF
:105BC00043F0200323603548782584F84550236846
:105BD000316813F0800F51F8045B03D113F0400FCC
:105BE00018BFADB23160D90744BF43F02003236032
:105BF0001DB11023AAE72848E7E7236823F0200314
:105C00002360F6E70A23A1E71646B9E7336825685B
:105C10006169181D30602E061B6801D5196002E00D
:105C20006806FBD51980002323611646B8E7336860
:105C30001A1D32601E68626800213046EBF728F8B2
:105C400008B1801B606063682361002384F84330DF
:105C5000A6E72369324641463846C8470130A9D0F5
:105C600023689B0713D4E068039B9842B8BF18468B
:105C7000A2E70123324641463846C847013099D051
:105C80000135E36803995B1AAB42F2DCEBE70025D0
:105C900004F11906F5E700BF358D0208468D0208AC
:105CA00070B50C46B1F90E10002996B015461E4687
:105CB0000ADAA18911F0800113D14FF4806200202B
:105CC00031602A6016B070BD6A4600F05FF80028A7
:105CD000EFDB019901F47041A1F50053594259419C
:105CE000EBE700214022EAE78B8973B59E07054662
:105CF0000C4607D504F14703236023610123636148
:105D000002B070BD01AB6A46FFF7CAFF009E28468D
:105D10003146EBF755FAB4F90C3038B99A05EFD49F
:105D200023F0030343F00203A381E3E743F080037E
:105D3000A381019B2060C4E90406002BE0D0B4F9E4
:105D40000E10284600F034F80028D9D0A38923F09B
:105D5000030343F00103A381D2E7884210B501EBAE
:105D6000020402D98442234607D8431EA14207D029
:105D700011F8012B03F8012FF8E70244824200D109
:105D800010BD13F8011D02F8011DF7E738B5074DE6
:105D900000230446084611462B60FAF788FA431C94
:105DA00002D12B6803B1236038BD00BFE0010020A1
:105DB00038B5064D0023044608462B60FAF787FAEB
:105DC000431C02D12B6803B1236038BDE0010020E1
:105DD0002DE9F041074614460D4621B9BDE8F041D2
:105DE0001146EBF7EDB92AB9EBF77EF925462846BF
:105DF000BDE8F08100F01AF88442064602D8B4EB00
:105E0000500FF4D821463846EBF7DAF9804608B946
:105E10004546ECE7B4422246294628BF3246FFF702
:105E200007FB29463846EBF75FF9F1E751F8043CE8
:105E3000181F002BBCBF0B58C0187047F8B500BF27
:105E4000F8BC08BC9E467047F8B500BFF8BC08BC5B
:045E50009E467047B3
:105E540049444C450000000064656661756C7454E7
:105E640061736B005C5E0208DDB80108000000008D
:105E7400000000000002000000000000000000001C
:105E840053657269616C5461736B0000845E02082F
:105E940045BB0108FEFF00000000000000040000F4
:105EA40000000000000000005377697463685461C7
:105EB400736B0000AC5E020801C201080000000020
:105EC400000000008000000000000000000000004E
:105ED4004C63645461736B00D45E020831D30108CF
:105EE40000000000000000000004000000000000AA
:105EF4000000000053656E736F725461736B000091
:105F0400F85E0208E9D30108000000000000000068
:105F140000020000000000000000000057696669EC
:105F2400556172745461736B00000000205F0208B5
:105F34006D490208FEFF000000000000000200009E
:105F44000000000000000000504F57524159554EC8
:105F5400495F424F4F545F55504C4F41445F524547
:105F640051554553545F303100000000504F575293
:105F74004159554E495F424F4F545F55504C4F4124
:105F8400445F524551554553545F30310000000081
:105F94005B585D005B7E5D005B4F5D005B475D00B1
:105FA4005B3F5D0049443A2020202820202029001E
:105FB40054656D703A20202027430000416D702005
:105FC4003A000000537461743A0000004F464600E2
:105FD4004F4E00004F4350004F56500046414E0074
:105FE400424F4F5354000000426F6F73740000001F
:105FF40044696D2825290000322E304B0000000032
:10600400322E354B00000000332E304B00000000D0
:10601400434F4D4D2E203A0052532D343835000055
:10602400444D5800575F444D58202573000000002C
:1060340057494649202825642900000046414E312D
:106044002F323A202020202F0000000046414E33FA
:106054002F343A202020202F00000000462F572004
:106064005645523A20312E342E3500004950202016
:106074003A00000025642E25642E25642E25640034
:106084004D4143203A000000253032583A25303241
:10609400583A253032583A253032583A2530325859
:1060A4003A25303258000000535349443A00000066
:1060B40025730000525353493A25642064426D000D
:1060C40057694669204E6F7420436F6E6669670096
:1060D400424950203A000000506F72743A2564001F
:1060E400557365723A257300434944203A00000011
:1060F400252E3134730000004D515454204E6F74DA
:1061040020436F6E66696700444556204944203A2F
:106114000000000047524F555020203A0000000074
:10612400574946492063683A00000000426F6F7384
:106134007420203A000000004D4F44454C20203A82
:1061440000000000322E304B5F4D0000322E304BE9
:106154005F430000332E304B5F4D0000332E304B35
:106164005F430000322E304B5F4A00004143285603
:106174002920203A00000000434F4D4D2E20203AA4
:1061840000000000575F444D58000000574946493D
:10619400000000005061636B6574203A0000000049
:1061A4004153434949000000484558004C454420A8
:1061B4004F4E203A20202020274300004C45442005
:1061C4004F46463A202020202743000046414E20D7
:1061D4004F4E203A202020202743000046414E20E5
:1061E4004F46463A20202020274300005357495465
:1061F4004348203A00000000505553480000000076
:10620400544F47474C4500004578742E7374723AD6
:10621400000000004D4355004558545F414C494E21
:10622400450000004558545F4F4E4C590000000093
:10623400534D50532856293A00000000457869749C
:1062440020776974686F7574207361766500000047
:1062540044555459203125203A0000002020203193
:10626400303025203A000000536D6F6F7468203A77
:10627400000000006D7174743A2F2F007463703A3B
:106284002F2F000053455420636F6D6D616E6420A1
:1062940074696D656F7574212028656C6170736510
:1062A400643A20256C75206D73290D0A00000000E6
:1062B400576966695461736B2073746172740D005D
:1062C40000000000000000000102030406070809A2
:1062D4000000000001020304000001A0000000000F
:1062E400000000000000000000101010101000005A
:1062F40010000000006C484800000000000000008E
:10630400001414287C287C285050000000103840C9
:106314004038487010100000002052240810244A0D
:10632400040000000000001820205448340000003D
:106334000008141408000000000000000008081001
:106344001010101010080800002020101010101059
:106354001020200000107C102828000000000000FD
:106364000000101010FE10101000000000000000CB
:10637400000000181030200000000000007C000025
:1063840000000000000000000000003030000000A9
:106394000004040808101020204000000038444481
:1063A4004444444438000000003010101010101011
:1063B4007C00000000384404081020447C000000E5
:1063C400003844041804044438000000000C141479
:1063D40024447E040E000000003C202038040444C1
:1063E40038000000001C2040784444443800000079
:1063F400007C4404080808101000000000384444DD
:10640400384444443800000000384444443C040800
:106414007000000000000030300000303000000048
:1064240000000018180000183020000000000C10B4
:10643400608060100C000000000000007C007C0004
:10644400000000000000C02018041820C000000054
:106454000000182404081000300000003844444CA4
:1064640054544C40443800000030102828287C4400
:10647400EE00000000F8444478444444F80000006E
:10648400003C4440404040443800000000F0484490
:1064940044444448F000000000FC44507050404420
:1064A400FC000000007E2228382820207000000014
:1064B400003C4440404E44443800000000EE444454
:1064C4007C444444EE000000007C101010101010B6
:1064D4007C000000003C08080848484830000000E0
:1064E40000EE444850704844E6000000007020204C
:1064F400202024247C00000000EE6C6C545444449E
:10650400EE00000000EE64645454544CEC000000AF
:1065140000384444444444443800000000782424AF
:10652400243820207000000000384444444444448B
:10653400381C000000F8444444784844E200000059
:1065440000344C40380404645800000000FE9210EB
:10655400101010103800000000EE44444444444439
:106564003800000000EE44442828281010000000E1
:1065740000EE4444545454542800000000C64428F7
:1065840010102844C600000000EE44282810101003
:1065940038000000007C4408101020447C000000F7
:1065A40000382020202020202020380000402020F7
:1065B4002010100808080000003808080808080817
:1065C40008083800001010284400000000000000F3
:1065D4000000000000000000000000FE00100800A1
:1065E400000000000000000000000038443C444467
:1065F4003E00000000C0405864444444F8000000D9
:106604000000003C4440404438000000000C0434C6
:106614004C4444443E00000000000038447C4040A8
:106624003C000000001C207C202020207C00000076
:10663400000000364C4444443C04380000C0405838
:1066440064444444EE000000001000701010101068
:106654007C00000000100078080808080808700092
:1066640000C0405C48705048DC000000003010104E
:10667400101010107C000000000000E85454545422
:10668400FE000000000000D864444444EE00000012
:10669400000000384444444438000000000000D89E
:1066A400644444447840E000000000364C444444D0
:1066B4003C040E000000006C302020207C00000010
:1066C4000000003C44380444780000000000207CB2
:1066D400202020221C000000000000CC4444444C34
:1066E40036000000000000EE44442828100000009A
:1066F400000000EE4454545428000000000000CC74
:1067040048303048CC000000000000EE4424281833
:10671400101078000000007C481020447C00000029
:106724000008101010102010101008000010101095
:10673400101010101010000000201010101008107D
:106744001010200000000000002458000000000089
:106754000000000000000000000000000000000035
:106764000000000000000000000000000000000025
:106774000000000000000000000007000700070000
:1067840007000700070007000200020000000000E5
:1067940007000700000000000000000000000000E7
:1067A400000000001CE01CE01CE008400840084019
:1067B40000000000000000000000000000000000D5
:1067C40000000000000000000CC00CC00CC00CC095
:1067D4000CC03FF03FF00CC00CC03FF03FF00CC0C9
:1067E4000CC00CC00CC00CC0000000000000000075
:1067F4000300030007E00FE0186018001F000FC03B
:1068040000E0186018601FC01F800300030003002D
:10681400000000000000000000001C002200220014
:1068240022001C6001E00F803C0031C002200220E5
:10683400022001C000000000000000000000000071
:1068440000000000000003E00FE00C000C00060054
:106854000F301FF019E018C01FF007B0000000004F
:10686400000000000000000000000000038003801E
:10687400038001000100010000000000000000008E
:106884000000000000000000000000000000000004
:10689400000000C000C001800180018003000300EB
:1068A400030003000300030001800180018000C095
:1068B40000C000000000000000000C000C000600F6
:1068C40006000600030003000300030003000300A6
:1068D4000600060006000C000C000000000000008A
:1068E40000000300030003001B601FE00780078013
:1068F4000FC00CC0000000000000000000000000F9
:106904000000000000000000000000000000030080
:106914000300030003003FF03FF003000300030003
:106924000300000000000000000000000000000060
:106934000000000000000000000000000000000053
:1069440000000000000003800300030006000600AE
:10695400040000000000000000000000000000002F
:106964000000000000003FE03FE0000000000000E5
:106974000000000000000000000000000000000013
:106984000000000000000000000000000000000003
:10699400000000000000038003800380000000006A
:1069A40000000000000000000060006000C000C0A3
:1069B40000C00180018003000300060006000C00F3
:1069C4000C000C001800180000000000000000007B
:1069D40000000F801FC018C030603060306030602D
:1069E40030603060306018C01FC00F8000000000AD
:1069F4000000000000000000000003001F001F0052
:106A0400030003000300030003000300030003006A
:106A14001FE01FE000000000000000000000000074
:106A240000000F801FC038E03060006000C00180AB
:106A3400030006000C0018003FE03FE000000000E7
:106A4400000000000000000000000F803FC030E0A4
:106A5400006000E007C007C000E00060006060E084
:106A64007FC03F8000000000000000000000000024
:106A7400000001C003C003C006C00CC00CC018C095
:106A840030C03FE03FE000C003E003E0000000004E
:106A9400000000000000000000001FC01FC018001C
:106AA40018001F801FC018E000600060006030E024
:106AB4003FC01F8000000000000000000000000034
:106AC400000003E00FE01E001800380037803FC0CC
:106AD40038E03060306018E01FC00780000000001C
:106AE400000000000000000000003FE03FE03060D4
:106AF400006000C000C000C001800180018003006C
:106B0400030003000000000000000000000000007B
:106B140000000F801FC038E0306038E01FC01FC085
:106B240038E03060306038E01FC00F8000000000A3
:106B3400000000000000000000000F001FC038C06B
:106B44003060306038E01FE00F6000E000C003C038
:106B54003F803E0000000000000000000000000034
:106B64000000000000000000000003800380038098
:106B74000000000000000380038003800000000088
:106B84000000000000000000000000000000000001
:106B9400000001C001C001C000000000000003802B
:106BA40003000600060004000000000000000000CE
:106BB400000000000000003000F003C007001C00CB
:106BC40078001C00070003C000F000300000000043
:106BD40000000000000000000000000000000000B1
:106BE40000007FF07FF0000000007FF07FF00000E5
:106BF4000000000000000000000000000000000091
:106C040000000000000030003C000F00038000E0A2
:106C1400007800E003800F003C003000000000001A
:106C24000000000000000000000000000F801FC0F2
:106C340018601860006001C00380030000000000B9
:106C44000700070000000000000000000000000032
:106C5400000003800C8008401040104011C0124016
:106C64001240124011C010000800084007800000C4
:106C74000000000000000000000000001F801F80D2
:106C8400038006C006C00CC00C601FE01FE030305B
:106C94007878787800000000000000000000000010
:106CA400000000003F803FC01860186018E01FC05B
:106CB4001FE01870183018303FF03FE0000000006B
:106CC40000000000000000000000000007B00FF00A
:106CD4001C703830300030003000300038301C7008
:106CE4000FE007C0000000000000000000000000EA
:106CF400000000007F807FC030E0307030303030E2
:106D040030303030307030E07FC07F8000000000D1
:106D14000000000000000000000000003FF03FF011
:106D24001830183019801F801F80198018301830CF
:106D34003FF03FF0000000000000000000000000F1
:106D4400000000003FF03FF01830183019801F8019
:106D54001F801980180018003F003F000000000049
:106D640000000000000000000000000007B01FF059
:106D7400187030303000300031F831F830301830CD
:106D84001FF007C000000000000000000000000029
:106D9400000000003CF03CF01860186018601FE030
:106DA4001FE01860186018603CF03CF00000000020
:106DB4000000000000000000000000001FE01FE0D1
:106DC40003000300030003000300030003000300A7
:106DD4001FE01FE0000000000000000000000000B1
:106DE4000000000003F803F8006000600060006029
:106DF40030603060306030E03FC00F800000000041
:106E04000000000000000000000000003EF83EF812
:106E140018E019801B001F001D8018C018C01860DE
:106E24003E783E3800000000000000000000000032
:106E3400000000003F003F000C000C000C000C00A0
:106E44000C000C300C300C303FF03FF00000000020
:106E5400000000000000000000000000787878784E
:106E640038703CF034B037B037B033303330303072
:106E74007CF87CF800000000000000000000000026
:106E84000000000039F03DF01C601E601E601B60B5
:106E94001B6019E019E018E03EE03E6000000000CD
:106EA40000000000000000000000000007800FC088
:106EB4001CE03870303030303030303038701CE006
:106EC4000FC0078000000000000000000000000068
:106ED400000000003FC03FE01870183018301870F0
:106EE4001FE01FC0180018003F003F000000000012
:106EF40000000000000000000000000007800FC038
:106F04001CE03870303030303030303038701CE0B5
:106F14000FC0078007B00FF00CE000000000000075
:106F2400000000003FC03FE01870183018701FE0E8
:106F34001FC018E0186018703E383E1800000000AA
:106F44000000000000000000000000000FB01FF06F
:106F54003870303038001F8007E0007030303870EF
:106F64003FE037C000000000000000000000000007
:106F7400000000003FF03FF0333033303330030083
:106F840003000300030003000FC00FC00000000053
:106F94000000000000000000000000003CF03CF095
:106FA40018601860186018601860186018601CE099
:106FB4000FC0078000000000000000000000000077
:106FC4000000000078F078F03060306018C018C01D
:106FD4000D800D800D8007000700070000000000F1
:106FE4000000000000000000000000007C7C7C7CAD
:106FF400301833983398339836D816D01C701C70D8
:107004001C701830000000000000000000000000A8
:107014000000000078F078F0306018C00D800700A0
:1070240007000D8018C0306078F078F00000000090
:107034000000000000000000000000003CF03CF0F4
:1070440018600CC0078007800300030003000300DE
:107054000FC00FC00000000000000000000000008E
:10706400000000001FE01FE0186018C0018003004A
:10707400030006000C6018601FE01FE00000000021
:107084000000000000000000000003C003C0030073
:1070940003000300030003000300030003000300D4
:1070A40003000300030003C003C00000000000004D
:1070B400180018000C000C000C0006000600030069
:1070C40003000180018000C000C000C000600060B7
:1070D400000000000000000000000F000F0003008B
:1070E4000300030003000300030003000300030084
:1070F4000300030003000F000F0000000000000065
:107104000000020007000D8018C03060202000003D
:10711400000000000000000000000000000000006B
:10712400000000000000000000000000000000005B
:10713400000000000000000000000000000000004B
:10714400000000000000000000000000FFFCFFFC45
:1071540000000400030000800000000000000000A4
:10716400000000000000000000000000000000001B
:10717400000000000000000000000000000000000B
:1071840000000FC01FE000600FE01FE0386030E037
:107194003FF01F700000000000000000000000002D
:1071A4000000700070003000300037803FE038602D
:1071B40030303030303038607FE0778000000000BD
:1071C40000000000000000000000000000000000BB
:1071D400000007B01FF01830303030003000383075
:1071E4001FF00FC0000000000000000000000000BD
:1071F4000000007000700030003007B01FF01870FD
:1072040030303030303038701FF807B800000000DC
:10721400000000000000000000000000000000006A
:10722400000007801FE018603FF03FF03000183086
:107234001FF007C000000000000000000000000074
:10724400000003F007F0060006001FE01FE0060040
:1072540006000600060006001FE01FE00000000014
:10726400000000000000000000000000000000001A
:10727400000007B81FF81870303030303030187004
:107284001FF007B0003000700FE00FC000000000D6
:10729400000038003800180018001BC01FE01C60F4
:1072A40018601860186018603CF03CF000000000A2
:1072B40000000000000000000000030003000000C4
:1072C40000001F001F00030003000300030003006D
:1072D4001FE01FE0000000000000000000000000AC
:1072E400000003000300000000001FC01FC000C016
:1072F40000C000C000C000C000C000C000C001C089
:107304003F803F00000000000000380038001800F3
:1073140018001BE01BE01B001E001E001B00198050
:1073240039F039F000000000000000000000000007
:1073340000001F001F0003000300030003000300FC
:1073440003000300030003001FE01FE0000000002F
:107354000000000000000000000000000000000029
:1073640000007EE07FF0333033303330333033305D
:107374007BB87BB8000000000000000000000000A3
:10738400000000000000000000003BC03FE01C6063
:1073940018601860186018603CF03CF000000000B1
:1073A40000000000000000000000000000000000D9
:1073B400000007801FE01860303030303030186033
:1073C4001FE0078000000000000000000000000033
:1073D4000000000000000000000077807FE03860BB
:1073E40030303030303038603FE0378030003000AB
:1073F4007C007C0000000000000000000000000091
:10740400000007B81FF81870303030303030187072
:107414001FF007B00030003000F800F80000000052
:10742400000000000000000000003CE03DF00F30D0
:107434000E000C000C000C003FC03FC00000000018
:107444000000000000000000000000000000000038
:10745400000007E01FE018601E000FC001E0186084
:107464001FE01F800000000000000000000000007A
:10747400000000000C000C000C003FE03FE00C009A
:107484000C000C000C000C300FF007C000000000D2
:1074940000000000000000000000000000000000E8
:1074A400000038E038E0186018601860186018E0D0
:1074B4001FF00F700000000000000000000000003A
:1074C4000000000000000000000078F078F0306058
:1074D40018C018C00D800D800700070000000000D0
:1074E4000000000000000000000000000000000098
:1074F400000078F078F03260326037E01DC01DC0C3
:1075040018C018C0000000000000000000000000C7
:10751400000000000000000000003CF03CF00CC043
:107524000780030007800CC03CF03CF00000000022
:107534000000000000000000000000000000000047
:10754400000078F078F0306018C018C00D800F800B
:107554000700060006000C007F007F00000000000A
:10756400000000000000000000001FE01FE018C041
:107574000180030006000C601FE01FE00000000013
:107584000000000000000000000001C003C0030070
:10759400030003000300030007000E0007000300BC
:1075A40003000300030003C001C00000000000004A
:1075B40000000300030003000300030003000300B2
:1075C400030003000300030003000300030003009F
:1075D400030000000000000000001C001E00060064
:1075E40006000600060006000700038007000600E8
:1075F4000600060006001E001C000000000000003B
:107604000000000000000000000000000E003F30F9
:1076140033F001E000000000000000000000000062
:107624000000000000000000000000000000000056
:107634002020202000200000505000000000000006
:107644002850F850F850A00020306030106020001E
:1076540020201860101000000038206050780000CE
:1076640020202000000000001020202020201000F6
:1076740040202020202040002070205000000000E6
:10768400002020F82020000000000000102020002E
:107694000000007000000000000000000020000056
:1076A40010202020404080002050505050200000E6
:1076B4006020202020F8000020501020407000009E
:1076C4006010201010600000103050781038000056
:1076D4007040601010600000304060505060000046
:1076E4007050102020200000205020505020000016
:1076F40030505030106000000000200000200000D6
:107704000000100010200000001020C02010000015
:1077140000700070000000000040201820400000AD
:1077240020501020002000003048485848403800BD
:107734006020507088D80000F048704848F000007D
:107744007050404040300000F048484848F0000085
:10775400F848604048F80000F848604040E0000005
:107764007040405850300000E848784848E800002D
:10777400702020202070000038101050502000008D
:10778400D850607050D80000E040404048F80000F5
:10779400D8D8D8A888D80000D868685858E8000015
:1077A4003048484848300000F048487040E0000045
:1077B4003048484848301800F048487048E800000D
:1077C4007050201050700000F8A820202070000095
:1077D400D848484848300000D88848505030000005
:1077E400D888A8A8A8500000D850202050D800005D
:1077F400D888502020700000784810204878000075
:107804003020202020203000804040202020100004
:107814006020202020206000202050000000000074
:1078240000000000000000F820100000000000002C
:107834000000301070780000C040704848F000002C
:1078440000007040407000001808384848380000B4
:107854000000707040300000102070202070000084
:107864000000384848380830C040704848E80000F4
:107874002000602020700000200070101010107094
:10788400C040587050D800006020202020700000B4
:107894000000D0A8A8A800000000F04848C80000D4
:1078A40000003048483000000000F048487040E0D4
:1078B400000038484838081800007820207000007C
:1078C40000003020106000000040F040483000000C
:1078D4000000D848483800000000C8483030000094
:1078E4000000D8A8A850000000004830304800002C
:1078F4000000D85050202060000078502878000004
:107904001020206020201000202020202020200093
:1079140040202030202040000000002850000000BB
:107924000000000000000000000000000000000053
:107934000000000000000000000000000000000043
:107944000000000000000000000000000000000033
:107954000000000000000000000000000000000023
:107964000000000000000000000000000000000013
:107974000000000000000000000000000000000003
:1079840000000000000000000000000000000000F3
:1079940000000000000000000000000000000000E3
:1079A40000000000000000000000000000000000D3
:1079B40000000000000000000000000000000000C3
:1079C40000000000000000000000000000000000B3
:1079D40000000000000000000000000000000000A3
:1079E4000000000000000000000000000000000093
:1079F40000000000000000000000000003030180FC
:107A04000000000000000000000000000603030066
:107A1400000000000FC0007E000000000606070002
:107A2400000FFFC07FF807FFE0FE01FE0C0E06000A
:107A3400000FFFC1FFFC0FFFF1FE03FF1C0C06004B
:107A4400001FFF87FFFE1FFFF1FE03FF3C1C0E001B
:107A5400001FFF87FFFF3FCFF1FC07FF383C1C00EE
:107A640000003F8FF0FF3FC7F1FC0FFF78383C0068
:107A740000003F8FE0FF7FFF01FC1FFFF03878001C
:107A840000007F9FE0FF3FFF01FC1FFFF0707000CC
:107A940000007F1FC0FF1FFFC3FC3FFFE0F0F000AA
:107AA40000007F1FC0FF07FFE3F87F3FE1E0F00025
:107AB40000007F1FC1FE02FFE3F87F3FE1E1E00029
:107AC4000000FF1FE3FC7E1FE3F8FE3FC3E1E0007C
:107AD40000007F1FFFFC7F1FC3F9FC3FC3C3E0000E
:107AE4000000FF0FFFF87FFF87F1FC3FC7C7C0000E
:107AF4000000FE07FFE03FFF07F3F83FCF87C00019
:107B040000007C01FF801FFE07F3F01FDF8FC00021
:107B1400000000007C0003E00000001F1F8F8000B5
:107B240000000000000000000000003F3F1F800034
:107B340000000000000000000000007F3F3F000044
:107B44000000000000000000000000FE7F3F000075
:107B54000000000000000000000000FCFE7E0000A9
:107B64000000000000000000000001FCFEFE000018
:107B74000000000000000000000001FDFCFC00000B
:107B84000000000000000000000003F9F9FC000000
:107B94000000000000000000000007FBFBFC0000E8
:107BA4000000000000000000000007FFF3F80000E0
:107BB400000000000000000000000FF7F7F80000CC
:107BC400000000000000000000001FFFFFF800009C
:107BD400000000000000000000001FFFFFF0000094
:107BE400000000000000000000000FFFFFE00000A4
:107BF4000000000000000000000000000000000081
:107C04000000000000000000000000000000000070
:107C14000000000000000000000000000000000060
:107C24000000000000000000000000000000000050
:107C34000000000000000000000000000000000040
:107C44000000000000000000000000000000000030
:107C54000000000000000000000000000000000020
:107C64000000000000000000000000000000000010
:107C74000000000000000000000000000000000000
:107C840000000000000000000000000000000000F0
:107C940000000000000000000000000000000000E0
:107CA40000000000000000000000000000000000D0
:107CB40000000000000000000000000000000000C0
:107CC40000000000000000000000000000000000B0
:107CD40000000000000000000000000000000000A0
:107CE4000000000000000000000000000000000090
:107CF4000000000000000000000000000000000080
:107D0400000000000000000000000000000000006F
:107D1400000000000000000000000000000000005F
:107D2400000000000000000000000000000000004F
:107D3400000000000000000000000000000000003F
:107D4400000000000000000000000000000000002F
:107D5400000000000000000000000000000000001F
:107D6400000000000000000000000000000000000F
:107D740000000000000000000000000000000000FF
:107D840000000000000000000000000000000000EF
:107D940000000000000000000000000000000000DF
:107DA40000000000000000000000000000000000CF
:107DB40000000000000000000000000000000000BF
:107DC40000000000000000000000000000000000AF
:107DD400000000000000000000000000000000009F
:107DE400000000000000000000000000000000008F
:107DF400000000000000000000000000000000007F
:107E0400000000000000000000000000000000006E
:107E1400000000000000000000000000000000005E
:107E2400000000000000000000000000000000004E
:107E3400000000000000000000000000000000003E
:107E4400000000000000000000000000000000002E
:107E5400000000000000000000000000000000001E
:107E6400000000000000000000000000000000000E
:107E740000000000000000000000000000000000FE
:107E840000000000000000000000000000000000EE
:107E940000000000000000000000000000000000DE
:107EA40000000000000000000000000000000000CE
:107EB40000000000000000000000000000000000BE
:107EC40000000000000000000000000000000000AE
:107ED400000000000000000000000000000000009E
:107EE400000000000000000000000000000000008E
:107EF400000000000000000000000000000000007E
:107F0400000000000000000000000000000000006D
:107F1400000000000000000000000000000000005D
:107F2400000000000000000000000000000000004D
:107F3400000000000000000000000000000000003D
:107F4400000000000000000000000000000000002D
:107F5400000000000000000000000000000000001D
:107F6400000000000000000000000000000000000D
:107F740000000000000000000000000000000000FD
:107F840000000000000000000000000000000000ED
:107F940000000000000000000000000000000000DD
:107FA40000000000000000000000000000000000CD
:107FB40000000000000000000000000000000000BD
:107FC40000000000000000000000000000000000AD
:107FD400000000000000000000000000000000009D
:107FE400000000000000000000000000000000008D
:107FF400000000000000000000000000000000007D
:10800400000000000000000000000000000000006C
:10801400000000000000000000000000000000005C
:10802400000000000000000000000000000000004C
:10803400000000000000000000000000000000003C
:10804400000000000000000000000000000000002C
:10805400000000000000000000000000000000001C
:10806400000000000000000000000000000000000C
:1080740000000000000000000000000000000000FC
:1080840000000000000000000000000000000000EC
:1080940000000000000000000000000000000000DC
:1080A40000000000000000000000000000000000CC
:1080B40000000000000000000000000000000000BC
:1080C40000000000000000000000000000000000AC
:1080D400000000000000000000000000000000009C
:1080E400000000000000000000000000000000008C
:1080F400000000000000000000000000000000007C
:10810400000000000000000000000000000000006B
:10811400000000000000000000000000000000005B
:10812400000000000000000000000000000000004B
:10813400000000000000000000000000000000003B
:10814400000000000000000000000000000000002B
:10815400000000000000000000000000000000001B
:10816400000000000000000000000000000000000B
:1081740000000000000000000000000000000000FB
:1081840000000000000000000000000000000000EB
:1081940000000000000000000000000000000000DB
:1081A40000000000000000000000000000000000CB
:1081B40000000000000000000000000000000000BB
:1081C40000000000000000000000000000000000AB
:1081D400000000000000000000000000000000009B
:1081E400000000000000000000000000000000008B
:1081F400000000000000000000000000000000007B
:10820400000000000000000000000000000000006A
:10821400000000000000000000000000000000005A
:10822400000000000000000000000000000000004A
:10823400000000000000000000000000000000003A
:10824400000000000000000000000000000000002A
:10825400000000000000000000000000000000001A
:10826400000000000000000000000000000000000A
:1082740000000000000000000000000000000000FA
:1082840000000000000000000000000000000000EA
:1082940000000000000000000000000000000000DA
:1082A40000000000000000000000000000000000CA
:1082B40000000000000000000000000000000000BA
:1082C40000000000000000000000000000000000AA
:1082D400000000000000000000000000000000009A
:1082E400000000000000000000000000000000008A
:1082F400000000000000000000000000000000007A
:108304000000000000000000000000000000000069
:108314000000000000000000000000000000000059
:108324000000000000000000000000000000000049
:108334000000000000000000000000000000000039
:108344000000000000000000000000000000000029
:108354000000000000000000000000000000000019
:108364000000000000000000000000000000000009
:1083740000000000000000000000000000000000F9
:1083840000000000000000000000000000000000E9
:1083940000000000000000000000000000000000D9
:1083A40000000000000000000000000000000000C9
:1083B40000000000000000000000000000000000B9
:1083C40000000000000000000000000000000000A9
:1083D4000000000000000000000000000000000099
:1083E4000000000000000000000000000000000089
:1083F4000000000000000000000000000000000079
:108404000000000000000000000000000000000068
:108414000000000000000000000000000000000058
:108424000000000000000000000000000000000048
:108434000000000000000000000000000000000038
:1084440000003F87F0E3C7F00C1800F8001FFC00A1
:1084540000007F87F1FFEFF81C3807FC001FFC00C9
:1084640000007F07E1FFE7F03C780F9E001FFC004F
:1084740000007E07E18FE7E03CF81F1F000FF000CB
:1084840000007E07F987EFE07CF83F3F001FF00013
:1084940000007E07FF0FCFC07DF87E3F001FF00075
:1084A4000000FC07E70FCFC0FFF87E3F001FE0008D
:1084B4000000FC07C607FFC0FFF8FE7F003FE00096
:1084C4000000FC0FCC07FF81FFF8FC7E013FC000D9
:1084D4000001FC0FCC0FFF83FFF8FC7E1FFFC000E0
:1084E4000003FC0FD81FBF07FFF1FCFC7FFFC00097
:1084F4000006FC0FF03F3F06FFF1F8FCFF7F800011
:10850400000CFE0FF03F3F0CFBF1F8F9FE7F8000FA
:108514000018FE0FE07E7E08F3F1F1F3FCFF80000B
:108524000038FE0FC07E7E18F3F0F1F3FCFF00006C
:108534000078FE0F803FFE39E7F8F3C7F8FF00002C
:1085440000F9FE0F801FFE78C7F87F87F9FF00004F
:10855400000000000000000000000007F9FE000019
:10856400000000000000000000000007F1FE000011
:10857400000000000000000000000007F3FE0000FF
:10858400000000000000000000000007FFFE0000E3
:10859400000000000000000000000003FFFE0000D7
:1085A400000000000000000000000000FFFE0000CA
:1085B40000000000000000000000000000000000B7
:1085C40000000000000000000000000000000000A7
:1085D4000000000000000000000000000000000097
:1085E4000000000000000000000000000000000087
:1085F4000000000000000000000000000000000077
:108604000000000000000000000000000000000066
:108614000000000000000000000000000000000056
:108624000000000000000000000000000000000046
:108634000000000000000000000000000000000036
:108644000000000000000000000000000000000026
:108654000000000000000000000000000000000016
:108664000000000000000000000000000000000006
:1086740000000000000000000000000000000000F6
:1086840000000000000000000000000000000000E6
:1086940000000000000000000000000000000000D6
:1086A40000000000000000000000000000000000C6
:1086B40000000000000000000000000000000000B6
:1086C40000000000000000000000000000000000A6
:1086D4000000000000000000000000000000000096
:1086E4000000000000000000000000000000000086
:1086F4000000000000000000000000000000000076
:108704000000000000000000000000000000000065
:108714000000000000000000000000000000000055
:108724000000000000000000000000000000000045
:108734000000000000000000000000000000000035
:108744000000000000000000000000000000000025
:108754000000000000000000000000000000000015
:108764000000000000000000000000000000000005
:1087740000000000000000000000000000000000F5
:1087840000000000000000000000000000000000E5
:1087940000000000000000000000000000000000D5
:1087A40000000000000000000000000000000000C5
:1087B40000000000000000000000000000000000B5
:1087C40000000000000000000000000000000000A5
:1087D4000000000000000000000000000000000095
:1087E4000000000000000000000000000000000085
:1087F4000000000000000000000000000000000075
:108804000000000000000000000000000000000064
:108814000000000000000000000000000000000054
:108824000000000000000000000000000000000044
:108834000000000000000000000000000000000034
:108844000000000000000000000000000000000024
:108854000000000000000000000000000000000014
:108864000000000000000000000000000000000004
:1088740000000000000000000000000000000000F4
:1088840000000000000000000000000000000000E4
:1088940000000000000000000000000000000000D4
:1088A40000000000000000000000000000000000C4
:1088B40000000000000000000000000000000000B4
:1088C40000000000000000000000000000000000A4
:1088D4000000000000000000000000000000000094
:1088E4000000000000000000000000000000000084
:1088F4000000000000000000000000000000000074
:108904000000000000000000000000000000000063
:108914000000000000000000000000000000000053
:108924000000000000000000000000000000000043
:108934000000000000000000000000000000000033
:108944000000000000000000000000000000000023
:108954000000000000000000000000000000000013
:108964000000000000000000000000000000000003
:1089740000000000000000000000000000000000F3
:1089840000000000000000000000000000000000E3
:1089940000000000000000000000000000000000D3
:1089A40000000000000000000000000000000000C3
:1089B40000000000000000000000000000000000B3
:1089C40000000000000000000000000000000000A3
:1089D4000000000000000000000000000000000093
:1089E4000000000000000000000000000000000083
:1089F4000000000000000000000000000000000073
:108A04000000000000000000000000000000000062
:108A14000000000000000000000000000000000052
:108A24000000000000000000000000000000000042
:108A34000000000000000000000000000000000032
:108A44000000000000000000000000000000000022
:108A54000000000000000000000000000000000012
:108A64000000000000000000000000000000000002
:108A740000000000000000000000000000000000F2
:108A840000000000000000000000000000000000E2
:108A940000000000000000000000000000000000D2
:108AA40000000000000000000000000000000000C2
:108AB40000000000000000000000000000000000B2
:108AC40000000000000000000000000000000000A2
:108AD4000000000000000000000000000000000092
:108AE4000000000000000000000000000000000082
:108AF4000000000000000000000000000000000072
:108B04000000000000000000000000000000000061
:108B14000000000000000000000000000000000051
:108B24000000000000000000000000000000000041
:108B34000000000000000000000000000000000031
:108B44000000000000000000000000000000000021
:108B54000000000000000000000000000000000011
:108B64000000000000000000000000000000000001
:108B740000000000000000000000000000000000F1
:108B840000000000000000000000000000000000E1
:108B940000000000000000000000000000000000D1
:108BA40000000000000000000000000000000000C1
:108BB40000000000000000000000000000000000B1
:108BC40000000000000000000000000000000000A1
:108BD4000000000000000000000000000000000091
:108BE4000000000000000000000000000000000081
:108BF4000000000000000000000000000000000071
:108C04000000000000000000000000000000000060
:108C14000000000000000000000000000000000050
:108C24000000000000000000000000000000000040
:108C34000000000000000000000000000000000030
:108C44000000000000000000000000000000000020
:108C54000000000000000000000000000000000010
:108C64000000000000000000000000000000000000
:108C740000000000000000000000000000000000F0
:108C840000000000000000000000000000000000E0
:108C940000000000000000000000000000000000D0
:108CA40000000000000000000000000000000000C0
:108CB40000000000000000000000000000000000B0
:108CC40000000000000000000000000000000000A0
:108CD4000000000000000000000000000000000090
:108CE4000000000000000000000000000000000080
:108CF4000000000000000000000000000000000070
:108D0400000000000000000000000000000000005F
:108D1400000000000000000000000000000000004F
:108D2400232D302B2000686C4C0065666745464750
:108D340000303132333435363738394142434445D3
:108D44004600303132333435363738396162636442
:048D54006566000050
:088D5800347CFE7F01000000E5
:048D600045020108BF
:048D640021020108DF
:108D68000000000003000000A40000201000002004
:108D780000000000A40000200C0100207401002065
:108D880000000000000000000000000000000000DB
:108D980000000000000000000000000000000000CB
:108DA80000000000000000000000000000000000BB
:108DB8000000000000000000000000000024F40093
:108DC8001000000001000000AAAAAAAA0101FFFFE2
:108DD800E062020807000C00546702080E00140045
:088DE8002C76020805000800CA
:0400000508020301E9
:00000001FF
