:020000040801F1
:1000000000000220B902020871FE010879FE010811
:1000100081FE010889FE010891FE01080000000030
:1000200000000000000000000000000081A50108A1
:1000300099FE010800000000D1A7010839A80108B5
:100040000903020809030208090302080903020858
:100050000903020809030208090302080903020848
:100060000903020809030208090302080903020838
:100070000903020809030208090302080903020828
:100080000903020809030208090302080903020818
:100090000903020809030208090302080903020808
:1000A000090302080903020809030208A9FE01085E
:1000B000BDFE010809030208D1FE0108E5FE0108A2
:1000C000F9FE0108090302080903020809030208EE
:1000D000090302080DFF01088DFF0108090302084A
:1000E00009030208090302080903020809030208B8
:1000F00009030208090302080903020809030208A8
:100100000903020809030208090302080903020897
:100110000903020809030208F9FF0108090302089C
:100120000903020809030208090302080903020877
:100130000903020809030208090302080903020867
:100140000903020809030208090302080903020857
:100150000903020809030208090302080D00020846
:100160000903020809030208090302080903020837
:10017000090302080903020809030208000000003D
:0801800009030208090302084B
:1002200010B5054C237833B9044B13B10448AFF330
:1002300000800123237010BD880000200000000012
:10024000F45D020808B5034B1BB103490348AFF343
:10025000008008BD000000008C000020F45D020852
:1002600070B54FF0FF0C4CF4E06C1CEA11541DBF4C
:100270001CEA135594EA0C0F95EA0C0F00F0DEF817
:100280002C4481EA030621EA4C5123EA4C5350EAFC
:10029000013518BF52EA033541F4801143F480134D
:1002A00038D0A0FB02CE4FF00005E1FB02E506F0DE
:1002B0000042E0FB03E54FF00006E1FB03569CF033
:1002C000000F18BF4EF0010EA4F1FF04B6F5007F39
:1002D00064F5407404D25FEA4E0E6D4146EB0606AB
:1002E00042EAC62141EA55514FEAC52040EA5E5034
:1002F0004FEACE2EB4F1FD0C88BFBCF5E06F1ED8DE
:10030000BEF1004F08BF5FEA500E50F1000041EB14
:10031000045170BD06F0004646EA010140EA0200C1
:1003200081EA0301B4EB5C04C2BFD4EB0C0541EAE3
:10033000045170BD41F480114FF0000E013C00F3F8
:10034000AB8014F1360FDEBF002001F0004170BD1C
:10035000C4F10004203C35DA0C341BDC04F1140435
:10036000C4F1200500FA05F320FA04F001FA05F2C1
:1003700040EA020001F0004221F0004110EBD3708E
:1003800021FA04F642EB06015EEA430E08BF20EABA
:10039000D37070BDC4F10C04C4F1200500FA04F35D
:1003A00020FA05F001FA04F240EA020001F00041EF
:1003B00010EBD37041F100015EEA430E08BF20EA62
:1003C000D37070BDC4F1200500FA05F24EEA020EAA
:1003D00020FA04F301FA05F243EA020321FA04F0D9
:1003E00001F0004121FA04F220EA020000EBD37090
:1003F0005EEA430E08BF20EAD37070BD94F0000F90
:100400000FD101F00046400041EB010111F4801FC3
:1004100008BF013CF7D041EA060195F0000F18BF74
:10042000704703F00046520043EB030313F4801FB0
:1004300008BF013DF7D043EA0603704794EA0C0F6A
:100440000CEA135518BF95EA0C0F0CD050EA410680
:1004500018BF52EA4306D1D181EA030101F00041FD
:100460004FF0000070BD50EA410606BF1046194625
:1004700052EA430619D094EA0C0F02D150EA013631
:1004800013D195EA0C0F05D152EA03361CBF104672
:1004900019460AD181EA030101F0004141F0FE4111
:1004A00041F470014FF0000070BD41F0FE4141F495
:1004B000780170BD81F0004102E000BF83F000438D
:1004C00030B54FEA41044FEA430594EA050F08BFEF
:1004D00090EA020F1FBF54EA000C55EA020C7FEAB3
:1004E000645C7FEA655C00F0E2804FEA5454D4EB30
:1004F0005555B8BF6D420CDD2C4480EA020281EAFA
:10050000030382EA000083EA010180EA020281EA31
:100510000303362D88BF30BD11F0004F4FEA013183
:100520004FF4801C4CEA113102D0404261EB410192
:1005300013F0004F4FEA03334CEA133302D0524218
:1005400063EB430394EA050F00F0A780A4F10104D4
:10055000D5F1200E0DDB02FA0EFC22FA05F280180E
:1005600041F1000103FA0EF2801843FA05F35941F4
:100570000EE0A5F120050EF1200E012A03FA0EFC73
:1005800028BF4CF0020C43FA05F3C01851EBE3719D
:1005900001F0004507D54FF0000EDCF1000C7EEBBA
:1005A00000006EEB0101B1F5801F1BD3B1F5001FF8
:1005B0000CD349085FEA30004FEA3C0C04F1010417
:1005C0004FEA445212F5800F80F09A80BCF1004F40
:1005D00008BF5FEA500C50F1000041EB045141EAC2
:1005E000050130BD5FEA4C0C404141EB0101013C8B
:1005F00028BFB1F5801FE9D291F0000F04BF01467A
:100600000020B1FA81F308BF2033A3F10B03B3F14B
:1006100020020CDA0C3208DD02F1140CC2F10C02DB
:1006200001FA0CF021FA02F10CE002F11402D8BF39
:10063000C2F1200C01FA02F120FA0CFCDCBF41EA05
:100640000C019040E41AA2BF01EB0451294330BDD4
:100650006FEA04041F3C1CDA0C340EDC04F11404B1
:10066000C4F1200220FA04F001FA02F340EA030088
:1006700021FA04F345EA030130BDC4F10C04C4F1CE
:10068000200220FA02F001FA04F340EA03002946AE
:1006900030BD21FA04F0294630BD94F0000F83F4F8
:1006A000801306BF81F480110134013D4EE77FEADB
:1006B000645C18BF7FEA655C29D094EA050F08BF27
:1006C00090EA020F05D054EA000C04BF1946104608
:1006D00030BD91EA030F1EBF0021002030BD5FEA4C
:1006E000545C05D14000494128BF41F0004130BD74
:1006F00014F580043CBF01F5801130BD01F00045C8
:1007000045F0FE4141F470014FF0000030BD7FEA3A
:10071000645C1ABF194610467FEA655C1CBF0B4635
:10072000024650EA013406BF52EA033591EA030F4C
:1007300041F4002130BD00BF90F0000F04BF002144
:10074000704730B54FF4806404F132044FF0000577
:100750004FF0000150E700BF90F0000F04BF0021F0
:10076000704730B54FF4806404F1320410F0004556
:1007700048BF40424FF000013EE700BF42004FEA51
:10078000E2014FEA31014FEA02701FBF12F07F43CE
:1007900093F07F4F81F06051704732F07F4208BF85
:1007A000704793F07F4F04BF41F40021704730B58C
:1007B0004FF4607401F0004521F000411CE700BFD8
:1007C00050EA010208BF704730B54FF000050AE05B
:1007D00050EA010208BF704730B511F0004502D55C
:1007E000404261EB41014FF4806404F132045FEA5E
:1007F000915C3FF4D8AE4FF003025FEADC0C18BF07
:1008000003325FEADC0C18BF033202EBDC02C2F1F8
:10081000200300FA03FC20FA02F001FA03FE40EA8A
:100820000E0021FA02F11444BDE600BF4FEA410276
:1008300012F5001215D211D56FF47873B3EB625232
:1008400012D94FEAC12343F0004343EA505311F059
:10085000004F23FA02F018BF404270474FF00000EB
:10086000704750EA013005D111F0004008BF6FF029
:10087000004070474FF00000704700BF4A0011D29F
:1008800012F5001211D20DD56FF47873B3EB6252EA
:100890000ED44FEAC12343F0004343EA505323FAF6
:1008A00002F070474FF00000704750EA013002D16B
:1008B0004FF0FF3070474FF0000070474FEA4102A1
:1008C000B2F1E04324BFB3F5001CDCF1FE5C0DD9AE
:1008D00001F0004C4FEAC0024CEA5070B2F1004FF8
:1008E00040EB830008BF20F00100704711F0804FFB
:1008F00021D113F13872BCBF01F00040704741F4C0
:1009000080114FEA5252C2F11802C2F1200C10FAC3
:100910000CF320FA02F018BF40F001004FEAC123A7
:100920004FEAD32303FA0CFC40EA0C0023FA02F34B
:100930004FEA4303CCE77FEA625307D150EA013321
:100940001EBF4FF0FE4040F44000704701F00040F1
:1009500040F0FE4040F40000704700BF53B94AB970
:10096000002908BF00281CBF4FF0FF314FF0FF30B7
:1009700000F088B9ADF1080C6DE904CE00F006F87E
:10098000DDF804E0DDE9022304B070472DE9F0470B
:10099000089D0F4604468C46002B48D18A421646D5
:1009A00061D9B2FA82F34BB1C3F1200201FA03FC20
:1009B00020FA02F29E4042EA0C0C9C404FEA164E8E
:1009C000B7B2BCFBFEF1220C0EFB11CC42EA0C428A
:1009D00001FB07F0904209D9B21801F1FF3C80F009
:1009E000EE80904240F2EB8002393244121AA4B2F7
:1009F000B2FBFEF00EFB102244EA024400FB07F7B4
:100A0000A74209D9341900F1FF3280F0DA80A742F9
:100A100040F2D7803444023840EA0140E41B002110
:100A20001DB1DC400023C5E90043BDE8F0878B42DF
:100A300006D90DB1C5E9000100210846BDE8F087DF
:100A4000B3FA83F1002948D1BB4202D3824200F2BB
:100A50000781841A67EB030201209446002DE4D03D
:100A6000C5E9004CE1E7002A00F09280B2FA82F377
:100A7000002B40F0A8808A1A4FEA164E1FFA86FC17
:100A80000121200CB2FBFEF70EFB172240EA0242C6
:100A90000CFB07F0904207D9B21807F1FF3802D2D9
:100AA000904200F2E2804746121AA4B2B2FBFEF076
:100AB0000EFB102244EA02440CFB00FCA44507D9BB
:100AC000341900F1FF3202D2A44500F2CB80104667
:100AD000A4EB0C0440EA0740A2E7C1F120068B40DA
:100AE00022FA06FC4CEA030C07FA01F420FA06F39A
:100AF000F7404FEA1C49234300FA01F81FFA8CFE25
:100B0000B7FBF9F01C0C09FB107744EA074400FB23
:100B10000EF7A74202FA01F20AD91CEB040400F115
:100B2000FF3A80F09B80A74240F2988002386444EC
:100B3000E41B9FB2B4FBF9F309FB134447EA0444F6
:100B400003FB0EFEA64509D91CEB040403F1FF3795
:100B500080F08280A6457FD9023B644443EA00408E
:100B6000A4EB0E04A0FB02E7BC427346B94663D374
:100B700060D05DB1B8EB030264EB090404FA06F639
:100B800022FA01F31E43CC40C5E9006400214CE782
:100B90006208480842EAC1710B0C43EA00438AB27A
:100BA00042EA0342B3FBF6F1E407B4463746B646E1
:100BB0001F23B0FBF6F0D21B41EA004161E761461A
:100BC00014E7104628E7C3F1200120FA01F29E4005
:100BD00027FA01F19F403A434FEA164E1FFA86FC6E
:100BE000B1FBFEF70EFB1710110C41EA004107FBA9
:100BF0000CF8884504FA03F43AD9711807F1FF306C
:100C000001D288451FD8A1EB0801B1FBFEF808FB13
:100C10000CF70EFB181192B242EA0142BA422FD2EF
:100C2000B21808F1FF31C6D2BA42C4D2A8F102010B
:100C30003244C0E7F0459CD2BEEB020367EB0C07E1
:100C40000138B94695E7A6EB08084144B81EB1FB48
:100C5000FEF808FB0CF7DCE73B467FE7504667E70A
:100C60000846FBE63444023832E7023F32441BE7D1
:100C7000A1EB08013846B1FBFEF808FB0CF7C8E70A
:100C8000414698E7704700BF0000000000000000E8
:100C900001F0FF01102A2BDB10F0070F08D010F82D
:100CA000013B013A8B422DD010F0070F42B3F6D131
:100CB000F0B441EA012141EA014122F007047FF04A
:100CC00000070023F0E80256083C85EA010586EAA1
:100CD000010685FA47F5A3FA87F586FA47F6A5FADD
:100CE00087F68EB9EED1F0BC01F0FF0102F00702E9
:100CF00032B110F8013B013A83EA010313B1F8D194
:100D00000020704701387047002D06BF3546033874
:100D1000073815F0010F07D1013015F4807F02BFAD
:100D2000013015F4C03F0130F0BC0138704700BFFE
:100D3000002310B50446C0E90033C0E904338360E2
:100D400081814366C2818361194608225C3000F0CC
:100D5000F7F80D4B63620D4BA3620D4BE3620D4B35
:100D600023630D4B24629C4206D003F16802944237
:100D700002D0D0339C4205D104F15800BDE81040A8
:100D800000F0AEB910BD00BFB90E0108DB0E0108BE
:100D9000130F0108390F0108A4000020024A03497B
:100DA000034800F06BB800BF00000020DD1301080D
:100DB0001000002041680C4B994210B5044601D048
:100DC00000F00CFBA168094B994202D0204600F0CC
:100DD00005FBE168064B994204D02046BDE810406F
:100DE00000F0FCBA10BD00BFA40000200C010020E0
:100DF000740100200C4B0D4A0D4810B504211A60F7
:100E00000022FFF795FF0A4B01221C46092103F13E
:100E10006800FFF78DFF04F1D0000222BDE810400A
:100E20001221FFF785BF00BFDC0100209D0D0108E6
:100E3000A4000020014800F054B900BFE5010020E3
:100E4000014800F04FB900BFE501002010B504468D
:100E5000FFF7F0FF236A1BB1BDE81040FFF7F0BFBA
:100E6000044B2362044B1B68002BF5D1FFF7C2FF34
:100E7000F2E700BFB50D0108DC0100202DE9F843C1
:100E80000746884614460026D4E90195B9F10109C0
:100E900005D52468002CF7D13046BDE8F883AB892E
:100EA000012B07D9B5F90E30013303D02946384656
:100EB000C04706436835E9E710B50C46B1F90E1096
:100EC00000F0C6F80028ABBF636DA3891B1823F49C
:100ED0008053ACBF6365A38110BD2DE9F0411F466F
:100EE0008B89DB0505460C46164605D5B1F90E1073
:100EF0000223002200F09AF8A389B4F90E1023F41B
:100F00008053A38132463B462846BDE8F04100F0BD
:100F1000B1B810B50C46B1F90E1000F087F8B4F96D
:100F20000C30421C0BBF23F4805343F48053A38145
:100F3000A38118BF606510BDB1F90E1000F008B8AC
:100F400002440346934200D1704703F8011BF9E7BE
:100F500038B5064D0023044608462B600FF077F99C
:100F6000431C02D12B6803B1236038BDE00100208F
:100F70002D4B1B68834270B5044653D0C3691BB325
:100F8000DB6863B10025E369DB685959B1B9043501
:100F9000802DF8D1E3692046D96800F0A5F8E3690F
:100FA000196811B1204600F09FF8E3699D685DB1B2
:100FB000294620462D6800F097F8F8E70E6820468D
:100FC00000F092F83146E1E7616911B1204600F086
:100FD0008BF8E16911B1204600F086F8216B11B160
:100FE000204600F081F8616B11B1204600F07CF8DA
:100FF000A16B11B1204600F077F8A16C11B1204629
:1010000000F072F8616C11B1204600F06DF8E16AF1
:1010100011B1204600F068F8236A1BB12046BDE8F4
:101020007040184770BD00BF0C00002038B5074D58
:1010300004460846114600222A601A460FF02EF98F
:10104000431C02D12B6803B1236038BDE0010020AE
:1010500038B5074D04460846114600222A601A4654
:101060000FF0BCF8431C02D12B6803B1236038BDDC
:10107000E001002038B5074D04460846114600221D
:101080002A601A460FF0C7F8431C02D12B6803B13F
:10109000236038BDE001002070B50D4B0D4D5B1B8A
:1010A0009C100026A64209D114F0A4FE0A4D0B4B59
:1010B0005B1B9C100026A64205D170BD55F8043B71
:1010C00098470136EEE755F8043B98470136F2E7BA
:1010D000188D0208188D0208188D02081C8D020850
:1010E000704770477047000038B50546002941D069
:1010F00051F8043C0C1F002BB8BFE41800F0E0F8D6
:101100001D4A136833B9636014602846BDE838404F
:1011100000F0DCB8A34208D9206821188B4201BF37
:1011200019685B6809182160EDE71A465B680BB126
:10113000A342FAD911685018A0420BD1206801448B
:10114000501883421160E0D118685B68536008440E
:101150001060DAE702D90C232B60D6E7206821184B
:101160008B4204BF19685B68636004BF0918216083
:101170005460CAE738BD00BFEC01002070B50F4EC7
:101180000C463168054611B900F050F9306021462F
:10119000284600F04BF9431C03D14FF0FF342046A2
:1011A00070BDC41C24F00304A042F8D0211A2846C4
:1011B00000F03CF90130F2D1EFE700BFE801002078
:1011C0002DE9F843CD1C25F0030508350C2D38BF5B
:1011D0000C25002D064601DBA94204D90C233360FF
:1011E0000020BDE8F883DFF8D48000F069F8D8F873
:1011F00000301C4644BB29463046FFF7BFFF431C66
:10120000044658D1D8F800402746002F43D1002C7F
:101210004BD023683946304604EB030900F006F949
:10122000814542D121686D1A29463046FFF7A6FF55
:1012300001303AD023682B442360D8F800305A6834
:1012400062BBC8F800700FE02268521B20D40B2A42
:1012500017D96119A342256018BF5960636808BF98
:10126000C8F8001062514B60304600F02FF804F1CE
:101270000B00231D20F00700C21A1CBF1B1AA3502D
:10128000AFE76268A3420CBFC8F800205A60EBE7E2
:1012900023466468AEE73C467F68B6E71A465B685B
:1012A000A342FBD100235360DEE70C2333603046BA
:1012B00000F00CF894E70560D6E700BFEC010020D1
:1012C0000148FFF70EBF00BFE40100200148FFF70F
:1012D00009BF00BFE4010020B1F90C202DE9F04165
:1012E000160705460C4651D44B68002B02DC0B6CEC
:1012F000002B49DDE66A002E46D0002312F480520E
:101300002F682B6031D0626DA389590705D56368BA
:10131000D21A636B0BB1236CD21A0023E66A216ADE
:101320002846B047421CB4F90C3006D129681D2963
:1013300046D8294ACA40D60742D500226260D9045D
:101340002269226004D5421C01D12B6803B9606573
:10135000616B2F60C1B104F14403994202D0284669
:10136000FFF7C2FE002363630EE0216A01232846D3
:10137000B0470246501CC7D12B68002BC4D01D2B90
:1013800001D0162B1AD12F6000201EE00F69002F0C
:10139000FAD093070E6808BF4B690F6018BF00238F
:1013A000A6EB07088B60B8F1000FEDDD216AA66A95
:1013B00043463A462846B047002808DCB4F90C30CA
:1013C00043F04003A3814FF0FF30BDE8F0810744B4
:1013D000A8EB0008E7E700BF0100402038B50B6923
:1013E00005460C4613B90025284638BD18B1036AD6
:1013F0000BB9FFF72BFDB4F90C30002BF3D0626E64
:10140000D00704D4990502D4A06DFFF76AFE2846E0
:101410002146FFF761FF636EDA070546E4D4A3892E
:101420009B05E1D4A06DFFF75DFEDDE738B5064D05
:101430000023044608462B600EF09AFE431C02D19E
:101440002B6803B1236038BDE001002080B400AFF9
:10145000074BD3F88830064A43F47003C2F888304B
:10146000034B044A9A6000BFBD465DF8047B704799
:1014700000ED00E00000010880B582B000AF7860A8
:101480007B68002B01D1012341E07B6893F83D305C
:10149000DBB2002B06D17B68002283F83C20786801
:1014A0000DF07CF97B68022283F83D207B681A6886
:1014B0007B6804331946104600F076FE7B680122F3
:1014C00083F846207B68012283F83E207B68012256
:1014D00083F83F207B68012283F840207B6801224B
:1014E00083F841207B68012283F842207B68012237
:1014F00083F843207B68012283F844207B68012223
:1015000083F845207B68012283F83D20002318469C
:101510000837BD4680BD000080B485B000AF78605C
:101520007B6893F83D30DBB2012B01D001234EE004
:101530007B68022283F83D207B681B68DA687B6841
:101540001B6842F00102DA607B681B68234A934201
:1015500022D07B681B68B3F1804F1DD07B681B686D
:101560001F4A934218D07B681B681E4A934213D0CF
:101570007B681B681C4A93420ED07B681B681B4A21
:10158000934209D07B681B68194A934204D07B6858
:101590001B68184A934211D17B681B689B6803F053
:1015A0000703FB60FB68062B10D07B681B681A687A
:1015B0007B681B6842F001021A6007E07B681B68C9
:1015C0001A687B681B6842F001021A600023184603
:1015D0001437BD465DF8047B704700BF0000014032
:1015E0000004004000080040000C004000040140DE
:1015F000004001400018004080B582B000AF786024
:101600007B68002B01D1012341E07B6893F83D30DA
:10161000DBB2002B06D17B68002283F83C2078687F
:1016200000F039F87B68022283F83D207B681A6855
:101630007B6804331946104600F0B6FD7B68012232
:1016400083F846207B68012283F83E207B680122D4
:1016500083F83F207B68012283F840207B680122C9
:1016600083F841207B68012283F842207B680122B5
:1016700083F843207B68012283F844207B680122A1
:1016800083F845207B68012283F83D20002318461B
:101690000837BD4680BD80B483B000AF786000BF1E
:1016A0000C37BD465DF8047B7047000080B584B000
:1016B00000AF786039603B68002B09D17B6893F8F4
:1016C0003E30DBB2012B14BF01230023DBB222E04A
:1016D0003B68042B09D17B6893F83F30DBB2012BC8
:1016E00014BF01230023DBB215E03B68082B09D1AE
:1016F0007B6893F84030DBB2012B14BF0123002339
:10170000DBB208E07B6893F84130DBB2012B14BFF9
:1017100001230023DBB2002B01D001237CE03B68D6
:10172000002B04D17B68022283F83E2013E03B6843
:10173000042B04D17B68022283F83F200BE03B6836
:10174000082B04D17B68022283F8402003E07B68E9
:10175000022283F841207B681B6801223968184601
:1017600001F03CF97B681B682D4A934204D07B68EA
:101770001B682C4A934201D1012300E00023002B77
:1017800007D07B681B685A6C7B681B6842F4004278
:101790005A647B681B68224A934222D07B681B688C
:1017A000B3F1804F1DD07B681B681F4A934218D04D
:1017B0007B681B681D4A934213D07B681B681C4AD8
:1017C00093420ED07B681B68164A934209D07B680F
:1017D0001B68184A934204D07B681B68164A9342E0
:1017E00011D17B681B689B6803F00703FB60FB68F3
:1017F000062B10D07B681B681A687B681B6842F058
:1018000001021A6007E07B681B681A687B681B6826
:1018100042F001021A60002318461037BD4680BD11
:1018200000000140000401400004004000080040A6
:10183000000C0040004001400018004080B582B01C
:1018400000AF78607B68002B01D1012341E07B6809
:1018500093F83D30DBB2002B06D17B68002283F881
:101860003C20786800F039F87B68022283F83D203C
:101870007B681A687B6804331946104600F094FCB4
:101880007B68012283F846207B68012283F83E2092
:101890007B68012283F83F207B68012283F8402087
:1018A0007B68012283F841207B68012283F8422073
:1018B0007B68012283F843207B68012283F844205F
:1018C0007B68012283F845207B68012283F83D2054
:1018D000002318460837BD4680BD80B483B000AFF2
:1018E000786000BF0C37BD465DF8047B7047000090
:1018F00080B584B000AF786039600023FB733B682B
:10190000002B04D17B6893F83E30DBB213E03B68D8
:10191000042B04D17B6893F83F30DBB20BE03B68CB
:10192000082B04D17B6893F84030DBB203E07B687E
:1019300093F84130DBB2BB733B68002B04D17B686A
:1019400093F84230DBB213E03B68042B04D17B6890
:1019500093F84330DBB20BE03B68082B04D17B6883
:1019600093F84430DBB203E07B6893F84530DBB298
:101970007B73BB7B012B02D17B7B012B01D001232D
:10198000CCE03B68002B04D17B68022283F83E2028
:1019900013E03B68042B04D17B68022283F83F20CC
:1019A0000BE03B68082B04D17B68022283F84020BF
:1019B00003E07B68022283F841203B68002B04D1BE
:1019C0007B68022283F8422013E03B68042B04D199
:1019D0007B68022283F843200BE03B68082B04D18C
:1019E0007B68022283F8442003E07B68022283F8AC
:1019F00045203B680C2B41D801A252F823F000BFD0
:101A0000351A01087D1A01087D1A01087D1A01089E
:101A1000471A01087D1A01087D1A01087D1A01087C
:101A2000591A01087D1A01087D1A01087D1A01085A
:101A30006B1A01087B681B68DA687B681B6842F0D8
:101A40000202DA601DE07B681B68DA687B681B684D
:101A500042F00402DA6014E07B681B68DA687B6895
:101A60001B6842F00802DA600BE07B681B68DA68EA
:101A70007B681B6842F01002DA6002E00123FB730E
:101A800000BFFB7B002B48D17B681B6801223968B3
:101A9000184600F0A3FF7B681B68224A934222D0BD
:101AA0007B681B68B3F1804F1DD07B681B681E4AA2
:101AB000934218D07B681B681C4A934213D07B6802
:101AC0001B681B4A93420ED07B681B68194A9342DD
:101AD00009D07B681B68184A934204D07B681B6856
:101AE000164A934211D17B681B689B6803F0070379
:101AF000BB60BB68062B10D07B681B681A687B68CC
:101B00001B6842F001021A6007E07B681B681A68D4
:101B10007B681B6842F001021A60FB7B1846103795
:101B2000BD4680BD000001400004004000080040A8
:101B3000000C00400004014000400140001800403B
:101B400080B584B000AF78607B681B68DB68FB60A1
:101B50007B681B681B69BB60BB6803F00203002B3A
:101B600020D0FB6803F00203002B1BD07B681B68AE
:101B70006FF002021A617B6801221A777B681B688A
:101B80009B6903F00303002B03D0786809F044F944
:101B900005E0786800F0E9FA786800F0F0FA7B6810
:101BA00000221A77BB6803F00403002B20D0FB68E7
:101BB00003F00403002B1BD07B681B686FF004024A
:101BC0001A617B6802221A777B681B689B6903F4A1
:101BD0004073002B03D0786809F01EF905E078689F
:101BE00000F0C3FA786800F0CAFA7B6800221A771E
:101BF000BB6803F00803002B20D0FB6803F0080348
:101C0000002B1BD07B681B686FF008021A617B6891
:101C100004221A777B681B68DB6903F00303002B3F
:101C200003D0786809F0F8F805E0786800F09DFACC
:101C3000786800F0A4FA7B6800221A77BB6803F08A
:101C40001003002B20D0FB6803F01003002B1BD0E7
:101C50007B681B686FF010021A617B6808221A7794
:101C60007B681B68DB6903F44073002B03D0786842
:101C700009F0D2F805E0786800F077FA786800F0AB
:101C80007EFA7B6800221A77BB6803F00103002B01
:101C90000CD0FB6803F00103002B07D07B681B68A6
:101CA0006FF001021A61786809F0F2F8BB6803F07E
:101CB0008003002B0CD0FB6803F08003002B07D0BF
:101CC0007B681B686FF080021A61786800F032FF51
:101CD000BB6803F04003002B0CD0FB6803F040030B
:101CE000002B07D07B681B686FF040021A61786890
:101CF00000F04FFABB6803F02003002B0CD0FB6808
:101D000003F02003002B07D07B681B686FF02002D4
:101D10001A61786800F004FF00BF1037BD4680BD2F
:101D200080B586B000AFF860B9607A600023FB75BB
:101D3000FB6893F83C30012B01D1022388E0FB685B
:101D4000012283F83C207B68002B1BD1FB681868BC
:101D5000BB681968BB685A68BB68DB6800F07AFC2E
:101D6000FB681B689A69FB681B6822F00C029A6189
:101D7000FB681B689969BB689A68FB681B680A4323
:101D80009A6160E07B68042B1CD1FB681868BB6813
:101D90001968BB685A68BB68DB6800F0FEFCFB682A
:101DA0001B689A69FB681B6822F440629A61FB68B1
:101DB0001B689969BB689B681A02FB681B680A4329
:101DC0009A6140E07B68082B1BD1FB681868BB68F0
:101DD0001968BB685A68BB68DB6800F04BFDFB689C
:101DE0001B68DA69FB681B6822F00C02DA61FB6889
:101DF0001B68D969BB689A68FB681B680A43DA618B
:101E000021E07B680C2B1CD1FB681868BB68196843
:101E1000BB685A68BB68DB6800F068FDFB681B683C
:101E2000DA69FB681B6822F44062DA61FB681B68B0
:101E3000D969BB689B681A02FB681B680A43DA61B0
:101E400001E00123FB75FB68002283F83C20FB7D49
:101E500018461837BD4680BD80B586B000AFF86023
:101E6000B9607A600023FB75FB6893F83C30012B66
:101E700001D10223AEE0FB68012283F83C207B689D
:101E80000C2B00F29F8001A252F823F0C11E010822
:101E9000C51F0108C51F0108C51F0108011F010852
:101EA000C51F0108C51F0108C51F0108431F010800
:101EB000C51F0108C51F0108C51F0108831F0108B0
:101EC000FB681B68B968184600F014FAFB681B68C9
:101ED0009A69FB681B6842F008029A61FB681B68FC
:101EE0009A69FB681B6822F004029A61FB681B6810
:101EF0009969BB681A69FB681B680A439A6164E0C8
:101F0000FB681B68B968184600F064FAFB681B6838
:101F10009A69FB681B6842F400629A61FB681B685F
:101F20009A69FB681B6822F480629A61FB681B68EF
:101F30009969BB681B691A02FB681B680A439A61AE
:101F400043E0FB681B68B968184600F0B9FAFB6803
:101F50001B68DA69FB681B6842F00802DA61FB68FB
:101F60001B68DA69FB681B6822F00402DA61FB680F
:101F70001B68D969BB681A69FB681B680A43DA6188
:101F800023E0FB681B68B968184600F00DFBFB688E
:101F90001B68DA69FB681B6842F40062DA61FB685F
:101FA0001B68DA69FB681B6822F48062DA61FB68EF
:101FB0001B68D969BB681B691A02FB681B680A4366
:101FC000DA6102E00123FB7500BFFB68002283F8A1
:101FD0003C20FB7D18461837BD4680BD80B584B0D7
:101FE00000AF786039600023FB737B6893F83C3066
:101FF000012B01D10223B4E07B68012283F83C204D
:102000007B68022283F83D207B681B689B68BB606D
:10201000BB6823F07703BB60BB6823F47F43BB60DE
:102020007B681B68BA689A603B681B68B3F5005F01
:102030003ED0B3F5005F00F28780B3F5805F00F01B
:102040008680B3F5805F7FD8702B1AD0702B7BD839
:10205000602B50D0602B77D8502B3CD0502B73D8AE
:10206000402B58D0402B6FD8302B64D0302B6BD8FE
:10207000202B60D0202B67D8002B5CD0102B5AD09F
:1020800062E07B6818683B6899683B685A683B68FF
:10209000DB6800F083FC7B681B689B68BB60BB68E7
:1020A00043F07703BB607B681B68BA689A604FE0B7
:1020B0007B6818683B6899683B685A683B68DB68CE
:1020C00000F06CFC7B681B689A687B681B6842F4B4
:1020D00080429A603CE07B6818683B6859683B68BE
:1020E000DB681A4600F02AFB7B681B685021184603
:1020F00000F039FC2CE07B6818683B6859683B6845
:10210000DB681A4600F086FB7B681B686021184676
:1021100000F029FC1CE07B6818683B6859683B6844
:10212000DB681A4600F00AFB7B681B6840211846F2
:1021300000F019FC0CE07B681A683B681B681946C4
:10214000104600F010FC03E00123FB7300E000BF29
:102150007B68012283F83D207B68002283F83C20C5
:10216000FB7B18461037BD4680BD80B483B000AFFE
:10217000786000BF0C37BD465DF8047B704780B4C3
:1021800083B000AF786000BF0C37BD465DF8047BBC
:10219000704780B483B000AF786000BF0C37BD4695
:1021A0005DF8047B7047000080B485B000AF7860B4
:1021B00039607B681B68FB607B68434A934213D09D
:1021C0007B68B3F1804F0FD07B68404A93420BD0BD
:1021D0007B683F4A934207D07B683E4A934203D0D4
:1021E0007B683D4A934208D1FB6823F07003FB6093
:1021F0003B685B68FA681343FB607B68324A934232
:102200002BD07B68B3F1804F27D07B682F4A934255
:1022100023D07B682E4A93421FD07B682D4A93427D
:102220001BD07B682C4A934217D07B682B4A934281
:1022300013D07B682A4A93420FD07B68294A934285
:102240000BD07B68284A934207D07B68274A934289
:1022500003D07B68264A934208D1FB6823F440737D
:10226000FB603B68DB68FA681343FB60FB6823F0A4
:1022700080023B685B691343FB603B689A687B683C
:10228000DA623B681A687B689A627B680E4A9342FE
:1022900003D07B68104A934203D13B681A697B687C
:1022A0001A637B681B6843F004027B681A607B68D2
:1022B00001225A617B68FA681A6000BF1437BD4674
:1022C0005DF8047B704700BF00000140000400403F
:1022D00000080040000C00400004014000400140A4
:1022E000004401400048014000180040001C00402C
:1022F0000020004080B487B000AF786039607B6810
:102300001B6A7B617B681B6A23F001027B681A628F
:102310007B685B683B617B689B69FB60FB6823F0C3
:102320007003FB60FB6823F00303FB603B681B68E2
:10233000FA681343FB607B6923F002037B613B680F
:102340009B687A6913437B617B68204A934203D080
:102350007B681F4A93420CD17B6923F008037B61A1
:102360003B68DB687A6913437B617B6923F0040374
:102370007B617B68154A934203D07B68144A934281
:1023800011D13B6923F480733B613B6923F40073F3
:102390003B613B685B693A6913433B613B689B69FE
:1023A0003A6913433B617B683A695A607B68FA6813
:1023B0009A613B685A687B685A637B687A691A62DB
:1023C00000BF1C37BD465DF8047B7047000001402C
:1023D0000004014080B487B000AF786039607B684A
:1023E0001B6A7B617B681B6A23F010027B681A62A0
:1023F0007B685B683B617B689B69FB60FB6823F4DF
:10240000E043FB60FB6823F44073FB603B681B68A0
:102410001B02FA681343FB607B6923F020037B6196
:102420003B689B681B017A6913437B617B68224A86
:10243000934203D07B68214A93420DD17B6923F0FC
:1024400080037B613B68DB681B017A6913437B6116
:102450007B6923F040037B617B68174A934203D07A
:102460007B68164A934213D13B6923F480633B6136
:102470003B6923F400633B613B685B699B003A69FD
:1024800013433B613B689B699B003A6913433B6183
:102490007B683A695A607B68FA689A613B685A6857
:1024A0007B689A637B687A691A6200BF1C37BD46F5
:1024B0005DF8047B704700BF00000140000401404C
:1024C00080B487B000AF786039607B681B6A7B613D
:1024D0007B681B6A23F480727B681A627B685B6886
:1024E0003B617B68DB69FB60FB6823F07003FB608A
:1024F000FB6823F00303FB603B681B68FA68134327
:10250000FB607B6923F400737B613B689B681B0263
:102510007A6913437B617B68214A934203D07B68CD
:10252000204A93420DD17B6923F400637B613B68B1
:10253000DB681B027A6913437B617B6923F4806348
:102540007B617B68164A934203D07B68154A9342AD
:1025500013D13B6923F480533B613B6923F400535F
:102560003B613B685B691B013A6913433B613B6814
:102570009B691B013A6913433B617B683A695A6066
:102580007B68FA68DA613B685A687B68DA637B6863
:102590007A691A6200BF1C37BD465DF8047B70473C
:1025A000000001400004014080B487B000AF7860B3
:1025B00039607B681B6A3B617B681B6A23F480522D
:1025C0007B681A627B685B687B617B68DB69FB60A8
:1025D000FB6823F4E043FB60FB6823F44073FB607B
:1025E0003B681B681B02FA681343FB603B6923F4DA
:1025F00000533B613B689B681B033A6913433B6193
:102600007B68124A934203D07B68114A934209D1F6
:102610007B6923F480437B613B685B699B017A693A
:1026200013437B617B687A695A607B68FA68DA6178
:102630003B685A687B681A647B683A691A6200BF13
:102640001C37BD465DF8047B704700BF00000140A9
:102650000004014080B487B000AFF860B9607A60D0
:102660003B60FB681B6A3B61FB681B6A23F001024D
:10267000FB681A62FB689B697B61FB68284A93428E
:102680001BD0FB68B3F1804F17D0FB68254A9342FB
:1026900013D0FB68244A93420FD0FB68234A93422D
:1026A0000BD0FB68224A934207D0FB68214A934231
:1026B00003D0FB68204A934201D1012300E00023AC
:1026C000002B08D07B6923F003037B617A697B6868
:1026D00013437B6103E07B6943F001037B617B690A
:1026E00023F0F0037B613B681B01DBB27A69134383
:1026F0007B613B6923F00A033B61BB6803F00A037B
:102700003A6913433B61FB687A699A61FB683A69ED
:102710001A6200BF1C37BD465DF8047B704700BFDE
:10272000000001400004004000080040000C004090
:1027300000040140004001400018004080B487B010
:1027400000AFF860B9607A60FB681B6A7B61FB6868
:102750001B6A23F00102FB681A62FB689B693B61FC
:102760003B6923F0F0033B617B681B013A6913432B
:102770003B617B6923F00A037B617A69BB68134381
:102780007B61FB683A699A61FB687A691A6200BFEB
:102790001C37BD465DF8047B704780B487B000AF3E
:1027A000F860B9607A603B60FB681B6A7B61FB681C
:1027B0001B6A23F01002FB681A62FB689B693B618D
:1027C0003B6923F440733B617B681B023A69134306
:1027D0003B613B6923F470433B613B681B039BB245
:1027E0003A6913433B617B6923F0A0037B61BB68BB
:1027F0001B0103F0A0037A6913437B61FB683A690C
:102800009A61FB687A691A6200BF1C37BD465DF8A1
:10281000047B704780B487B000AFF860B9607A601D
:10282000FB681B6A7B61FB681B6A23F01002FB6874
:102830001A62FB689B693B613B6923F470433B610F
:102840007B681B033A6913433B617B6923F0A00358
:102850007B61BB681B017A6913437B61FB683A6942
:102860009A61FB687A691A6200BF1C37BD465DF841
:10287000047B704780B487B000AFF860B9607A60BD
:102880003B60FB681B6A7B61FB681B6A23F48072F8
:10289000FB681A62FB68DB693B613B6923F0030359
:1028A0003B613A697B6813433B613B6923F0F0036A
:1028B0003B613B681B01DBB23A6913433B617B69B7
:1028C00023F420637B61BB681B0203F420637A69F5
:1028D00013437B61FB683A69DA61FB687A691A62C3
:1028E00000BF1C37BD465DF8047B704780B487B0DD
:1028F00000AFF860B9607A603B60FB681B6A7B617F
:10290000FB681B6A23F48052FB681A62FB68DB6970
:102910003B613B6923F440733B617B681B023A696E
:1029200013433B613B6923F470433B613B681B03EA
:102930009BB23A6913433B617B6923F420437B617B
:10294000BB681B0303F420437A6913437B61FB6874
:102950003A69DA61FB687A691A6200BF1C37BD46C2
:102960005DF8047B704780B485B000AF7860396053
:102970007B689B68FB60FB6823F07003FB603A6830
:10298000FB68134343F00703FB607B68FA689A60B7
:1029900000BF1437BD465DF8047B704780B487B034
:1029A00000AFF860B9607A603B60FB689B687B6150
:1029B0007B6923F47F437B613B681A027B681A437F
:1029C000BB6813437A6913437B61FB687A699A6039
:1029D00000BF1C37BD465DF8047B704780B487B0EC
:1029E00000AFF860B9607A60BB6803F01F03012292
:1029F00002FA03F37B61FB681A6A7B69DB431A40C6
:102A0000FB681A62FB681A6ABB6803F01F037968E7
:102A100001FA03F31A43FB681A6200BF1C37BD4674
:102A20005DF8047B7047000080B485B000AF78602B
:102A300039607B6893F83C30012B01D102235AE0C6
:102A40007B68012283F83C207B68022283F83D20CA
:102A50007B681B685B68FB607B681B689B68BB606E
:102A6000FB6823F07003FB603B681B68FA68134344
:102A7000FB607B681B68FA685A607B681B68214AA8
:102A8000934222D07B681B68B3F1804F1DD07B68D6
:102A90001B681D4A934218D07B681B681B4A9342EF
:102AA00013D07B681B681A4A93420ED07B681B6860
:102AB000184A934209D07B681B68174A934204D096
:102AC0007B681B68154A93420CD1BB6823F08003D6
:102AD000BB603B685B68BA681343BB607B681B687C
:102AE000BA689A607B68012283F83D207B680022E7
:102AF00083F83C20002318461437BD465DF8047B5C
:102B0000704700BF00000140000400400008004082
:102B1000000C00400004014000400140001800404B
:102B200080B483B000AF786000BF0C37BD465DF85D
:102B3000047B704780B483B000AF786000BF0C376F
:102B4000BD465DF8047B704780B584B000AF786007
:102B50000023FB737B68002B01D1012333E07B68EA
:102B60001B6C002B09D178680BF0FCF97B68002204
:102B70005A647B68002283F83C207B681B6C03F05E
:102B80001003002B18D17B681B6C23F4885323F0AF
:102B9000020343F002027B681A64786800F0A4FA2A
:102BA0007B6800225A647B681B6C23F0030343F0AC
:102BB00001027B681A6401E00123FB737B68002239
:102BC00083F83C20FB7B18461037BD4680BD0000D3
:102BD00080B485B000AF78600023BB607B6893F859
:102BE0003C30012B01D10223B2E07B68012283F843
:102BF0003C207B681B689B6803F00103012B18D005
:102C00007B681B689A687B681B6842F001029A60C7
:102C1000524B1B68524AA2FB03239A0C13465B00DB
:102C20001344BB6002E0BB68013BBB60BB68002B88
:102C3000F9D17B681B689B6803F00103012B7AD1F3
:102C40007B681B6C23F4E06323F0010343F4807280
:102C50007B681A647B681B685B6803F48063002BE5
:102C600007D07B681B6C23F4405343F480527B688D
:102C70001A647B681B6C03F48053B3F5805F06D144
:102C80007B685B6C23F006027B685A6402E07B6819
:102C900000225A647B68002283F83C20314BFB60A1
:102CA0007B681B686FF022021A60FB685B6803F0A8
:102CB0001F03002B2AD17B681B682B4A934215D037
:102CC0007B681B68294A934205D1264B5B6803F059
:102CD0001F03002B0AD07B681B68254A934236D11C
:102CE000204B5B6803F01003002B30D17B681B681E
:102CF0009B6803F04053002B29D17B681B689A68BE
:102D00007B681B6842F080429A6020E07B681B6809
:102D1000154A93421BD17B681B689B6803F04053A4
:102D2000002B14D17B681B689A687B681B6842F093
:102D300080429A600BE07B681B6C43F010027B685A
:102D40001A647B685B6C43F001027B685A64002361
:102D500018461437BD465DF8047B70475C000020C0
:102D600083DE1B430023014000200140002101407D
:102D70000022014080B584B000AF78603960002344
:102D8000FB607B681B689B6803F48063B3F5806F0E
:102D900013D17B681B689B6803F48073B3F5807F55
:102DA0000BD17B681B6C43F020027B681A647B6844
:102DB000002283F83C20012363E001F045FCF86029
:102DC00021E03B68B3F1FF3F1DD03B68002B07D0EB
:102DD00001F03AFC0246FB68D31A3A689A4212D2D2
:102DE0007B681B681B6803F00203022B0BD07B6817
:102DF0001B6C43F004027B681A647B68002283F832
:102E00003C2003233DE07B681B681B6803F0020342
:102E1000022BD6D17B681B686FF012021A607B68A8
:102E20001B6C43F400727B681A647B681B689B68A8
:102E300003F04053002B23D17B681B7E002B1FD156
:102E40007B681B68DB6A03F47003002B06D07B6889
:102E50001B689B6803F48063002B11D17B681B6C9B
:102E600023F480727B681A647B681B6C03F48053C4
:102E7000002B05D17B681B6C43F001027B681A6450
:102E8000002318461037BD4680BD80B483B000AF24
:102E900078607B681B68DB6C18460C37BD465DF8B4
:102EA000047B704780B485B000AF78603960002340
:102EB000BB607B6893F83C30012B01D1022305E114
:102EC0007B68012283F83C203B681B68092B25D9CD
:102ED0007B681B68D9683B681B689BB21A4613461F
:102EE0005B0013441E3B072202FA03F3DA437B68BC
:102EF0001B680A40DA607B681B68D9683B689A687F
:102F00003B681B689BB2184603465B0003441E3BAC
:102F10009A407B681B680A43DA6022E07B681B6882
:102F200019693B681B689BB21A4613465B00134441
:102F3000072202FA03F3DA437B681B680A401A612E
:102F40007B681B6819693B689A683B681B689BB281
:102F5000184603465B0003449A407B681B680A439B
:102F60001A613B685B68062B24D87B681B68596B29
:102F70003B685A6813469B001344053B1F2202FA24
:102F800003F3DA437B681B680A405A637B681B685B
:102F9000596B3B681B689BB218463B685A681346DE
:102FA0009B001344053B00FA03F27B681B680A434D
:102FB0005A634CE03B685B680C2B24D87B681B6829
:102FC000196B3B685A6813469B001344233B1F222E
:102FD00002FA03F3DA437B681B680A401A637B68D2
:102FE0001B68196B3B681B689BB218463B685A68A4
:102FF00013469B001344233B00FA03F27B681B68D3
:103000000A431A6323E07B681B68D96A3B685A68E5
:1030100013469B001344413B1F2202FA03F3DA4399
:103020007B681B680A40DA627B681B68D96A3B6868
:103030001B689BB218463B685A6813469B001344B2
:10304000413B00FA03F27B681B680A43DA62224BB9
:10305000FB607B681B68214A934209D13B681B686F
:10306000122B05D1FB685B6843F48002FB685A6051
:103070007B681B68194A934223D13B681B68102B5D
:1030800003D03B681B68112B1BD1FB685B6843F4C2
:103090000002FB685A603B681B68102B11D1104B73
:1030A0001B68104AA2FB03239A0C13469B0013448F
:1030B0005B00BB6002E0BB68013BBB60BB68002BF0
:1030C000F9D17B68002283F83C200023184614378E
:1030D000BD465DF8047B704700230140002001409D
:1030E0005C00002083DE1B4380B485B000AF7860B5
:1030F000794BFB60FB685B6823F44032FB685A60E5
:10310000FB685A687B685B681A43FB685A607B6897
:103110001B685A687B681B6822F480725A607B685F
:103120001B6859687B681B691A027B681B680A4325
:103130005A607B681B685A687B681B6822F0407283
:103140005A607B681B6859687B689A687B681B6853
:103150000A435A607B681B689A687B681B6822F484
:1031600000629A607B681B6899687B68DA687B6894
:103170001B680A439A607B689B6A584A934222D034
:103180007B681B689A687B681B6822F070629A6093
:103190007B681B6899687B689A6A7B681B680A432E
:1031A0009A607B681B689A687B681B6822F04052B3
:1031B0009A607B681B6899687B68DA6A7B681B6821
:1031C0000A439A600FE07B681B689A687B681B68FB
:1031D00022F070629A607B681B689A687B681B6843
:1031E00022F040529A607B681B689A687B681B6873
:1031F00022F002029A607B681B6899687B681B7EDC
:103200005A007B681B680A439A607B6893F82030F9
:10321000002B1BD07B681B685A687B681B6842F4D4
:1032200000625A607B681B685A687B681B6822F4DE
:1032300060425A607B681B6859687B685B6A013B27
:103240005A037B681B680A435A6007E07B681B6867
:103250005A687B681B6822F400625A607B681B68AE
:10326000DA6A7B681B6822F47002DA627B681B688A
:10327000D96A7B68DB69013B1A057B681B680A43D6
:10328000DA627B681B689A687B681B6822F40072AC
:103290009A607B681B6899687B6893F830305A02A3
:1032A0007B681B680A439A607B681B689A687B6826
:1032B0001B6822F480629A607B681B6899687B684F
:1032C0005B699A027B681B680A439A6000BF1437E7
:1032D000BD465DF8047B7047002301400100000FEC
:1032E00080B586B000AF78607B68002B01D10123E8
:1032F00067E27B681B6803F00103002B75D0884BE5
:103300009B6803F00C03042B0CD0854B9B6803F0E7
:103310000C03082B12D1824B5B6803F48003B3F5D6
:10332000800F0BD17E4B1B6803F40033002B5BD066
:103330007B685B68002B57D1012342E27B685B68A6
:10334000B3F5803F06D1764B1B68754A43F4803352
:1033500013601DE07B685B68B3F5A02F0CD1704B48
:103360001B686F4A43F4802313606D4B1B686C4AE3
:1033700043F4803313600BE0694B1B68684A23F405
:1033800080331360664B1B68654A23F48023136007
:103390007B685B68002B13D001F056F9386108E0B8
:1033A00001F052F902463B69D31A642B01D9032379
:1033B00007E25B4B1B6803F40033002BF0D014E0F2
:1033C00001F042F9386108E001F03EF902463B693C
:1033D000D31A642B01D90323F3E1514B1B6803F487
:1033E0000033002BF0D100E000BF7B681B6803F0C6
:1033F0000203002B63D04A4B9B6803F00C03002BA5
:103400000BD0474B9B6803F00C03082B1CD1444B9B
:103410005B6803F48003002B16D1414B1B6803F05B
:103420000203002B05D07B68DB68012B01D0012350
:10343000C7E13B4B1B6823F0F8027B681B69DB008C
:10344000374913430B603AE07B68DB68002B20D0E0
:10345000344B01221A6001F0F7F8386108E001F0FE
:10346000F3F802463B69D31A022B01D90323A8E1E2
:103470002B4B1B6803F00203002BF0D0284B1B687A
:1034800023F0F8027B681B69DB00254913430B60BE
:1034900015E0244B00221A6001F0D6F8386108E0EC
:1034A00001F0D2F802463B69D31A022B01D903235B
:1034B00087E11B4B1B6803F00203002BF0D17B68F4
:1034C0001B6803F00803002B36D07B685B69002B78
:1034D00016D0154B01221A6001F0B6F8386108E0E9
:1034E00001F0B2F802463B69D31A022B01D903233B
:1034F00067E10B4B5B6F03F00203002BF0D01BE086
:10350000094B00221A6001F09FF838610EE001F0CB
:103510009BF802463B69D31A022B07D9032350E1DB
:103520000038024000004742800E4742884B5B6FE4
:1035300003F00203002BEAD17B681B6803F004034D
:10354000002B00F097800023FB75814B1B6C03F070
:103550008053002B0FD10023BB607D4B1B6C7C4A3A
:1035600043F0805313647A4B1B6C03F08053BB60B1
:10357000BB680123FB75774B1B6803F48073002B3A
:1035800018D1744B1B68734A43F48073136001F0C5
:103590005BF8386108E001F057F802463B69D31A3E
:1035A000022B01D903230CE16A4B1B6803F48073DF
:1035B000002BF0D07B689B68012B06D1644B1B6FFE
:1035C000634A43F0010313671CE07B689B68052B8B
:1035D0000CD15F4B1B6F5E4A43F0040313675C4BD7
:1035E0001B6F5B4A43F0010313670BE0584B1B6FE3
:1035F000574A23F001031367554B1B6F544A23F0BE
:10360000040313677B689B68002B15D001F01CF83E
:1036100038610AE001F018F802463B69D31A41F21A
:103620008832934201D90323CBE0494B1B6F03F04F
:103630000203002BEED014E001F006F838610AE036
:1036400001F002F802463B69D31A41F288329342F4
:1036500001D90323B5E03E4B1B6F03F00203002B9F
:10366000EED1FB7D012B05D1394B1B6C384A23F081
:10367000805313647B689B69002B00F0A180344B5E
:103680009B6803F00C03082B5CD07B689B69022BC2
:1036900041D1314B00221A6000F0D6FF386108E0BA
:1036A00000F0D2FF02463B69D31A022B01D9032353
:1036B00087E0274B1B6803F00073002BF0D17B6879
:1036C000DA697B681B6A1A437B685B6A9B011A4351
:1036D0007B689B6A5B08013B1B041A437B68DB6ABF
:1036E0001B061B4913434B601B4B01221A6000F061
:1036F000ABFF386108E000F0A7FF02463B69D31A30
:10370000022B01D903235CE0114B1B6803F000730B
:10371000002BF0D054E0104B00221A6000F094FF10
:10372000386108E000F090FF02463B69D31A022B93
:1037300001D9032345E0064B1B6803F00073002BFF
:10374000F0D13DE07B689B69012B07D1012338E074
:103750000038024000700040600047421B4B5B682D
:10376000FB607B689B69012B28D0FB6803F4800217
:103770007B68DB699A4221D1FB6803F03F027B68DA
:103780001B6A9A421AD1FA6847F6C07313407A68E6
:10379000526A9201934211D1FB6803F440327B6874
:1037A0009B6A5B08013B1B049A4207D1FB6803F04C
:1037B00070627B68DB6A1B069A4201D0012300E03D
:1037C000002318461837BD4680BD00BF00380240B0
:1037D00080B584B000AF786039607B68002B01D180
:1037E0000123CCE0684B1B6803F007033A689A4258
:1037F0000CD9654B3A68D2B21A70634B1B6803F060
:1038000007033A689A4201D00123B8E07B681B683D
:1038100003F00203002B20D07B681B6803F0040335
:10382000002B05D0594B9B68584A43F4E0539360F2
:103830007B681B6803F00803002B05D0534B9B6883
:10384000524A43F460439360504B9B6823F0F0026C
:103850007B689B684D4913438B607B681B6803F052
:103860000103002B44D07B685B68012B07D1474BD9
:103870001B6803F40033002B19D101237FE07B6820
:103880005B68022B03D07B685B68032B07D13F4B3F
:103890001B6803F00073002B09D101236FE03B4B41
:1038A0001B6803F00203002B01D1012367E0374BB3
:1038B0009B6823F003027B685B68344913438B6089
:1038C00000F0C2FEF8600AE000F0BEFE0246FB68AF
:1038D000D31A41F28832934201D903234FE02B4B94
:1038E0009B6803F00C027B685B689B009A42EBD1FB
:1038F000254B1B6803F007033A689A420CD2224B0F
:103900003A68D2B21A70204B1B6803F007033A687A
:103910009A4201D0012332E07B681B6803F0040364
:10392000002B08D0194B9B6823F4E0527B68DB68BE
:10393000164913438B607B681B6803F00803002B58
:1039400009D0124B9B6823F460427B681B69DB0043
:103950000E4913438B6000F021F802460B4B9B6825
:103960001B0903F00F030A49CB5C22FA03F3094A4F
:103970001360094B1B6818460CF07EFB00231846A9
:103980001037BD4680BD00BF003C024000380240F9
:103990007C6202085C000020600000202DE9B04F2E
:1039A00094B000AF00237B640023FB6400233B64DE
:1039B0000023BB64794B9B6803F00C03082B0DD0EC
:1039C000082B00F2E180002B02D0042B03D0DBE0B7
:1039D000734BBB64DBE0734BBB64D8E06F4B5B683D
:1039E00003F03F037B646D4B5B6803F48003002BA3
:1039F00063D06A4B5B689B090022BB63FA63BB6BB5
:103A0000C3F308033B6300237B63D7E90C452246DD
:103A10002B464FF000004FF00001590141EAD261FE
:103A2000500102460B462146511A3961294663EB83
:103A300001037B614FF000024FF00003D7E904ABB4
:103A400059468B01514643EA916351468A015146DA
:103A5000B2EB0108594663EB01094FF000024FF049
:103A600000034FEAC90343EA58734FEAC80290467D
:103A70009946234618EB0303BB602B4649EB03032F
:103A8000FB604FF000024FF00003D7E902452946E2
:103A90004B02214643EAD15321464A0210461946B9
:103AA0007B6C0022BB62FA62D7E90A23FCF756FF5F
:103AB00002460B461346FB6458E0384B5B689B0993
:103AC000002218461146C0F308033B6200237B62C4
:103AD000D7E9088942464B464FF000004FF00001FD
:103AE000590141EAD261500102460B464146B2EB10
:103AF000010A494663EB010B4FF000024FF000034F
:103B00004FEA8B1343EA9A634FEA8A12B2EB0A0434
:103B100063EB0B054FF000024FF00003EB0043EAAC
:103B20005473E20014461D464346E3183B604B467F
:103B300045EB03037B604FF000024FF00003D7E931
:103B4000004529468B02214643EA915321468A02C9
:103B5000104619467B6C0022BB61FA61D7E9062347
:103B6000FCF7FCFE02460B461346FB640B4B5B68FE
:103B70001B0C03F0030301335B003B64FA6C3B6CEA
:103B8000B2FBF3F3BB6402E0054BBB6400BFBB6C4C
:103B900018465037BD46BDE8B08F00BF0038024020
:103BA0000024F40000127A0080B400AF034B1B68BD
:103BB0001846BD465DF8047B704700BF5C000020DE
:103BC00080B500AFFFF7F0FF0246054B9B689B0AEC
:103BD00003F007030349CB5C22FA03F3184680BDC8
:103BE000003802408C62020880B500AFFFF7DCFFAE
:103BF0000246054B9B685B0B03F007030349CB5C54
:103C000022FA03F3184680BD003802408C62020895
:103C100080B483B000AF786039607B680F221A608F
:103C2000124B9B6803F003027B685A600F4B9B6842
:103C300003F0F0027B689A600C4B9B6803F4E0523F
:103C40007B68DA60094B9B68DB0803F4E0527B6811
:103C50001A61074B1B6803F007023B681A6000BF3C
:103C60000C37BD465DF8047B704700BF003802404A
:103C7000003C024080B489B000AF78603960002316
:103C80007B6100233B610023BB610023FB616BE18F
:103C90000122FB6902FA03F37B613B681B687A69C6
:103CA00013403B613A697B699A4240F05A813B6814
:103CB0005B6803F00303012B05D03B685B6803F0EE
:103CC0000303022B30D17B689B68BB61FB695B00FF
:103CD000032202FA03F3DB43BA691340BB613B687A
:103CE000DA68FB695B0002FA03F3BA691343BB614C
:103CF0007B68BA699A607B685B68BB610122FB697B
:103D000002FA03F3DB43BA691340BB613B685B68AB
:103D10001B0903F00102FB6902FA03F3BA691343BA
:103D2000BB617B68BA695A603B685B6803F0030358
:103D3000032B17D07B68DB68BB61FB695B00032248
:103D400002FA03F3DB43BA691340BB613B689A682C
:103D5000FB695B0002FA03F3BA691343BB617B683A
:103D6000BA69DA603B685B6803F00303022B23D176
:103D7000FB69DA087B68083253F82230BB61FB69C3
:103D800003F007039B000F2202FA03F3DB43BA6937
:103D90001340BB613B681A69FB6903F007039B0092
:103DA00002FA03F3BA691343BB61FB69DA087B6863
:103DB0000832B96943F822107B681B68BB61FB6954
:103DC0005B00032202FA03F3DB43BA691340BB61D1
:103DD0003B685B6803F00302FB695B0002FA03F3D4
:103DE000BA691343BB617B68BA691A603B685B6858
:103DF00003F44033002B00F0B4800023FB60604BE1
:103E00005B6C5F4A43F4804353645D4B5B6C03F42B
:103E10008043FB60FB685B4AFB699B08023352F8F6
:103E20002330BB61FB6903F003039B000F2202FAFE
:103E300003F3DB43BA691340BB617B68524A934288
:103E40002BD07B68514A934225D07B68504A9342DD
:103E50001FD07B684F4A934219D07B684E4A9342E9
:103E600013D07B684D4A93420DD07B684C4A9342F5
:103E700007D07B684B4A934201D107230EE0082309
:103E80000CE006230AE0052308E0042306E00323F0
:103E900004E0022302E0012300E00023FA6902F0BB
:103EA000030292009340BA691343BB613549FB6931
:103EB0009B080233BA6941F823203B4B9B68BB61E6
:103EC0003B69DB43BA691340BB613B685B6803F441
:103ED0008013002B03D0BA693B691343BB61324A9C
:103EE000BB699360304BDB68BB613B69DB43BA69FC
:103EF0001340BB613B685B6803F40013002B03D0E5
:103F0000BA693B691343BB61274ABB69D360264B3F
:103F10005B68BB613B69DB43BA691340BB613B68CB
:103F20005B6803F40033002B03D0BA693B69134389
:103F3000BB611D4ABB6953601B4B1B68BB613B697E
:103F4000DB43BA691340BB613B685B6803F48033B1
:103F5000002B03D0BA693B691343BB61124ABB69AA
:103F60001360FB690133FB61FB690F2B7FF690AE99
:103F700000BF00BF2437BD465DF8047B704700BF1B
:103F800000380240003801400000024000040240B6
:103F900000080240000C02400010024000140240E1
:103FA00000180240001C0240003C014080B487B071
:103FB00000AF7860396000233B610023FB60002381
:103FC000BB6000237B61CDE001227B6902FA03F331
:103FD0003B613A683B691340FB60FA683B699A426F
:103FE00040F0BD80654A7B699B08023352F823305C
:103FF000BB607B6903F003039B000F2202FA03F30B
:10400000BA681340BB607B685D4A93422BD07B68E3
:104010005C4A934225D07B685B4A93421FD07B6801
:104020005A4A934219D07B68594A934213D07B680D
:10403000584A93420DD07B68574A934207D07B6819
:10404000564A934201D107230EE008230CE00623D1
:104050000AE0052308E0042306E0032304E002232A
:1040600002E0012300E000237A6902F003029200DB
:104070009340BA689A4232D1494B1A68FB68DB43D5
:10408000474913400B60464B5A68FB68DB43444981
:1040900013404B60424BDA68FB68DB4340491340F6
:1040A000CB603F4B9A68FB68DB433D4913408B6014
:1040B0007B6903F003039B000F2202FA03F3BB604A
:1040C0002E4A7B699B08023352F82310BB68DA43FF
:1040D0002A487B699B080A40023340F823207B680A
:1040E0001A687B695B00032101FA03F3DB431A4082
:1040F0007B681A607B69DA087B68083253F8221003
:104100007B6903F007039B000F2202FA03F3DB43F2
:104110007A69D20819407B68083243F822107B681C
:10412000DA687B695B00032101FA03F3DB431A4081
:104130007B68DA607B685A6801217B6901FA03F3C6
:10414000DB431A407B685A607B689A687B695B0036
:10415000032101FA03F3DB431A407B689A607B6911
:1041600001337B617B690F2B7FF62EAF00BF00BF51
:104170001C37BD465DF8047B704700BF0038014026
:10418000000002400004024000080240000C02400F
:10419000001002400014024000180240001C0240BF
:1041A000003C014080B485B000AF78600B467B8056
:1041B0007B681A697B881340002B02D00123FB73B4
:1041C00001E00023FB73FB7B18461437BD465DF806
:1041D000047B704780B483B000AF78600B467B806F
:1041E00013467B707B78002B03D07A887B689A61BA
:1041F00003E07B881A047B689A6100BF0C37BD46D8
:104200005DF8047B704780B485B000AF78600B46E2
:104210007B807B685B69FB607A88FB6813401A04CB
:10422000FB68D9437B880B401A437B689A6100BFC7
:104230001437BD465DF8047B704780B584B000AF8D
:1042400078607B689B6DFB6000F0FEF9B8607B686E
:1042500093F83530DBB2022B08D07B6880225A6598
:104260007B68002283F83420012352E07B681B68BE
:104270001A687B681B6822F016021A607B681B684C
:104280005A697B681B6822F080025A617B681B6C4C
:10429000002B03D17B689B6C002B07D07B681B68CD
:1042A0001A687B681B6822F008021A607B681B682A
:1042B0001A687B681B6822F001021A6013E000F0A4
:1042C000C3F90246BB68D31A052B0CD97B682022A0
:1042D0005A657B68032283F835207B68002283F8C7
:1042E0003420032315E07B681B681B6803F001037F
:1042F000002BE4D17B68DB6D3F229A40FB689A601B
:104300007B68012283F835207B68002283F8342003
:10431000002318461037BD4680BD80B483B000AF7F
:1043200078607B6893F83530DBB2022B04D07B6871
:1043300080225A6501230CE07B68052283F8352032
:104340007B681B681A687B681B6822F001021A6090
:10435000002318460C37BD465DF8047B704780B4D7
:1043600083B000AF78607B6893F83530DBB21846D5
:104370000C37BD465DF8047B7047000080B485B003
:1043800000AF78607B6803F00703FB600C4BDB68D1
:10439000BB60BA684FF6FF031340BB60FB681A02AC
:1043A000BB68134343F0BF6343F40033BB60044A6C
:1043B000BB68D36000BF1437BD465DF8047B70470F
:1043C00000ED00E080B400AF044BDB681B0A03F093
:1043D00007031846BD465DF8047B704700ED00E01A
:1043E00080B483B000AF0346FB7197F90730002B10
:1043F0000BDBFB7903F01F02074997F907305B09D4
:10440000012000FA02F241F8232000BF0C37BD461C
:104410005DF8047B704700BF00E100E080B483B02A
:1044200000AF0346FB7197F90730002B12DBFB79D5
:1044300003F01F020A4997F907305B09012000FACF
:1044400002F2203341F82320BFF34F8F00BFBFF3A8
:104450006F8F00BF00BF0C37BD465DF8047B70470F
:1044600000E100E080B483B000AF03463960FB7127
:1044700097F90730002B0ADB3B68DAB20C4997F951
:1044800007301201D2B20B4483F800230AE03B68E4
:10449000DAB20849FB7903F00F03043B1201D2B2F0
:1044A0000B441A7600BF0C37BD465DF8047B70479D
:1044B00000E100E000ED00E080B489B000AFF860FA
:1044C000B9607A60FB6803F00703FB61FB69C3F125
:1044D0000703042B28BF0423BB61FB690433062BAD
:1044E00002D9FB69033B00E000237B614FF0FF3200
:1044F000BB6902FA03F3DA43BB681A407B699A404E
:104500004FF0FF317B6901FA03F3D9437B680B401D
:10451000134318462437BD465DF8047B70470000FE
:1045200080B400AFBFF34F8F00BF064BDB6803F4CE
:10453000E0620449044B1343CB60BFF34F8F00BFCD
:1045400000BFFDE700ED00E00400FA0580B582B091
:1045500000AF78607868FFF711FF00BF0837BD46ED
:1045600080BD80B586B000AF0346B9607A60FB734A
:1045700000237B61FFF726FF78617A68B968786964
:10458000FFF79AFF024697F90F3011461846FFF7DA
:1045900069FF00BF1837BD4680BD80B582B000AF4F
:1045A0000346FB7197F907301846FFF719FF00BF64
:1045B0000837BD4680BD80B582B000AF0346FB71B1
:1045C00097F907301846FFF729FF00BF0837BD46A7
:1045D00080BD80B500AFFFF7A3FF000080B500AF3E
:1045E0000E4B1B680D4A43F4007313600B4B1B68A2
:1045F0000A4A43F480631360084B1B68074A43F47C
:10460000807313600320FFF7A1FF00200BF034FD3F
:104610000BF006FD0023184680BD00BF003C0240A1
:1046200080B400AF064B1B781A46064B1B68134438
:10463000044A136000BFBD465DF8047B704700BFAD
:1046400064000020F001002080B400AF034B1B6821
:104650001846BD465DF8047B704700BFF00100209E
:1046600080B584B000AF7860FFF7EEFFB8607B687C
:10467000FB60FB68B3F1FF3F05D00A4B1B781A467D
:10468000FB681344FB6000BFFFF7DEFF0246BB6818
:10469000D31AFA689A42F7D800BF00BF1037BD4658
:1046A00080BD00BF6400002080B582B000AF78609C
:1046B0007B68002B01D101230EE07B685B79DBB2C4
:1046C000002B05D17B6800221A71786809F0A2FCE2
:1046D0007B6801225A71002318460837BD4680BD09
:1046E00080B584B000AF78607B68002B01D10123D6
:1046F0002BE17B6893F83D30DBB2002B06D17B6861
:10470000002283F83C20786809F0D4FC7B682422DE
:1047100083F83D207B681B681A687B681B6822F061
:1047200001021A607B681B681A687B681B6842F488
:1047300000421A607B681B681A687B681B6822F459
:1047400000421A60FFF73CFAF8607B685B68814AB8
:10475000934207D8FB68804A934294BF0123002309
:10476000DBB206E0FB687D4A934294BF012300233D
:10477000DBB2002B01D00123E7E0FB68784AA2FB03
:1047800003239B0CBB607B681B685B6823F03F01C5
:104790007B681B68BA680A435A607B681B681B6A9F
:1047A00023F03F017B685B686A4A934202D8BB688A
:1047B000013309E0BB684FF4967202FB03F3694AC8
:1047C000A2FB03239B0901337A6812680B4313622F
:1047D0007B681B68DB6923F44F4222F0FF027B6891
:1047E0005B685C498B4219D8FB68591E7B685B6823
:1047F0005B00B1FBF3F3591C40F6FC730B40002B3C
:104800000AD0FB68591E7B685B685B00B1FBF3F361
:104810000133C3F30B0351E004234FE07B689B6833
:10482000002B11D1FB68581E7B6859680B465B0052
:104830000B44B0FBF3F30133C3F30B03002B0CBFAA
:1048400001230023DBB212E0FB68581E7B68596825
:104850000B469B000B4499000B44B0FBF3F3013370
:10486000C3F30B03002B0CBF01230023DBB2002B8F
:1048700001D0012322E07B689B68002B0ED1FB68EE
:10488000581E7B6859680B465B000B44B0FBF3F382
:104890000133C3F30B0343F400430FE0FB68581EDE
:1048A0007B6859680B469B000B4499000B44B0FB96
:1048B000F3F30133C3F30B0343F44043796809680E
:1048C0001343CB617B681B681B6823F0C0017B68C6
:1048D000DA697B681B6A1A437B681B680A431A60A3
:1048E0007B681B689B6823F4034323F0FF037A680B
:1048F00011697A68D26811437A6812680B43936031
:104900007B681B68DB6823F0FF017B685A697B6862
:104910009B691A437B681B680A43DA607B681B68E3
:104920001A687B681B6842F001021A607B680022EB
:104930001A647B68202283F83D207B6800221A637A
:104940007B68002283F83E20002318461037BD46BE
:1049500080BD00BFA08601007F841E00FF083D00CF
:1049600083DE1B43D34D621080B483B000AF786008
:104970007B681B685B6903F08003802B03D17B6835
:104980001B6800221A6100BF0C37BD465DF8047B2E
:10499000704780B588B000AF78600023BB617B684A
:1049A0001B685B687B617B68DB6A3B617B6893F8B3
:1049B0003E30FB737B6893F83D30BB73FB7B102B61
:1049C00003D0FB7B402B40F0C1807B681B689B6958
:1049D000BB617B681B685B69FB61FB6903F00103DA
:1049E000002B0DD13B69B3F52A0F03D03B69B3F11E
:1049F0002A4F01D1012300E00023012B00F0328176
:104A0000FB6903F00103002B0CD07B695B0A03F008
:104A10000103002B06D0786801F098FC786800F05C
:104A20009BFD92E0FB69DB0803F00103002B09D03A
:104A30007B695B0A03F00103002B03D0786800F068
:104A400011FE82E0FB695B0803F00103002B09D033
:104A50007B695B0A03F00103002B03D0786800F048
:104A60002BFE72E0BB699B0803F00103002B3BD0D7
:104A70007B681B685B6803F40063B3F5006F00F0AC
:104A8000F380FB69DB0903F00103002B0FD07B6986
:104A90009B0A03F00103002B09D0FB699B0803F07C
:104AA0000103002B03D1786800F0F3F94DE0FB69B6
:104AB0009B0803F00103002B00F0D6807B695B0AA2
:104AC00003F00103002B00F0CF80BB7B212B03D12F
:104AD000786800F07AFAC7E0FB7B402B40F0C48096
:104AE000786800F0E8FABFE07B681B685B6803F455
:104AF0000063B3F5006F00F0B780FB699B0903F01A
:104B00000103002B0FD07B699B0A03F00103002BEC
:104B100009D0FB699B0803F00103002B03D17868DF
:104B200000F061FB11E0FB699B0803F00103002B1F
:104B300000F09A807B695B0A03F00103002B00F010
:104B40009380786800F017FC8EE08DE07B681B6C2A
:104B5000002B04D07B681B685B69FB6107E07B6806
:104B60001B689B69BB617B681B685B69FB61FB69B8
:104B70005B0803F00103002B12D07B695B0A03F092
:104B80000103002B0CD07B681B6C002B03D07B68CF
:104B90001B689B69BB61B969786800F0DCFF66E05F
:104BA000FB691B0903F00103002B09D07B695B0A39
:104BB00003F00103002B03D0786801F017F856E0EA
:104BC000BB7B212B02D0BB7B292B25D1FB69DB09C9
:104BD00003F00103002B0FD07B699B0A03F0010354
:104BE000002B09D0FB699B0803F00103002B03D1C4
:104BF000786800F0F2FE39E0FB699B0803F00103DE
:104C0000002B33D07B695B0A03F00103002B2DD00E
:104C1000786800F01FFF29E0FB699B0903F001039E
:104C2000002B0FD07B699B0A03F00103002B09D0F6
:104C3000FB699B0803F00103002B03D1786800F0A7
:104C40002AFF14E0FB699B0803F00103002B0ED040
:104C50007B695B0A03F00103002B08D0786800F041
:104C600058FF04E000BF02E000BF00E000BF2037B3
:104C7000BD4680BD80B58AB000AF78607B681B6898
:104C80005B693B627B681B685B68FB6100237B623E
:104C90007B6893F83E30FB763B6A1B0A03F0010306
:104CA000002B0ED0FB691B0A03F00103002B08D078
:104CB0007B6A43F001037B627B681B686FF4807240
:104CC0005A613B6A5B0A03F00103002B0ED0FB69BB
:104CD0001B0A03F00103002B08D07B6A43F0020398
:104CE0007B627B681B686FF400725A613B6A9B0AA7
:104CF00003F00103002B3FD0FB691B0A03F0010303
:104D0000002B39D0FB7EBB767B685B8D9BB27B61D1
:104D10007B6893F83D30FB747B681B6BFB60BB7E4C
:104D2000202B12D17B69002B0FD1FB7C212B08D0CB
:104D3000FB7C292B05D0FB7C282B06D1FB68212B83
:104D400003D1786801F082F816E07B681B686FF485
:104D500080625A617B6A43F004037B62FB7E102B06
:104D600002D0FB7E402B07D17B681B681A687B68EA
:104D70001B6842F400721A603B6ADB0A03F001030D
:104D8000002B0ED0FB691B0A03F00103002B08D097
:104D90007B6A43F008037B627B681B686FF40062E8
:104DA0005A617B6A002B08D07B681A6C7B6A1A43B5
:104DB0007B681A64786801F0BDF800BF2837BD46EB
:104DC00080BD80B483B000AF786000BF0C37BD46B3
:104DD0005DF8047B704780B483B000AF786000BF9B
:104DE0000C37BD465DF8047B704780B483B000AFDC
:104DF000786000BF0C37BD465DF8047B704780B417
:104E000083B000AF786000BF0C37BD465DF8047B0F
:104E1000704780B483B000AF78600B46FB701346D8
:104E20003B8000BF0C37BD465DF8047B704780B403
:104E300083B000AF786000BF0C37BD465DF8047BDF
:104E4000704780B483B000AF786000BF0C37BD46B8
:104E50005DF8047B704780B483B000AF786000BF1A
:104E60000C37BD465DF8047B704780B483B000AF5B
:104E7000786000BF0C37BD465DF8047B704780B496
:104E800083B000AF786000BF0C37BD465DF8047B8F
:104E9000704780B584B000AF78607B6893F83D3090
:104EA000FB737B6893F83E30BB737B68DB6ABB6047
:104EB0007B681B8D002B50D1FB7B212B4DD1BB6818
:104EC000082B1DD0BB68202B1AD0BB6813F5803F80
:104ED00016D07B681B685A687B681B6822F4E06206
:104EE0005A607B6811221A637B68002283F83E2097
:104EF0007B68202283F83D207868FFF762FF60E03E
:104F00007B681B685A687B681B6822F4E0625A6001
:104F10007B681B681A687B681B6842F400721A6021
:104F20007B6800221A637B68202283F83D207B681F
:104F300093F83E30DBB2402B07D17B68002283F828
:104F40003E207868FFF77DFF3BE07B68002283F816
:104F50003E207868FFF735FF33E0FB7B212B05D03F
:104F6000BB7B402B2DD1FB7B222B2AD17B685B8D19
:104F70009BB2002B08D17B681B685A687B681B6852
:104F800022F480625A601CE07B6893F83E30DBB20A
:104F9000402B03D1786800F08EF812E07B685B6AE2
:104FA0001A787B681B681A617B685B6A5A1C7B688D
:104FB0005A627B685B8D9BB2013B9AB27B685A85D3
:104FC000FFE700BF1037BD4680BD80B584B000AF9D
:104FD00078607B68DB6AFB607B6893F83D30DBB20E
:104FE000212B64D17B685B8D9BB2002B12D07B6838
:104FF0005B6A1A787B681B681A617B685B6A5A1C5B
:105000007B685A627B685B8D9BB2013B9AB27B687E
:105010005A854CE0FB68082B1DD0FB68202B1AD06A
:10502000FB6813F5803F16D07B681B685A687B6865
:105030001B6822F4E0625A607B6811221A637B6865
:10504000002283F83E207B68202283F83D20786888
:10505000FFF7B7FE2BE07B681B685A687B681B680C
:1050600022F4E0625A607B681B681A687B681B68E0
:1050700042F400721A607B6800221A637B68202267
:1050800083F83D207B6893F83E30DBB2402B07D19C
:105090007B68002283F83E207868FFF7D2FE06E0A6
:1050A0007B68002283F83E207868FFF78AFE00BF05
:1050B0001037BD4680BD80B584B000AF78607B6896
:1050C00093F83D30FB737B681B6D002B1DD17B6813
:1050D000DB6C012B0BD17B689B6CDAB27B681B68A5
:1050E0001A617B681B6D9A1C7B681A6577E07B6888
:1050F0009B6C9BB21B12DAB27B681B681A617B68DF
:105100001B6D5A1C7B681A6569E07B681B6D012B5F
:105110000BD17B689B6CDAB27B681B681A617B6879
:105120001B6D5A1C7B681A6559E07B681B6D022B4E
:1051300052D1FB7B222B0DD17B681B681A687B68E0
:105140001B6842F480721A607B681B6D5A1C7B6876
:105150001A6544E07B685B8D9BB2002B15D0FB7B0E
:10516000212B12D17B685B6A1A787B681B681A61F5
:105170007B685B6A5A1C7B685A627B685B8D9BB25A
:10518000013B9AB27B685A8529E07B685B8D9BB2B4
:10519000002B24D1FB7B212B21D17B681B685A6813
:1051A0007B681B6822F4E0625A607B681B681A689F
:1051B0007B681B6842F400721A607B6800221A63E5
:1051C0007B68202283F83D207B68002283F83E2004
:1051D0007868FFF736FE02E07868FFF7C5FB00BF8E
:1051E0001037BD4680BD80B584B000AF78607B6865
:1051F00093F83D30DBB2222B40F0B9807B68DB6A4C
:10520000FB607B685B8D9BB2BB60BB68032B21D9C5
:105210007B681B681A697B685B6AD2B21A707B680C
:105220005B6A5A1C7B685A627B685B8D9BB2013B50
:105230009AB27B685A857B685B8D9BB2032B40F0EA
:1052400096807B681B685A687B681B6822F48062C2
:105250005A608CE07B68DB6A022B7FD0BB68012B35
:1052600002D0BB68002B79D1786801F03DF8034685
:10527000002B4CD17B681B681A687B681B6822F482
:1052800080621A607B681B685A687B681B6822F41E
:10529000E0625A607B681B681A697B685B6AD2B2FD
:1052A0001A707B685B6A5A1C7B685A627B685B8DEC
:1052B0009BB2013B9AB27B685A857B68202283F8B7
:1052C0003D207B6893F83E30DBB2402B0AD17B68EF
:1052D000002283F83E207B6800221A637868FFF77B
:1052E000BAFD44E07B68002283F83E20FB68082B6F
:1052F00002D0FB68202B03D17B6800221A6302E0F6
:105300007B6812221A637868FFF765FD2FE07B68DF
:105310001B685A687B681B6822F4E0625A607B68ED
:105320001B681A697B685B6AD2B21A707B685B6A19
:105330005A1C7B685A627B685B8D9BB2013B9AB2B8
:105340007B685A857B68202283F83D207B68002299
:1053500083F83E207868FFF788FD08E07B681B68CB
:105360005A687B681B6822F480625A60FFE700BFBE
:105370001037BD4680BD80B584B000AF78607B68D3
:10538000DB6AFB607B685B8D9BB2042B1BD17B6867
:105390001B685A687B681B6822F480625A607B68CD
:1053A0001B681A697B685B6AD2B21A707B685B6A99
:1053B0005A1C7B685A627B685B8D9BB2013B9AB238
:1053C0007B685A85C4E07B685B8D9BB2032B29D137
:1053D0007B681B685A687B681B6822F480625A608D
:1053E000FB68042B0AD0FB68022B07D07B681B6884
:1053F0001A687B681B6822F480621A607B681B68ED
:105400001A697B685B6AD2B21A707B685B6A5A1C45
:105410007B685A627B685B8D9BB2013B9AB27B686A
:105420005A8595E07B685B8D9BB2022B7DD1FB6832
:10543000012B02D0FB68102B08D17B681B681A680F
:105440007B681B6822F480621A6016E0FB68042BFC
:1054500002D0FB68022B08D17B681B681A687B6846
:105460001B6842F480621A6007E07B681B681A6858
:105470007B681B6842F400721A607B681B681A69BB
:105480007B685B6AD2B21A707B685B6A5A1C7B6865
:105490005A627B685B8D9BB2013B9AB27B685A85EE
:1054A0007B681B681A697B685B6AD2B21A707B687A
:1054B0005B6A5A1C7B685A627B685B8D9BB2013BBE
:1054C0009AB27B685A857B681B685A687B681B6840
:1054D00022F440725A607B68202283F83D207B686A
:1054E00093F83E30DBB2402B0AD17B68002283F870
:1054F0003E207B6800221A637868FFF7ACFC27E047
:105500007B68002283F83E20FB68082B02D0FB68F2
:10551000202B03D17B6800221A6302E07B681222F1
:105520001A637868FFF757FC12E07B681B681A69FA
:105530007B685B6AD2B21A707B685B6A5A1C7B68B4
:105540005A627B685B8D9BB2013B9AB27B685A853D
:1055500000BF1037BD4680BD80B483B000AF786017
:105560007B6893F83E30DBB2402B17D17B681B6D14
:10557000002B09D17B685B6CDBB21A467B681B6829
:1055800002F0FE021A6167E07B685B6CDBB243F0FD
:105590000103DAB27B681B681A615DE07B681B69F6
:1055A000B3F5804F33D17B6893F83D30DBB2212BCC
:1055B00009D17B685B6CDBB21A467B681B6802F022
:1055C000FE021A6108E07B685B6CDBB243F001030A
:1055D000DAB27B681B681A617B685B6B002B04D0B6
:1055E0007B685B6BDB6B002B08D17B689B6B002BB4
:1055F00032D07B689B6BDB6B002B2DD07B681B68EC
:105600005A687B681B6842F400625A6024E07B6839
:105610001B6D002B0ED17B685B6C9BB2DB11DBB288
:1056200003F00603DBB263F00F03DAB27B681B689A
:105630001A6111E07B681B6D012B0DD17B685B6CDF
:105640009BB2DB11DBB203F00603DBB263F00E03A7
:10565000DAB27B681B681A6100BF0C37BD465DF883
:10566000047B704780B483B000AF78607B685B6C6C
:10567000DAB27B681B681A617B685B6B002B04D015
:105680007B685B6BDB6B002B08D17B689B6B002B13
:105690000CD07B689B6BDB6B002B07D07B681B6897
:1056A0005A687B681B6842F400625A6000BF0C377E
:1056B000BD465DF8047B704780B491B000AF786060
:1056C0007B6893F83E3087F83F307B68DB6ABB63CA
:1056D0007B681B6B7B637B6893F83D30DBB2222BCE
:1056E00040F069817B681B6D002B0FD197F83F302C
:1056F000402B0BD100233B637B681B685B693B63DA
:105700007B681B689B693B633B6B60E17B681B6D3F
:10571000002B1DD17B681B69B3F5404F18D10023C6
:10572000FB627B681B685B69FB627B681B689B692B
:10573000FB62FB6A7B681B681A687B681B6842F423
:1057400080721A607B681B6D5A1C7B681A653EE18B
:105750007B685B8D9BB2002B13D10023BB627B68FF
:105760001B685B69BB627B681B689B69BB62BB6A29
:105770007B681B681A687B681B6842F400721A60B9
:1057800015E17B685B8D9BB2012B40F08A80BB6B7F
:1057900013F5803F37D17B681B681A687B681B68EC
:1057A00022F480621A607B681B685B6803F4006304
:1057B000B3F5006F13D17B681B681A687B681B68A0
:1057C00022F480621A6000237B627B681B685B693D
:1057D0007B627B681B689B697B627B6AE7E00023D6
:1057E0003B627B681B685B693B627B681B689B69EB
:1057F0003B623B6A7B681B681A687B681B6842F4E3
:1058000000721A60D3E0BB6B082B2ED0BB6B202B31
:105810002BD07B6B122B02D1BB6B012B25D1BB6B29
:10582000042B0ED0BB6B022B0BD0BB6B102B08D004
:105830007B681B681A687B681B6822F480621A60A8
:1058400007E07B681B681A687B681B6842F480620B
:105850001A600023FB617B681B685B69FB617B68E6
:105860001B689B69FB61FB69A1E07B681B681A6888
:105870007B681B6822F480621A600023BB617B682E
:105880001B685B69BB617B681B689B69BB61BB690B
:105890007B681B681A687B681B6842F400721A6098
:1058A00085E07B685B8D9BB2022B4DD1BB6B042BDB
:1058B00016D0BB6B022B13D0BB6B102B10D07B68A8
:1058C0001B681A687B681B6822F480621A607B6818
:1058D0001B681A687B681B6842F400621A6007E064
:1058E0007B681B681A687B681B6842F480621A60D8
:1058F0007B681B685B6803F40063B3F5006F17D126
:10590000BB6B13F5803F0BD0BB6B012B08D0BB6B7F
:10591000082B05D0BB6B102B02D0BB6B202B07D103
:105920007B681B685A687B681B6842F480525A6027
:1059300000237B617B681B685B697B617B681B68FC
:105940009B697B617B6932E07B681B681A687B68B6
:105950001B6842F480621A607B681B685B6803F412
:105960000063B3F5006F17D1BB6B13F5803F0BD00D
:10597000BB6B012B08D0BB6B082B05D0BB6B102B6E
:1059800002D0BB6B202B07D17B681B685A687B68F1
:105990001B6842F480525A6000233B617B681B689D
:1059A0005B693B617B681B689B693B613B697B680A
:1059B00000221A650BE00023FB607B681B685B69B3
:1059C000FB607B681B689B69FB60FB68FFE700BFAF
:1059D0004437BD465DF8047B704780B584B000AFA6
:1059E00078607B6893F83D30FB737B685B8D9BB27E
:1059F000002B2BD07B685B6A1A787B681B681A6166
:105A00007B685B6A5A1C7B685A627B685B8D9BB2C1
:105A1000013B9AB27B685A857B685B8D9BB2002BF9
:105A200014D1FB7B292B11D17B681B685A687B68DA
:105A30001B6822F480625A607B6821221A637B68AB
:105A4000282283F83D207868FFF7CFF900BF103790
:105A5000BD4680BD80B483B000AF78607B685B8D4D
:105A60009BB2002B11D07B685B6A1A787B681B683D
:105A70001A617B685B6A5A1C7B685A627B685B8D23
:105A80009BB2013B9AB27B685A8500BF0C37BD467A
:105A90005DF8047B704780B584B000AF78607B68A8
:105AA00093F83D30FB737B685B8D9BB2002B2CD051
:105AB0007B681B681A697B685B6AD2B21A707B6864
:105AC0005B6A5A1C7B685A627B685B8D9BB2013BA8
:105AD0009AB27B685A857B685B8D9BB2002B14D190
:105AE000FB7B2A2B11D17B681B685A687B681B687B
:105AF00022F480625A607B6822221A637B68282223
:105B000083F83D207868FFF77AF900BF1037BD466B
:105B100080BD80B483B000AF78607B685B8D9BB242
:105B2000002B12D07B681B681A697B685B6AD2B253
:105B30001A707B685B6A5A1C7B685A627B685B8D53
:105B40009BB2013B9AB27B685A8500BF0C37BD46B9
:105B50005DF8047B704780B584B000AF7860396031
:105B60000023FB737B6893F83D30DBB203F028031E
:105B7000282B27D17B681B685A687B681B6822F436
:105B800080625A603B689B0803F00103002B01D13F
:105B90000123FB733B68DB0903F00103002B03D1F6
:105BA0007B68DB68BB8102E07B689B69BB817B68AB
:105BB000002283F83C20BA89FB7B19467868FFF7FE
:105BC00028F90EE00023BB607B681B685B69BB6043
:105BD0007B681B689B69BB60BB687B68002283F89D
:105BE0003C2000BF1037BD4680BD000080B584B0AA
:105BF00000AF78607B6893F83D30FB737B681B686F
:105C00005A687B681B6822F4E0625A600023BB601C
:105C10007B681B685B69BB607B681B681A687B6874
:105C20001B6842F001021A60BB687B681B681A6837
:105C30007B681B6822F480621A607B681B685B6863
:105C400003F40063B3F5006F72D1FB7B222B02D00B
:105C5000FB7B2A2B35D17B689B6B1B685B689AB2F8
:105C60007B685A857B685B8D9BB2002B05D07B6877
:105C70001B6C43F004027B681A647B681B685A68DB
:105C80007B681B6822F400625A607B689B6B184635
:105C9000FEF765FB0346012B49D07B689B6B694A85
:105CA0001A657B689B6B1846FEF737FB0346002B93
:105CB0003DD07B689B6B1B6D7A68926B1046984752
:105CC00035E07B685B6B1B685B689AB27B685A85C2
:105CD0007B685B8D9BB2002B05D07B681B6C43F00F
:105CE00004027B681A647B681B685A687B681B68BF
:105CF00022F400625A607B685B6B1846FEF72FFB4C
:105D00000346012B14D07B685B6B4E4A1A657B6897
:105D10005B6B1846FEF701FB0346002B08D07B683F
:105D20005B6B1B6D7A68526B1046984700E000BFB2
:105D30007B685B8D9BB2002B3ED07B681B685B69E8
:105D400003F00403042B12D17B681B681A697B687B
:105D50005B6AD2B21A707B685B6A5A1C7B685A62B3
:105D60007B685B8D9BB2013B9AB27B685A857B68EE
:105D70001B685B6903F04003402B12D17B681B68F2
:105D80001A697B685B6AD2B21A707B685B6A5A1CBC
:105D90007B685A627B685B8D9BB2013B9AB27B68E1
:105DA0005A857B685B8D9BB2002B05D07B681B6C92
:105DB00043F004027B681A647B681B6C002B03D0E1
:105DC000786800F0B7F839E0FB7B2A2B09D17B68B3
:105DD00000221A637B68282283F83D207868FFF749
:105DE0000EF87B6893F83D30DBB2282B11D17B682D
:105DF000154ADA627B6800221A637B68202283F8E6
:105E00003D207B68002283F83E207868FFF70FF87A
:105E100014E07B681B6B222B02D0FB7B222B0DD165
:105E20007B6800221A637B68202283F83D207B6810
:105E3000002283F83E207868FEF7E1FF00BF1037AC
:105E4000BD4680BD996101080000FFFF80B584B0A8
:105E500000AF78607B6893F83D30FB737B68DB6A4A
:105E6000BB60BB68082B02D0BB68202B29D1FB7B11
:105E7000282B26D17B682E4ADA627B681B685A6819
:105E80007B681B6822F4E0625A607B681B686FF4D1
:105E900080625A617B681B681A687B681B6822F401
:105EA00080621A607B6800221A637B68202283F874
:105EB0003D207B68002283F83E207868FEF7B7FF1C
:105EC00031E0FB7B212B29D17B68194ADA627B68A0
:105ED00021221A637B68202283F83D207B68002200
:105EE00083F83E207B681B685A687B681B6822F435
:105EF000E0625A607B681B686FF480625A617B685D
:105F00001B681A687B681B6822F480621A607868D4
:105F1000FEF72AFD7868FEF768FF04E07B681B68DF
:105F20006FF480625A6100BF1037BD4680BD00BF6C
:105F30000000FFFF80B584B000AF78607B6893F805
:105F40003D30FB737B6893F83E30BB73BB7B102BFB
:105F500002D0BB7B402B0AD1FB7B222B07D17B6875
:105F60001B681A687B681B6822F400621A60FB7B5E
:105F700003F02803282B07D17B6800221A637B6873
:105F8000282283F83D2015E07B681B685B6803F4DA
:105F90000063B3F5006F0AD0FB7B602B07D07B68F2
:105FA000202283F83D207B68002283F83E207B6816
:105FB00000221A637B681B685B6803F40063B3F517
:105FC000006F62D17B681B685A687B681B6822F48B
:105FD00000625A607B685B6B93F83530DBB2012B53
:105FE00020D07B685B6B6A4A1A657B685B6B1846DE
:105FF000FEF793F90346002B00F089807B681B684D
:106000001A687B681B6822F001021A607B682022F4
:1060100083F83D207B685B6B1B6D7A68526B104682
:10602000984774E07B689B6B594A1A657B689B6B49
:106030001846FEF772F90346002B68D07B681B6890
:106040005B6903F04003402B0BD17B681B681A6926
:106050007B685B6AD2B21A707B685B6A5A1C7B6889
:106060005A627B681B681A687B681B6822F0010211
:106070001A607B68202283F83D207B689B6B1B6D38
:106080007A68926B1046984741E07B6893F83D3000
:10609000DBB2602B25D17B68202283F83D207B6812
:1060A00000221A647B681B685B6903F04003402B85
:1060B0000BD17B681B681A697B685B6AD2B21A7065
:1060C0007B685B6A5A1C7B685A627B681B681A682B
:1060D0007B681B6822F001021A607868FEF7CFFE29
:1060E00015E07B681B685B6903F04003402B0BD114
:1060F0007B681B681A697B685B6AD2B21A707B681E
:106100005B6A5A1C7B685A627868FEF7AEFE7B6851
:106110001B6CBB60BB6803F00103002B0ED1BB6896
:1061200003F00203002B09D1BB6803F00403002B2A
:1061300004D1BB6803F00803002B07D07B681B6801
:106140005A687B681B6822F4E0625A607B6893F8A7
:106150003D30FB737B681B6C03F00403042B13D1ED
:10616000FB7B282B10D17B680A4ADA627B6800220D
:106170001A637B68202283F83D207B68002283F825
:106180003E207868FEF753FE00BF1037BD4680BD45
:10619000996101080000FFFF80B586B000AF78600C
:1061A0000023FB607B689B6B7B617B6993F83D30D0
:1061B000FB744B4B1B68DB084A4AA2FB03231A0AF9
:1061C00013469B001344DA00D31AFB60FB68002BD4
:1061D00006D17B691B6C43F020027B691A640AE0DC
:1061E000FB68013BFB607B691B681B6803F4007361
:1061F000B3F5007FEAD07B695B6B002B03D07B6932
:106200005B6B0022DA637B699B6B002B03D07B699D
:106210009B6B0022DA637B691B681A687B691B68C9
:1062200022F480621A607B6900225A857B695B6B6D
:10623000002B03D07B695B6B00221A657B699B6B2B
:10624000002B03D07B699B6B00221A657B691B685E
:106250001A687B691B6822F001021A607B6993F857
:106260003D30DBB2602B0ED17B69202283F83D20CC
:106270007B69002283F83E207B6900221A647869DA
:10628000FEF7FDFD27E0FB7C03F02803282B17D148
:106290007B691B681A687B691B6842F001021A60FF
:1062A0007B691B681A687B691B6842F480621A600C
:1062B0007B6900221A637B69282283F83D2007E06E
:1062C0007B69202283F83D207B69002283F83E20F1
:1062D0007869FEF7CAFD00BF1837BD4680BD00BF14
:1062E0005C00002089B5F81480B485B000AF7860F8
:1062F0000023FB60134B1B68DB08134AA2FB03233C
:106300001A0A13469B001344FB60FB68013BFB60C9
:10631000FB68002B07D17B681B6C43F020027B6875
:106320001A64012308E07B681B681B6803F4007390
:10633000B3F5007FE9D0002318461437BD465DF859
:10634000047B70475C00002089B5F81480B483B0EA
:1063500000AF78607B68DB6AB3F52A0F03D17B68F6
:106360000122DA6207E07B68DB6AB3F12A4F02D1CF
:106370007B680822DA6200BF0C37BD465DF8047BFB
:10638000704780B582B000AF78607B68002B01D188
:1063900001237BE07B685B6A002B08D17B685B682C
:1063A000B3F5827F09D07B680022DA6105E07B6863
:1063B00000221A617B6800225A617B6800229A627F
:1063C0007B6893F85130DBB2002B06D17B6800224A
:1063D00083F85020786807F067FF7B68022283F813
:1063E00051207B681B681A687B681B6822F040029A
:1063F0001A607B685B6803F482727B689B6803F4B5
:1064000004431A437B68DB6803F400631A437B6828
:106410001B6903F002031A437B685B6903F0010305
:106420001A437B689B6903F400731A437B68DB693A
:1064300003F038031A437B681B6A03F0800342EAC7
:1064400003017B689B6A03F400527B681B680A4364
:106450001A607B689B691B0C03F004017B685B6A14
:1064600003F010027B681B680A435A607B681B6854
:10647000DA697B681B6822F40062DA617B680022BB
:106480005A657B68012283F851200023184608379B
:10649000BD4680BD80B588B000AFF860B9603B6094
:1064A0001346FB80FEF7D0F8F861FB887B83FB681E
:1064B00093F85130DBB2012B01D002232AE1BB68F3
:1064C000002B02D0FB88002B01D1012322E1FB68C5
:1064D00093F85030012B01D102231BE1FB6801220C
:1064E00083F85020FB68032283F85120FB680022C8
:1064F0005A65FB68BA681A63FB68FA889A86FB6873
:10650000FA88DA86FB6800229A63FB6800229A8781
:10651000FB680022DA87FB6800225A64FB680022CD
:106520001A64FB689B68B3F5004F0FD1FB681B68CA
:106530001A68FB681B6822F040021A60FB681B683F
:106540001A68FB681B6842F480421A60FB681B688B
:106550001B6803F04003402B07D0FB681B681A68D8
:10656000FB681B6842F040021A60FB68DB68B3F509
:10657000006F52D1FB685B68002B02D07B8B012B34
:1065800045D1FB681B6B1A88FB681B68DA60FB68E7
:106590001B6B9A1CFB681A63FB68DB8E9BB2013B8A
:1065A0009AB2FB68DA8632E0FB681B689B6803F0EE
:1065B0000203022B12D1FB681B6B1A88FB681B6855
:1065C000DA60FB681B6B9A1CFB681A63FB68DB8E46
:1065D0009BB2013B9AB2FB68DA8618E0FEF734F80A
:1065E0000246FB69D31A3A689A4203D83B68B3F172
:1065F000FF3F02D13B68002B09D1FB68012283F8E1
:106600005120FB68002283F85020032382E0FB68BE
:10661000DB8E9BB2002BC7D153E0FB685B68002B7D
:1066200002D07B8B012B47D1FB681A6BFB681B6880
:106630000C3312781A70FB681B6B5A1CFB681A63C8
:10664000FB68DB8E9BB2013B9AB2FB68DA8633E0D3
:10665000FB681B689B6803F00203022B13D1FB68E5
:106660001A6BFB681B680C3312781A70FB681B6B83
:106670005A1CFB681A63FB68DB8E9BB2013B9AB223
:10668000FB68DA8618E0FDF7DFFF0246FB69D31AE4
:106690003A689A4203D83B68B3F1FF3F02D13B68A6
:1066A000002B09D1FB68012283F85120FB680022EE
:1066B00083F8502003232DE0FB68DB8E9BB2002B78
:1066C000C6D1FA693968F86800F0D8FB0346002B98
:1066D00002D0FB6820225A65FB689B68002B0AD118
:1066E00000237B61FB681B68DB687B61FB681B68C0
:1066F0009B687B617B69FB68012283F85120FB6802
:10670000002283F85020FB685B6D002B01D0012331
:1067100000E0002318462037BD4680BD80B588B014
:1067200002AFF860B9603B601346FB80FB6893F8EA
:106730005130DBB2012B01D0022304E1BB68002BF6
:1067400002D0FB88002B01D10123FCE0FB685B68D1
:10675000B3F5827F12D1FB689B68002B0ED1FB68DA
:10676000042283F85120FA883B6800931346BA68E4
:10677000B968F86800F0EBF80346E4E0FDF764FF61
:106780007861FB6893F85030012B01D10223DAE0E5
:10679000FB68012283F85020FB68042283F8512013
:1067A000FB6800225A65FB68BA689A63FB68FA883E
:1067B0009A87FB68FA88DA87FB6800221A63FB680D
:1067C00000229A86FB680022DA86FB6800221A649F
:1067D000FB6800225A64FB689B68B3F5004F0FD139
:1067E000FB681B681A68FB681B6822F040021A608D
:1067F000FB681B681A68FB681B6822F480421A60F9
:10680000FB681B681B6803F04003402B07D0FB6844
:106810001B681A68FB681B6842F040021A60FB683C
:10682000DB68002B70D135E0FB681B689B6803F0C8
:106830000103012B15D1FB681B6803F10C02FB68F7
:106840009B6B1278D2B21A70FB689B6B5A1CFB6868
:106850009A63FB68DB8F9BB2013B9AB2FB68DA87D5
:1068600018E0FDF7F1FE02467B69D31A3A689A42B6
:1068700003D83B68B3F1FF3F02D13B68002B09D13D
:10688000FB68012283F85120FB68002283F8502026
:10689000032358E0FB68DB8F9BB2002BC4D138E0A8
:1068A000FB681B689B6803F00103012B13D1FB6895
:1068B0001B68DA68FB689B6B92B21A80FB689B6B63
:1068C0009A1CFB689A63FB68DB8F9BB2013B9AB210
:1068D000FB68DA8718E0FDF7B7FE02467B69D31A3A
:1068E0003A689A4203D83B68B3F1FF3F02D13B6854
:1068F000002B09D1FB68012283F85120FB6800229C
:1069000083F8502003231EE0FB68DB8F9BB2002B33
:10691000C6D17A693968F86800F04AFA0346002B54
:1069200002D0FB6820225A65FB68012283F85120BF
:10693000FB68002283F85020FB685B6D002B01D0C0
:10694000012300E0002318461837BD4680BD80B5FE
:106950008AB000AFF860B9607A607B8001237B6207
:10696000FDF772FE3862FB6893F85130FB77FB68E5
:106970005B68BB617B88FB82FB7F012B0CD0BB6912
:10698000B3F5827F06D1FB689B68002B02D1FB7FA9
:10699000042B01D002237FE1BB68002B05D07B686C
:1069A000002B02D07B88002B01D1012374E1FB680E
:1069B00093F85030012B01D102236DE1FB680122D5
:1069C00083F85020FB6893F85130DBB2042B03D0DE
:1069D000FB68052283F85120FB6800225A65FB689A
:1069E0007A689A63FB687A88DA87FB687A889A877C
:1069F000FB68BA681A63FB687A88DA86FB687A886B
:106A00009A86FB6800221A64FB6800225A64FB68BD
:106A10001B681B6803F04003402B07D0FB681B6812
:106A20001A68FB681B6842F040021A60FB68DB686A
:106A3000B3F5006F7ED1FB685B68002B02D0FB8A48
:106A4000012B6CD1FB681B6B1A88FB681B68DA6032
:106A5000FB681B6B9A1CFB681A63FB68DB8E9BB29E
:106A6000013B9AB2FB68DA8659E0FB681B689B68B9
:106A700003F00203022B1BD1FB68DB8E9BB2002BC1
:106A800016D07B6A012B13D1FB681B6B1A88FB683D
:106A90001B68DA60FB681B6B9A1CFB681A63FB6857
:106AA000DB8E9BB2013B9AB2FB68DA8600237B62E5
:106AB000FB681B689B6803F00103012B19D1FB687D
:106AC000DB8F9BB2002B14D0FB681B68DA68FB6875
:106AD0009B6B92B21A80FB689B6B9A1CFB689A6353
:106AE000FB68DB8F9BB2013B9AB2FB68DA8701231C
:106AF0007B62FDF7A9FD02463B6AD31A3A6B9A42C4
:106B00000DD83B6BB3F1FF3F09D0FB68012283F83E
:106B10005120FB68002283F850200323BCE0FB686F
:106B2000DB8E9BB2002BA0D1FB68DB8F9BB2002BCE
:106B30009BD182E0FB685B68002B02D0FB8A012BB3
:106B400071D1FB681A6BFB681B680C3312781A70E2
:106B5000FB681B6B5A1CFB681A63FB68DB8E9BB2DD
:106B6000013B9AB2FB68DA865DE0FB681B689B68B4
:106B700003F00203022B1CD1FB68DB8E9BB2002BBF
:106B800017D07B6A012B14D1FB681A6BFB681B685A
:106B90000C3312781A70FB681B6B5A1CFB681A6363
:106BA000FB68DB8E9BB2013B9AB2FB68DA8600235E
:106BB0007B62FB681B689B6803F00103012B19D102
:106BC000FB68DB8F9BB2002B14D0FB681B68DA6874
:106BD000FB689B6BD2B21A70FB689B6B5A1CFB68FC
:106BE0009A63FB68DB8F9BB2013B9AB2FB68DA8742
:106BF00001237B62FDF728FD02463B6AD31A3A6BFC
:106C00009A4203D83B6BB3F1FF3F02D13B6B002BA1
:106C100009D1FB68012283F85120FB68002283F828
:106C20005020032338E0FB68DB8E9BB2002B9CD105
:106C3000FB68DB8F9BB2002B97D13A6A396BF868FF
:106C400000F01CF90346002B08D0FB6820225A658F
:106C5000FB68002283F8502001231DE0FB689B683D
:106C6000002B0AD100233B61FB681B68DB683B619A
:106C7000FB681B689B683B613B69FB68012283F8EA
:106C80005120FB68002283F85020FB685B6D002BCD
:106C900001D0012300E0002318462837BD4680BDFF
:106CA00080B588B000AFF860B9603B601346FB71F7
:106CB000FDF7CAFC0246BB6A9B1A3A681344FB61A3
:106CC000FDF7C2FCB861394B1B685B011B0DFA690B
:106CD00002FB03F37B6155E03B68B3F1FF3F51D00A
:106CE000FDF7B2FC0246BB69D31AFA699A4202D98F
:106CF000FB69002B3DD1FB681B685A68FB681B6869
:106D000022F0E0025A60FB685B68B3F5827F11D124
:106D1000FB689B68B3F5004F04D0FB689B68B3F534
:106D2000806F07D1FB681B681A68FB681B6822F03C
:106D300040021A60FB689B6AB3F5005F0FD1FB68E5
:106D40001B681A68FB681B6822F400521A60FB6813
:106D50001B681A68FB681B6842F400521A60FB68E3
:106D6000012283F85120FB68002283F8502003237E
:106D700018E07B69002B02D10023FB6102E07B69F4
:106D8000013B7B61FB681B689A68BB681340BA686B
:106D90009A420CBF01230023DBB21A46FB799A42C8
:106DA0009AD1002318462037BD4680BD5C000020E4
:106DB00080B586B002AFF860B9607A60FB685B6846
:106DC000B3F5827F11D1FB689B68B3F5004F04D007
:106DD000FB689B68B3F5806F07D1FB681B681A6876
:106DE000FB681B6822F040021A60FB685B68B3F521
:106DF000827F2AD1FB689B68B3F5806F12D07B68D5
:106E00000093BB6800228021F868FFF749FF034622
:106E1000002B2DD0FB685B6D43F02002FB685A65A8
:106E2000032326E07B680093BB6800220121F868F9
:106E3000FFF736FF0346002B1AD0FB685B6D43F06B
:106E40002002FB685A65032313E07B680093BB684C
:106E500000220121F868FFF723FF0346002B07D02B
:106E6000FB685B6D43F02002FB685A65032300E07A
:106E7000002318461037BD4680BD000080B588B09D
:106E800002AFF860B9607A607B680093BB6801224A
:106E90000221F868FFF704FF0346002B07D0FB68C8
:106EA0005B6D43F02002FB685A65032332E01B4B05
:106EB0001B681B4AA2FB03235B0D4FF47A7202FB93
:106EC00003F37B61FB685B68B3F5827F12D17B685B
:106ED0000093BB6800228021F868FFF7E1FE0346BB
:106EE000002B16D0FB685B6D43F02002FB685A65EF
:106EF00003230FE07B69002B0AD07B69013B7B6198
:106F0000FB681B689B6803F08003802BF2D000E0D5
:106F100000BF002318461837BD4680BD5C00002026
:106F2000819F5E1680B582B000AF78607B68002BD1
:106F300001D1012342E07B6893F84130DBB2002BA2
:106F400006D17B68002283F84020786807F0F6FDC0
:106F50007B68242283F841207B681B68DA687B68A1
:106F60001B6822F40052DA60786800F0FBFD7B6851
:106F70001B681A697B681B6822F490421A617B685F
:106F80001B685A697B681B6822F02A025A617B6879
:106F90001B68DA687B681B6842F40052DA607B6821
:106FA00000225A647B68202283F841207B682022DB
:106FB00083F842207B6800225A6300231846083772
:106FC000BD4680BD80B582B000AF78607B68002B85
:106FD00001D1012324E07B68242283F841207B68CF
:106FE0001B68DA687B681B6822F40052DA607868F4
:106FF00007F06EFE7B6800225A647B68002283F8EB
:1070000041207B68002283F842207B6800221A63BB
:107010007B6800225A637B68002283F840200023AB
:1070200018460837BD4680BD80B58AB002AFF8600B
:10703000B9603B601346FB8000237B61FB6893F8DB
:107040004130DBB2202B75D1BB68002B02D0FB880E
:10705000002B01D101236EE0FB6800225A64FB681B
:10706000212283F84120FDF7EFFA7861FB68FA8866
:107070009A84FB68FA88DA84FB689B68B3F5805FC2
:1070800008D1FB681B69002B04D10023FB61BB689E
:10709000BB6103E0BB68FB610023BB612EE03B6882
:1070A00000937B6900228021F86800F02DFB0346E5
:1070B000002B05D0FB68202283F8412003233AE00F
:1070C000FB69002B0BD1BB691B881A46FB681B6848
:1070D000C2F308025A60BB690233BB6107E0FB6977
:1070E0001A78FB681B685A60FB690133FB61FB6817
:1070F000DB8C9BB2013B9AB2FB68DA84FB68DB8CC9
:107100009BB2002BCBD13B6800937B6900224021CE
:10711000F86800F0F9FA0346002B05D0FB6820223E
:1071200083F84120032306E0FB68202283F84120F6
:10713000002300E0022318462037BD4680BD80B5FD
:1071400084B000AFF860B9601346FB80FB6893F829
:107150004230DBB2202B12D1BB68002B02D0FB885F
:10716000002B01D101230BE0FB6800221A63FB888E
:107170001A46B968F86800F020FB034600E00223D5
:1071800018461037BD4680BD80B5BAB000AF7860F4
:107190007B681B681B68C7F8E4307B681B68DB688A
:1071A000C7F8E0307B681B685B69C7F8DC300023F8
:1071B000C7F8D8300023C7F8D430D7F8E43003F04C
:1071C0000F03C7F8D830D7F8D830002B0FD1D7F835
:1071D000E43003F02003002B09D0D7F8E03003F0AF
:1071E0002003002B03D0786800F0FDFB73E2D7F892
:1071F000D830002B00F0DE80D7F8DC3003F001033C
:10720000002B06D1D7F8E03003F49073002B00F088
:10721000D180D7F8E43003F00103002B0BD0D7F86E
:10722000E03003F48073002B05D07B685B6C43F087
:1072300001027B685A64D7F8E43003F00403002BA2
:107240000BD0D7F8DC3003F00103002B05D07B68AE
:107250005B6C43F002027B685A64D7F8E43003F0B9
:107260000203002B0BD0D7F8DC3003F00103002B16
:1072700005D07B685B6C43F004027B685A64D7F8E6
:10728000E43003F00803002B11D0D7F8E03003F00E
:107290002003002B05D1D7F8DC3003F00103002BCD
:1072A00005D07B685B6C43F008027B685A647B689E
:1072B0005B6C002B00F00A82D7F8E43003F0200367
:1072C000002B08D0D7F8E03003F02003002B02D0C9
:1072D000786800F088FB7B681B685B6903F04003FB
:1072E000402B0CBF01230023DBB2C7F8D4307B68EE
:1072F0005B6C03F00803002B03D1D7F8D430002BCC
:107300004FD0786800F093FA7B681B685B6903F0E4
:107310004003402B41D17B681B681433C7F89C3075
:10732000D7F89C3053E8003FC7F89830D7F898302A
:1073300023F04003C7F8D0307B681B681433D7F8BC
:10734000D020C7F8A820C7F8A430D7F8A410D7F8E1
:10735000A82041E80023C7F8A030D7F8A030002BC0
:10736000D9D17B68DB6B002B13D07B68DB6B8A4A3F
:107370001A657B68DB6B1846FCF7CFFF0346002BD2
:1073800016D07B68DB6B1B6D7A68D26B1046984712
:107390000EE0786808F000F90AE0786808F0FCF878
:1073A00006E0786808F0F8F87B6800225A648DE1FE
:1073B00000BF8BE17B681B6B012B40F06781D7F826
:1073C000E43003F01003002B00F06081D7F8E030C8
:1073D00003F01003002B00F059810023BB607B6891
:1073E0001B681B68BB607B681B685B68BB60BB6815
:1073F0007B681B685B6903F04003402B40F0CE8044
:107400007B68DB6B1B685B68A7F8BE30B7F8BE30E3
:10741000002B00F0A9807B689B8DB7F8BE209A42B4
:1074200080F0A2807B68B7F8BE20DA857B68DB6BD2
:10743000DB69B3F5807F00F088807B681B680C33C4
:10744000C7F88830D7F8883053E8003FC7F8843051
:10745000D7F8843023F48073C7F8B8307B681B6892
:107460000C33D7F8B820C7F89420C7F89030D7F875
:107470009010D7F8942041E80023C7F88C30D7F853
:107480008C30002BD9D17B681B6814337B677B6FF2
:1074900053E8003F3B673B6F23F00103C7F8B4306C
:1074A0007B681B681433D7F8B420C7F88020FB67CB
:1074B000F96FD7F8802041E80023BB67BB6F002B32
:1074C000E1D17B681B6814333B663B6E53E8003F99
:1074D000FB65FB6D23F04003C7F8B0307B681B6889
:1074E0001433D7F8B020FA66BB66B96EFA6E41E87D
:1074F00000237B667B6E002BE3D17B68202283F820
:1075000042207B6800221A637B681B680C33FB6493
:10751000FB6C53E8003FBB64BB6C23F01003C7F85F
:10752000AC307B681B680C33D7F8AC20BA657B6540
:10753000796DBA6D41E800233B653B6D002BE3D1CB
:107540007B68DB6B1846FCF778FE7B6802225A6387
:107550007B689A8D7B68DB8D9BB2D31A9BB21946F0
:10756000786800F0C5F8B3E07B689B8DB7F8BE2063
:107570009A4240F0AD807B68DB6BDB69B3F5807FBE
:1075800040F0A6807B6802225A637B689B8D194677
:10759000786800F0ADF89BE0F57801087B689A8D7B
:1075A0007B68DB8D9BB2D31AA7F8CE307B68DB8D6E
:1075B0009BB2002B00F08E80B7F8CE30002B00F08D
:1075C00089807B681B680C33BB63BB6B53E8003F4F
:1075D0007B637B6B23F49073C7F8C8307B681B68B0
:1075E0000C33D7F8C8207A643B64396C7A6C41E874
:1075F0000023FB63FB6B002BE3D17B681B68143318
:107600007B627B6A53E8003F3B623B6A23F00103E5
:10761000C7F8C4307B681B681433D7F8C4203A63BA
:10762000FB62F96A3A6B41E80023BB62BB6A002B3C
:10763000E3D17B68202283F842207B6800221A6312
:107640007B681B680C333B613B6953E8003FFB6080
:10765000FB6823F01003C7F8C0307B681B680C334D
:10766000D7F8C020FA61BB61B969FA6941E8002323
:107670007B617B69002BE3D17B6802225A63B7F8F8
:10768000CE301946786800F033F823E0D7F8E430BC
:1076900003F08003002B09D0D7F8E03003F080031B
:1076A000002B03D0786800F036F914E0D7F8E43006
:1076B00003F04003002B0ED0D7F8E03003F0400376
:1076C000002B08D0786800F076F904E000BF02E0F3
:1076D00000BF00E000BFE837BD4680BD80B483B086
:1076E00000AF786000BF0C37BD465DF8047B704783
:1076F00080B483B000AF78600B467B8000BF0C374E
:10770000BD465DF8047B704780B586B000AFF86079
:10771000B9603B601346FB713BE03B6AB3F1FF3F4E
:1077200037D0FCF791FF02463B68D31A3A6A9A4277
:1077300002D33B6A002B01D103233AE0FB681B68AC
:10774000DB6803F00403002B23D0BB68802B20D020
:10775000BB68402B1DD0FB681B681B6803F0080347
:10776000082B16D100237B61FB681B681B687B61BB
:10777000FB681B685B687B617B69F86800F057F801
:10778000FB6808225A64FB68002283F8402001232A
:107790000FE0FB681B681A68BB681340BA689A421E
:1077A0000CBF01230023DBB21A46FB799A42B4D006
:1077B000002318461837BD4680BD80B485B000AFA1
:1077C000F860B9601346FB80FB68BA689A62FB6890
:1077D000FA889A85FB68FA88DA85FB6800225A6481
:1077E000FB68222283F84220FB681B69002B07D02C
:1077F000FB681B68DA68FB681B6842F48072DA6019
:10780000FB681B685A69FB681B6842F001025A61F9
:10781000FB681B68DA68FB681B6842F02002DA60CC
:10782000002318461437BD465DF8047B704780B4CA
:1078300095B000AF78607B681B680C337B637B6B13
:1078400053E8003F3B633B6B23F49073FB647B681E
:107850001B680C33FA6C3A64FB63F96B3A6C41E8D1
:107860000023BB63BB6B002BE5D17B681B68143323
:107870003B623B6A53E8003FFB61FB6923F0010375
:10788000BB647B681B681433BA6CFA62BB62B96A6A
:10789000FA6A41E800237B627B6A002BE5D17B68B2
:1078A0001B6B012B19D17B681B680C33FB60FB68D9
:1078B00053E8003FBB60BB6823F010037B647B6828
:1078C0001B680C337A6CBA617B617969BA6941E8EB
:1078D00000233B613B69002BE5D17B68202283F8C4
:1078E00042207B6800221A6300BF5437BD465DF812
:1078F000047B704780B584B000AF78607B689B6B79
:10790000FB60FB680022DA85F86807F045FE00BFDF
:107910001037BD4680BD80B485B000AF78607B680D
:1079200093F84130DBB2212B3ED17B689B68B3F5E5
:10793000805F14D17B681B69002B10D17B681B6AA8
:10794000FB60FB681B881A467B681B68C2F3080251
:107950005A607B681B6A9A1C7B681A6208E07B6825
:107960001B6A591C7A6811621A787B681B685A6016
:107970007B68DB8C9BB2013B9BB27A681946D18451
:10798000002B0FD17B681B68DA687B681B6822F0CC
:107990008002DA607B681B68DA687B681B6842F0EB
:1079A0004002DA60002300E0022318461437BD4687
:1079B0005DF8047B704780B582B000AF78607B686B
:1079C0001B68DA687B681B6822F04002DA607B681B
:1079D000202283F841207868FFF780FE00231846B4
:1079E0000837BD4680BD80B58CB000AF78600023FD
:1079F000FB620023BB627B6893F84230DBB2222B30
:107A000040F0AA807B689B68B3F5805F15D17B68E6
:107A10001B69002B11D17B689B6ABB627B681B686A
:107A20005B689BB2C3F308039AB2BB6A1A807B6897
:107A30009B6A9A1C7B689A6224E07B689B6AFB6263
:107A40007B689B68B3F5805F07D07B689B68002BE1
:107A50000AD17B681B69002B06D17B681B685B68B9
:107A6000DAB2FB6A1A7008E07B681B685B68DBB2FD
:107A700003F07F03DAB2FB6A1A707B689B6A5A1CB8
:107A80007B689A627B68DB8D9BB2013B9BB27A6814
:107A90001946D185002B5DD17B681B68DA687B684D
:107AA0001B6822F02002DA607B681B68DA687B685A
:107AB0001B6822F48072DA607B681B685A697B68F5
:107AC0001B6822F001025A617B68202283F8422061
:107AD0007B6800225A637B681B6B012B35D17B6866
:107AE00000221A637B681B680C337B617B6953E857
:107AF000003F3B613B6923F010037B627B681B689E
:107B00000C337A6A3A62FB61F9693A6A41E8002308
:107B1000BB61BB69002BE5D17B681B681B6803F068
:107B20001003102B0AD10023FB607B681B681B68C5
:107B3000FB607B681B685B68FB60FB687B689B8DF8
:107B400019467868FFF7D4FD02E0786807F0C8FCB2
:107B5000002302E0002300E0022318463037BD4630
:107B600080BD00002DE9B04FC0B000AFC7F8F400F1
:107B7000D7F8F4301B681B6923F44050D7F8F43071
:107B8000D968D7F8F4301A6840EA01031361D7F8CE
:107B9000F4309A68D7F8F4301B691A43D7F8F430F8
:107BA0005B691A43D7F8F430DB691343C7F8F83040
:107BB000D7F8F4301B68DB6823F4164121F00C0180
:107BC000D7F8F4301A68D7F8F8300B43D360D7F8F9
:107BD000F4301B685B6923F44070D7F8F43099697E
:107BE000D7F8F4301A6840EA01035361D7F8F4304B
:107BF0001A688F4B9A4205D0D7F8F4301A688D4B2B
:107C00009A4204D1FBF7F0FFC7F8FC0003E0FBF752
:107C1000D7FFC7F8FC00D7F8F430DB69B3F5004FA5
:107C200040F00C81D7F8FC300022C7F8E830C7F8E4
:107C3000EC20D7E93A4522462B469118B9655B41BD
:107C4000FB65D7E91623214612EB0108294643EBD1
:107C500001094FF000024FF000034FEAC90343EA65
:107C600058734FEAC80290469946234618EB03031F
:107C7000C7F8E0302B4649EB0303C7F8E430D7F8E8
:107C8000F4305B680022C7F8D830C7F8DC20D7E9A9
:107C900036120B46DB183B65134642EB03037B654C
:107CA000D7E91423D7E93801F8F758FE02460B4606
:107CB000614BA3FB02235B091C01D7F8FC300022B7
:107CC000C7F8D030C7F8D420D7E9348942464B46AC
:107CD0009118B9645B41FB64D7E91223414612EB6A
:107CE000010A494643EB010B4FF000024FF000033D
:107CF0004FEACB0343EA5A734FEACA0292469B46C5
:107D000043461AEB0303C7F8C8304B464BEB03035B
:107D1000C7F8CC30D7F8F4305B680022C7F8C03021
:107D2000C7F8C420D7E930120B46DB183B64134672
:107D300042EB03037B64D7E91023D7E93201F8F75C
:107D40000DFE02460B4611463B4BA3FB01235B098C
:107D5000642202FB03F3CB1ADB0003F13202364B41
:107D6000A3FB02235B095B0003F4F8731C44D7F800
:107D7000FC300022C7F8B830C7F8BC20D7E92E89FC
:107D800042464B469118B9635B41FB63D7E90E232A
:107D900041465118396349464B417B634FF000021D
:107DA0004FF00003D7E90CAB5946CB00514643EAEC
:107DB00051735146CA0010461946034642469B1865
:107DC000C7F8B0304B460A4642EB0303C7F8B4305D
:107DD000D7F8F4305B680022C7F8A830C7F8AC20A9
:107DE000D7E92A120B46DB18BB62134642EB0303AA
:107DF000FB62D7E90A23D7E92C01F8F7AFFD024669
:107E00000B460D4BA3FB02135B09642101FB03F33B
:107E1000D31ADB003233084AA2FB03235B0903F0C9
:107E20000702D7F8F4301B6822449A6006E100BFCD
:107E300000100140001401401F85EB51D7F8FC30C1
:107E40000022C7F8A030C7F8A420D7E92889424605
:107E50004B46911839625B417B62D7E90823414662
:107E60005418494643EB01054FF000024FF0000360
:107E7000EB0043EA5473E20014461D464346E31800
:107E8000C7F898304B4645EB0303C7F89C30D7F84A
:107E9000F4305B680022C7F89030C7F894204FF0A8
:107EA00000024FF00003D7E9244529468B00214604
:107EB00043EA917321468A00D7E92601F8F74EFD7F
:107EC00002460B46604BA3FB02235B091C01D7F85B
:107ED000FC300022C7F88830C7F88C20D7E9228907
:107EE00042464B469118B9615B41FB61D7E90623D5
:107EF00041465118396149464B417B614FF00002C0
:107F00004FF00003D7E904AB5946CB00514643EA92
:107F100051735146CA0010461946034642469B1803
:107F2000C7F880304B460A4642EB0303C7F884305B
:107F3000D7F8F4305B680022BB67FA674FF00002A5
:107F40004FF00003D7E91E8949468B00414643EABA
:107F5000917341468A00D7E92001F8F7FFFC0246F9
:107F60000B461146384BA3FB01235B09642202FB3D
:107F700003F3CB1A1B013233334AA2FB03235B0901
:107F800003F0F0031C44D7F8FC3000223B677A670B
:107F9000D7E91C8942464B469118B9605B41FB60AA
:107FA000D7E9022341465118396049464B417B606D
:107FB0004FF000024FF00003D7E900AB5946CB0069
:107FC000514643EA51735146CA00104619460346CA
:107FD00042469B18BB664B460A4642EB0303FB66D0
:107FE000D7F8F4305B6800223B667A664FF00002F7
:107FF0004FF00003D7E9188949468B00414643EA10
:10800000917341468A00D7E91A01F8F7A7FC0246A6
:108010000B460D4BA3FB02135B09642101FB03F329
:10802000D31A1B013233084AA2FB03235B0903F076
:108030000F02D7F8F4301B6822449A6000BF07F59E
:108040008077BD46BDE8B08F1F85EB5180B483B00B
:1080500000AF78607B6803F108027B685A607B6838
:108060004FF0FF329A607B6803F108027B68DA60A8
:108070007B6803F108027B681A617B6800221A6042
:1080800000BF0C37BD465DF8047B704780B483B0F9
:1080900000AF78607B6800221A6100BF0C37BD46D4
:1080A0005DF8047B704780B485B000AF78603960BC
:1080B0007B685B68FB603B68FA685A60FB689A689B
:1080C0003B689A60FB689B683A685A60FB683A684C
:1080D0009A603B687A681A617B681B685A1C7B68E7
:1080E0001A6000BF1437BD465DF8047B704780B44A
:1080F00085B000AF786039603B681B68BB60BB68C7
:10810000B3F1FF3F03D17B681B69FB600CE07B6828
:108110000833FB6002E0FB685B68FB60FB685B6840
:108120001B68BA689A42F6D2FB685A683B685A6084
:108130003B685B683A689A603B68FA689A60FB68DB
:108140003A685A603B687A681A617B681B685A1CF7
:108150007B681A6000BF1437BD465DF8047B70472A
:1081600080B485B000AF78607B681B69FB607B687A
:108170005B687A6892689A607B689B687A685268E4
:108180005A60FB685B687A689A4203D17B689A6898
:10819000FB685A607B6800221A61FB681B685A1EE4
:1081A000FB681A60FB681B6818461437BD465DF80B
:1081B000047B704780B584B000AF786039607B681D
:1081C000FB60FB68002B0BD14FF0500383F3118849
:1081D000BFF36F8FBFF34F8FBB6000BF00BFFDE7E2
:1081E00002F09AFAFB681A68FB68DB6BF968096CA5
:1081F00001FB03F31A44FB689A60FB6800229A6350
:10820000FB681A68FB685A60FB681A68FB68DB6BDE
:10821000013BF968096C01FB03F31A44FB68DA605F
:10822000FB68FF2283F84420FB68FF2283F8452087
:108230003B68002B14D1FB681B69002B1AD0FB682C
:108240001033184601F02AFA0346002B12D00D4BCA
:108250004FF080521A60BFF34F8FBFF36F8F09E06A
:10826000FB6810331846FFF7F1FEFB68243318460D
:10827000FFF7ECFE02F082FA012318461037BD46E4
:1082800080BD00BF04ED00E080B58EB002AFF860A5
:10829000B9607A603B60FB68002B0BD14FF0500354
:1082A00083F31188BFF36F8FBFF34F8FBB6200BFA3
:1082B00000BFFDE73B68002B0BD14FF0500383F369
:1082C0001188BFF36F8FBFF34F8F7B6200BF00BF7A
:1082D000FDE77B68002B02D0BB68002B01D0012397
:1082E00000E00023002B0BD14FF0500383F31188E3
:1082F000BFF36F8FBFF34F8F3B6200BF00BFFDE73F
:108300007B68002B02D1BB68002B01D1012300E068
:108310000023002B0BD14FF0500383F31188BFF3E0
:108320006F8FBFF34F8FFB6100BF00BFFDE7482396
:108330007B617B69482B0BD04FF0500383F311888E
:10834000BFF36F8FBFF34F8FBB6100BF00BFFDE76F
:108350007B693B68FB62FB6A002B0DD0FB6A012244
:1083600083F8462097F83820FB6A009313467A6812
:10837000B968F86800F040F8FB6A18463037BD4627
:1083800080BD80B58AB002AFF860B9601346FB715A
:10839000FB68002B0BD14FF0500383F31188BFF320
:1083A0006F8FBFF34F8F3B6100BF00BFFDE7FB68DE
:1083B000BA6802FB03F3FB61FB694833184601F01E
:1083C00089FEB861BB69002B11D0BB697B617B69F9
:1083D00048337B61BB69002283F84620FA79BB6988
:1083E000009313467A69B968F86800F005F8BB692C
:1083F00018462037BD4680BD80B584B000AFF86018
:10840000B9607A60FB70BB68002B03D1BB69BA69A5
:108410001A6002E0BB697A681A60BB69FA68DA63BD
:10842000BB69BA681A640121B869FFF7C3FE00BFCF
:108430001037BD4680BD80B582B000AF78607B68E4
:10844000002B0ED07B6800229A607B6800221A60A5
:108450007B680022DA60002300220021786800F0A7
:1084600037F800BF0837BD4680BD80B586B000AF85
:108470000346FB7101237B6100233B61FB791A46B4
:1084800039697869FFF77DFFF860F868FFF7D3FF77
:10849000FB6818461837BD4680BD80B588B002AF6E
:1084A00003463960FB7101237B6100233B61FB794B
:1084B00000933B68002239697869FFF7E5FEF860B0
:1084C000F868FFF7B8FFFB6818461837BD4680BD4F
:1084D00080B58EB000AFF860B9607A603B60002371
:1084E0007B63FB683B633B6B002B0BD14FF050036E
:1084F00083F31188BFF36F8FBFF34F8FBB6200BF51
:1085000000BFFDE7BB68002B03D13B6B1B6C002B4E
:1085100001D1012300E00023002B0BD14FF05003C9
:1085200083F31188BFF36F8FBFF34F8F7B6200BF60
:1085300000BFFDE73B68022B03D13B6BDB6B012BDC
:1085400001D1012300E00023002B0BD14FF0500399
:1085500083F31188BFF36F8FBFF34F8F3B6200BF70
:1085600000BFFDE701F062FA0346002B02D17B68F1
:10857000002B01D1012300E00023002B0BD14FF091
:10858000500383F31188BFF36F8FBFF34F8FFB61ED
:1085900000BF00BFFDE702F0BFF83B6B9A6B3B6B7F
:1085A000DB6B9A4202D33B68022B29D13A68B96847
:1085B000386B00F0C9FAF8623B6B5B6A002B10D095
:1085C0003B6B2433184601F069F80346002B13D0A7
:1085D0003F4B4FF080521A60BFF34F8FBFF36F8F46
:1085E0000AE0FB6A002B07D0394B4FF080521A602B
:1085F000BFF34F8FBFF36F8F02F0C0F8012363E02A
:108600007B68002B03D102F0B9F800235CE07B6BA0
:10861000002B06D107F11403184601F0A3F801233B
:108620007B6302F0ABF800F025FE02F075F83B6BBF
:1086300093F844305BB2B3F1FF3F03D13B6B0022B0
:1086400083F844203B6B93F845305BB2B3F1FF3FB6
:1086500003D13B6B002283F8452002F08FF83A1DCE
:1086600007F114031146184601F092F80346002B57
:1086700024D1386B00F060FB0346002B18D03B6B15
:1086800010337A681146184600F0E2FF386B00F0AC
:10869000EBFA00F0FDFD0346002B7FF47CAF0C4BA2
:1086A0004FF080521A60BFF34F8FBFF36F8F72E7A6
:1086B000386B00F0D9FA00F0EBFD6CE7386B00F096
:1086C000D3FA00F0E5FD002318463837BD4680BDDB
:1086D00004ED00E080B58EB000AF786039607B6853
:1086E0003B633B6B002B0BD14FF0500383F311889E
:1086F000BFF36F8FBFF34F8F3B6200BF00BFFDE73B
:108700003B6B1B6C002B0BD04FF0500383F3118895
:10871000BFF36F8FBFF34F8FFB6100BF00BFFDE75B
:108720003B6B1B68002B03D13B6B9B68002B01D17B
:10873000012300E00023002B0BD14FF0500383F303
:108740001188BFF36F8FBFF34F8FBB6100BF00BFB6
:10875000FDE702F0C1F8EFF311824FF0500383F30D
:108760001188BFF36F8FBFF34F8F7A613B617B69D5
:10877000FB623B6B9B6BBB623B6BDB6BBA6A9A42E7
:108780002BD23B6B93F8453087F82730BB6A5A1CD5
:108790003B6B9A6397F92730B3F1FF3F12D13B6BE4
:1087A0005B6A002B16D03B6B2433184600F076FF33
:1087B0000346002B0ED03B68002B0BD03B680122F8
:1087C0001A6007E097F827300133DBB25AB23B6BEF
:1087D00083F8452001237B6301E000237B63FB6A70
:1087E000FB60FB6883F3118800BF7B6B184638374A
:1087F000BD4680BD80B58EB000AF78603960002383
:108800007B637B68FB6200233B63FB6A002B0BD11D
:108810004FF0500383F31188BFF36F8FBFF34F8F77
:108820003B6200BF00BFFDE7FB6A1B6C002B0BD057
:108830004FF0500383F31188BFF36F8FBFF34F8F57
:10884000FB6100BF00BFFDE701F0F0F80346002B1D
:1088500002D13B68002B01D1012300E00023002B53
:108860000BD14FF0500383F31188BFF36F8FBFF329
:108870004F8FBB6100BF00BFFDE701F04DFFFB6AFA
:108880009B6BBB62BB6A002B24D0BB6A5A1EFB6A7F
:108890009A63FB6A1B68002B04D101F073FA02464D
:1088A000FB6A9A60FB6A1B69002B0FD0FB6A1033CE
:1088B000184600F0F3FE0346002B07D0544B4FF050
:1088C00080521A60BFF34F8FBFF36F8F01F056FFD6
:1088D000012398E03B68002B12D13B6B002B0BD09F
:1088E0004FF0500383F31188BFF36F8FBFF34F8FA7
:1088F0007B6100BF00BFFDE701F040FF002382E085
:108900007B6B002B06D107F10C03184600F02AFF01
:1089100001237B6301F032FF00F0ACFC01F0FCFEB0
:10892000FB6A93F844305BB2B3F1FF3F03D1FB6ABB
:10893000002283F84420FB6A93F845305BB2B3F120
:10894000FF3F03D1FB6A002283F8452001F016FFA8
:108950003A4607F10C031146184600F019FF03468A
:10896000002B32D1F86A00F0D1F90346002B26D053
:10897000FB6A1B68002B09D101F0CEFEFB6A9B68E5
:10898000184601F071F8386301F0F8FEFB6A2433F1
:108990003A681146184600F05BFEF86A00F064F988
:1089A00000F076FC0346002B7FF467AF184B4FF0C6
:1089B00080521A60BFF34F8FBFF36F8F5DE7F86A85
:1089C00000F052F900F064FC57E7F86A00F04CF947
:1089D00000F05EFCF86A00F099F90346002B3FF4C2
:1089E0004CAF3B6B002B0DD001F096FEF86A00F007
:1089F00093F87862FB6A9B68796A184601F032F94D
:108A000001F0BCFE002318463837BD4680BD00BFCC
:108A100004ED00E080B58EB000AFF860B9607A6018
:108A2000FB683B633B6B002B0BD14FF0500383F390
:108A30001188BFF36F8FBFF34F8F3B6200BF00BF42
:108A4000FDE7BB68002B03D13B6B1B6C002B01D1F6
:108A5000012300E00023002B0BD14FF0500383F3E0
:108A60001188BFF36F8FBFF34F8FFB6100BF00BF53
:108A7000FDE701F031FFEFF311824FF0500383F374
:108A80001188BFF36F8FBFF34F8FBA617B61BB69F2
:108A9000FB623B6B9B6BBB62BB6A002B2FD03B6BBB
:108AA00093F8443087F82730B968386B00F0B6F88F
:108AB000BB6A5A1E3B6B9A6397F92730B3F1FF3FAD
:108AC00012D13B6B1B69002B16D03B6B1033184641
:108AD00000F0E4FD0346002B0ED07B68002B0BD08A
:108AE0007B6801221A6007E097F827300133DBB278
:108AF0005AB23B6B83F8442001237B6301E00023DF
:108B00007B63FB6A3B613B6983F3118800BF7B6B2E
:108B100018463837BD4680BD80B485B000AF786058
:108B20007B685B6A002B06D07B681B6B1B68C3F1FC
:108B30000703FB6001E00023FB60FB681846143765
:108B4000BD465DF8047B704780B586B000AFF86025
:108B5000B9607A6000237B61FB689B6B3B61FB68BB
:108B60001B6C002B0DD1FB681B68002B4DD1FB68E3
:108B70009B68184600F0EEFF7861FB6800229A605F
:108B800043E07B68002B19D1FB685868FB681B6CBD
:108B90001A46B9680CF028FCFB685A68FB681B6C25
:108BA0001A44FB685A60FB685A68FB689B689A42E3
:108BB0002BD3FB681A68FB685A6026E0FB68D8680C
:108BC000FB681B6C1A46B9680CF00EFCFB68DA688F
:108BD000FB681B6C5B421A44FB68DA60FB68DA686E
:108BE000FB681B689A4207D2FB689A68FB681B6C9B
:108BF0005B421A44FB68DA607B68022B05D13B6953
:108C0000002B02D03B69013B3B613B695A1CFB686E
:108C10009A637B6918461837BD4680BD80B582B01F
:108C200000AF786039607B681B6C002B18D07B68C4
:108C3000DA687B681B6C1A447B68DA607B68DA68E8
:108C40007B689B689A4203D37B681A687B68DA600A
:108C50007B68D9687B681B6C1A4638680CF0C4FBCB
:108C600000BF0837BD4680BD80B584B000AF7860D6
:108C700001F052FD7B6893F84530FB7311E07B688F
:108C80005B6A002B12D07B682433184600F006FD87
:108C90000346002B01D000F0DFFDFB7B013BDBB284
:108CA000FB7397F90F30002BE9DC00E000BF7B6815
:108CB000FF2283F8452001F061FD01F02DFD7B6866
:108CC00093F84430BB7311E07B681B69002B12D012
:108CD0007B681033184600F0E1FC0346002B01D0FE
:108CE00000F0BAFDBB7B013BDBB2BB7397F90E30E2
:108CF000002BE9DC00E000BF7B68FF2283F8442002
:108D000001F03CFD00BF1037BD4680BD80B584B08A
:108D100000AF786001F000FD7B689B6B002B02D1F7
:108D20000123FB6001E00023FB6001F027FDFB68ED
:108D300018461037BD4680BD80B584B000AF78605E
:108D400001F0EAFC7B689A6B7B68DB6B9A4202D18C
:108D50000123FB6001E00023FB6001F00FFDFB68D5
:108D600018461037BD4680BD80B58EB004AFF860A0
:108D7000B9607A603B607B6B002B0BD14FF05003E6
:108D800083F31188BFF36F8FBFF34F8F3B6200BF38
:108D900000BFFDE7BB6B002B0BD14FF0500383F3FB
:108DA0001188BFF36F8FBFF34F8FFB6100BF00BF10
:108DB000FDE74FF4BC733B613B69B3F5BC7F0BD05F
:108DC0004FF0500383F31188BFF36F8FBFF34F8FC2
:108DD000BB6100BF00BFFDE73B69BB6B002B1ED032
:108DE0007B6B002B1BD0BB6B7B627B6A7A6B1A633D
:108DF0007B6A022283F87521002303937B6A029326
:108E000007F1140301933B6B00933B687A68B968E0
:108E1000F86800F051F8786A00F022F901E00023C8
:108E20007B617B6918462837BD4680BD80B58CB014
:108E300004AFF860B9603B601346FB80FB889B0081
:108E4000184601F047F978617B69002B0FD04FF489
:108E5000BC7001F03FF9F861FB69002B03D0FB699E
:108E60007A691A6305E0786901F008FA01E00023E5
:108E7000FB61FB69002B17D0FB69002283F8752189
:108E8000FA8800230393FB690293FB6A0193BB6A90
:108E900000933B68B968F86800F00EF8F86900F0D4
:108EA000DFF80123BB6102E04FF0FF33BB61BB6918
:108EB00018462037BD4680BD80B588B000AFF86049
:108EC000B9607A603B603B6B186B7B689B001A460D
:108ED000A521F8F735F83B6B1A6B7B6803F18043EB
:108EE000013B9B001344BB61BB6923F00703BB61DB
:108EF000BB6903F00703002B0BD04FF0500383F343
:108F00001188BFF36F8FBFF34F8F7B6100BF00BF2E
:108F1000FDE7BB68002B1FD00023FB6112E0BA689D
:108F2000FB69134419783A6BFB69134434330A46DE
:108F30001A70BA68FB6913441B78002B06D0FB69D2
:108F40000133FB61FB690F2BE9D900E000BF3B6BEC
:108F5000002283F8432003E03B6B002283F8342097
:108F6000BB6A062B01D90623BB623B6BBA6ADA6285
:108F70003B6BBA6A5A643B6B00229A643B6B0433C6
:108F80001846FFF783F83B6B18331846FFF77EF857
:108F90003B6B3A6B1A61BB6AC3F107023B6B9A6188
:108FA0003B6B3A6B5A623B6B0022DA643B6B0022EC
:108FB000C3F870213B6B002283F874213B6B503364
:108FC0004FF4907200211846F7F7BAFF3B6B214A25
:108FD0005A653B6B204A9A653B6B204ADA65396BD0
:108FE0004FF001024FF00003C1E93A233B6B43F21B
:108FF0000E32A3F8F0203B6B4AF6CD32A3F8F220F4
:109000003B6B41F23422A3F8F4203B6B4EF26D62CD
:10901000A3F8F6203B6B4DF6EC62A3F8F8203B6B0F
:109020000522A3F8FA203B6B0B22A3F8FC203A6838
:10903000F968B86901F042FA02463B6B1A60FB6AB4
:10904000002B02D0FB6A3A6B1A6000BF2037BD4686
:1090500080BD00BFA40000200C010020740100208E
:1090600080B582B000AF786001F056FB2A4B1B68D8
:109070000133294A1360294B1B68002B09D1274A69
:109080007B681360244B1B68012B10D100F00AFC95
:109090000DE0234B1B68002B09D1204B1B68DA6ABB
:1090A0007B68DB6A9A4202D81C4A7B6813601D4BBE
:1090B0001B6801331B4A13607B68DB6A01229A40FC
:1090C000194B1B681343184A13607B68DA6A13460E
:1090D0009B0013449B00154A1A447B6804331946CD
:1090E0001046FEF7E0FF01F049FB0D4B1B68002B1B
:1090F0000ED00A4B1B68DA6A7B68DB6A9A4207D299
:109100000B4B4FF080521A60BFF34F8FBFF36F8F3E
:1091100000BF0837BD4680BDF4020020F4010020E6
:109120000003002010030020FC020020F8010020B2
:1091300004ED00E080B584B000AF78600023FB60F0
:109140007B68002B18D0144B1B68002B0BD04FF002
:10915000500383F31188BFF36F8FBFF34F8FBB6052
:1091600000BF00BFFDE700F085F80021786800F03F
:109170001DFE00F08DF8F860FB68002B07D1074B4F
:109180004FF080521A60BFF34F8FBFF36F8F00BF55
:109190001037BD4680BD00BF1C03002004ED00E079
:1091A00080B58AB004AF0023BB6000237B603A46E1
:1091B000391D07F10803184602F0CEFA39687B68BA
:1091C000BA68029201930023009300230A462149C2
:1091D0002148FFF7C9FD0346204A13601F4B1B6857
:1091E000002B02D001237B6101E000237B617B69BE
:1091F000012B1BD14FF0500383F31188BFF36F8F06
:10920000BFF34F8F3B6100BF154B1B685033154AAE
:109210001360154B4FF0FF321A60144B01221A6095
:10922000134B00221A6001F0D3F90FE07B69B3F110
:10923000FF3F0BD14FF0500383F31188BFF36F8FC3
:10924000BFF34F8FFB6000BF00BFFDE700BF1837C3
:10925000BD4680BD0C5E020871980108180300200D
:10926000F40100200C000020140300200003002063
:10927000F802002080B400AF044B1B680133034A9E
:10928000136000BFBD465DF8047B70471C030020DF
:1092900080B584B000AF0023FB600023BB60424B6D
:1092A0001B68002B0BD14FF0500383F31188BFF3E1
:1092B0006F8FBFF34F8F3B6000BF00BFFDE701F032
:1092C0002BFA394B1B68013B374A1360364B1B683E
:1092D000002B61D1354B1B68002B5DD02EE0344B49
:1092E000DB68DB68FB60FB6818331846FEF738FF65
:1092F000FB6804331846FEF733FFFB68DB6A012284
:109300009A402C4B1B6813432A4A1360FB68DA6AA5
:1093100013469B0013449B00274A1A44FB680433FE
:1093200019461046FEF7BFFEFB68DA6A234B1B683E
:10933000DB6A9A4202D3224B01221A601C4B1B6843
:10934000002BCCD1FB68002B01D000F04FFB1D4B54
:109350001B687B607B68002B10D000F037F8034659
:10936000002B02D0164B01221A607B68013B7B6008
:109370007B68002BF1D1134B00221A60104B1B6845
:10938000002B09D00123BB600F4B4FF080521A60B5
:10939000BFF34F8FBFF36F8F01F0F0F9BB68184632
:1093A0001037BD4680BD00BF1C030020F402002022
:1093B000B4020020FC020020F8010020F40100208B
:1093C000080300200403002004ED00E080B586B00F
:1093D00000AF00237B614F4B1B68002B40F08F8058
:1093E0004D4B1B6801333B614B4A3B6913603B6942
:1093F000002B21D1494B1B681B68002B0BD04FF071
:10940000500383F31188BFF36F8FBFF34F8F3B601F
:1094100000BF00BFFDE7414B1B68FB60404B1B6872
:109420003E4A13603E4AFB6813603E4B1B680133A3
:109430003C4A136000F0DAFA3B4B1B683A699A42E7
:1094400048D3364B1B681B68002B04D1364B4FF0BA
:10945000FF321A603EE0314B1B68DB68DB68BB60A3
:10946000BB685B687B603A697B689A4203D22E4A8C
:109470007B6813602EE0BB6804331846FEF770FE6D
:10948000BB689B6A002B04D0BB6818331846FEF7F4
:1094900067FEBB68DB6A01229A40244B1B681343BA
:1094A000224A1360BB68DA6A13469B0013449B0090
:1094B0001F4A1A44BB68043319461046FEF7F3FDF1
:1094C000BB68DA6A1B4B1B68DB6A9A42B9D301237B
:1094D0007B61B6E7174B1B68DA6A154913469B0098
:1094E00013449B000B441B68012B01D901237B61B2
:1094F000114B1B68002B07D001237B6104E00F4B4D
:109500001B6801330D4A13607B6918461837BD4646
:1095100080BD00BF1C030020F8020020AC02002028
:10952000B00200200C03002014030020FC020020E5
:10953000F8010020F40100200803002004030020AB
:1095400080B588B000AF3C4B1B68002B03D03B4B71
:1095500001221A606CE0394B00221A60384B1B68FC
:109560001B6BFB614FF0A533BB61FB691B68BA69DC
:109570009A4211D1FB6904331B68BA699A420BD134
:10958000FB6908331B68BA699A4205D1FB690C3341
:109590001B68BA699A4208D0294B1A68284B1B6885
:1095A00034331946104602F0C4F8264B1B68FB60A2
:1095B000FB68B3FA83F3FB72FB7AC3F11F037B6191
:1095C00021497A6913469B0013449B000B441B6896
:1095D000002B0BD14FF0500383F31188BFF36F8F33
:1095E000BFF34F8F7B6000BF00BFFDE77A69134672
:1095F0009B0013449B00144A13443B613B695B6826
:109600005A683B695A603B695A683B6908339A4219
:1096100004D13B695B685A683B695A603B695B6887
:10962000DB68074A1360064B1B685033074A136018
:1096300000BF2037BD4680BD1C030020080300206A
:10964000F4010020FC020020F80100200C000020A2
:1096500080B584B000AF786039607B68002B0BD197
:109660004FF0500383F31188BFF36F8FBFF34F8F19
:10967000FB6000BF00BFFDE7074B1B6818331946AE
:109680007868FEF734FD0121386800F08FFB00BFD9
:109690001037BD4680BD00BFF401002080B586B004
:1096A00000AF78607B68DB68DB683B613B69002B5F
:1096B0000BD14FF0500383F31188BFF36F8FBFF3CB
:1096C0004F8FFB6000BF00BFFDE73B6918331846B2
:1096D000FEF746FD1D4B1B68002B1CD13B69043374
:1096E0001846FEF73DFD3B69DB6A01229A40184BA4
:1096F0001B681343164A13603B69DA6A13469B00E2
:1097000013449B00134A1A443B690433194610461C
:10971000FEF7C9FC05E03B69183319460E48FEF711
:10972000C2FC3B69DA6A0D4B1B68DB6A9A4205D9B9
:1097300001237B610A4B01221A6001E000237B6157
:109740007B6918461837BD4680BD00BF1C0300204A
:10975000FC020020F8010020B4020020F4010020E7
:109760000803002080B483B000AF7860064B1A680D
:109770007B681A60054B1A687B685A6000BF0C371B
:10978000BD465DF8047B70470C030020F802002002
:1097900080B588B000AF786039607B68002B0BD152
:1097A0004FF0500383F31188BFF36F8FBFF34F8FD8
:1097B0003B6100BF00BFFDE73B68002B0BD14FF0C2
:1097C000500383F31188BFF36F8FBFF34F8FFB609C
:1097D00000BF00BFFDE700F09FFF1D4B1B68BB6192
:1097E0007B685B68BA69D31A7B613B681B68B3F11D
:1097F000FF3F02D10023FB6123E07B681A68154B11
:109800001B689A4207D07B685B68BA699A4202D3A8
:109810000123FB6115E03B681B687A699A420BD211
:109820003B681A687B69D21A3B681A607868FFF750
:1098300099FF0023FB6104E03B6800221A600123CA
:10984000FB6100F09BFFFB6918462037BD4680BDD9
:10985000F80200200C03002080B400AF034B01226B
:109860001A6000BFBD465DF8047B70470803002006
:1098700080B582B000AF786000F054F8074B1B68E9
:10988000012B07D9064B4FF080521A60BFF34F8F60
:10989000BFF36F8F01F046FFEEE700BFF801002035
:1098A00004ED00E080B582B000AF00237B600CE0E7
:1098B0007A6813469B0013449B00124A13441846CF
:1098C000FEF7C4FB7B6801337B607B68062BEFD916
:1098D0000D48FEF7BBFB0D48FEF7B8FB0C48FEF742
:1098E000B5FB0C48FEF7B2FB0B48FEF7AFFB0B4B8A
:1098F000054A1A600A4B054A1A6000BF0837BD4680
:1099000080BD00BFF80100208402002098020020E2
:10991000B4020020C8020020E0020020AC020020B7
:10992000B002002080B582B000AF19E000F0F4FE74
:10993000104BDB68DB687B607B6804331846FEF7FE
:109940000FFC0D4B1B68013B0B4A13600B4B1B6854
:10995000013B0A4A136000F011FF786800F010F82C
:10996000064B1B68002BE1D100BF00BF0837BD4686
:1099700080BD00BFC8020020F4020020DC020020ED
:1099800080B584B000AF78607B6850331846F7F735
:10999000EFFA7B6893F87531002B08D17B681B6B5D
:1099A000184600F06BFC786800F068FC19E07B68F2
:1099B00093F87531012B03D1786800F05FFC10E05B
:1099C0007B6893F87531022B0BD04FF0500383F373
:1099D0001188BFF36F8FBFF34F8FFB6000BF00BFD5
:1099E000FDE700BF1037BD4680BD000080B483B0E6
:1099F00000AF0C4B1B681B68002B04D10A4B4FF0C7
:109A0000FF321A6008E0074B1B68DB68DB687B608D
:109A10007B685B68044A136000BF0C37BD465DF885
:109A2000047B7047AC0200201403002080B483B094
:109A300000AF0B4B1B68002B02D101237B6008E0B9
:109A4000084B1B68002B02D102237B6001E000233E
:109A50007B607B6818460C37BD465DF8047B704719
:109A6000000300201C03002080B584B000AF7860A4
:109A70007B68BB600023FB607B68002B5ED0BB680B
:109A8000DA6A314B1B68DB6A9A424ED2BB689B692B
:109A9000002B06DB2C4B1B68DB6AC3F10702BB689B
:109AA0009A61BB685969BB68DA6A13469B00134424
:109AB0009B00264A134499422FD1BB6804331846B1
:109AC000FEF74EFB0346002B0AD1BB68DB6A01227E
:109AD00002FA03F3DA431E4B1B6813401C4A13605F
:109AE000194B1B68DA6ABB68DA62BB68DB6A012261
:109AF0009A40174B1B681343154A1360BB68DA6A18
:109B000013469B0013449B00104A1A44BB6804335D
:109B100019461046FEF7C7FA04E00B4B1B68DA6AD9
:109B2000BB68DA620123FB6008E0BB685A6C064B35
:109B30001B68DB6A9A4201D20123FB60FB6818466E
:109B40001037BD4680BD00BFF4010020F8010020A1
:109B5000FC02002080B586B000AF78607B683B6176
:109B600000237B617B68002B70D03B4B1B683A69FC
:109B70009A420BD04FF0500383F31188BFF36F8FDD
:109B8000BFF34F8FFB6000BF00BFFDE73B699B6CDD
:109B9000002B0BD14FF0500383F31188BFF36F8F6D
:109BA000BFF34F8FBB6000BF00BFFDE73B699B6CFD
:109BB0005A1E3B699A643B69DA6A3B695B6C9A425C
:109BC00044D03B699B6C002B40D13B690433184661
:109BD000FEF7C6FA0346002B15D13B69DA6A1F4926
:109BE00013469B0013449B000B441B68002B0AD1B7
:109BF0003B69DB6A012202FA03F3DA43184B1B6864
:109C00001340174A13603B695A6C3B69DA623B693F
:109C1000DB6AC3F107023B699A613B69DB6A012297
:109C20009A400F4B1B6813430D4A13603B69DA6A75
:109C300013469B0013449B00084A1A443B690433B3
:109C400019461046FEF72FFA01237B617B691846FF
:109C50001837BD4680BD00BFF4010020F801002088
:109C6000FC02002080B588B000AF786039607B6866
:109C7000BB6101237B617B68002B79D0BB699B6C46
:109C8000002B0BD14FF0500383F31188BFF36F8F7C
:109C9000BFF34F8FFB6000BF00BFFDE7BB695B6C8C
:109CA0003A689A4202D93B68FB6102E0BB695B6C8F
:109CB000FB61BB69DB6AFA699A4259D0BB699B6C4C
:109CC0007A699A4254D12C4B1B68BA699A420BD1DB
:109CD0004FF0500383F31188BFF36F8FBFF34F8FA3
:109CE000BB6000BF00BFFDE7BB69DB6A3B61BB69CE
:109CF000FA69DA62BB699B69002B04DBFB69C3F17B
:109D00000702BB699A61BB6959693A6913469B00AE
:109D100013449B00194A1344994229D1BB69043367
:109D20001846FEF71DFA0346002B0AD1BB69DB6A11
:109D3000012202FA03F3DA43114B1B681340104A65
:109D40001360BB69DB6A01229A400D4B1B68134309
:109D50000B4A1360BB69DA6A13469B0013449B00ED
:109D6000064A1A44BB69043319461046FEF79BF9AC
:109D700000BF2037BD4680BDF4010020F80100205F
:109D8000FC02002080B400AF074B1B68002B04D0FE
:109D9000054B1B689A6C01329A64034B1B6818468A
:109DA000BD465DF8047B7047F401002080B584B0A7
:109DB00000AF78603960294B1B68FB60284B1B683B
:109DC00004331846FEF7CCF90346002B0BD1244B85
:109DD0001B68DB6A012202FA03F3DA43214B1B689A
:109DE0001340204A13607B68B3F1FF3F0AD13B6800
:109DF000002B07D01A4B1B68043319461A48FEF78C
:109E000052F926E0FA687B681344BB60144B1B6868
:109E1000BA685A60BA68FB689A4209D2134B1A684A
:109E20000F4B1B68043319461046FEF760F910E02B
:109E30000F4B1A680A4B1B68043319461046FEF78D
:109E400056F90C4B1B68BA689A4202D2094ABB68A1
:109E5000136000BF1037BD4680BD00BFF802002070
:109E6000F4010020FC020020E0020020B0020020EB
:109E7000AC0200201403002080B485B000AF03467C
:109E8000FB800023FB60B7F90630842B05D0B7F9BF
:109E90000620FB6813440333FB60FB681846143745
:109EA000BD465DF8047B704780B483B000AFEFF32C
:109EB00005837B607B68002B14BF01230023DBB28A
:109EC00018460C37BD465DF8047B704780B500AF7F
:109ED000FFF766F90023184680BDF0B589B004AFDE
:109EE000786039607B685B69002B20D07B689B6958
:109EF000002B1CD07B685C687B681D687B681E69D2
:109F00007B68B3F908301846FFF7B6FF01467B6857
:109F10005B697A6892690292019300913B683246CC
:109F200029462046FEF720FF0346FB601CE07B68C5
:109F30005C687B681D687B681B699EB27B68B3F9AF
:109F400008301846FFF798FF024607F10C0301930B
:109F500000923B68324629462046FEF767FF0346DB
:109F6000012B01D0002300E0FB6818461437BD46E2
:109F7000F0BD80B584B000AF78607B68FB60FB68A3
:109F8000002B01D0FB6800E001231846FFF7D2F850
:109F9000002318461037BD4680BD80B582B000AFA3
:109FA00078607B685B68002B07D07B685B6819462C
:109FB0000120FEF772FA034603E00120FEF755FA8E
:109FC000034618460837BD4680BD000080B584B002
:109FD00000AF786039600023BB607B68002B01D143
:109FE00080233AE00023FB603B68B3F1FF3F03D1DD
:109FF0004FF0FF33FB6009E03B68002B06D03B6865
:10A00000FB60FB68002B01D10123FB60FFF74CFFD5
:10A010000346002B17D007F108031A460021786881
:10A02000FEF7F8FC0346012B01D0FF2315E0BB68C7
:10A03000002B11D00B4B4FF080521A60BFF34F8FA3
:10A04000BFF36F8F08E0F9687868FEF7D3FB03462B
:10A05000012B01D0FF2300E0002318461037BD4636
:10A0600080BD00BF04ED00E080B584B000AF786033
:10A070000023FB600023BB60FFF716FF0346002BA5
:10A0800016D007F1080319467868FEF723FB03464C
:10A09000012B01D0FF2317E0BB68002B13D00C4B22
:10A0A0004FF080521A60BFF34F8FBFF36F8F0AE0FB
:10A0B0000023002200217868FEF70AFA0346012BEC
:10A0C00001D0FF23FB60FB6818461037BD4680BDFA
:10A0D00004ED00E080B58AB000AF78600023FB613A
:10A0E000FFF7C8F85F4B1B68002B01D100F02AF97D
:10A0F0005D4B1A687B681340002B40F095807B68AD
:10A10000002B1ED008227B6813447B607B6803F021
:10A110000703002B15D07B6823F0070308337B600F
:10A120007B6803F00703002B0BD04FF0500383F341
:10A130001188BFF36F8FBFF34F8F7B6100BF00BFEC
:10A14000FDE77B68002B6FD0484B1B687A689A420A
:10A150006AD8474B3B62464B1B687B6204E07B6AD4
:10A160003B627B6A1B687B627B6A5B687A689A42A7
:10A1700003D97B6A1B68002BF1D13A4B1B687A6AC2
:10A180009A4251D03B6A1B6808221344FB617B6AE8
:10A190001A683B6A1A607B6A5A687B68D21A08237D
:10A1A0005B009A4220D97A6A7B681344BB61BB6921
:10A1B00003F00703002B0BD04FF0500383F31188FB
:10A1C000BFF36F8FBFF34F8F3B6100BF00BFFDE751
:10A1D0007B6A5A687B68D21ABB695A607B6A7A6864
:10A1E0005A60B86900F010F9204B1A687B6A5B6806
:10A1F000D31A1E4A13601D4B1A681E4B1B689A42E5
:10A2000003D21A4B1B681B4A13607B6A5A68164BB1
:10A210001B681A437B6A5A607B6A00221A60164BDD
:10A220001B680133144A1360FFF732F8FB69002BF7
:10A2300001D101F089FAFB6903F00703002B0BD071
:10A240004FF0500383F31188BFF36F8FBFF34F8F2D
:10A25000FB6000BF00BFFDE7FB6918462837BD461D
:10A2600080BD00BFE04A0020F44A0020E44A0020FC
:10A27000D84A0020E84A0020EC4A002080B586B089
:10A2800000AF78607B687B617B68002B4FD0082330
:10A290005B427A6913447B617B693B613B695A6825
:10A2A000254B1B681340002B0BD14FF0500383F359
:10A2B0001188BFF36F8FBFF34F8FFB6000BF00BFEC
:10A2C000FDE73B691B68002B0BD04FF0500383F375
:10A2D0001188BFF36F8FBFF34F8FBB6000BF00BF0C
:10A2E000FDE73B695A68144B1B681340002B1ED0D6
:10A2F0003B691B68002B1AD13B695A680E4B1B68DF
:10A30000DB431A403B695A60FEF7B4FF3B695A6869
:10A310000A4B1B681344094A1360386900F074F84B
:10A32000074B1B680133064A1360FEF7B1FF00BFFD
:10A330001837BD4680BD00BFF44A0020E44A002023
:10A34000F04A002080B485B000AF44F2B873BB601F
:10A35000274BFB60FB6803F00703002B0CD0FB6866
:10A360000733FB60FB6823F00703FB60BA68FB68F8
:10A37000D31A1F4A1344BB60FB687B601D4A7B688D
:10A3800013601C4B00225A607B68BA681344FB6060
:10A390000822FB689B1AFB60FB6823F00703FB6045
:10A3A000FB68154A1360144B1B6800225A60124B5D
:10A3B0001B6800221A607B683B603B68FA68D21A0F
:10A3C0003B685A600C4B1A683B681A603B685B68D4
:10A3D0000A4A13603B685B68094A1360094B4FF0F7
:10A3E00000421A6000BF1437BD465DF8047B704719
:10A3F00020030020D84A0020E04A0020E84A00203C
:10A40000E44A0020F44A002080B485B000AF7860B0
:10A41000284BFB6002E0FB681B68FB60FB681B6865
:10A420007A689A42F7D8FB68BB60FB685B68BA68D9
:10A4300013447A689A4208D1FB685A687B685B6863
:10A440001A44FB685A60FB687B607B68BB607B6872
:10A450005B68BA681A44FB681B689A4218D1FB68AB
:10A460001A68154B1B689A420DD07B685A68FB68C6
:10A470001B685B681A447B685A60FB681B681A6833
:10A480007B681A6008E00C4B1A687B681A6003E06E
:10A49000FB681A687B681A60FA687B689A4202D087
:10A4A000FB687A681A6000BF1437BD465DF8047B0C
:10A4B000704700BFD84A0020E04A002080B485B031
:10A4C00000AFF860B9607A60FB68043BFB60FB6832
:10A4D0004FF080721A60FB68043BFB60BB6823F09E
:10A4E0000102FB681A60FB68043BFB600C4AFB68D6
:10A4F0001A60FB68143BFB607A68FB681A60FB68B3
:10A50000043BFB60FB686FF002021A60FB68203BB3
:10A51000FB60FB6818461437BD465DF8047B704746
:10A5200025A5010880B485B000AF00237B60134BE4
:10A530001B68B3F1FF3F0BD04FF0500383F311883A
:10A54000BFF36F8FBFF34F8FFB6000BF00BFFDE70E
:10A550004FF0500383F31188BFF36F8FBFF34F8F1A
:10A56000BB6000BF00BF7B68002BFCD000BF00BFFA
:10A570001437BD465DF8047B704700BF68000020BB
:10A58000074B19680868B0E8F04F80F30988BFF3FB
:10A590006F8F4FF0000080F311887047AFF3008099
:10A5A000F401002000BF00BF08480068006880F385
:10A5B00008884FF0000080F3148862B661B6BFF3DC
:10A5C0004F8FBFF36F8F00DF00BF00BF08ED00E0CB
:10A5D00080B586B000AF474B1B68474A93420BD10A
:10A5E0004FF0500383F31188BFF36F8FBFF34F8F8A
:10A5F000FB6000BF00BFFDE73E4B1B683F4A934234
:10A600000BD14FF0500383F31188BFF36F8FBFF36B
:10A610004F8F3B6100BF00BFFDE7394B7B617B691A
:10A620001B78DBB27B607B69FF221A707B691B7829
:10A63000DBB2FB70FB78DBB203F05003DAB2314BD4
:10A640001A70314B07221A6009E02F4B1B68013B3F
:10A650002D4A1360FB78DBB25B00DBB2FB70FB784A
:10A66000DBB203F08003802BEFD0274B1B68C3F1D4
:10A670000703042B0BD04FF0500383F31188BFF373
:10A680006F8FBFF34F8FBB6000BF00BFFDE71E4B56
:10A690001B681B021C4A13601B4B1B6803F4E0631E
:10A6A000194A13607B68DAB27B691A70174B1B6812
:10A6B000164A43F470031360144B1B68134A43F0AB
:10A6C0007043136000F0DAF8114B00221A6000F0BA
:10A6D000F9F8104B1B680F4A43F040431360FFF733
:10A6E00063FFFEF72DFFFFF71DFF00231846183705
:10A6F000BD4680BD00ED00E071C20F4170C20F4148
:10A7000000E400E0F84A0020FC4A002020ED00E0D0
:10A710006800002034EF00E080B483B000AF4FF059
:10A72000500383F31188BFF36F8FBFF34F8F7B60AC
:10A7300000BF104B1B6801330E4A13600D4B1B68A2
:10A74000012B10D10C4B1B68DBB2002B0BD04FF050
:10A75000500383F31188BFF36F8FBFF34F8F3B60BC
:10A7600000BF00BFFDE700BF0C37BD465DF8047BAE
:10A77000704700BF6800002004ED00E080B483B0A3
:10A7800000AF124B1B68002B0BD14FF0500383F32B
:10A790001188BFF36F8FBFF34F8F7B6000BF00BF87
:10A7A000FDE70A4B1B68013B084A1360074B1B6817
:10A7B000002B05D100233B603B6883F3118800BF69
:10A7C00000BF0C37BD465DF8047B70476800002071
:10A7D000EFF30980BFF36F8F154B1A681EF0100F4F
:10A7E00008BF20ED108A20E9F04F106009B44FF047
:10A7F000500080F31188BFF34F8FBFF36F8FFEF7C8
:10A800009FFE4FF0000080F3118809BC19680868AA
:10A81000B0E8F04F1EF0100F08BFB0EC108A80F3C4
:10A820000988BFF36F8F7047AFF30080AFF30080EC
:10A83000F401002000BF00BF80B582B000AF4FF030
:10A84000500383F31188BFF36F8FBFF34F8F7B608B
:10A8500000BFFEF7BBFD0346002B03D0064B4FF0B5
:10A8600080521A6000233B603B6883F3118800BF6D
:10A8700000BF0837BD4680BD04ED00E080B400AFE6
:10A880000B4B00221A600B4B00221A600A4B1B680C
:10A890000A4AA2FB03239B09094A013B1360044BAC
:10A8A00007221A6000BFBD465DF8047B704700BFF9
:10A8B00010E000E018E000E05C000020D34D6210E2
:10A8C00014E000E0DFF80C00016841F47001016061
:10A8D000704700BF88ED00E080B485B000AFEFF3B3
:10A8E0000583FB60FB680F2B15D9184AFB681344DE
:10A8F0001B78FB72164B1B78FA7A9A420BD24FF0F8
:10A90000500383F31188BFF36F8FBFF34F8F7B60CA
:10A9100000BF00BFFDE70F4B1B6803F4E0620E4B66
:10A920001B689A420BD94FF0500383F31188BFF391
:10A930006F8FBFF34F8F3B6000BF00BFFDE700BFCD
:10A940001437BD465DF8047B704700BFF0E300E0BC
:10A95000F84A00200CED00E0FC4A002080B582B0EF
:10A9600000AF7860391D4FF0FF3301220648FCF735
:10A970005BFB0346002B02D04FF0FF3300E07B6807
:10A9800018460837BD4680BDC05A002080B500AFCC
:10A99000F9F724FE00F0D6F900F04AFB03F070FA54
:10A9A00003F05AFB03F0DEFB03F012FC03F024FE7D
:10A9B00004F022F804F04AF804F096F803F0CEFD13
:10A9C00003F036FD03F09CFE03F038FC06F058FF60
:10A9D00003F00CFB062008F085FB0120F9F740FE90
:10A9E00008F0FEFB0120F9F73BFE0021022003F0F6
:10A9F000A3F9012201219B48F9F7ECFB9A4B1B7943
:10AA0000DBB2062B00F2CE8001A252F823F000BF89
:10AA10002DAA01086DAA0108A5AB0108A1AA010889
:10AA2000E1AA010825AB010865AB01088E4B41F690
:10AA30001462DA818C4B41F24462DA828A4B4FF421
:10AA40002F629A82884B4FF4AF625A82864B1C2247
:10AA50001A82854BDB899BB21946012003F06CF901
:10AA6000002220218148F9F7B5FB9CE07E4B41F69E
:10AA70001462DA817C4B41F24462DA827A4B4FF401
:10AA80002F629A82784B4FF4AF625A82764B1C2227
:10AA90001A82754BDB899BB2184605F033F882E0C9
:10AAA000714B41F2EC32DA816F4B40F63C72DA8244
:10AAB0006D4B40F6F6129A826B4B40F2FB425A8283
:10AAC000694B19221A82684BDB899BB21946012017
:10AAD00003F032F9012220216448F9F77BFB62E0A0
:10AAE000614B41F2EC32DA815F4B40F63C72DA8224
:10AAF0005D4B40F6F6129A825B4B40F2FB425A8263
:10AB0000594B19221A82584BDB899BB2184604F024
:10AB1000F9FF4FF47A70F9F7A3FD0021022003F04A
:10AB20000BF940E0504B41F6B642DA814E4B40F60D
:10AB30009212DA824C4B40F692129A824A4B40F2C1
:10AB4000C9425A82484B18221A82474BDB899BB272
:10AB50001946012003F0F0F8012220214348F9F7BB
:10AB600039FB20E0404B41F6B642DA813E4B4FF4D0
:10AB70001662DA823C4B4FF416629A823A4B4FF4DB
:10AB800096625A82384B18221A82374BDB899BB265
:10AB90001946012003F0D0F8012220213348F9F7AB
:10ABA00019FB00E000BF304B9B79DBB2012B02D1D7
:10ABB00004F0DCF801E003F049FF01224FF480418A
:10ABC0002B48F9F707FB284B5B7BDBB2022B26D027
:10ABD000022B34DC002B02D0012B10D02FE00122FD
:10ABE00004212248F9F7F6FA012208211F48F9F753
:10ABF000F1FA012201211B48F9F7ECFA20E00122C9
:10AC000004211A48F9F7E6FA002208211748F9F753
:10AC1000E1FA012201211348F9F7DCFA10E00022E1
:10AC200004211248F9F7D6FA002208210F48F9F753
:10AC3000D1FA012201210B48F9F7CCFA00E000BF5C
:10AC40000C48F6F769FC084B9B79DBB2032B19D152
:10AC5000012209490948FCF772FA094B024A1A60B5
:10AC60001EE000BF00040240044B00200010024020
:10AC70000008024070530020D85D0020785A002060
:10AC800000600020244B9B79DBB2022B08D104F03A
:10AC9000C7F805F03BFB012220492148FCF74FFA99
:10ACA000012220492048FCF74AFA01221F49204886
:10ACB000FCF745FA00211F48F6F71AFE04211D484B
:10ACC000F6F716FE08211B48F6F712FE0C2119486C
:10ACD000F6F70EFE00211848F6F7E8FC04211648A6
:10ACE000F6F7E4FC002005F059FF144806F077FD64
:10ACF0004FF47A70F9F7B4FC002005F04FFF1048CC
:10AD000006F06DFD4FF47A70F9F7AAFC00F03EFDF5
:10AD1000FFF7DCF800BFFDE7044B0020A05B00203C
:10AD2000785A0020604B0020C05A00206B4D002054
:10AD3000085B002028530020B8530020DC7802086C
:10AD4000DC82020880B594B000AF07F12003302206
:10AD500000211846F6F7F4F807F10C0300221A60F8
:10AD60005A609A60DA601A610023BB60284B1B6C42
:10AD7000274A43F080531364254B1B6C03F0805328
:10AD8000BB60BB6800237B60224B1B68214A43F4F5
:10AD9000804313601F4B1B6803F480437B607B6818
:10ADA00002233B620123FB6210233B630223BB634C
:10ADB0000023FB6308233B64A8237B640223BB645A
:10ADC0000423FB6407F120031846F8F789FA0346C9
:10ADD000002B01D000F026F90F23FB6002233B611A
:10ADE00000237B614FF4A053BB614FF48053FB61A0
:10ADF00007F10C0305211846F8F7EAFC0346002B7F
:10AE000001D000F00FF900BF5037BD4680BD00BF34
:10AE1000003802400070004080B483B000AF78601A
:10AE20007B681B68184A934227D17B681B7F012BE4
:10AE300005D1164B5B8901339AB2144B5A817B685A
:10AE40001B7F022B05D1114B9B8901339AB20F4B0B
:10AE50009A817B681B7F042B05D10C4BDB89013366
:10AE60009AB20A4BDA817B681B7F082B05D1074B0E
:10AE70001B8A01339AB2054B1A8200BF0C37BD46BC
:10AE80005DF8047B704700BF00000140A44D002026
:10AE900080B582B000AF78607B681B685C4A9342E3
:10AEA00001D1F9F7BDFB7B681B68B3F1804F40F01F
:10AEB000AB80584B9B79DBB2012B2AD1564B5B8A76
:10AEC000B3F57A7F1FD3554B5B79DBB2002B1AD0D9
:10AED000524B5B79DBB23C2B15D8504B5B79DBB224
:10AEE000013BDAB24D4B5A714C4B5B79DBB2002B14
:10AEF00003D1484B00229A7101E0484B5B79464BE5
:10AF000000225A8205E0444B5B8A01339AB2424BDD
:10AF10005A82414B1B78012B15D13F4B5B88B3F50F
:10AF2000967F0AD33C4B00225A803D4B0022A3F867
:10AF30003C22394B00221A7005E0374B5B88013305
:10AF40009AB2354B5A80344B5B79012B15D1324B79
:10AF5000DB88B3F5967F0AD32F4B0022DA80304B83
:10AF6000002283F814222C4B00225A7105E02A4B50
:10AF7000DB8801339AB2284BDA80274B1B89B3F563
:10AF80007A7F3BD3244B5B895B089BB21A46120144
:10AF9000D31A9B009AB2214B1A821F4B00225A816E
:10AFA0001D4B9B895B089BB21A461201D31A9B006A
:10AFB0009AB21A4B5A82184B00229A81164BDB899F
:10AFC0005B089BB21A461201D31A9B009AB2134B2C
:10AFD0009A82114B0022DA810F4B1B8A5B089BB2CD
:10AFE0001A461201D31A9B009AB20C4BDA820A4B12
:10AFF00000221A82084B00221A8105E0064B1B89A9
:10B0000001339AB2044B1A8100BF0837BD4680BD98
:10B0100000100040244B0020A44D0020344B0020A1
:10B02000604B002080B400AF72B600BF00BFFDE7E8
:10B0300080B58CB000AF07F11C0300221A605A6083
:10B040009A60DA601A610023BB61934B1B6B924AD2
:10B0500043F010031363904B1B6B03F01003BB61B1
:10B06000BB6900237B618C4B1B6B8B4A43F0040351
:10B070001363894B1B6B03F004037B617B69002323
:10B080003B61854B1B6B844A43F080031363824B07
:10B090001B6B03F080033B613B690023FB607E4B2D
:10B0A0001B6B7D4A43F0010313637B4B1B6B03F067
:10B0B0000103FB60FB680023BB60774B1B6B764A88
:10B0C00043F002031363744B1B6B03F00203BB607A
:10B0D000BB6800237B60704B1B6B6F4A43F0080317
:10B0E00013636D4B1B6B03F008037B607B680022CE
:10B0F0003C216A48F9F76EF800224FF48041684815
:10B10000F9F768F8002249F603116648F9F762F882
:10B11000002201216448F9F75DF800224CF29F31CA
:10B120006248F9F757F83C23FB6101233B62012396
:10B130007B620023BB6207F11C0319465748F8F7EE
:10B1400099FD4FF40053FB6100233B6202237B62B5
:10B1500007F11C0319465248F8F78CFD4FF4804361
:10B16000FB6101233B6201237B620023BB6207F189
:10B170001C0319464A48F8F77DFD0A23FB610323A7
:10B180003B6200237B6207F11C0319464448F8F731
:10B1900071FD40F20313FB6101233B6200237B62DC
:10B1A0000023BB6207F11C0319463E48F8F762FD15
:10B1B0000123FB6101233B6201237B620323BB620A
:10B1C00007F11C0319463848F8F754FD41F206030D
:10B1D000FB6100233B6201237B6207F11C031946DC
:10B1E0003148F8F747FD4FF4C073FB6100233B6221
:10B1F00001237B6207F11C0319462848F8F73AFD42
:10B200004CF29E33FB6101233B6201237B620023EE
:10B21000BB6207F11C0319462448F8F72BFD4FF4D5
:10B220000063FB6101233B6201237B6207F11C0386
:10B2300019461C48F8F71EFD4FF48053FB610123AB
:10B240003B6201237B620223BB6207F11C031946A8
:10B250001448F8F70FFD4FF40043FB6101233B62F4
:10B2600001237B620023BB6207F11C0319460D48D2
:10B27000F8F700FD0123FB6101233B6201237B62A0
:10B280000323BB6207F11C0319460848F8F7F2FCD8
:10B2900000BF3037BD4680BD00380240001002407C
:10B2A000000802400000024000040240000C02407E
:10B2B00080B483B000AF0346FB710E4B1B78DBB24A
:10B2C000012B0ED10C4B1B78DBB2FA799A4208D1D4
:10B2D0000A4B1B78DAB20A4B1B789A4201D1012340
:10B2E00000E00023DBB218460C37BD465DF8047B56
:10B2F000704700BF554B00206C000020574B0020CA
:10B30000D84D002080B483B000AF0346FB710A4BD8
:10B310001B78DBB2012B07D1084B1B78DBB2FA7923
:10B320009A4201D1012300E00023DBB218460C371A
:10B33000BD465DF8047B7047584B00206D0000202F
:10B3400080B584B000AF0346FB80FB88002B13D18F
:10B35000012201212148F8F73DFF214B1B68002203
:10B360009A63204B00221A801F4B00221A601F4B49
:10B370004FF00002DA612DE01A4B1B88002B18D128
:10B380001B4B1B68002B06D0F9F75EF90246184BE1
:10B390001B68D31A00E00023FB60FB68FF2B02D878
:10B3A000FB68D9B200E0FF21FB88BC220D2003F02E
:10B3B000CFFA0B4B1B68FA889A630A4AFB88138002
:10B3C000F9F742F90346084A1360002201210348B5
:10B3D000F8F700FF00BF1037BD4680BD00040240F3
:10B3E000B8530020B84D0020D44D0020344B00202D
:10B3F000C04D002080B584B000AF0346FB710F4BF9
:10B400001B78FB73FB79184604F09CFC0B4B1B78F4
:10B41000DBB2FA7B9A420CD0084B1B78DAB2084BAD
:10B420001A70084AFB791370F9F70EF90346064AB9
:10B43000136000BF1037BD4680BD00BF564B0020D3
:10B44000D84D00206E000020CC4D002080B582B089
:10B4500000AF0346FB71FB791846FFF729FF03464F
:10B46000002B13D1FB791846FFF74CFF0346002B46
:10B470000CD1F9F7E9F80246064B1B68D31A952B55
:10B4800005D9FB791846FFF7B5FF00E000BF083784
:10B49000BD4680BDCC4D002080B500AF0F4B1B7862
:10B4A000DBB2002B14D104F075FB0346002B11D046
:10B4B000F9F7CAF802460A4B1B68D31AC72B0BD9F7
:10B4C000F9F7C2F80346064A136004F0E1FB04E012
:10B4D00000BF02E000BF00E000BF80BD544B002071
:10B4E000D04D002080B500AF0020FFF729FF0120DC
:10B4F000FFF780FFF9F7A8F80346084A1360084BE6
:10B5000000221A60074B00221A60074B00221A60C3
:10B51000064B01221A7000BF80BD00BFC84D00203D
:10B52000BC4D0020C04D0020D04D0020DC4D00203F
:10B5300080B500AF0120FFF789FFFFF7ADFF0120C5
:10B54000FFF7B6FE0346002B05D10120FFF7DAFE18
:10B550000346002B01D0012300E00023DBB2184694
:10B5600080BD000080B582B000AFF9F76DF80246EB
:10B57000104B1B68D31A7B607B68632B01D80023B8
:10B5800014E00020FFF762FFFFF786FF0020FFF7BF
:10B590008FFE0346002B05D10020FFF7B3FE0346C4
:10B5A000002B01D0012300E00023DBB2184608374E
:10B5B000BD4680BDBC4D002080B500AF094B1B6867
:10B5C000002B01D100230BE0F9F73EF80246054BB2
:10B5D0001B68D31AB3F52F7F01D3012300E00023AA
:10B5E000184680BDC04D002080B582B000AF274B0B
:10B5F0001B88BB80264B1B88002B25D0254B1A8827
:10B60000234B1B889A421CD2234B1B8A9AB2214B94
:10B610001B881344FB801E4B1B88FA889A4202D970
:10B620001B4B1B88FB80FB881846FFF789FE194BD4
:10B630001A88174B1B889A4224D3154B00221A8074
:10B6400020E0134B00221A80124B1B88002B0FD1D5
:10B65000114B1B8A9BB2BA889A4209D90C4ABB8803
:10B6600013800D4B1B8A9BB21846FFF769FE0AE058
:10B67000084B1B88BA889A4205D0BB881846FFF74A
:10B680005FFE00E000BF0837BD4680BDBA4D002018
:10B69000DA4D0020B84D0020044B002080B400AFEC
:10B6A000064B01221A70064B00221A60054B00223D
:10B6B0001A8000BFBD465DF8047B7047D94D00205D
:10B6C000C44D0020DA4D002080B500AF114B1B792E
:10B6D000DBB2042B01D0012319E00F4B1B78032BA5
:10B6E00001D0002313E00D4B1B88002B01D1002358
:10B6F0000DE004F04FFA0346002B06D0084B1B78F0
:10B70000DBB2002B01D1012300E00023DBB218469D
:10B7100080BD00BF044B0020DC4D0020BA4D00204E
:10B72000544B002080B400AF00BFBD465DF8047BE1
:10B73000704780B483B000AF7860396000BF0C37C9
:10B74000BD465DF8047B704780B400AF00BFBD46C6
:10B750005DF8047B7047000080B485B000AFF860EE
:10B76000B9607A60FB68074A1A60BB68064A1A60CB
:10B770007B6880221A6000BF1437BD465DF8047BE9
:10B78000704700BF004E0020784F0020B0B5ACB02D
:10B7900000AF0023C7F8A8300023C7F8AC3007F18A
:10B7A000A8031846FEF7F9FB03463B4A13603B4BE0
:10B7B00007F18C041D460FCD0FC495E8070084E8FF
:10B7C000070007F18C0300211846FEF786FB0346AD
:10B7D000334A1360334B07F170041D460FCD0FC47D
:10B7E00095E8070084E8070007F170030021184678
:10B7F000FEF773FB03462C4A13602C4B07F15404ED
:10B800001D460FCD0FC495E8070084E8070007F137
:10B81000540300211846FEF760FB0346244A1360D8
:10B82000244B07F138041D460FCD0FC495E80700DF
:10B8300084E8070007F1380300211846FEF74DFBA6
:10B8400003461D4A13601D4B07F11C041D460FCD16
:10B850000FC495E8070084E8070007F11C030021E6
:10B860001846FEF73AFB0346154A1360154B3C4653
:10B870001D460FCD0FC495E8070084E807003B463E
:10B8800000211846FEF729FB03460F4A136000BF4C
:10B89000B037BD46B0BD00BFF84D0020205E0208A5
:10B8A000E04D0020485E0208E44D0020705E020872
:10B8B000E84D0020945E0208EC4D0020BC5E0208BA
:10B8C000F04D0020E85E0208F44D002080B584B001
:10B8D00000AF78600023FB730023BB60BB68002BC4
:10B8E0001AD0F8F7B1FE0246BB68D31A8A4A9342CF
:10B8F00012D98A4B00229A71894B5B78DBB21A46C7
:10B90000884B1B8A9BB212FB03F39BB219460220A1
:10B9100002F012FA0023BB60FB7B804A9279D2B21C
:10B92000934233D07D4B9B79DBB2002B14BF0123B4
:10B930000023FB73794B9B79DBB2002B23D1774B30
:10B94000DB79DBB2012B0DD1754B0122DA70744B20
:10B9500032225A70734B5B8A9BB21946022002F066
:10B96000EBF90DE06E4B5B78DBB21A466D4B1B8A30
:10B970009BB212FB03F39BB21946022002F0DCF9E2
:10B980000023BB6002E0F8F75FFEB860634B9B7971
:10B99000DBB2012B02D1624B02221A70604B5B7842
:10B9A000DBB2002B03D15E4B00221A7002E05C4B2D
:10B9B00001221A705B4B1B79DBB2012B04D0594B6F
:10B9C0001B79DBB2042B10D1574B1B78DBB2002B59
:10B9D0000BD1524B1B7BDBB2002B06D1FFF774FE61
:10B9E0000346002B01D004F0F9F84C4B1B7ADBB274
:10B9F000012B1AD14A4B1B8A9BB2B3F57A6F11D92E
:10BA0000474B5B8A9BB2B3F57A6F0BD9444B9B8A49
:10BA10009BB2B3F57A6F05D9414BDB8A9BB2B3F584
:10BA20007A6F02D83E4B06221A703D4BDB889BB2E0
:10BA30003C4A927AD2B2934204D2384B9B79DBB221
:10BA4000012B1FD1354B01221A72012210213748D8
:10BA5000F8F7C0FB9620FEF78CFA01220821334844
:10BA6000F8F7B8FB9620FEF784FA012204212F484C
:10BA7000F8F7B0FB9620FEF77CFA012202212B4852
:10BA8000F8F7A8FB264BDB889BB2264AD27AD2B2C3
:10BA900093421BD8214B9B79DBB2002B16D11F4B55
:10BAA00000221A72002210212048F8F793FB00228E
:10BAB00008211E48F8F78EFB002204211B48F8F7E6
:10BAC00089FB002202211948F8F784FB144BDB881C
:10BAD0009BB2144A527AD2B2934209D3104B052238
:10BAE0001A700E4B0122DA720021022002F024F9B2
:10BAF0000B4BDB889BB20B4A127AD2B2934202D82C
:10BB0000064B0022DA7210210948F8F77CFBC820A6
:10BB1000FEF72FFAE2E600BFD04E0900244B0020CA
:10BB2000344B0020044B0020004B0020000C02404E
:10BB30000010024080B586B000AF786000237B73B0
:10BB4000944B1B78DBB2012B08D1924B00221A7068
:10BB5000A521152007F016FBF8F73BFD04F08AFD40
:10BB600001F088FE8C4B9B79DBB2012B05D08A4B10
:10BB70009B79DBB2022B40F06981884BDB7ADBB228
:10BB8000002B40F06381854BDB79DBB2002B40F06A
:10BB90005D81814B1B7EDBB2012B40F04581804BE8
:10BBA0001B887B814FF07E533B617E4B1B8B9AB28F
:10BBB0007B4B1B889A4207D97A4B1B8B9AB2784BE6
:10BBC0001B88D31AFB8206E0754B1A88754B1B8BBA
:10BBD0009BB2D31AFB82704B1B8A9BB2002B00F0E6
:10BBE000AD806D4B1B8A9BB2FA8AB2FBF3F33B81AB
:10BBF0003B89022B38D86B4B1B8B9BB2002B30D070
:10BC0000674B1B881A46644B1B8A9BB2194632232A
:10BC100001FB03F39A4221DC614B1B8819465E4B02
:10BC20001B8A9BB21A4613469B0013449A00134486
:10BC3000994210DC5A4B1B881946574B1B8A9BB202
:10BC40001A4613469B0013445B00994201DD564B94
:10BC500005E0564B03E04FF07C5300E0544B3B6152
:10BC60006CE0544B3B6169E03B890A2B39D84D4B62
:10BC70001B8B9BB2002B31D0494B1B881A46464B7D
:10BC80001B8A9BB21946322301FB03F39A4222DC42
:10BC9000434B1B881946404B1B8A9BB21A461346DE
:10BCA0009B0013449A001344994212DC3C4B1B88BE
:10BCB0001946394B1B8A9BB21A4613469B00134404
:10BCC0005B00994202DD4FF07C5305E04FF07A5360
:10BCD00002E0374B00E0364B3B612FE0354B3B61D8
:10BCE0002CE03B89142B0BD82E4B1B8B9BB2002BCB
:10BCF00003D04FF07E533B6120E02F4B3B611DE0B2
:10BD00003B89322B0AD8274B1B8B9BB2002B02D0CE
:10BD1000284B3B6112E0294B3B610FE03B89502BE4
:10BD20000AD8204B1B8B9BB2002B02D0224B3B61CD
:10BD300004E0234B3B6101E0214B3B61164B1B8A26
:10BD40009BB207EE903AB8EEE77AD7ED047A67EE49
:10BD5000277AFCEEE77A17EE903AFB81FB89002BFD
:10BD600001D10123FB810F4B1B8B9AB20C4B1B881B
:10BD70009A422FD90B4B1B8B9BB21A46084B1B8840
:10BD8000D21AFB899A421DDA064B1B8B9AB2044BDE
:10BD90001A803DE048540020044B0020244B002032
:10BDA00078510020344B00209A99993E0AD7A33D40
:10BDB000CDCC4C3F000040400000A0400000E040DF
:10BDC000000020419F4B1A88FB8913449AB29D4B77
:10BDD0001A801DE09C4B1B8B9AB29A4B1B889A428F
:10BDE00016D2984B1B881A46974B1B8B9BB2D21AC4
:10BDF000FB899A4205DA944B1B8B9AB2914B1A80BD
:10BE000006E0904B1A88FB89D31A9AB28D4B1A80A0
:10BE10008C4B1B887A899A4218D08A4B1B8819460A
:10BE2000022001F089FF11E0874B1B8B9AB2854BF2
:10BE30001B889A420AD0844B1B8B9AB2814B1A8082
:10BE4000804B1B881946022001F076FF7F4B5B79FF
:10BE5000DBB2012B40F0BA817D4B1B684FF0FF3104
:10BE60001846FEF7B3F80346002B40F0AF81794B3C
:10BE70009B78A53B042B00F2968101A252F823F097
:10BE800095BE010841BF010861C00108A7C10108B2
:10BE900063C101086F4B5B791A46920013441A463E
:10BEA00091001A460B4613449B00DAB2694B9B790A
:10BEB000194689000B445B00DBB21344DAB2654BD0
:10BEC000DB791344DBB230337B73604B9B79DBB29D
:10BED000002B2DD17B7B642B11D85B4A7B7B53706D
:10BEE000594B5B78DBB21A465B4B1B8A9BB212FB49
:10BEF00003F39BB21946022001F01EFF55E17B7B44
:10BF0000564AA2FB03125209642101FB02F29B1A5A
:10BF1000DBB20133DAB24C4B5A714C4B01229A71AD
:10BF20004D4BDB8A9BB21946022001F005FF3CE134
:10BF30007B7B642B00F23981434A7B7B537034E175
:10BF4000444B5B791A46920013445B00DAB2414BD2
:10BF50009B791344DBB2103BDAB23E4B83F80A22E2
:10BF60003D4B5B78DAB23B4B93F80A329A4267D882
:10BF7000394B5B78DBB29B000233364A13445B7863
:10BF80001A46920013441A4691001A460B4613446F
:10BF90009B00DAB2304B5B78DBB29B0003332D4958
:10BFA0000B445B78194689000B445B00DBB21344F9
:10BFB000DAB2294B5B78DBB201339B0025490B4495
:10BFC0005B781344DBB230337B73204B9B79DBB25D
:10BFD000002B2DD17B7B642B11D81B4A7B7B5370AC
:10BFE000194B5B78DBB21A461B4B1B8A9BB212FBC8
:10BFF00003F39BB21946022001F09EFED7E07B7B43
:10C00000164AA2FB03125209642101FB02F29B1A99
:10C01000DBB20133DAB20C4B5A710C4B01229A712C
:10C020000D4BDB8A9BB21946022001F085FEBEE073
:10C030007B7B642B00F2BB80034A7B7B5370B6E0B2
:10C0400000BFB4E078510020344B0020244B002086
:10C05000F84D0020604B0020044B00201F85EB5161
:10C060005C4B5B791A46920013445B00DAB2594B81
:10C070009B791344DBB2103BDAB2564B83F80922AA
:10C08000554B1B78DAB2534B93F809329A4266D873
:10C09000514B1B78DBB29B0002334E4A13445B7852
:10C0A0001A46920013441A4691001A460B4613444E
:10C0B0009B00DAB2484B1B78DBB29B000333454947
:10C0C0000B445B78194689000B445B00DBB21344D8
:10C0D000DAB2414B1B78DBB201339B003D490B4484
:10C0E0005B781344DBB230337B733C4B9B79DBB220
:10C0F000002B2DD17B7B642B11D8394A7B7B53706D
:10C10000374B5B78DBB21A46334B1B8A9BB212FB70
:10C1100003F39BB21946022001F00EFE49E07B7B3F
:10C12000304AA2FB03125209642101FB02F29B1A5E
:10C13000DBB20133DAB22A4B5A71284B01229A71D1
:10C14000254BDB8A9BB21946022001F0F5FD30E059
:10C150007B7B642B2DD8224A7B7B537029E000BF68
:10C1600027E01C4B5B791A46920013445B00DAB25D
:10C17000184B9B791344DBB2103BDAB2154B83F8B2
:10C180000922154B1B78DAB2124B93F809329A4206
:10C1900011D1154B1B689B680021184608F09CFFC5
:10C1A00003F0ACFA07E000BF06E000BF04E000BF08
:10C1B00002E000BF00E000BF084B00225A710B4BA9
:10C1C0001B681846FDF750FF00237B730A20FDF71C
:10C1D000D0FEB5E4604B0020044B0020244B00202F
:10C1E000344B00201F85EB510C000020F84D00203F
:10C1F00080B586B002AF78600023FB730023BB7369
:10C2000000237B73A54B1B7BDBB2002B03D0012BE0
:10C2100000F0BC80BDE04FF4FA63009332230022AB
:10C220004FF400519E4801F01FFA0346FB73FB7B5D
:10C23000022B50D19B4B1B78DBB2032B3BD0994B8D
:10C240001B78DBB2042B36D0964B1B78DBB2052B68
:10C2500031D0954BDB79DBB2012B12D1924B00220E
:10C26000DA71904B0022DA708E4B00225A708E4B9E
:10C2700000229A71FFF712FA0021022001F05CFD02
:10C2800083E0894B0122DA7101224FF48041844816
:10C29000F7F7A0FF834B0122DA70824B32225A70EB
:10C2A000814B00229A717D4B5B8A9BB2194602201A
:10C2B00001F042FD69E07C4B0022DA71794B0022EB
:10C2C000DA70784B00225A70FFF7E8F9002102205B
:10C2D00001F032FD5CE0FB7B012B51D1724BDB792D
:10C2E000DBB2012B54D16F4BDB78DBB20133DAB216
:10C2F0006C4BDA706B4BDB78DBB2032B2AD0032B51
:10C3000040DC012B02D0022B0ED03BE0654B3222E9
:10C310005A70654B00229A71604B5B8A9BB219463A
:10C32000022001F009FD30E05E4B64225A705E4B42
:10C3300000229A71594B9B8A9BB21946022001F048
:10C34000FBFC564B1B79DBB2052B1DD1554B002254
:10C35000DA7019E0514BDB78DAB2524B5A714F4B1D
:10C36000DB8A9BB21946022001F0E6FC4D4B00220D
:10C370005A704C4B0022DA704B4B01229A7104E048
:10C3800000BF05E000BF03E000BF01E000BF00E028
:10C3900000BF464B1B78DBB2082B00F2A18701A23D
:10C3A00052F823F0C9C301081DC40108BDC4010827
:10C3B0003BC50108B9C50108EFC70108DFCA01087C
:10C3C0001DCD0108A5CF01084FF4FA630093142393
:10C3D00000224FF48071364801F046F90346FB73A2
:10C3E000FB7B012B0CD1314B9B78DBB2002B02D1B4
:10C3F0002E4B01221A702D4B00229A7000F087BF3D
:10C40000FB7B022B07D1294B04221A70294B0122F6
:10C410001A7000F07CBF00BF00F079BF4FF4FA63E0
:10C420000093142300224FF48071214801F01CF97D
:10C430000346FB73FB7B012B02D11C4B00221A70BD
:10C44000164B9B79DBB2032B40F04C874FF4FA6319
:10C450000093142300220421174801F005F9034634
:10C46000BB734FF4FA630093142300228021104819
:10C4700001F0FAF803467B73BB7B012B04D10B4B15
:10C4800003221A7000F030BF7B7B012B40F02C8719
:10C49000064B02221A7000F027BF00BF044B002099
:10C4A00000080240344B0020244B0020004B0020A9
:10C4B00000100240204B0020000402404FF4FA63B9
:10C4C0000093142300224FF48071B24801F0CCF89D
:10C4D0000346FB73FB7B012B02D1AF4B00221A708A
:10C4E000AE4B9B79DBB2032B40F000874FF4FA632D
:10C4F0000093142300220421A94801F0B5F8034653
:10C50000BB734FF4FA630093142300228021A148E7
:10C5100001F0AAF803467B73BB7B012B04D19E4B31
:10C5200001221A7000F0E4BE7B7B012B40F0E08614
:10C53000994B03221A7000F0DBBE4FF4FA630093AC
:10C54000142300224FF48071924801F08DF80346C5
:10C55000FB73FB7B012B02D18F4B00221A708F4B98
:10C560009B79DBB2032B40F0C5864FF4FA6300934E
:10C570001423002204218A4801F076F80346BB7395
:10C580004FF4FA630093142300228021814801F0C4
:10C590006BF803467B73BB7B012B04D17E4B0222DD
:10C5A0001A7000F0A9BE7B7B012B40F0A5867A4B68
:10C5B00001221A7000F0A0BE4FF4FA630093142316
:10C5C00000224FF48071734801F04EF80346FB736C
:10C5D000FB7B022B22D1714B1B78DBB21946012069
:10C5E00006F0D0FD6D4B5B78DBB21946022006F0F9
:10C5F000C9FD6A4B9B78DBB21946032006F0C2FDE9
:10C60000664BDB78DBB21946042006F0BBFD624BBB
:10C6100001229A70604B00221A700AE0FB7B012B0A
:10C6200006D15D4B05221A705E4B05221A7000E0A0
:10C6300000BF4FF4FA6300931423002202215848EC
:10C6400001F012F80346FB73FB7B012B13D1554B12
:10C650001B78DBB2132B07D8524B1B78DBB2143399
:10C66000DAB2504B1A7006E04E4B1B78DBB2143B2B
:10C67000DAB24C4B1A704FF4FA6300931423002281
:10C680008021444800F0F0FF0346FB73FB7B012B45
:10C6900047D1444B1B78DBB2132B10D8414B1B788E
:10C6A000DBB2012B03D83F4B04221A7039E03D4B1B
:10C6B0001B78DBB2013BDAB23A4B1A7031E0394BEE
:10C6C0001B78DBB2153B032B2AD801A252F823F0CA
:10C6D000E1C60108F1C6010801C7010811C7010838
:10C6E0002E4B1B78DBB20133DAB22C4B1A7018E0F8
:10C6F0002A4B5B78DBB20133DAB2284B5A7010E078
:10C70000264B9B78DBB20133DAB2244B9A7008E0F7
:10C71000224BDB78DBB20133DAB2204BDA7000E077
:10C7200000BF4FF4FA6300931423002204211C4835
:10C7300000F09AFF0346FB73FB7B012B40F0DE8584
:10C74000184B1B78DBB2132B12D8164B1B78DBB2BD
:10C75000032B04D9134B01221A7000F0CFBD114BEB
:10C760001B78DBB20133DAB20E4B1A7000F0C6BD93
:10C770000C4B1B78DBB2153B032B35D801A252F8CA
:10C7800023F000BFA9C70108B9C70108C9C701083C
:10C79000D9C7010800100240004B0020044B0020C4
:10C7A00000040240204B0020A84B1B78DBB2013B69
:10C7B000DAB2A64B1A7018E0A44B5B78DBB2013BEF
:10C7C000DAB2A24B5A7010E0A04B9B78DBB2013B6F
:10C7D000DAB29E4B9A7008E09C4BDB78DBB2013BEF
:10C7E000DAB29A4BDA7000E000BF00F087BD4FF478
:10C7F000FA630093142300224FF48071944800F0F0
:10C8000033FF0346FB73FB7B022B22D18F4B1B793B
:10C81000DBB21946052006F0B5FC8C4B5B79DBB228
:10C820001946062006F0AEFC884B9B79DBB2194610
:10C83000072006F0A7FC854BDB79DBB21946082000
:10C8400006F0A0FC834B01229A70824B00221A70E2
:10C850000AE0FB7B012B06D17E4B06221A707E4B31
:10C8600009221A7000E000BF4FF4FA63009314230A
:10C8700000220221794800F0F7FE0346FB73FB7BA0
:10C88000012B13D1744B1B78DBB2132B07D8724BDF
:10C890001B78DBB21433DAB26F4B1A7006E06E4BC2
:10C8A0001B78DBB2143BDAB26B4B1A704FF4FA63AD
:10C8B0000093142300228021654800F0D5FE034632
:10C8C000FB73FB7B012B73D1634B1B78DBB2132B08
:10C8D00010D8614B1B78DBB2052B03D85E4B0822C6
:10C8E0001A7065E05C4B1B78DBB2013BDAB25A4B45
:10C8F0001A705DE0584B1B78DBB2193B032B56D8FE
:10C9000001A252F823F000BF19C901083BC9010870
:10C9100043C90108A7C901084C4B1B79DBB2042BA2
:10C9200003D94A4B00221A7142E0484B1B79DBB213
:10C930000133DAB2454B1A713AE0444B6E225A7118
:10C9400036E0424B9B79DBB2022B03D93F4B0022EE
:10C950009A712DE03D4B9B79DBB20133DAB23B4B50
:10C960009A713A4B9B79DBB2012B0BD13C48FAF719
:10C9700029FB0346002B10D13A4B00225A7002F0DB
:10C98000F5F90AE03648FAF71DFB0346002B04D1FF
:10C99000344B00225A7002F059F8012232493048D3
:10C9A000FAF7CDFB04E0294B0122DA7100E000BF69
:10C9B0004FF4FA630093142300220421274800F067
:10C9C00053FE0346FB73FB7B012B40F09984224B03
:10C9D0001B78DBB2132B12D81F4B1B78DBB2072B53
:10C9E00004D91D4B05221A7000F08ABC1A4B1B7823
:10C9F000DBB20133DAB2184B1A7000F081BC164B6F
:10CA00001B78DBB2193B032B66D801A252F823F046
:10CA100021CA010843CA01086DCA0108D1CA010828
:10CA20000A4B1B79DBB2002B03D1084B05221A718C
:10CA300053E0064B1B79DBB2013BDAB2034B1A71B0
:10CA40004BE0024BDC225A7147E000BF044B002050
:10CA500000100240004B0020204B00200004024048
:10CA6000C05A0020344B0020604B0020A34B9B7920
:10CA7000DBB2002B03D1A14B03229A712DE09F4B17
:10CA80009B79DBB2013BDAB29C4B9A719B4B9B7951
:10CA9000DBB2012B0BD19A48FAF794FA0346002B2C
:10CAA00010D1984B00225A7002F060F90AE09448C5
:10CAB000FAF788FA0346002B04D1924B00225A70F1
:10CAC00001F0C4FF012290498D48FAF738FB04E0D9
:10CAD0008A4B0022DA7100E000BF00F011BC4FF475
:10CAE000FA630093142300224FF48071874800F00A
:10CAF000BBFD0346FB73FB7B022B22D17F4B1B7AD2
:10CB0000DBB21946092006F03DFB7C4B5B7ADBB2B9
:10CB100019460A2006F036FB784B9B7ADBB21946A1
:10CB20000B2006F02FFB754BDB7ADBB219460C208D
:10CB300006F028FB764B01229A70754B00221A7082
:10CB40000AE0FB7B012B06D1714B07221A70714B57
:10CB50000D221A7000E000BF4FF4FA630093142313
:10CB6000002202216C4800F07FFD0346FB73FB7B33
:10CB7000012B13D1674B1B78DBB2132B07D8654B06
:10CB80001B78DBB21433DAB2624B1A7006E0614BE9
:10CB90001B78DBB2143BDAB25E4B1A704FF4FA63C7
:10CBA0000093142300228021584800F05DFD0346C5
:10CBB000FB73FB7B012B48D1564B1B78DBB2132B4D
:10CBC00010D8544B1B78DBB2092B03D8514B0C22E5
:10CBD0001A703AE04F4B1B78DBB2013BDAB24D4B97
:10CBE0001A7032E04B4B1B78DBB21D3B032B2BD86A
:10CBF00001A252F823F000BF09CC010819CC0108AA
:10CC000029CC010839CC01083C4B1B7ADBB201333B
:10CC1000DAB23A4B1A7218E0384B5B7ADBB2013366
:10CC2000DAB2364B5A7210E0344B9B7ADBB20133E6
:10CC3000DAB2324B9A7208E0304BDB7ADBB2013366
:10CC4000DAB22E4BDA7200E000BF4FF4FA630093C1
:10CC5000142300220421304800F006FD0346FB7334
:10CC6000FB7B012B40F04E832A4B1B78DBB2132B4E
:10CC700010D8284B1B78DBB20B2B03D9254B09228C
:10CC80001A703FE3234B1B78DBB20133DAB2214B3E
:10CC90001A7037E31F4B1B78DBB21D3B032B2BD8DD
:10CCA00001A252F823F000BFB9CC0108C9CC010899
:10CCB000D9CC0108E9CC0108104B1B7ADBB2013B4F
:10CCC000DAB20E4B1A7218E00C4B5B7ADBB2013B06
:10CCD000DAB20A4B5A7210E0084B9B7ADBB2013B86
:10CCE000DAB2064B9A7208E0044BDB7ADBB2013B06
:10CCF000DAB2024BDA7200E000BF03E3044B00201B
:10CD0000C05A0020344B0020604B0020001002402D
:10CD1000004B0020204B0020000402404FF4FA6337
:10CD20000093142300224FF48071984800F09CFC7B
:10CD30000346FB73FB7B022B21D1954B1B7BDBB2A4
:10CD400019460D2006F01EFA914B5B7BDBB21946AB
:10CD50000E2006F017FA8E4BDB899BB28D4AA2FBA0
:10CD600003235B099BB2DBB219460F2006F00AFAD7
:10CD7000894B01229A70884B00221A700AE0FB7BD3
:10CD8000012B06D1844B08221A70844B11221A7091
:10CD900000E000BF4FF4FA63009314230022022145
:10CDA0007F4800F061FC0346FB73FB7B012B1ED127
:10CDB0007A4B1B78DBB2132B12D8784B1B78DBB283
:10CDC0001433DAB2754B1A70744B1B78DBB2242B18
:10CDD0000DD1714B00221A70704B10221A7006E0B0
:10CDE0006E4B1B78DBB2143BDAB26C4B1A704FF40B
:10CDF000FA630093142300228021644800F034FC7D
:10CE00000346FB73FB7B012B57D1644B1B78DBB2D2
:10CE1000132B10D8614B1B78DBB20D2B03D85F4B63
:10CE200010221A7049E05D4B1B78DBB2013BDAB28D
:10CE30005A4B1A7041E0594B1B78DBB2232B1BD0A5
:10CE4000232B39DC212B02D0222B04D034E0504B91
:10CE500001221A7331E04E4B5B7BDBB2012B03D90D
:10CE60004B4B00225A7328E0494B5B7BDBB201330A
:10CE7000DAB2474B5A7320E0454BDB899BB2B3F5DE
:10CE8000FA5F04D3424B4FF4FA52DA8115E0404B7B
:10CE9000DB899BB264339AB23D4BDA813C4BDB8930
:10CEA0009BB21946012000F047FF394BDB899BB24A
:10CEB000184602F027FE00E000BF4FF4FA6300932B
:10CEC000142300220421364800F0CEFB0346FB73F6
:10CED000FB7B012B40F01882304B1B78DBB2132B0D
:10CEE00010D82E4B1B78DBB20F2B03D92B4B0D2206
:10CEF0001A7009E2294B1B78DBB20133DAB2274BF7
:10CF00001A7001E2254B1B78DBB2232B1BD0232B9D
:10CF100039DC212B02D0222B04D034E01C4B002220
:10CF20001A7331E01A4B5B7BDBB2002B03D1184B39
:10CF300002225A7328E0164B5B7BDBB2013BDAB26C
:10CF4000134B5A7320E0124BDB899BB2B3F5FA6F97
:10CF500004D80F4B4FF4FA62DA8115E00C4BDB89F1
:10CF60009BB2643B9AB20A4BDA81094BDB899BB2D4
:10CF70001946012000F0E0FE054BDB899BB2184604
:10CF800002F0C0FD00E000BFBEE100BF00100240A3
:10CF9000044B00201F85EB51004B0020204B00204C
:10CFA000000402404FF4FA630093142300224FF46C
:10CFB00080719E4800F058FB0346FB73FB7B022BFD
:10CFC0004DD19B4B1B8A9BB29A4AA2FB03235B0960
:10CFD0009BB2DBB21946102006F0D4F8944B1B8AA2
:10CFE0009BB2944AA2FB03125209642101FB02F294
:10CFF0009B1A9BB2DBB21946112006F0C3F88C4B8A
:10D000009B8A9BB28B4AA2FB03235B099BB2DBB2D8
:10D010001946122006F0B6F8854B9B8A9BB2854ACA
:10D02000A2FB03125209642101FB02F29B1A9BB27C
:10D03000DBB21946132006F0A5F87D4B1B7EDBB250
:10D040001946142006F09EF80021022000F074FE1C
:10D05000794B01229A70784B00221A700AE0FB7B10
:10D06000012B06D1744B04221A70744B01221A70E2
:10D0700000E000BF4FF4FA63009314230022022162
:10D080006F4800F0F1FA0346FB73FB7B012B13D1D1
:10D090006A4B1B78DBB2132B07D8684B1B78DBB2CB
:10D0A0001433DAB2654B1A7006E0644B1B78DBB2BE
:10D0B000143BDAB2614B1A704FF4FA6300931423F5
:10D0C00000228021594800F0CFFA0346FB73FB7B16
:10D0D000012B70D1594B1B78DBB2132B19D8574B4E
:10D0E0001B78DBB2112B0CD8514B1B79DBB2052B13
:10D0F00003D1524B13221A705DE0504B12221A706A
:10D1000059E04E4B1B78DBB2013BDAB24B4B1A7045
:10D1100051E04A4B1B78DBB2272B3ED0272B49DC52
:10D12000252B02D0262B1CD044E0414B1B8A9BB2FE
:10D1300001339AB23E4B1A823D4B1B8A9AB23C4B4A
:10D140005B8A9BB29A4204D3394B5B8A9AB2384BC2
:10D150001A82374B1B8A9BB21946022000F0ECFD65
:10D1600029E0334B9B8A9BB20A339AB2304B9A82A6
:10D170002F4B9B8A9AB22E4BDB8A9BB29A4204D3E6
:10D180002B4BDB8A9AB22A4B9A82294B9B8A9BB201
:10D190001946022000F0D0FD0DE0254B1B7EDBB2CE
:10D1A000012B03D1224B00221A7604E0204B0122EE
:10D1B0001A7600E000BF4FF4FA63009314230022B4
:10D1C00004211F4800F050FA0346FB73FB7B012B40
:10D1D00040F09C80194B1B78DBB2132B32D8144BD8
:10D1E0001B79DBB2052B10D1144B1B78DBB2122B51
:10D1F00003D9124B11221A7088E0104B1B78DBB256
:10D200000133DAB20D4B1A7080E00C4B1B78DBB2A5
:10D21000112B03D9094B11221A7077E0074B1B78A9
:10D22000DBB20133DAB2054B1A706FE00010024036
:10D23000044B00201F85EB51004B0020204B0020A9
:10D2400000040240344B1B78DBB2272B39D0272B4C
:10D2500044DC252B02D0262B17D03FE02F4B1B8A16
:10D260009BB2013B9AB22D4B1A822C4B1B8A9BB26C
:10D27000002B02D1294B01221A82284B1B8A9BB218
:10D280001946022000F058FD29E0244B9B8A9BB2EE
:10D290000A3B9AB2214B9A82204B9B8A9AB21F4B2F
:10D2A0005B8A9BB29A4204D21C4B5B8A9AB21B4B9C
:10D2B0009A821A4B9B8A9BB21946022000F03CFDD1
:10D2C0000DE0164B1B7EDBB2012B03D1134B00226A
:10D2D0001A7604E0114B01221A7600E000BF15E037
:10D2E00000BF14E000BF12E000BF10E000BF0EE07E
:10D2F00000BF0CE000BF0AE000BF08E000BF06E08E
:10D3000000BF04E000BF02E000BF00E000BF01205A
:10D31000FCF72FFEFEF776BF204B0020044B0020C9
:10D3200080B582B000AF78602A4B1B78DBB2082B47
:10D330004AD801A252F823F05DD3010869D301084D
:10D3400075D3010881D301088DD3010899D3010851
:10D35000A5D30108B1D30108BDD30108002003F013
:10D360001DFC04F0C7FA30E0002003F017FC04F0C5
:10D3700085FC2AE0002003F011FC04F091FD24E07C
:10D38000002003F00BFC04F06BFE1EE0002003F015
:10D3900005FC04F031FF18E0002003F0FFFB05F06E
:10D3A00063F812E0002003F0F9FB05F0EFFA0CE05F
:10D3B000002003F0F3FB05F021FC06E0002003F061
:10D3C000EDFB05F083FD00E000BFC820FCF7D1FDB8
:10D3D000AAE700BF004B002080B586B000AF7860A0
:10D3E00000233B610023FB604FF00003BB60002380
:10D3F000FB754BE09848F5F7EBFB01219648F5F7F4
:10D40000B9FC9548F5F741FD03469AB2934B5A8112
:10D41000924B5B899BB203F47E6307EE903AF8EE81
:10D42000677A97ED027A77EE277AC7ED027A8A4813
:10D43000F5F7CEFB01218848F5F79CFC8648F5F707
:10D4400024FD03469AB2854B9A81844B9B899BB2FB
:10D4500003F47E63FA681344FB607F48F5F7B8FB7A
:10D4600001217D48F5F786FC7B48F5F70EFD034664
:10D470009AB27A4BDA81794BDB899BB203F47E63F3
:10D480003A6913443B61FB7D0133FB75FB7D092B3E
:10D49000B0D9734B1B79DBB2002B21D1D7ED027AC7
:10D4A000B2EE047AC7EE876A16EE900AF3F766F9D1
:10D4B0005DA3D3E90023F2F7D3FE02460B461046E4
:10D4C00019465BA3D3E90023F2F7F8FF02460B46A7
:10D4D00010461946F3F7F2F90346604AD3614EE06D
:10D4E0005F4B1B79DBB2052B21D1D7ED027AB2EE6F
:10D4F000047AC7EE876A16EE900AF3F73FF94AA35B
:10D50000D3E90023F2F7ACFE02460B46104619465B
:10D5100047A3D3E90023F2F7D1FF02460B4610469A
:10D520001946F3F7CBF903464C4AD36127E04C4B3D
:10D530001B79DBB2032B21D1D7ED027AB2EE047A4C
:10D54000C7EE876A16EE900AF3F718F93AA3D3E903
:10D550000023F2F785FE02460B461046194638A313
:10D56000D3E90023F2F7AAFF02460B4610461946FC
:10D57000F3F7A4F90346394AD36100E000BF374B03
:10D58000D3ED077AF5EEC07AF1EE10FA03D8334BFB
:10D590004FF00002DA61FB6807EE903AF8EE677A26
:10D5A000B2EE047AC7EE876A16EE900AF3F7E6F851
:10D5B00025A3D3E90023F2F753FE02460B4610469B
:10D5C000194623A3D3E90023F2F77AFF02460B465C
:10D5D00010461946F3F752F903469AB21F4BDA8008
:10D5E0001E4BDB889BB2002B02D11C4B0022DA8041
:10D5F0003B691C4AA2FB0323DB089AB2174B1A8132
:10D60000164B1B899BB2002B02D1144B00221A81AE
:10D6100000233B614FF00003BB600023FB601E2032
:10D62000FCF7A7FCE3E600BFB37BF2B0506B8A3F88
:10D6300001DE02098A7F22406EA301BC0512943FDD
:10D64000EC51B81E85EB2B40DE718A8EE4F29FBF51
:10D65000D578E926311056407C510020344B00200B
:10D66000044B0020CDCCCCCC80B586B000AFF860A8
:10D67000084611461A4603467B810B467B721346C9
:10D68000FB800023FB753A8CFB88D31ABB82F6F72C
:10D69000DBFF38611E20FCF76CFCFB681A697B8994
:10D6A0001340002B14BF01230023DBB21A467B7A00
:10D6B0009A4245D1FB881846FCF75BFC32E0F6F74E
:10D6C000C3FF02463B69D21ABB8A9A4218D37B89B0
:10D6D0001946F86800F088F80346002B37D17B899B
:10D6E0001946F86800F080F80346012B2FD002237A
:10D6F000FB757B8901221946F86800F02FF826E0B7
:10D70000F6F7A2FF02463B69D21AFB889A4209D378
:10D710007B891946F86800F067F80346002B01D1B1
:10D720000123FB75FB681A697B891340002B14BF2A
:10D7300001230023DBB21A467B7A9A42BFD007E06E
:10D740007B8900221946F86800F008F800E000BF65
:10D75000FB7D18461837BD4680BD000080B483B0FD
:10D7600000AF78600B467B8013467B707B681A4A5B
:10D7700093420DD17B88022B03D1184A7B7813701A
:10D7800024E07B88042B21D1144A7B7893701DE020
:10D790007B68134A93420ED17B88802B03D10F4ABA
:10D7A0007B78537012E07B88B3F5807F0ED10B4AF3
:10D7B0007B78D3700AE07B680A4A934206D17B8863
:10D7C000B3F5005F02D1054A7B78137100BF0C37B7
:10D7D000BD465DF8047B704700040240244B0020E6
:10D7E000001002400008024080B483B000AF7860AF
:10D7F0000B467B807B681B4A93420DD17B88022BB2
:10D8000003D1194B1B78DBB226E07B88042B22D195
:10D81000154B9B78DBB21FE07B68144A93420ED114
:10D820007B88802B03D1104B5B78DBB214E07B88C4
:10D83000B3F5807F0FD10C4BDB78DBB20CE07B685B
:10D840000B4A934207D17B88B3F5005F03D1064BA7
:10D850001B79DBB200E0002318460C37BD465DF8AB
:10D86000047B704700040240244B0020001002405B
:10D870000008024090B583B000AF974B1B88FB8037
:10D88000964B1B79DBB2042B40F03182944BDB7A50
:10D89000DBB2012B02D10023FB803DE0904BDB7912
:10D8A000DBB2012B1DD18E4B9B79DBB2012B03D157
:10D8B0008A4BDB8AFB802FE08A4BDB78DBB2012BC3
:10D8C00003D1864B5B8AFB8026E0864BDB78DBB29C
:10D8D000022B03D1814B9B8AFB801DE00023FB8040
:10D8E0001AE07F4B9B79DBB2012B03D17B4BDB8AA8
:10D8F000FB8011E07B4B5B78DBB2002B0AD0794BCD
:10D900005B78DBB21A46754B1B8A9BB212FB03F3A2
:10D91000FB8001E00023FB806F4AFB8813806E4B85
:10D920001B88002B6AD10020FDF70AFD6E4B0022F8
:10D930001A806E4B1B78002B06D06C4B00221A709D
:10D940006B4B00221A6027E06A4B1B78032B20D117
:10D95000674B1B68002B0DD1F6F776FE034603F6E6
:10D96000B833634A1360002300220021102000F026
:10D97000EFFFBEE1F6F768FE02465D4B1B68D31A67
:10D98000002BC0F2B6815A4B00221A60FDF7AAFDA7
:10D99000AFE1574B00221A60564B1B78002B13D176
:10D9A000554B1B88002B0FD1544B1B78012B0BD1EF
:10D9B0000020FDF7A7FC0346002B02D0FDF792FDE7
:10D9C000A0E1FDF769FD9DE14A4B1B78012B02D0D8
:10D9D000FDF788FD8FE1FDF7ABFD0346002B00F05E
:10D9E0008A81444B00221A70454B00221A60454B35
:10D9F00000221A60444B00221A607CE13C4B00225A
:10DA00001A603C4B1B78032B40F09F800120FDF7F0
:10DA100079FC0346002B19D00020FDF749FC034692
:10DA2000002B13D1394B1B78D9B2344B1A78324BB7
:10DA30001B880B2000F08CFF0020FDF781FC2D4B94
:10DA400000221A70284B00221A805BE12A4B1B88A7
:10DA5000002B61D02C4B1B68002B5DD00020FDF704
:10DA600051FC0346002B57D0F6F7EEFD0246264B3D
:10DA70001B68D31AB3F5FA7F4ED31A4BD3ED077A4E
:10DA80009FED237AF4EEC77AF1EE10FA44D81F4BDB
:10DA90001B78D9B2184B1B8800220C2000F058FFCD
:10DAA0000020FDF74DFC104B00221A800D4B4FF06B
:10DAB0000002DA610020FDF79DFCF6F7C5FD034684
:10DAC0000F4A13600F4B00221A60124B00221A609B
:10DAD000084B02221A7015E1BA4D0020044B0020B9
:10DAE000244B0020344B0020DA4D0020D94D00207B
:10DAF000C44D0020DC4D0020B84D00206E000020F9
:10DB0000BC4D0020C04D0020D44D00206D000020F1
:10DB10000AD7233CD04D00207C4B1A887C4B1B88B5
:10DB20009A4204D17B4B1B88002B00F0E680774B98
:10DB30001B88002B06D1764B1B8800220221112066
:10DB400000F006FFFDF750FDD7E0734B1B78012B6B
:10DB50003DD10020FDF7F4FB0020FDF7D3FB034689
:10DB6000002B11D06C4B03221A70F6F76DFD0346A3
:10DB70006A4A1360664B1B8800220121112000F0C5
:10DB8000E7FEFDF731FDBDE0FDF7D2FC0346002BBB
:10DB900011D10020FDF72EFCF6F756FD0346604A32
:10DBA00013605E4B00221A605E4B00221A605A4BD3
:10DBB00002221A70A6E0584B00221A70584B00221D
:10DBC0001A60564B00221A60574B00221A60524BC3
:10DBD0001B78002B18D10020FDF7B2FB534B4FF000
:10DBE0000002DA610020FDF705FCF6F72DFD034683
:10DBF0004B4A1360494B00221A604A4B00221A60BC
:10DC0000454B02221A707DE0434B1B78022B41D119
:10DC10000020FDF795FBFDF7A5FC0346002B6ED019
:10DC20003E4B1B68002B04D1F6F70EFD03463B4A22
:10DC30001360FDF7C1FC0346002B62D0344B1B88F8
:10DC4000002B02D1FDF74EFC5CE0F6F7FDFC02462E
:10DC5000324B1B68D31A3B603B68FF2B02D83B68F2
:10DC6000D9B200E0FF212A4B1B88BC220F2000F014
:10DC70006FFE2F4B1B78DCB20020FDF719FB03462B
:10DC80001A46234B1B8821460A2000F061FE224BD6
:10DC900003221A700120FDF735FB0346002B19D033
:10DCA0000020FDF705FB0346002B13D1204B1B780A
:10DCB000D9B2204B1A78154B1B880B2000F048FE78
:10DCC0000020FDF73DFB144B00221A70114B00227F
:10DCD0001A8017E00D4B1A880D4B1B889A4203D10E
:10DCE0000C4B1B88002B0DD0FDF77EFC0AE000BF1B
:10DCF00008E000BF06E000BF04E000BF02E000BF94
:10DD000000E000BF0C37BD4690BD00BFB84D0020FD
:10DD1000BA4D0020DA4D0020DC4D0020C04D00201F
:10DD2000BC4D0020D04D0020D44D0020344B0020AD
:10DD30006D0000206E00002080B584B000AF034667
:10DD40000A46FB711346BB80FB79012B04D1454B7E
:10DD50001B68BA885A6381E0434B01221A73434B14
:10DD60001B79DBB2052B04D1002220214048F6F7B5
:10DD700031FA3E4B1B79DBB2042B29D1BB88002B37
:10DD800003D03C4ABB8813801EE0374BDB79DBB203
:10DD9000012B03D1344B00221A735FE0324BDB7A44
:10DDA000DBB2002B0DD1344B5B78DBB2002B04D1FE
:10DDB0002D4B9B79DBB2012B03D12B4B00221A7325
:10DDC0004CE02C4B00221A80274B00221A7345E0AE
:10DDD000BB88002B28D0234B1B68BA889A63234B3F
:10DDE0001B79DBB2032B05D1012220212048F6F755
:10DDF000F1F902E0002001F0A5FFEFF30583FB60DD
:10DE0000FB68002B0AD00023BB6002E0BB68013333
:10DE1000BB60BB6841F287329342F7DD00220121EB
:10DE20001648F6F7D7F916E0012201211348F6F754
:10DE3000D1F90C4B1B68BA889A630C4B1B79DBB287
:10DE4000032B05D1002220210948F6F7C3F902E08F
:10DE5000012001F077FF044B00221A731037BD46F2
:10DE600080BD00BFB8530020244B0020044B00208D
:10DE700000100240BA4D0020344B00200004024044
:10DE800080B584B000AF3B4600221A605A609A60A9
:10DE9000DA60314B314A1A602F4B4FF480325A60AE
:10DEA0002D4B00229A602C4B01221A612A4B002232
:10DEB0001A76294B012283F82020274B01225A622F
:10DEC000254B0022DA62244B254A9A62224B00221B
:10DED000DA60214B0322DA611F4B002283F83020E5
:10DEE0001D4B01225A611C48F4F72EFE0346002BFD
:10DEF00001D0FDF797F80B233B6001237B600223E1
:10DF0000BB603B4619461448F4F7CCFF0346002B90
:10DF100001D0FDF787F80C233B6002237B603B4672
:10DF200019460D48F4F7BEFF0346002B01D0FDF75C
:10DF300079F80D233B6003237B603B461946064876
:10DF4000F4F7B0FF0346002B01D0FDF76BF800BFDC
:10DF50001037BD4680BD00BF7C510020002001402D
:10DF60000100000F80B58AB000AF786007F114039C
:10DF700000221A605A609A60DA601A617B681B6836
:10DF8000174A934227D100233B61164B5B6C154A1D
:10DF900043F480735364134B5B6C03F480733B61F5
:10DFA0003B690023FB600F4B1B6B0E4A43F00403DD
:10DFB00013630C4B1B6B03F00403FB60FB680E2325
:10DFC0007B610323BB610023FB6107F11403194646
:10DFD0000548F5F74FFE00BF2837BD4680BD00BF9E
:10DFE00000200140003802400008024080B500AF28
:10DFF000064B074A1A600548F6F756FB0346002B06
:10E0000001D0FDF70FF800BF80BD00BFC451002054
:10E010000030024080B485B000AF78607B681B6838
:10E020000B4A93420DD10023FB600A4B1B6B094A3C
:10E0300043F480531363074B1B6B03F48053FB6063
:10E04000FB6800BF1437BD465DF8047B704700BF16
:10E05000003002400038024080B500AF124B134A36
:10E060001A60114B124A5A600F4B00229A600E4BF5
:10E07000F022DA600C4B4FF480421A610A4B002206
:10E080005A61094B00229A61074B0022DA61064B64
:10E0900000221A620448F6F723FB0346002B01D046
:10E0A000FCF7C0FF00BF80BDCC51002000540040F1
:10E0B000A086010080B58AB000AF786007F1140334
:10E0C00000221A605A609A60DA601A617B681B68E5
:10E0D000214A93423BD100233B61204B1B6B1F4ADB
:10E0E00043F0020313631D4B1B6B03F002033B6100
:10E0F0003B69C0237B611223BB610123FB610323C6
:10E100003B6204237B6207F1140319461448F5F7B8
:10E11000B1FD0023FB60114B1B6C104A43F400134C
:10E1200013640E4B1B6C03F40013FB60FB680022AE
:10E1300005211F20F6F715FA1F20F6F72EFA002208
:10E1400005212020F6F70DFA2020F6F726FA00BF69
:10E150002837BD4680BD00BF005400400038024053
:10E160000004024080B500AF174B184A1A60164BE6
:10E170004FF482725A60144B00229A60124B0022B4
:10E18000DA60114B00221A610F4B00225A610E4BCC
:10E190004FF400729A610C4B1822DA610A4B00228C
:10E1A0001A62094B00225A62074B00229A62064B00
:10E1B0000A22DA620448F8F7E4F80346002B01D09B
:10E1C000FCF730FF00BF80BD20520020003001402E
:10E1D00080B500AF174B184A1A60164B4FF4827285
:10E1E0005A60144B00229A60124B0022DA60114BE5
:10E1F00000221A610F4B00225A610E4B4FF400723D
:10E200009A610C4B0022DA610A4B00221A62094B18
:10E2100000225A62074B00229A62064B0A22DA62F7
:10E220000448F8F7AEF80346002B01D0FCF7FAFEDD
:10E2300000BF80BD785200200038004080B500AF9C
:10E24000174B184A1A60164B4FF482725A60144BDF
:10E2500000229A60124B0022DA60114B02221A61EE
:10E260000F4B01225A610E4B4FF400729A610C4B16
:10E270000822DA610A4B00221A62094B00225A6214
:10E28000074B00229A62064B0A22DA620448F8F72A
:10E2900078F80346002B01D0FCF7C4FE00BF80BD18
:10E2A000D0520020003C004080B58EB000AF7860B6
:10E2B00007F1240300221A605A609A60DA601A613A
:10E2C0007B681B68544A93422CD100233B62534B1A
:10E2D0005B6C524A43F480535364504B5B6C03F4C1
:10E2E00080533B623B6A0023FB614C4B1B6B4B4AE8
:10E2F00043F002031363494B1B6B03F00203FB6102
:10E30000FB6938237B620223BB620123FB62032388
:10E310003B6305237B6307F1240319464048F5F767
:10E32000A9FC75E07B681B683E4A93422DD100230F
:10E33000BB613A4B1B6C394A43F480431364374B3F
:10E340001B6C03F48043BB61BB6900237B61334BCF
:10E350001B6B324A43F002031363304B1B6B03F019
:10E3600002037B617B694FF460437B620223BB62E3
:10E370000123FB6203233B6305237B6307F1240333
:10E3800019462748F5F776FC42E07B681B68264A69
:10E3900093423DD100233B61204B1B6C1F4A43F449
:10E3A000004313641D4B1B6C03F400433B613B694A
:10E3B0000023FB60194B1B6B184A43F004031363E3
:10E3C000164B1B6B03F00403FB60FB684FF4A05378
:10E3D0007B620223BB620123FB6203233B630623B0
:10E3E0007B6307F1240319461048F5F743FC4FF40B
:10E3F00000637B620223BB620023FB6203233B6357
:10E4000006237B6307F1240319460848F5F732FC1D
:10E4100000BF3837BD4680BD0030014000380240A3
:10E420000004024000380040003C00400008024068
:10E4300080B58AB000AF07F1180300221A605A6055
:10E440009A60DA6007F1100300221A605A603B46B6
:10E4500000221A605A609A60DA603E4B3E4A1A60A7
:10E460003C4B40F28F625A603A4B00229A60394B23
:10E470004FF6FF72DA60374B00221A61354B0022EB
:10E480005A61344B00229A613248F2F7F5FF034695
:10E49000002B01D0FCF7C6FD4FF48053BB6107F1A0
:10E4A000180319462B48F3F799FD0346002B01D0BA
:10E4B000FCF7B8FD2748F3F7C1F90346002B01D05C
:10E4C000FCF7B0FD00233B6100237B6107F11003E3
:10E4D00019462048F4F7A8FA0346002B01D0FCF7B0
:10E4E000A1FD02233B6001237B600023BB6000236E
:10E4F000FB603B46002219461648F3F711FC034621
:10E50000002B01D0FCF78EFD3B4604221946114832
:10E51000F3F706FC0346002B01D0FCF783FD3B46D6
:10E52000082219460B48F3F7FBFB0346002B01D0EA
:10E53000FCF778FD3B460C2219460648F3F7F0FB42
:10E540000346002B01D0FCF76DFD00BF2837BD4608
:10E5500080BD00BF285300200000014080B586B078
:10E5600000AF07F1080300221A605A609A60DA606F
:10E570003B4600221A605A601D4B4FF080421A60E1
:10E580001B4B00225A601A4B00229A60184B194A02
:10E59000DA60174B00221A61154B80229A611448E9
:10E5A000F2F76AFF0346002B01D0FCF73BFD4FF466
:10E5B0008053BB6007F1080319460D48F3F70EFDC1
:10E5C0000346002B01D0FCF72DFD00233B60802388
:10E5D0007B603B4619460648F4F726FA0346002BB3
:10E5E00001D0FCF71FFD00BF1837BD4680BD00BF3E
:10E5F000705300201F48010080B58EB000AF07F1B6
:10E60000280300221A605A609A60DA6007F120033A
:10E6100000221A605A603B1D00221A605A609A60FC
:10E62000DA601A615A619A61334B344A1A60324B8C
:10E6300000225A60304B00229A602F4B42F2D002E7
:10E64000DA602D4B00221A612B4B80229A612A48F6
:10E65000F2F712FF0346002B01D0FCF7E3FC4FF466
:10E660008053BB6207F1280319462348F3F7B6FC31
:10E670000346002B01D0FCF7D5FC1F48F2F7BCFF86
:10E680000346002B01D0FCF7CDFC30233B62002376
:10E690007B6207F1200319461748F4F7C5F90346D2
:10E6A000002B01D0FCF7BEFC60237B600023BB6025
:10E6B0000023FB6000237B613B1D002219460E48AE
:10E6C000F3F7CAFB0346002B01D0FCF7ABFC022397
:10E6D000FB603B1D042219460748F3F7BDFB0346C8
:10E6E000002B01D0FCF79EFC034800F0F7F800BFB8
:10E6F0003837BD4680BD00BFB8530020000400403D
:10E7000080B586B000AF07F1080300221A605A6096
:10E710009A60DA603B4600221A605A601D4B1E4A1E
:10E720001A601C4B00225A601A4B00229A60194B47
:10E730004FF6FF72DA60174B00221A61154B8022E8
:10E740009A611448F2F798FE0346002B01D0FCF7BB
:10E7500069FC4FF48053BB6007F1080319460D486C
:10E76000F3F73CFC0346002B01D0FCF75BFC0023D5
:10E770003B6080237B603B4619460648F4F754F91A
:10E780000346002B01D0FCF74DFC00BF1837BD46F7
:10E7900080BD00BF005400200008004080B58CB050
:10E7A00000AF786007F11C0300221A605A609A607B
:10E7B000DA601A617B681B68434A934235D10023B3
:10E7C000BB61424B5B6C414A43F0010353643F4BD6
:10E7D0005B6C03F00103BB61BB6900237B613B4BB6
:10E7E0001B6B3A4A43F010031363384B1B6B03F067
:10E7F00010037B617B694FF4D443FB6102233B62CE
:10E8000000237B620323BB620123FB6207F11C032D
:10E8100019462F48F5F72EFA002205211B20F5F79F
:10E82000A0FE1B20F5F7B9FE4AE07B681B68B3F138
:10E83000804F16D100233B61244B1B6C234A43F0CD
:10E8400001031364214B1B6C03F001033B613B6923
:10E85000002205211C20F5F784FE1C20F5F79DFE03
:10E860002EE07B681B681B4A93420ED10023FB609D
:10E87000164B1B6C154A43F002031364134B1B6CBD
:10E8800003F00203FB60FB681AE07B681B68124A16
:10E89000934215D10023BB600C4B1B6C0B4A43F019
:10E8A00004031364094B1B6C03F00403BB60BB68D7
:10E8B000002205211E20F5F754FE1E20F5F76DFEFF
:10E8C00000BF3037BD4680BD000001400038024027
:10E8D00000100240000400400008004080B588B0ED
:10E8E00000AF786007F10C0300221A605A609A604A
:10E8F000DA601A617B681B68124A93421DD10023BB
:10E90000BB60114B1B6B104A43F0010313630E4BAA
:10E910001B6B03F00103BB60BB68C023FB600223D9
:10E920003B6100237B610023BB610223FB6107F194
:10E930000C0319460548F5F79DF900BF2037BD4681
:10E9400080BD00BF000400400038024000000240CB
:10E9500090B585B000AF0446084611461A462346D6
:10E96000FB710346BB710B467B7113467B80204BCA
:10E970001B6803F07F03FB60F5F766FE01461D4848
:10E98000FA6813465B0013449B000344196019495D
:10E99000FA6813465B0013449B000B440433FA7976
:10E9A0001A701449FA6813465B0013449B000B4429
:10E9B0000533BA791A700F49FA6813465B0013449D
:10E9C0009B000B4406337A791A700A49FA68134699
:10E9D0005B0013449B000B4408337A881A80044B75
:10E9E0001B680133024A136000BF1437BD4690BD57
:10E9F0004C5A00204C54002080B500AF114B124AF5
:10EA00001A60104B4FF4E1325A600E4B00229A60AC
:10EA10000C4B0022DA600B4B00221A61094B0C22CE
:10EA20005A61084B00229A61064B0022DA610548C0
:10EA3000F8F778FA0346002B01D0FCF7F3FA00BF91
:10EA400080BD00BF785A00200010014080B582B020
:10EA500000AF214B214A1A601F4B4FF416525A60E7
:10EA60001D4B00229A601C4B0022DA601A4B0022D8
:10EA70001A61194B0C225A61174B00229A61164BEE
:10EA80000022DA611448F8F74DFA0346002B01D052
:10EA9000FCF7C8FA00237B600F4B1B681B687B6088
:10EAA0000D4B1B685B687B607B680B4B1B68DA68EF
:10EAB000094B1B6822F01002DA60094B0022A3F810
:10EAC0003C22074B002283F84022064B00229A7218
:10EAD00000BF0837BD4680BDC05A0020004400403A
:10EAE000604B0020244B002080B500AF114B124A30
:10EAF0001A60104B4FF4E1325A600E4B00229A60BC
:10EB00000C4B0022DA600B4B00221A61094B0C22DD
:10EB10005A61084B00229A61064B0022DA610548CF
:10EB2000F8F700FA0346002B01D0FCF77BFA00BF90
:10EB300080BD00BF085B00200014014080B58EB08E
:10EB400000AF786007F1240300221A605A609A60CF
:10EB5000DA601A617B681B68574A934235D10023FB
:10EB60003B62564B5B6C554A43F010035364534B66
:10EB70005B6C03F010033B623B6A0023FB614F4B6D
:10EB80001B6B4E4A43F0010313634C4B1B6B03F0AA
:10EB90000103FB61FB694FF4C0637B620223BB622C
:10EBA0000123FB6203233B6307237B6307F12403F9
:10EBB00019464348F5F75EF8002205212520F5F7B0
:10EBC000D0FC2520F5F7E9FC72E07B681B683D4A24
:10EBD000934234D10023BB61384B1B6C374A43F45A
:10EBE00000331364354B1B6C03F40033BB61BB690A
:10EBF00000237B61314B1B6B304A43F001031363ED
:10EC00002E4B1B6B03F001037B617B690C237B6242
:10EC10000223BB620123FB6203233B6307237B6365
:10EC200007F1240319462648F5F724F800220521A8
:10EC30002620F5F796FC2620F5F7AFFC38E07B6838
:10EC40001B68214A934233D100233B611B4B5B6C11
:10EC50001A4A43F020035364184B5B6C03F0200303
:10EC60003B613B690023FB60144B1B6B134A43F071
:10EC700004031363114B1B6B03F00403FB60FB687D
:10EC8000C0237B620223BB620123FB6203233B633D
:10EC900008237B6307F1240319460C48F4F7EAFFC5
:10ECA000002205214720F5F75CFC4720F5F775FCAD
:10ECB00000BF3837BD4680BD00100140003802401B
:10ECC00000000240004400400014014000080240DF
:10ECD00080B582B000AF78607B681B681D4A9342A4
:10ECE0000ED11D4B5B6C1C4A23F0100353644FF490
:10ECF000C0611A48F5F75AF92520F5F75CFC24E0C5
:10ED00007B681B68164A93420DD1134B1B6C124A49
:10ED100023F4003313640C211048F5F747F926203B
:10ED2000F5F749FC11E07B681B680E4A93420CD151
:10ED3000094B5B6C084A23F020035364C0210A4846
:10ED4000F5F734F94720F5F736FC00BF0837BD4624
:10ED500080BD00BF001001400038024000000240AA
:10ED600000440040001401400008024080B582B019
:10ED700000AF254B9B79DBB2012B02D0FFF766FE7B
:10ED80003EE0224B224A1A60204B224A5A601F4B17
:10ED900000229A601D4B4FF40052DA601B4B002298
:10EDA0001A611A4B0C225A61184B00229A61174BB8
:10EDB0000022DA611548F8F7B5F80346002B01D0B8
:10EDC000FCF730F900237B60104B1B681B687B60ED
:10EDD0000E4B1B685B687B607B680C4B1B68DA68BA
:10EDE0000A4B1B6822F01002DA600B4B0022A3F8DA
:10EDF0003C22094B012283F84022084B00229A72E0
:10EE00000837BD4680BD00BF044B0020C05A00201B
:10EE10000044004090D00300604B0020244B0020B1
:10EE200080B500AF154B164A1A60144B154A5A604C
:10EE3000124B00229A60114B4FF40052DA600F4BD4
:10EE400000221A610D4B04225A610C4B00229A6178
:10EE50000A4B0022DA610948F8F764F80346002BF0
:10EE600001D0FCF7DFF8054B1B68DA68034B1B6821
:10EE700042F01002DA6000BF80BD00BF785A002067
:10EE80000010014090D0030080B483B000AF03466F
:10EE9000FB71FB79092B03D8FB793033FB7102E05E
:10EEA000FB793733FB71FB7918460C37BD465DF8AB
:10EEB000047B704780B582B000AF0023FB80002345
:10EEC000BB8000237B8000233B80754B01221A709E
:10EED000744BB3F83C325A1C91B2724AA2F83C12FD
:10EEE0001946704B1A786F4B0B445A706D4B5B7818
:10EEF000022B40F0CA806B4BB3F83C32062B36D164
:10EF0000684B9B78A52B04D1664B0B22A3F83E22BD
:10EF10002DE0644B9B78A92B04D1624B0922A3F806
:10EF20003E2224E05F4B9B78A62B03D05D4B9B7861
:10EF3000A72B15D15B4B5B79A3F1300213469B00E5
:10EF400013445B001A46574B9B79303B13449BB2EA
:10EF50009B009BB209339AB2524BA3F83E2206E0C3
:10EF6000504B0022A3F83C224D4B00221A704D4B0F
:10EF7000B3F83C32082B40F28F804A4BB3F83C2266
:10EF8000484BB3F83E329A42C0F08680454BB3F806
:10EF90003E32013B434A13445B78032B64D1012387
:10EFA000BB800AE0BB883F4A13445B781A46FB8863
:10EFB0001344FB80BB880133BB80BA88394BB3F85C
:10EFC0003E32033B9A42EDDBFB88DBB2FB80FB88E1
:10EFD0001B099BB2DBB21846FFF756FF03463B8086
:10EFE000FB88DBB203F00F03DBB21846FFF74CFFE0
:10EFF00003467B802B4BB3F83E32033B294A134434
:10F000005B781A463B88934220D1264BB3F83E32B8
:10F01000023B244A13445B781A467B88934215D1FD
:10F02000214BDB79DBB2002B0CD11F4BDB7ADBB23F
:10F03000002B07D11C4B1B7BDBB2002B02D11A4BE0
:10F0400001225A71164B00221A7008E0174B1B68F8
:10F050009B680021184606F03FF800F007FB114BB3
:10F060000022A3F83C2217E0104B1B689B6800218C
:10F07000184606F031F800F0F9FA0A4B0022A3F81E
:10F080003C22074B00221A7006E0064B0022A3F830
:10F090003C22034B00221A7000BF0837BD4680BDDA
:10F0A000A44D0020604B0020244B00200C000020C9
:10F0B00080B582B000AF0023BB800023FB718D4B75
:10F0C0001B6801338B4A13608B4B01225A718B4BA7
:10F0D00093F81432072B01D900F0B8FE874B93F850
:10F0E00014325A1CD1B2854A82F814121946834B45
:10F0F00093F80B22814B0B4483F80C227F4B93F83F
:10F100000C32012B40F0EE807C4B93F81432012B33
:10F1100011D97A4B93F80D32032B02D10723FB71DF
:10F1200009E0764B93F80D32062B02D10823FB71D0
:10F1300001E000F08BFEFB79002B00F0D5806F4BD7
:10F1400093F81432FA799A4200F2CE80FB79023BAE
:10F15000DBB219466A4800F099FC0346BB80694B54
:10F160001B680133674A1360FB79023B634A13440F
:10F1700093F80C321A46BB88DBB29BB29A4240F03D
:10F180009D80FB79013B5D4A134493F80C321A468B
:10F19000BB881B0A9BB29A4240F090805A4B1B6876
:10F1A0000133594A1360554B93F80D32032B4FD15D
:10F1B000524B93F80E32022B4AD1504B93F80F3238
:10F1C0001B029BB24D4A92F8102213447B804F4B96
:10F1D0001B78DBB2002B0DD14D4B1B6801334C4A21
:10F1E0001360464B93F80F127B8800220920FFF72B
:10F1F000AFFB04E0474B1B680133464A1360434BA7
:10F200001B78DBB2012B12D17B8807EE903AF8EE27
:10F21000677A9FED417A67EE877A404BC3ED077AB4
:10F220007B88002200210E20FFF792FB0BE0374B7A
:10F230001B78DBB2022B06D17B88DAB2384B1A700E
:10F24000384B01221A70314B00221A7000BF45E082
:10F250002A4B93F80D32062B40D1284B93F80E32EF
:10F26000002B3BD1254B93F80F32062B36D1234B85
:10F2700093F811222C4B1A702C4B1B78DAB22C4BC2
:10F280001A702C4B01221A70274B1B78DAB2244BD0
:10F290001A70244B01221A70274B1B680133264A2F
:10F2A0001360214B1B78D9B2214B1B78DAB21F4B6C
:10F2B0001B78DBB20720FFF74BFB0FE01F4B1B68EF
:10F2C00001331E4A13600D4B93F80D120B4B93F84C
:10F2D000142200230620FFF73BFB00E000BF00F0F4
:10F2E000B5FD01E000F0B2FD0023BB8000BF083790
:10F2F000BD4680BD505A0020A44D0020604B002028
:10F300006C4D00205C5A0020605A0020544B0020B5
:10F31000745A00206C5A00205839343C344B002079
:10F320006D000020584B00206C000020564B002040
:10F33000574B0020554B0020685A0020645A00208B
:10F3400080B485B000AF404B93F84032002B56D0CC
:10F350003D4BB3F83C323D4A1278D2B293424ED97B
:10F360003B4BDB7ADBB2002B49D1394BDB79DBB28B
:10F37000002B44D1364B1B7BDBB2002B3FD1324BF1
:10F380005B78002B3BD1314B1B78DBB21A462E4BFE
:10F3900013445B7807EE903AF8EE677A9FED2D7A8A
:10F3A00067EE877AC7ED037AD7ED037A9FED2A7A65
:10F3B000F4EEC77AF1EE10FA01DD284BFB60D7EDD1
:10F3C000037AFCEEE77AC7ED017A3B79DAB2244B97
:10F3D0005A70D7ED037ADFED206A87EEA67A1B4BD1
:10F3E0009B8A9BB207EE903AF8EE677A67EE277A2F
:10F3F000FCEEE77A17EE903A9AB2194B1A83124B49
:10F400000022A3F83C22104B012283F84022104B2B
:10F41000DB7ADBB2002B0DD10D4BDB79DBB2002B9D
:10F4200008D10B4B1B7BDBB2002B03D1084B012215
:10F430009A7203E0064B00229A7200BF00BF143795
:10F44000BD465DF8047B7047604B0020044B0020F4
:10F45000244B0020355ECA3E0000C8420000C8426E
:10F46000344B002080B400AF1A4B9B79DBB2012BE8
:10F4700028D1194B93F8403283F00103DBB2002B03
:10F4800022D1154BB3F83C32B3F5007F0ED8124BA6
:10F49000B3F83C325A1C91B20F4AA2F83C121946FA
:10F4A0000D4B1A780C4B0B445A700EE00A4B00229D
:10F4B000A3F83C22084B002283F84022074B00228D
:10F4C0009A7202E000BF00E000BFBD465DF8047B19
:10F4D000704700BF044B0020604B0020244B0020ED
:10F4E00080B582B000AF78607B681B681F4A93428A
:10F4F00013D11F4B9B79DBB2022B07D100F0B2FF77
:10F5000001221C491C48F7F71AFE06E005F0E4F852
:10F5100001221A491848F7F712FE7B681B68184A3F
:10F52000934213D1174B1B78184600F06BF8104B21
:10F530009B79DBB2012B02D1FFF794FF01E0FFF7CB
:10F54000B9FC01220F491048F7F7F9FD7B681B68E9
:10F550000E4A934206D1FFF7ABFD01220C490D483C
:10F56000F7F7EDFD00BF0837BD4680BD0010014034
:10F57000044B0020A05B0020785A0020D85D0020BA
:10F5800000440040604B0020C05A0020001401409D
:10F590006B4D0020085B002080B582B000AF786022
:10F5A0007B681B68104A93420AD1104B9B79DBB2EF
:10F5B000022B05D101220E490E48F7F7C0FD0EE0DF
:10F5C0007B681B680C4A934209D1084B9B79DBB2DC
:10F5D000012B04D1012209490948F7F7B0FD00BF0A
:10F5E0000837BD4680BD00BF00100140044B00201D
:10F5F000A05B0020785A002000440040604B0020AF
:10F60000C05A002080B483B000AF0346FB71144B96
:10F610001B781A46134B9B5CFA799A4210D1104B17
:10F620001B780133DAB20E4B1A700D4B1B781F2B6F
:10F630000FD90D4B01221A70094B00221A7008E0F5
:10F640005022FB79934201D1012200E00022044BB9
:10F650001A7000BF0C37BD465DF8047B704700BFD1
:10F66000505B0020045F02084854002080B500AFC2
:10F670001D4B022283F815221B4B062283F816220B
:10F68000194B152283F81722184B1B78DAB2164B48
:10F6900083F81822154B1B78DBB215335A42DBB2C4
:10F6A000D2B258BF5342DAB20F4B83F819220E4B35
:10F6B000032283F81A220D4B9B79DBB2032B06D071
:10F6C000642306220A490B48F7F7AEFC0AE0074B11
:10F6D0009B79DBB2032B05D164230622044906483B
:10F6E000F7F7A2FC00BF80BD604B0020044B002058
:10F6F000754D0020C05A0020785A002080B582B095
:10F7000000AF0023FB80AF4B022283F81B22AD4BDE
:10F71000A92283F81C22AB4B322283F81D22AA4B6C
:10F720001B79DBB2062B2AD801A252F823F000BFC6
:10F730004DF701084DF7010857F7010861F7010877
:10F7400061F701086BF7010875F701089D4B33223B
:10F7500083F81E2218E09B4B352283F81E2213E00B
:10F76000984B342283F81E220EE0964B362283F803
:10F770001E2209E0934B372283F81E2204E0914BAE
:10F78000302283F81E2200BF8F4B1B78DBB28F4ADA
:10F79000A2FB0323DB08DBB23033DAB2894B83F8F8
:10F7A0001F22894B1B78DAB2884BA3FB0213D908BE
:10F7B0000B469B000B445B00D31ADBB23033DAB24A
:10F7C000804B83F82022824B5B78DBB2814AA2FB1C
:10F7D00003235B09DBB23033DAB27A4B83F82122A0
:10F7E0007B4B5B78DBB2794AA2FB0323DB08DAB2FE
:10F7F000764BA3FB0213D9080B469B000B445B001E
:10F80000D31ADBB23033DAB26E4B83F82222704B5C
:10F810005B78DAB26D4BA3FB0213D9080B469B0051
:10F820000B445B00D31ADBB23033DAB2654B83F89A
:10F830002322644B302283F82422654BDB889BB261
:10F84000644AA2FB03235B099BB2DBB23033DAB21A
:10F850005C4B83F825225E4BDB889BB25B4AA2FBA4
:10F860000323DB089AB2594BA3FB0213D9080B46BA
:10F870009B000B445B00D31A9BB2DBB23033DAB28D
:10F88000504B83F82622524BDB889AB24F4BA3FB96
:10F890000213D9080B469B000B445B00D31A9BB2A2
:10F8A000DBB23033DAB2474B83F82722484B1B8A4E
:10F8B0009BB2494AA2FB03239B099BB2DBB23033C4
:10F8C000DAB2404B83F82822414B1B8A9BB2414A53
:10F8D000A2FB03235B099AB23C4BA3FB0213D9089A
:10F8E0000B469B000B445B00D31A9BB2DBB2303358
:10F8F000DAB2344B83F82922354B1B8A9BB2334A48
:10F90000A2FB0323DB089AB2304BA3FB0213D908F6
:10F910000B469B000B445B00D31A9BB2DBB2303327
:10F92000DAB2284B83F82A22294B1B8A9AB2274B3A
:10F93000A3FB0213D9080B469B000B445B00D31AB0
:10F940009BB2DBB23033DAB21E4B83F82B22204B52
:10F95000D3ED077AFCEEE77A17EE903A9BB21B4A9A
:10F96000A2FB0323DB089BB2DBB23033DAB2154BC8
:10F9700083F82C22164BD3ED077AFCEEE77A17EECC
:10F98000903A9AB2114BA3FB0213D9080B469B0085
:10F990000B445B00D31A9BB2DBB23033DAB2094BB3
:10F9A00083F82D22074B302283F82E22084B1B7838
:10F9B000DBB23033DAB2034B83F82F220123BB8052
:10F9C00018E000BF604B0020044B0020CDCCCCCC15
:10F9D000344B00201F85EB51D34D6210BB88264A63
:10F9E000134493F81B321A46FB881344FB80BB88F0
:10F9F0000133BB80BB88142BF0D9FB88DBB2FB80C2
:10FA0000FB881B099BB2DBB21846FFF73DFA0346A1
:10FA10007B80FB88DBB203F00F03DBB21846FFF7F5
:10FA200033FA03463B807B88DAB2134B83F83022EB
:10FA30003B88DAB2104B83F831220F4B032283F854
:10FA400032220E4B9B79DBB2032B06D064231822A3
:10FA50000B490C48F7F7E8FA0AE0084B9B79DBB250
:10FA6000032B05D16423182205490748F7F7DCFA70
:10FA700000BF0837BD4680BD604B0020044B00200E
:10FA80007B4D0020C05A0020785A002080B485B0F9
:10FA900000AF78600B46FB704FF6FF73FB810023CD
:10FAA0007B730023BB601EE07B685A1C7A601B7866
:10FAB0001A46FB895340FB8100237B7310E0FB89CE
:10FAC00003F00103BB60FB895B08FB810C4ABB6848
:10FAD00032F81320FB895340FB817B7B01337B731E
:10FAE0007B7B072BEBD9FB785A1EFA70002BDBD1FE
:10FAF000FB8918461437BD465DF8047B704700BF8C
:10FB00009462020880B584B000AF0346FB800023F6
:10FB1000FB811D4B012283F833221B4B062283F805
:10FB20003422194B002283F83522174B002283F828
:10FB30003622FB881B0A9BB2DAB2134B83F83722BA
:10FB4000FB88DAB2104B83F8382206210F48FFF702
:10FB50009DFF0346FB81FB89DAB20B4B83F8392208
:10FB6000FB891B0A9BB2DAB2074B83F83A22642363
:10FB7000082206490648F7F757FA0023FB8100BF21
:10FB80001037BD4680BD00BF604B0020934D002064
:10FB9000085B002080B500AFF4F756FD0246054B28
:10FBA0001B68D31A002B01DB012300E00023184659
:10FBB00080BD00BF5C4B002080B500AF054B00222C
:10FBC0001A70F4F741FD03465033034A136000BF37
:10FBD00080BD00BF584B00205C4B002080B582B038
:10FBE00000AF0023FB80FFF7D5FF0346002B41D079
:10FBF000224B1B78DBB2002B3CD100F027F91F4BC6
:10FC000001221A70FFF7D8FF1D4B012283F833221F
:10FC10001B4B032283F83422194B002283F8352230
:10FC2000174B082283F83622154B002283F837221F
:10FC3000134B012283F8382206211248FFF726FFD2
:10FC40000346FB80FB88DAB20D4B83F83922FB8830
:10FC50001B0A9BB2DAB20A4B83F83A220A4B1B68A2
:10FC60000133094A13606423082206490748F7F75D
:10FC7000DBF900E000BF0837BD4680BD544B0020D3
:10FC8000604B0020934D0020585A0020085B002054
:10FC900080B582B000AF0023FB80FFF77BFF0346F7
:10FCA000002B41D0224B1B78DBB2002B3CD100F063
:10FCB000CDF81F4B02221A70FFF77EFF1D4B012269
:10FCC00083F833221B4B032283F83422194B002282
:10FCD00083F83522174B062283F83622154B002273
:10FCE00083F83722134B012283F838220621124869
:10FCF000FFF7CCFE0346FB80FB88DAB20D4B83F89E
:10FD00003922FB881B0A9BB2DAB20A4B83F83A22EB
:10FD10000A4B1B680133094A136064230822064911
:10FD20000748F7F781F900E000BF0837BD4680BDFE
:10FD3000544B0020604B0020934D0020585A002067
:10FD4000085B002080B584B000AF0346FB71002340
:10FD5000BB810023FB73354B1B78DBB2002B08D033
:10FD6000FB7B43F00103FB73314B1B680133304ACB
:10FD70001360FFF70FFF0346002B03D1FB7B43F01B
:10FD80000203FB7300F062F8284B00221A70294B23
:10FD900000221A70284B1B78DBB20133DAB2264BF3
:10FDA0001A70FFF709FF254B012283F83322234BFA
:10FDB000062283F83422214B002283F835221F4B80
:10FDC000062283F836221D4B002283F837221B4A75
:10FDD000FB7982F8383206211948FFF757FE0346AF
:10FDE000BB81BB89DAB2154B83F83922BB891B0A68
:10FDF0009BB2DAB2114B83F83A22124B1B680133E3
:10FE0000104A13600C4B1B78DBB2FA7BF9790120A6
:10FE1000FEF79EFD6423082209490B48F7F704F911
:10FE20000023BB8100BF1037BD4680BD544B00206E
:10FE3000705A0020554B0020564B0020604B00208C
:10FE4000934D0020545A0020085B002080B400AF7E
:10FE5000054B002283F81422044B00225A7100BF84
:10FE6000BD465DF8047B7047604B0020A44D002028
:10FE700080B400AF00BFFDE780B400AF00BFFDE776
:10FE800080B400AF00BFFDE780B400AF00BFFDE766
:10FE900080B400AF00BFFDE780B400AF00BFBD4637
:10FEA0005DF8047B7047000080B500AF0248F1F7B1
:10FEB00047FE00BF80BD00BF2853002080B500AFC3
:10FEC0000248F1F73DFE00BF80BD00BF7053002027
:10FED00080B500AF0248F1F733FE00BF80BD00BF20
:10FEE0000054002080B500AF0248F4F752FD00BF77
:10FEF00080BD00BFCC51002080B500AF0248F4F7B0
:10FF0000B9FE00BF80BD00BFCC51002080B582B0DB
:10FF100000AF1B4B9B79DBB2022B2BD1194B1B681B
:10FF20001B687B607B6803F01003002B05D0154B2A
:10FF30001B685B6800F000FA1FE07B6803F00203B7
:10FF4000002B17D07B6803F02003002B12D00D4B41
:10FF5000202283F842200B4B002283F84020094BDB
:10FF60001B685B6800F0E8F9012207490548F7F7CC
:10FF7000E6F802E00348F7F707F90837BD4680BD09
:10FF8000044B0020785A0020A05B002080B582B08E
:10FF900000AF164B9B79DBB2012B20D1144B1B68B1
:10FFA0001B687B607B6803F00203002B17D07B6823
:10FFB00003F02003002B12D00D4B202283F84220A7
:10FFC0000B4B002283F84020094B1B685B68FFF74E
:10FFD000B7F9012207490648F7F7B1F802E00448EB
:10FFE000F7F7D2F80837BD4680BD00BF044B0020AC
:10FFF000C05A0020604B002080B500AF0248F1F7E6
:020000040802F0
:100000009FFD00BF80BD00BF545B002080B500AFE6
:100010000248F7F7B9F800BF80BD00BF085B0020B9
:1000200080B582B000AF00237B60124B5B6C114A3D
:1000300043F4804353640F4B5B6C03F480437B6059
:100040007B6800233B600B4B1B6C0A4A43F08053D8
:100050001364084B1B6C03F080533B603B68002229
:100060000F216FF00100F4F77CFA00BF0837BD469E
:1000700080BD00BF0038024080B58EB000AF786010
:100080000023FB620023BB620023FB60334B1B6C2D
:10009000324A43F010031364304B1B6C03F010031F
:1000A000FB60FB6807F1100207F1140311461846C4
:1000B000F3F7AEFD3B6AFB62FB6A002B03D1F3F75B
:1000C0007FFD786304E0F3F77BFD03465B007B6311
:1000D0007B6B234AA2FB03239B0C013BBB62214B9E
:1000E000214A1A601F4B40F2E732DA601D4ABB6AB0
:1000F00053601C4B00221A611A4B00229A60194B64
:1001000000229A611748F1F7B7F9034687F83330B0
:1001100097F83330002B1BD11248F1F7FDF9034655
:1001200087F8333097F83330002B11D13620F4F7AD
:1001300034FA7B680F2B08D8002279683620F4F750
:1001400010FA0A4A7B68136002E0012387F8333013
:1001500097F8333018463837BD4680BD0038024026
:1001600083DE1B43545B0020001000406000002031
:1001700080B586B000AF7860144A154BD31A7B6106
:100180007B693B61134B1B68002B02D1114B124A58
:100190001A60104B1A687B6813443A699A4207D276
:1001A00005F01CF903460C221A604FF0FF3309E0FA
:1001B000084B1B68FB60074B1A687B681344054AB1
:1001C0001360FB6818461837BD4680BD000002204A
:1001D000000400009C5B0020C063002080B586B056
:1001E00000AFF860B9607A6000237B610AE0AFF38A
:1001F00000800146BB685A1CBA60CAB21A707B699B
:1002000001337B617A697B689A42F0DB7B68184630
:100210001837BD4680BD80B586B000AFF860B960C4
:100220007A6000237B6109E0BB685A1CBA601B78C6
:100230001846FAF793FB7B6901337B617A697B6827
:100240009A42F1DB7B6818461837BD4680BD80B402
:1002500083B000AF78604FF0FF3318460C37BD46CF
:100260005DF8047B704780B483B000AF786039607C
:100270003B684FF400525A60002318460C37BD46C5
:100280005DF8047B704780B483B000AF78600123D1
:1002900018460C37BD465DF8047B704780B485B0C6
:1002A00000AFF860B9607A60002318461437BD4685
:1002B0005DF8047B70470000DFF834D0F1F7C6F832
:1002C0000C480D490D4A002302E0D458C4500433B1
:1002D000C4188C42F9D30A4A0A4C002301E0136087
:1002E0000432A242FBD3F0F7D7FEFAF74FFB704778
:1002F000000002200000002088000020208D02085D
:1003000088000020BC630020FEE7000080B500AF3D
:10031000064B00221A80064B01221A70054B002260
:100320009A7200F011F900BF80BD00BFA65D0020E9
:10033000A85D0020244B002080B584B000AF404B66
:100340001B78012B01D100F0C7F83D4B1B78012B26
:1003500055D13C4B1B78DBB21A463B4B1B889A426B
:100360004DD23A4BDB7ADBB2002B48D1374BDB79ED
:10037000DBB2002B43D1354B1B7BDBB2002B3ED1D4
:10038000334B1B78002B3AD12E4B1B78DBB21A462D
:100390002F4B9B5C07EE903AF8EE677A9FED2D7A33
:1003A00067EE877AC7ED037AD7ED037A9FED2A7A55
:1003B000F4EEC77AF1EE10FA01DD284BFB60D7EDC1
:1003C000037AFCEEE77AC7ED017A3B79DAB2244B87
:1003D0005A70D7ED037ADFED206A87EEA67A194BC3
:1003E0009B8A9BB207EE903AF8EE677A67EE277A1F
:1003F000FCEEE77A17EE903A9AB2194B1A83124B39
:1004000000221A800E4B01221A70104BDB7ADBB2ED
:10041000002B0DD10D4BDB79DBB2002B08D10B4B40
:100420001B7BDBB2002B03D1084B01229A7203E045
:10043000064B00229A7200BF00BF1037BD4680BD38
:10044000A85D0020044B0020A65D0020244B002066
:10045000A45B0020355ECA3E0000C8420000C842CE
:10046000344B002080B400AF154B9B79DBB2022BDC
:100470001ED1144B1B78002B1CD0134B1B88B3F5DB
:10048000007F0BD8104B1B885A1C91B20E4A11806A
:100490001A460E4B19780E4B99540CE00A4B002269
:1004A0001A80084B00221A700A4B00229A7202E04E
:1004B00000BF00E000BFBD465DF8047B704700BF91
:1004C000044B0020A85D0020A65D0020A05B00205A
:1004D000A45B0020244B002080B483B000AF164BF7
:1004E0001B88202B1DD9154B1B78F92B19D9134BC1
:1004F0001B78FA2B17D10023FB800BE0FB8801331C
:100500000E4AD25CFB880E49CB5C9A420DD1FB8827
:100510000133FB80FB881F2BF0D90A4B01221A7094
:1005200004E000BF02E000BF00E000BF0C37BD46A2
:100530005DF8047B704700BFA65D0020A45B00202F
:10054000285F02084854002080B586B000AF3B1DEC
:1005500000221A605A609A60DA601A614FF40063F0
:100560007B600023BB600023FB603B1D19461048E5
:10057000F3F780FB0F4B00221A704FF400610C4818
:10058000F3F710FE03461A460B4B1A70F4F75CF8AB
:1005900003460A4A13600A4B00221A60094B0022E4
:1005A0001A60094B01221A7000BF1837BD4680BD82
:1005B00000000240A95D0020AA5D0020AC5D002083
:1005C000B05D0020B45D0020B85D002080B485B02F
:1005D00000AFF860B9607A60FA68BB689A4205D3E8
:1005E000FA687B689A4201D8012300E0002318468C
:1005F0001437BD465DF8047B7047000080B500AF3E
:10060000194B1B68B4223C211846FFF7DFFF034655
:10061000002B0DD0154B1B68B4223C211846FFF768
:10062000D5FF0346002B03D0114B02221A7018E0AD
:100630000D4B1B68B4223C211846FFF7C7FF034649
:10064000002B0ED0094B1B6840F27E4240F28A21FB
:100650001846FFF7BBFF0346002B02D0044B0322D2
:100660001A7000BF80BD00BFB45D0020B05D0020E7
:10067000A95D002080B584B000AF2B4B9B79DAB226
:100680002A4B1B789A4207D0294B00221A70264B1E
:100690009B79DAB2254B1A70234B9B79DBB2022B84
:1006A0003DD1234B1B78002B01D1FFF74DFFF3F712
:1006B000CBFFF8604FF400611E48F3F773FD03466B
:1006C000FB721D4B1B78FA7A9A4218D01B4B1B68A1
:1006D000FA68D31A7B60184B1B78012B03D1184A98
:1006E0007B68136002E0174A7B681360124AFB7A4A
:1006F0001370124AFB681360FFF780FF10E00F4B86
:100700001B68FA68D31AB3F5966F09D3FB7A012BED
:1007100001D1042200E001220B4B1A7000E000BF5F
:100720001037BD4680BD00BF044B00206F00002085
:10073000B85D002000000240AA5D0020AC5D0020F2
:10074000B05D0020B45D0020A95D002080B400AF42
:100750000E4B1B78013B032B12D801A252F823F059
:100760007107020875070208790702087D07020869
:10077000074B06E0074B04E0074B02E0074B00E0A5
:10078000074B1846BD465DF8047B7047A95D002005
:100790004C5F0208505F0208545F0208585F02086D
:1007A0005C5F020880B400AF00231846BD465DF8C8
:1007B000047B704780B582B000AF0346FB71F91D22
:1007C0000A2301220348F5F765FE0023184608377F
:1007D000BD4680BDD052002080B582B000AF7860A9
:1007E0007868F3F73DFF00BF0837BD4680BD0000C5
:1007F00080B485B000AFF860084611461A4603463B
:100800007B810B463B811346FB80234B00221A6001
:10081000214AFB681360204A7B8913811E4A3B8969
:1008200053811D4A3B8B93811B4B0222DA827B89C9
:1008300003F007039BB2002B03D17B89DB089BB23B
:1008400004E07B89DB089BB201339BB2124A5382DE
:10085000114A3B899382104AFB88D3810E4B0022B8
:100860001A82FB88002B02D0FB88B42B06D10A4ADF
:100870007B899380084A3B89D38006E0064A3B89FE
:100880009380054A7B89D38000BF00BF1437BD46E3
:100890005DF8047B704700BFBC5D002080B483B06E
:1008A00000AF7860044A7B68136000BF0C37BD4618
:1008B0005DF8047B704700BFBC5D002080B48BB046
:1008C00000AF0346FB800B46BB8013467B809B4BEF
:1008D0009B88FA889A4200F25281984BDB88BA884A
:1008E0009A4200F24C81954BDB89B3F5877F2BD080
:1008F000B3F5877F00F34581B42B16D0B42B00F3FA
:100900004081002B02D05A2B05D03AE1FB88FB84B2
:10091000BB88BB8422E0894B1A89BB88D31A9BB25F
:10092000013BFB84FB88BB8418E0844B1A89FB885D
:10093000D31A9BB2013BFB84804B5A89BB88D31AE4
:100940009BB2013BBB8409E0BB88FB847B4B5A898B
:10095000FB88D31A9BB2013BBB8400BF774B1B8A39
:10096000032B00F2108101A252F823F0BB09020808
:100970007D0902088D0902089D0902086F4B1A893A
:10098000FB8CD31A9BB2013BFB8417E06B4B5A895B
:10099000BB8CD31A9BB2013BBB840FE0674B1A8917
:1009A000FB8CD31A9BB2013BFB84644B5A89BB8CF2
:1009B000D31A9BB2013BBB8400E000BF5F4B1B8995
:1009C000FA8C9A4200F2E1805C4B5B89BA8C9A42C5
:1009D00000F2DB80594BDB8A022B38D1FB8CDB0821
:1009E0009BB21946BB8C554A528A02FB03F30B4457
:1009F000FB60524B1A68FB6813441B78FB727B88C0
:100A0000002B12D1FB8C03F007036FF0800242FA37
:100A100003F35AB297F90B30134059B2474B1A6897
:100A2000FB681344CAB21A70B0E0FB8C03F00703F2
:100A3000802242FA03F35AB297F90B30134359B2AA
:100A40003E4B1A68FB681344CAB21A709EE03B4BD7
:100A5000DB8A042B36D1FB8C9B089BB21946BB8CDE
:100A6000364A528A02FB03F30B447B617B8803F016
:100A700003037B80314B1A687B6913441B78FB743A
:100A8000FB8C03F003035B006FF0C00242FA03F338
:100A90005AB297F9133013405BB2FB747B889A010A
:100AA000FB8C03F003035B0042FA03F35AB297F99D
:100AB0001330134359B2214B1A687B691344CAB2ED
:100AC0001A7063E01D4BDB8A102B39D1FB8C5B085D
:100AD0009BB21946BB8C194A528A02FB03F30B44A2
:100AE000FB61164B1A68FB6913441B78FB767B8805
:100AF00003F00F037B80FB8C03F001039B006FF07E
:100B0000F00242FA03F35AB297F91B3013405BB27A
:100B1000FB767B881A01FB8C03F001039B0042FAF1
:100B200003F35AB297F91B30134359B2034B1A68B7
:100B3000FB691344CAB21A7028E000BFBC5D0020F4
:100B4000154BDB8A412B21D1FB8C5A00BB8C1249FF
:100B5000498A01FB03F313443B627B881B0A99B269
:100B60000D4B1A683B6A1344CAB21A700A4B1A68D2
:100B70003B6A013313447A88D2B21A7006E000BF90
:100B800004E000BF02E000BF00E000BF2C37BD461C
:100B90005DF8047B704700BFBC5D002080B489B065
:100BA00000AF0346FB80524BDB8A022B03D0504B35
:100BB000DB8A042B25D10023FB831CE00023BB83AD
:100BC00011E0BA8BFB8B4A49498A01FB03F31344BA
:100BD000BB60474B1A68BB681344FA88D2B21A70DC
:100BE000BB8B0133BB83424B5B8ABA8B9A42E8D3FF
:100BF000FB8B0133FB833E4B9B8AFA8B9A42DDD3FE
:100C00006FE03B4BDB8A102B30D100237B8327E046
:100C100000233B831CE03A8B7B8B3549498A01FBDF
:100C200003F31344FB60FB8803F00F03FB80FB8896
:100C30005BB21B015AB2FB885BB2134359B22C4B17
:100C40001A68FB681344CAB21A703B8B01333B83AA
:100C5000274B5B8A3A8B9A42DDD37B8B01337B83B4
:100C6000234B9B8A7A8B9A42D2D33AE0204BDB8A81
:100C7000412B36D10023FB822DE00023BB8222E0F2
:100C8000BB8A5A00FB8A1A49498A01FB03F31344C1
:100C90003B61FB881B0A9BB2DAB2154B19683B69B2
:100CA0000B4402F00F02D2B21A70FB88DAB2104B7A
:100CB00019683B6901330B4402F00F02D2B21A707B
:100CC000BB8A0133BB820A4B5B8ABA8A9A42D7D36A
:100CD000FB8A0133FB82064B9B8AFA8A9A42CCD369
:100CE000FFE700BF2437BD465DF8047B704700BFB7
:100CF000BC5D002090B585B000AF044608461146A3
:100D00001A462346FB800346BB800B467B80134676
:100D10007B70424B9B88FA889A427AD83F4BDB889B
:100D2000BA889A4275D897F82030012B44D1002315
:100D3000FB8139E00023BB8129E0FA88B7F90E3046
:100D40001A447B78D31A002B28DBBA88B7F90C3009
:100D50001A447B78D31A002B20DBFA89FB881344D2
:100D60009AB27B789BB2D31A98B2BA89BB881344E3
:100D70009AB27B789BB2D31A9BB27A881946FFF756
:100D80009DFDB7F90C309BB201339BB2BB81B7F923
:100D90000C207B785B00013B9A42CEDBB7F90E302A
:100DA0009BB201339BB2FB81B7F90E207B785B00CD
:100DB000013B9A42BEDB2DE00023FB8123E00023B0
:100DC000BB8115E0FA89FB8813449BB2013B98B2C2
:100DD000BA89BB8813449BB2013B9BB27A881946FF
:100DE000FFF76CFDB7F90C309BB201339BB2BB81AE
:100DF000B7F90C207B789A42E4DBB7F90E309BB24E
:100E000001339BB2FB81B7F90E207B789A42D6DB87
:100E100000E000BF1437BD4690BD00BFBC5D0020A0
:100E200090B58DB002AF0446084611461A462346D7
:100E3000FB800346BB800B467B8013463B80534BB5
:100E40009B88FA889A4200F29880504BDB88BA88D7
:100E50009A4200F292804D4B9B887A889A4200F227
:100E60008C804A4BDB883A889A4200F28680FB8865
:100E7000FB84BB88BB847A88FB88D31A002BB8BF5D
:100E80005B42BB613A88BB88D31A002BB8BF5B4278
:100E90005B427B61FA887B889A4201D2012301E0A0
:100EA0004FF0FF333B61BA883B889A4201D201235D
:100EB00001E04FF0FF33FB60BA697B6913443B628A
:100EC0000023FB77FB7F0133FB7797F84030012B42
:100ED00025D1FA7F2E4BA3FB021359080B465B006A
:100EE0000B44D31ADBB2002B19D13B8F002B09D056
:100EF00097F83C30B98CF88C012200920022FFF761
:100F0000F9FE09E097F83C30B98CF88C0122009288
:100F10004FF6FF72FFF7EEFE0023FB7708E097F82D
:100F20003C303A8FB98CF88C01240094FFF7E2FE34
:100F30003B6A5B007A699A420CDCFA8C7B889A42A5
:100F40001DD03A6A7B6913443B623B699AB2FB8CC1
:100F50001344FB843B6A5B00BA699A42B2DBBA8CE9
:100F60003B889A420DD03A6ABB6913443B62FB68E6
:100F70009AB2BB8C1344BB84A4E700BF02E000BF5D
:100F800000E000BF2C37BD4690BD00BFBC5D002017
:100F9000ABAAAAAA90B589B004AF04460846114688
:100FA0001A462346FB800346BB800B467B801346D4
:100FB0003B80374B9B88FA889A4264D8344BDB8855
:100FC000BA889A425FD8324B9B887A889A425AD81C
:100FD0002F4BDB883A889A4255D897F82830002B57
:100FE00018D0BB88FB8110E0FC897A88F989F888E1
:100FF0000023029397F8243001933B8C00932346FF
:10100000FFF70EFFFB890133FB81FA893B889A4287
:10101000EAD339E0BC887A88B988F888002302933B
:1010200097F8243001933B8C00932346FFF7F8FE9A
:101030003C88FA88B988F8880023029397F824300E
:1010400001933B8C00932346FFF7EAFEBC887A8825
:10105000398878880023029397F8243001933B8CD9
:1010600000932346FFF7DCFE3C88FA8839887888AD
:101070000023029397F8243001933B8C009323467E
:10108000FFF7CEFE00E000BF1437BD4690BD00BFA5
:10109000BC5D002080B588B000AF7B600346FB815B
:1010A0000B46BB811346FB724D4B9B88FA899A42D3
:1010B00000F291804A4BDB88BA899A4200F28B8019
:1010C000FB7A203B7A68D28802FB03F37A68928825
:1010D000D20892B211467A68928802F0070292B260
:1010E000002A14BF01220022D2B20A4402FB03F3F9
:1010F0007B617B681A687B691344BB610023FB83B7
:1011000063E00023BB834EE0BB8D4FF6FF7293423A
:1011100018D1BB691B781946BB8B03F007038022EB
:1011200042FA03F30B40002B31D0FA89BB8B1344F6
:1011300098B2BA89FB8B13449BB23A8D1946FFF7DC
:10114000BDFB24E0BB691B781946BB8B03F007038A
:10115000802242FA03F30B40002B0CD0FA89BB8BA0
:10116000134498B2BA89FB8B13449BB23A8D19464B
:10117000FFF7A4FB0BE0FA89BB8B134498B2BA8942
:10118000FB8B13449BB2BA8D1946FFF797FBBB8BC1
:1011900003F007039BB2072B02D1BB690133BB618C
:1011A000BB8B0133BB837B689B88BA8B9A42ABD3E2
:1011B0007B689B8803F007039BB2002B02D0BB69BE
:1011C0000133BB61FB8B0133FB837B68DB88FA8BCC
:1011D0009A4296D300E000BF2037BD4680BD00BFD5
:1011E000BC5D002080B588B002AFBA607B6003466A
:1011F000FB810B46BB81FB89FB82BB89BB82214BF8
:101200009B88FA899A4238D81E4BDB88BA899A4261
:1012100033D82DE0FB8A7A6892881344194A928861
:10122000934206DDFB89FB827B68DA88BB8A134424
:10123000BB82BB8A7A68D2881344124AD28893420E
:1012400003DDFB89FB82BB89BB82BB681A78B98A44
:10125000F88A3B8C0193BB8C00937B68FFF71AFFE5
:10126000BB680133BB607B689A88FB8A1344FB82AE
:10127000BB681B78002BCDD100E000BF1837BD46FE
:1012800080BD00BFBC5D002090B5ADF50F7D02AF05
:101290000446084607F1100101ED020B07F50C7139
:1012A000A1F508710A60194607F50C73A3F21A2319
:1012B00022461A8007F50C73A3F5077302461A80BD
:1012C00007F50C73A3F22A230A461A800023A7F815
:1012D0002E320023A7F82C3207F50C73A3F58A737E
:1012E0001846FF231A460021EFF72AFE07F50C7374
:1012F000A3F505731846FF231A460021EFF720FED9
:1013000007F58E73C7F81C3207F1100353E9020189
:10131000EFF78CFA0346C7F82832944B9B8807F501
:101320000C72A2F21A2212889A4200F21A818F4B92
:10133000DB8807F50C72A2F5077212889A4200F258
:10134000108107F50C73A3F22A231B88002B7DD094
:10135000D7F82802EFF700FA02460B4607F1100112
:1013600051E90201EFF7AAF802460B46104619466A
:10137000EFF7A4FA0346C7F8243207F50C73A3F27B
:101380002A231B8887F823320CE0D7ED897AB2EE46
:10139000047A67EE877AC7ED897A97F82332013BA2
:1013A00087F8233297F82332002BEED1D7ED897AD4
:1013B000FDEEE77A17EE903AC7F8283207F50C737E
:1013C000A3F22A231B8887F823322CE0D7F828229F
:1013D000674B83FB02139910D317C91A0B469B0066
:1013E0000B445B00D11ACAB2B7F92E323032D1B2F7
:1013F00007F50C72A2F50572D154B7F92E329BB2E3
:1014000001339BB2A7F82E32D7F82832584A82FB14
:1014100003129210DB17D31AC7F8283297F8233239
:10142000013B87F8233297F82332002BCED1B7F94E
:101430002E3207F50C72A2F505722E21D154B7F9A0
:101440002E329BB201339BB2A7F82E3207F1100364
:1014500053E90201EFF7EAF90346C7F8283227E01B
:10146000D7F82822424B83FB02139910D317C91ACD
:101470000B469B000B445B00D11ACAB2B7F92E325F
:101480003032D1B207F50C72A2F50572D154B7F91A
:101490002E329BB201339BB2A7F82E32D7F82832F6
:1014A000334A82FB03129210DB17D31AC7F8283293
:1014B000D7F82832002BD3D107F1100353E90201EA
:1014C000EFF7DCF90346DBB2002B2CD1B7F92E3253
:1014D00007F50C72A2F505723021D154B7F92E32FE
:1014E0009BB201339BB2A7F82E321CE0B7F92E3223
:1014F0005A1EB7F92C3207F50C71A1F50571895CFC
:1015000007F50C72A2F58A72D154B7F92C329BB24E
:1015100001339BB2A7F82C32B7F92E329BB2013BB4
:101520009BB2A7F82E32B7F92E32002BDEDC07F57E
:101530000C73A3F5087307F50C72A2F507721188F6
:1015400007F50C72A2F21A221088B7F84022019215
:10155000B7F8442200921B68D7F81C22FFF742FE1E
:1015600000E000BF07F50D77BD4690BDBC5D0020D3
:101570006766666680B500AF01224FF480510D4862
:10158000F2F728FE6420FFF727F900224FF480517C
:101590000848F2F71FFE6420FFF71EF901224FF4FE
:1015A00080510448F2F716FE6420FFF715F900BFDA
:1015B00080BD00BF0000024080B582B000AF03468E
:1015C000FB7100224FF400410A48F2F703FE0022AB
:1015D00001210948F2F7FEFDFB791846FFF7EAF80A
:1015E000012201210448F2F7F5FD00BF0837BD468E
:1015F00080BD00BF00000240000C024080B582B0F8
:1016000000AF0346FB7101224FF400410A48F2F794
:10161000E1FD002201210948F2F7DCFDFB791846C3
:10162000FFF7C8F8012201210448F2F7D3FD00BFFB
:101630000837BD4680BD00BF00000240000C0240DC
:1016400080B500AFAE20FFF7B7FF0020FFF7B4FF73
:101650001020FFF7B1FFB020FFF7AEFFDC20FFF74F
:10166000ABFF0020FFF7A8FF8120FFF7A5FF6F2049
:10167000FFF7A2FF2120FFF79FFFA020FFF79CFFAD
:10168000C020FFF799FFA420FFF796FFA620FFF7E1
:1016900093FFA820FFF790FF3F20FFF78DFFD32097
:1016A000FFF78AFF6020FFF787FFD520FFF784FF51
:1016B0004120FFF781FFD920FFF77EFF2220FFF7AF
:1016C0007BFFDB20FFF778FF3520FFF775FFAD20AC
:1016D000FFF772FF8A20FFF76FFF00BF80BD80B564
:1016E00000AFFFF747FFFFF7ABFFC820FFF774F825
:1016F000AF20FFF761FF00BF80BD80B584B000AFB1
:1017000010237B8140233B81B020FFF755FF00234E
:10171000FB8124E0FB89C3F13F03FB80FB88DBB244
:1017200003F00F03DBB21846FFF746FFFB881B09E7
:101730009BB2DBB21033DBB21846FFF73DFF00234C
:10174000BB8105E00020FFF759FFBB890133BB8156
:10175000BA897B899A42F5D3FB890133FB81FA89E7
:101760003B899A42D6D300BF00BF1037BD4680BD2B
:1017700080B483B000AF0346FB7197F907305B007C
:101780005BB223F055035AB2FB795B105BB203F0F6
:1017900055035BB213435BB2FB7197F907309B00B3
:1017A0005BB223F033035AB2FB799B105BB203F0B8
:1017B00033035BB213435BB2FB7197F907301B0134
:1017C0005AB2FB791B09DBB25BB213435BB2FB710C
:1017D000FB7918460C37BD465DF8047B704780B531
:1017E00086B000AF786010237B8240233B82B0201C
:1017F000FFF7E2FE0023FB8238E0FB8AC3F13F03E0
:10180000FB81FB89DBB203F00F03DBB21846FFF765
:10181000D3FEFB891B099BB2DBB21033DBB2184647
:10182000FFF7CAFE0023BB8219E0BA8AFB8A798AD5
:1018300001FB03F313441A467B6813441B78BB81F6
:10184000BB89DBB21846FFF793FF0346BB81BB8918
:10185000DBB21846FFF7D2FEBB8A0133BB82BA8ADD
:101860007B8A9A42E1D3FB8A0133FB82FA8A3B8A64
:101870009A42C2D300BF00BF1837BD4680BD0000EA
:1018800080B584B002AFFEF78DFF0346002B02D077
:101890004FF0FF3327E0FFF722FFFFF72EFF4FF453
:1018A0008063FB80FB88184603F09EFB03461A46C4
:1018B0000F4B1A600E4B1B68002B02D14FF0FF3309
:1018C00011E00B4B186800230093B42340228021C1
:1018D000FEF78EFF064B1B681846FEF7DFFF002061
:1018E000FFF75CF9002318460837BD4680BD00BFEE
:1018F000D45D002080B586B004AF0023029301239D
:1019000001934FF6FF7300934023802201210120B1
:10191000FFF740FB00230293012301934FF6FF736F
:1019200000934023502214215020FFF779FA00231E
:101930000293012301934FF6FF7300931423802237
:1019400014210020FFF76CFAFF230193002300937A
:10195000B54BB64A05210520FFF744FCB44B1B7874
:10196000DBB21846EEF7E8FE00230193FF23009355
:101970000023AD4A41EC100B05211B20FFF784FC2E
:10198000AB4B5B78DBB21846EEF7D6FE0023019333
:10199000FF2300930023A44A41EC100B05213920BA
:1019A000FFF772FCFF230193002300939E4BA14A93
:1019B00018210520FFF716FC9F4BDB889BB21846C9
:1019C000EEF7BAFE00230193FF2300930023964A0B
:1019D00041EC100B18212A20FFF756FCFF2301933E
:1019E00000230093904B954A25210520FFF7FAFB31
:1019F000914BDB691846EEF7C1FE00230193FF23EC
:101A000000930123884A41EC100B25212A20FFF77F
:101A10003BFCFF23019300230093834B884A322130
:101A20000520FFF7DFFB844B1B78DBB2062B53D876
:101A300001A252F823F000BF551A02086B1A0208DF
:101A4000C31A0208811A0208971A0208D91A020852
:101A5000AD1A0208FF23019300230093724B794AC9
:101A600032212A20FFF7BEFB49E0FF230193002328
:101A700000936D4B744A32212A20FFF7B3FB3EE0FE
:101A8000FF23019300230093674B704A32212A20E1
:101A9000FFF7A8FB33E0FF23019300230093624B81
:101AA0006B4A32212A20FFF79DFB28E00023019397
:101AB000FF2300935C4B674A32212A20FFF792FBF9
:101AC0001DE0FF23019300230093574B624A32210C
:101AD0002A20FFF787FB12E0574B1B78DBB2184632
:101AE000EEF72AFE00230193FF23009300234E4AC2
:101AF00041EC100B32212A20FFF7C6FB00BF574BE9
:101B00009B79DBB2012B1CD1FF23019300230093AF
:101B1000454B534A18215520FFF764FB464B5B7930
:101B2000DBB21846EEF708FE00230193FF23009373
:101B300000234C4A41EC100B29215320FFF7A4FB52
:101B400030E03D4B5B78FB71444BDB79DBB2012B22
:101B50000ED1394BDB78DBB2012B02D13223FB7182
:101B600006E0354BDB78DBB2022B01D16423FB713D
:101B7000FF230193002300932B4B3B4A1821552050
:101B8000FFF730FBFB791846EEF7D6FD00230193F3
:101B9000FF2300930023334A41EC100B29215320EB
:101BA000FFF772FB224B1B79DBB2062B31D801A267
:101BB00052F823F0D11B0208D11B0208E71B0208D0
:101BC000FD1B0208FD1B0208D11B0208D11B0208E5
:101BD000FF23019300230093134B244A05215F2028
:101BE000FFF700FB16E0FF230193002300930E4B49
:101BF0001F4A05215F20FFF7F5FA0BE0FF23019351
:101C000000230093084B1B4A05215F20FFF7EAFAE7
:101C100000E000BF184B1B681846FFF7E0FD00BF4F
:101C20000837BD4680BD00BF70000020605F02081D
:101C3000044B00206C5F0208344B0020785F0208E0
:101C4000805F0208885F02088C5F0208905F0208CC
:101C5000945F0208985F02089C5F0208244B0020F2
:101C6000A45F020878000020AC5F0208B45F02089D
:101C7000BC5F0208C45F0208D45D002080B58CB050
:101C800004AF00230293012301934FF6FF730093E7
:101C90004023802201210120FFF77CF9FF230193DB
:101CA000002300936F4B704A05210520FFF79AFA35
:101CB0006E4B9B79DBB2032B64D801A252F823F060
:101CC000D11C0208E71C0208FD1C0208271D02089F
:101CD000FF23019300230093624B654A05213720BF
:101CE000FFF780FA4FE0FF230193002300935D4B41
:101CF000604A05213720FFF775FA44E0FEF726FD1C
:101D0000024607F110035C49184603F0A1FA07F1F7
:101D10001002FF23019300230093524B052137202B
:101D2000FFF760FA2FE0554B7B6007F108030022B4
:101D30001A601A710023FB77514B5B79012B01D19B
:101D40000123FB774F4B1B79012B01D10223FB773A
:101D50004C4B5B79012B01D10323FB77FA7F3B1DB1
:101D60004949184603F074FA464B01229A703A1D0D
:101D7000FF230193002300933A4B05213720FFF7FF
:101D800031FA00E000BFFF23019300230093354B9D
:101D90003E4A14210520FFF725FA3D4B1B8A9BB2D2
:101DA0001846EEF7C9FC00230193FF23009300239C
:101DB0002C4A41EC100B14213720FFF765FA344B05
:101DC0005B8A9BB21846EEF7B7FC00230193FF2312
:101DD00000930023234A41EC100B14215A20FFF7F3
:101DE00053FAFF230193002300931E4B294A23211A
:101DF0000520FFF7F7F9264B9B8A9BB21846EEF7B2
:101E00009BFC00230193FF2300930023154A41EC20
:101E1000100B23213720FFF737FA1D4BDB8A9BB2CB
:101E20001846EEF789FC00230193FF23009300235B
:101E30000C4A41EC100B23215A20FFF725FAFF230F
:101E4000019300230093074B134A32210520FFF72B
:101E5000C9F9124B1B681846FFF7C1FC00BF2037B9
:101E6000BD4680BD70000020CC5F0208044B0020FE
:101E7000D45F0208DC5F0208E05F02085749464968
:101E80000060002034610020EC5F0208F85F020867
:101E9000344B00200860020818600208D45D00205E
:101EA000F0B58DB004AF00230293012301934FF6E8
:101EB000FF7300934023802201210120FFF76AF87D
:101EC000584B9B79DBB2032B40F09680564BDB7D61
:101ED000012B40F09180FF23019300230093534B8B
:101EE000534A05210520FFF77DF94F4BDB7A194650
:101EF0004D4B1B7B1C464C4B5B7B1A464A4B9B7BDA
:101F000038460193009223460A464A4903F0A0F955
:101F10003A46FF23019300230093474B07212820D3
:101F2000FFF760F9404B9B7F012B2ED1FF230193DC
:101F3000002300933D4B414A14210520FFF752F93D
:101F4000394B1B7E1D46384B5B7E1E46364B9B7EB7
:101F50001A46354BDB7E1946334B1B7F1C46324BF2
:101F60005B7F3846039302940191009233462A46E0
:101F7000334903F06DF93A46FF23019300230093A0
:101F80002D4B16212820FFF72DF9274B93F86130B0
:101F9000012B19D1FF23019300230093234B294ADE
:101FA00023210520FFF71EF93B46274A27491846FB
:101FB00003F04EF93A46FF230193002300931E4B92
:101FC00025212820FFF70EF9214B5B78012B1ED12C
:101FD0001F4B93F900301A463B461E49184603F042
:101FE00037F93A46FF230193002300930F4B322128
:101FF0000520FFF7F7F80AE0FF2301930023009381
:102000000A4B154A14210520FFF7ECF800E000BF49
:10201000124B1B681846FFF7E2FB00BF2437BD4692
:10202000F0BD00BF044B00200060002070000020C5
:102030002860020830600208800000203C6002082E
:1020400044600208646002081F6000206C6002089F
:1020500034610020706002087C600208D45D0020BA
:1020600090B595B004AF00230293012301934FF67E
:10207000FF7300934023802201210120FEF78AFF95
:102080004E4B9B79DBB2032B40F082804C4B93F894
:102090006830012B7CD1FF23019300230093494B2F
:1020A000494A05210520FFF79DF8454B93F862301A
:1020B0001946434B93F863301C46414B93F8643008
:1020C0001A463F4B93F865303846019300922346F9
:1020D0000A463E4903F0BCF83A46FF230193002329
:1020E00000933B4B07212820FFF77CF8344BB3F8D3
:1020F00066301A463B463749184603F0A9F83A4677
:10210000FF230193002300932E4B14210520FFF79A
:1021100069F82B4B93F8CB30012B0FD13B462E4A5D
:102120002E49184603F094F83A46FF230193002302
:102130000093244B22210520FFF754F8204B93F8FD
:102140002F31012B2FD1FF230193002300931D4B2F
:10215000234A31210520FFF745F83B46214A224911
:10216000184603F075F83A46FF23019300230093C5
:10217000174B2E212820FFF735F8FF23019300236A
:102180000093134B194A37212820FFF72BF80AE058
:10219000FF230193002300930A4B154A14210520C5
:1021A000FFF720F800E000BF124B1B681846FFF74E
:1021B00016FB00BF4437BD4690BD00BF044B002056
:1021C00000600020700000208C600208306002086F
:1021D0008000002094600208AA6000209C60020831
:1021E000A4600208EE600020AC600208FC600020E1
:1021F000B4600208D45D002080B584B004AF002331
:102200000293012301934FF6FF7300934023802232
:1022100001210120FEF7BEFE8B4B1B78DBB2012BA8
:102220000AD100230193FF230093884B884A05219C
:102230000520FEF7D7FF09E0FF2301930023009359
:10224000824B834A05210520FEF7CCFF7E4B1B788D
:10225000DBB2152B12D17F4B1B78DBB21846EEF7A1
:102260006BFAFF230193002300930023774A41EC8C
:10227000100B05214620FFF707F811E0754B1B787E
:10228000DBB21846EEF758FA00230193FF230093C0
:1022900000236E4A41EC100B05214620FEF7F4FFA7
:1022A000694B1B78DBB2022B0AD100230193FF2379
:1022B0000093664B684A14210520FEF793FF09E05E
:1022C000FF23019300230093604B634A14210520F0
:1022D000FEF788FF5C4B1B78DBB2162B12D15D4BEF
:1022E0005B78DBB21846EEF727FAFF230193002351
:1022F00000930023554A41EC100B14214620FEF7B1
:10230000C3FF11E0534B5B78DBB21846EEF714FACB
:1023100000230193FF23009300234C4A41EC100B50
:1023200014214620FEF7B0FF474B1B78DBB2032B8E
:102330000AD100230193FF230093444B474A2321F2
:102340000520FEF74FFF09E0FF23019300230093D0
:102350003E4B424A23210520FEF744FF3A4B1B78AF
:10236000DBB2172B12D13B4B9B78DBB21846EEF752
:10237000E3F9FF230193002300930023334A41EC48
:10238000100B23214620FEF77FFF11E0314B9B7895
:10239000DBB21846EEF7D0F900230193FF23009338
:1023A00000232A4A41EC100B23214620FEF76CFF44
:1023B000254B1B78DBB2042B0AD100230193FF23AA
:1023C0000093224B264A32210520FEF70BFF09E03D
:1023D000FF230193002300931C4B214A3221052047
:1023E000FEF700FF184B1B78DBB2182B12D1194BEC
:1023F000DB78DBB21846EEF79FF9FF230193002349
:1024000000930023114A41EC100B32214620FEF7C5
:102410003BFF11E00F4BDB78DBB21846EEF78CF98F
:1024200000230193FF2300930023084A41EC100B83
:1024300032214620FEF728FF0A4B1B681846FFF79B
:10244000CEF900BFBD4680BD204B002070000020AB
:10245000C4600208044B0020D0600208DC6002085F
:10246000E8600208D45D002080B584B004AF00238A
:102470000293012301934FF6FF73009340238022C0
:1024800001210120FEF786FDA14B1B78DBB2052B55
:102490000AD100230193FF2300939E4B9E4A0521FE
:1024A0000520FEF79FFE09E0FF2301930023009320
:1024B000984B994A05210520FEF794FE944B1B7812
:1024C000DBB2192B56D1954B1B79DBB2052B00F2F1
:1024D000A78001A252F823F0F12402080725020880
:1024E0001D25020833250208492502085F25020838
:1024F00000230193FF230093864B894A0521462040
:10250000FEF770FE8FE000230193FF230093814BC1
:10251000844A05214620FEF765FE84E000230193EE
:10252000FF2300937B4B804A05214620FEF75AFE8D
:1025300079E000230193FF230093764B7B4A05212A
:102540004620FEF74FFE6EE000230193FF23009329
:10255000704B774A05214620FEF744FE63E00023D6
:102560000193FF2300936B4B724A05214620FEF72F
:1025700039FE58E0694B1B79DBB2052B52D801A21A
:1025800052F823F09D250208B3250208C925020848
:10259000DF250208F52502080B260208FF23019318
:1025A000002300935B4B5E4A05214620FEF71AFE8E
:1025B00039E0FF23019300230093564B594A05212C
:1025C0004620FEF70FFE2EE0FF2301930023009329
:1025D000504B554A05214620FEF704FE23E0FF2319
:1025E0000193002300934B4B504A05214620FEF7F0
:1025F000F9FD18E0FF23019300230093454B4C4A5B
:1026000005214620FEF7EEFD0DE0FF230193002398
:102610000093404B474A05214620FEF7E3FD02E0C8
:1026200000BF00E000BF3A4B1B78DBB2062B0AD19B
:1026300000230193FF230093364B3F4A14210520CA
:10264000FEF7D0FD25E0324B1B78DBB21A2B16D1FA
:10265000324B1B79DBB2052B11D1FF2301930023F1
:1026600000932C4B344A14210520FEF7BBFD284B68
:102670001B78DBB2143BDAB2254B1A7009E0FF235A
:10268000019300230093234B2B4A14210520FEF7CE
:10269000A9FD224B1B79DBB2052B18D11F4B1B79EF
:1026A000DBB2052B02D19FED167B01E09FED167B7F
:1026B00000230193FF2300930023164AB0EE470A3C
:1026C000F0EE670A14214620FEF7DEFD48E0104BCD
:1026D0001B78DBB21A2B31D1104B5B79DBB2184679
:1026E000EEF72AF8FF230193002300930023094A01
:1026F00041EC100B14214620FEF7C6FD30E000BF70
:1027000000000000000069400000000000805B4005
:10271000204B002070000020F4600208044B0020D1
:102720000061020808610208BC5F0208106102082B
:10273000186102082061020828610208874B5B7952
:10274000DBB21846EDF7F8FF00230193FF23009357
:102750000023834A41EC100B14214620FEF794FD20
:10276000804B1B78DBB2072B0AD100230193FF2398
:1027700000937B4B7C4A23210520FEF733FD09E0C3
:10278000FF23019300230093754B774A23210520F3
:10279000FEF728FD734B1B78DBB21B2B3CD16F4B34
:1027A0009B79DBB2032B73D801A252F823F000BF50
:1027B000C1270208D7270208ED27020803280208CC
:1027C00000230193FF230093654B684A2321462091
:1027D000FEF708FD5FE000230193FF230093604BA9
:1027E000634A23214620FEF7FDFC54E000230193B9
:1027F000FF2300935A4B5F4A23214620FEF7F2FC49
:1028000049E000230193FF230093554B5A4A2321AB
:102810004620FEF7E7FC3EE0504B9B79DBB2032BF2
:1028200038D801A252F823F0392802084F280208AC
:10283000652802087B280208FF23019300230093E8
:10284000474B4A4A23214620FEF7CCFC23E0FF23D6
:10285000019300230093424B454A23214620FEF773
:10286000C1FC18E0FF230193002300933C4B414A35
:1028700023214620FEF7B6FC0DE0FF230193002341
:102880000093374B3C4A23214620FEF7ABFC02E085
:1028900000BF00E000BF334B1B78DBB2082B0AD12E
:1028A00000230193FF2300932D4B344A322105204E
:1028B000FEF798FC09E0FF23019300230093284BC7
:1028C0002E4A32210520FEF78DFC264B1B78DBB209
:1028D0001C2B1DD1214BDB79DBB2002B02D0012B4D
:1028E0000BD033E000230193FF2300931C4B244AB9
:1028F00032214620FEF776FC28E000230193FF23D7
:102900000093174B1F4A32214620FEF76BFC1DE057
:10291000124BDB79DBB2002B02D0012B0BD015E080
:10292000FF230193002300930D4B154A32214620CB
:10293000FEF758FC0AE0FF23019300230093084BA5
:10294000104A32214620FEF74DFC00BF0E4B1B689B
:102950001846FEF744FF00BFBD4680BD044B002073
:1029600070000020204B002034610208D45F020870
:10297000DC5F0208406102084861020850610208F9
:102980005C61020864610208D45D002080B584B0F7
:1029900004AF00230293012301934FF6FF730093CA
:1029A0004023802201210120FEF7F4FA8B4B1B7893
:1029B000DBB2092B0AD100230193FF230093884B3C
:1029C000884A05210520FEF70DFC09E0FF2301934D
:1029D00000230093824B834A05210520FEF702FC69
:1029E0007E4B1B78DBB21D2B12D17F4B1B7ADBB2E7
:1029F0001846EDF7A1FEFF23019300230093002367
:102A0000774A41EC100B05214620FEF73DFC11E012
:102A1000754B1B7ADBB21846EDF78EFE002301934F
:102A2000FF23009300236E4A41EC100B0521462042
:102A3000FEF72AFC694B1B78DBB20A2B0AD1002374
:102A40000193FF230093664B684A14210520FEF78B
:102A5000C9FB09E0FF23019300230093604B634A05
:102A600014210520FEF7BEFB5C4B1B78DBB21E2B4E
:102A700012D15D4B5B7ADBB21846EDF75DFEFF23AA
:102A80000193002300930023554A41EC100B1421BD
:102A90004620FEF7F9FB11E0534B5B7ADBB2184698
:102AA000EDF74AFE00230193FF23009300234C4AD5
:102AB00041EC100B14214620FEF7E6FB474B1B7838
:102AC000DBB20B2B0AD100230193FF230093444B6D
:102AD000474A23210520FEF785FB09E0FF230193E8
:102AE000002300933E4B424A23210520FEF77AFB48
:102AF0003A4B1B78DBB21F2B12D13B4B9B7ADBB2DC
:102B00001846EDF719FEFF230193002300930023DD
:102B1000334A41EC100B23214620FEF7B5FB11E0B0
:102B2000314B9B7ADBB21846EDF706FE002301938A
:102B3000FF23009300232A4A41EC100B2321462057
:102B4000FEF7A2FB254B1B78DBB20C2B0AD100232E
:102B50000193FF230093224B264A32210520FEF7E2
:102B600041FB09E0FF230193002300931C4B214A02
:102B700032210520FEF736FB184B1B78DBB2202BE9
:102B800012D1194BDB7ADBB21846EDF7D5FDFF23E6
:102B90000193002300930023114A41EC100B3221D2
:102BA0004620FEF771FB11E00F4BDB7ADBB21846D3
:102BB000EDF7C2FD00230193FF2300930023084A91
:102BC00041EC100B32214620FEF75EFB0A4B1B68DE
:102BD0001846FEF704FE00BFBD4680BD204B002016
:102BE0007000002068610208044B00207861020830
:102BF0008861020898610208D45D002080B584B025
:102C000004AF00230293012301934FF6FF73009357
:102C10004023802201210120FEF7BCF99E4B1B7846
:102C2000DBB20D2B0AD100230193FF2300939B4BB2
:102C30009B4A05210520FEF7D5FA09E0FF23019301
:102C400000230093954B964A05210520FEF7CAFA0A
:102C5000914B1B78DBB2212B1DD1924B1B7BDBB23E
:102C6000002B02D0012B0BD033E000230193FF2374
:102C700000938A4B8C4A05214620FEF7B3FA28E0E0
:102C800000230193FF230093844B884A05214620AB
:102C9000FEF7A8FA1DE0834B1B7BDBB2002B02D0B2
:102CA000012B0BD015E0FF230193002300937B4BF6
:102CB0007D4A05214620FEF795FA0AE0FF2301939D
:102CC00000230093754B794A05214620FEF78AFAC6
:102CD00000BF714B1B78DBB20E2B0AD1002301938E
:102CE000FF2300936D4B724A14210520FEF77AFAF8
:102CF00009E0FF23019300230093684B6C4A1421E1
:102D00000520FEF76FFA644B1B78DBB2222B2CD127
:102D1000644B5B7BDBB2022B1CD0022B52DC002B02
:102D200002D0012B0BD04DE000230193FF23009331
:102D30005A4B604A14214620FEF754FA45E000231E
:102D40000193FF230093554B5B4A14214620FEF765
:102D500049FA3AE000230193FF2300934F4B574A6F
:102D600014214620FEF73EFA2FE04E4B5B7BDBB290
:102D7000022B1CD0022B27DC002B02D0012B0BD006
:102D800022E0FF23019300230093444B494A14217E
:102D90004620FEF727FA18E0FF2301930023009353
:102DA0003E4B454A14214620FEF71CFA0DE0FF2356
:102DB000019300230093394B404A14214620FEF72B
:102DC00011FA02E000BF00E000BF334B1B78DBB21A
:102DD0000F2B0AD100230193FF2300932F4B384A76
:102DE00023210520FEF7FEF909E0FF2301930023CC
:102DF00000932A4B324A23210520FEF7F3F9264B94
:102E00001B78DBB2232B12D1264BDB899BB21846F1
:102E1000EDF792FCFF2301930023009300231F4A48
:102E200041EC100B23214620FEF72EFA11E01D4B3A
:102E3000DB899BB21846EDF77FFC00230193FF234B
:102E400000930023154A41EC100B23214620FEF786
:102E50001BFA114B1B78DBB2102B0AD10023019314
:102E6000FF2300930D4B174A32210520FEF7BAF9D4
:102E700009E0FF23019300230093084B114A3221FC
:102E80000520FEF7AFF9104B1B681846FEF7A7FCAC
:102E900000BFBD4680BD00BF204B00207000002059
:102EA000A8610208044B0020B4610208BC6102085A
:102EB000C4610208D0610208D4610208E06102081E
:102EC000EC610208F8610208D45D002080B584B08E
:102ED00004AF00230293012301934FF6FF73009385
:102EE0004023802201210120FEF754F8744B1B7807
:102EF000DBB2112B0AD100230193FF230093714B06
:102F0000714A05210520FEF76DF909E0FF230193C1
:102F1000002300936B4B6C4A05210520FEF762F9F4
:102F2000674B1B78DBB2252B12D1684B1B8A9BB2F7
:102F30001846EDF701FCFF230193002300930023C3
:102F4000604A41EC100B05214620FEF79DF911E087
:102F50005E4B1B8A9BB21846EDF7EEFB00230193F4
:102F6000FF2300930023574A41EC100B0521462014
:102F7000FEF78AF9524B1B78DBB2122B0AD10023E1
:102F80000193FF2300934F4B514A14210520FEF774
:102F900029F909E0FF23019300230093494B4C4A90
:102FA00014210520FEF71EF9454B1B78DBB2262BBA
:102FB00012D1464B9B8A9BB21846EDF7BDFBFF230F
:102FC00001930023009300233E4A41EC100B14218F
:102FD0004620FEF759F911E03C4B9B8A9BB21846FC
:102FE000EDF7AAFB00230193FF2300930023354A4A
:102FF00041EC100B14214620FEF746F9334B1B79A8
:10300000DBB2052B53D12E4B1B78DBB2132B0AD12D
:1030100000230193FF2300932A4B2E4A23210520EE
:10302000FEF7E0F809E0FF23019300230093254B0E
:10303000284A23210520FEF7D5F8214B1B78DBB267
:10304000272B1AD1214B1B7EDBB2012B0AD1002387
:103050000193FF2300931B4B1F4A23214620FEF7B9
:10306000C1F824E000230193FF230093154B1B4A72
:1030700023214620FEF7B6F819E0144B1B7EDBB285
:10308000012B0AD1FF230193002300930D4B124A19
:1030900023214620FEF7A6F809E0FF230193002331
:1030A0000093084B0D4A23214620FEF79BF80C4B5A
:1030B0001B681846FEF793FB00BFBD4680BD00BFEE
:1030C000204B0020700000200C620208044B0020FE
:1030D00018620208246202088C5F0208885F0208F6
:1030E000D45D002080B584B000AF0346FB71FB794E
:1030F0003B73002280210948F1F76CF807F10C01BD
:10310000642301220648F3F7C5F901228021034810
:10311000F1F760F800BF1037BD4680BD000C0240DB
:103120002052002080B584B000AF78600023FB728D
:1031300003233B737B681B0ADBB27B737B68DBB2C8
:10314000BB73002280210D48F1F744F807F10C0110
:10315000642303220A48F3F79DF907F10B01642366
:1031600001220748F3F7DAFA012280210348F1F738
:1031700031F8FB7A18461037BD4680BD000C02407E
:103180002052002080B584B000AF78600B46FB7001
:1031900002233B737B681B0ADBB27B737B68DBB269
:1031A000BB73FB78FB730620FFF79CFF0022802196
:1031B0000948F1F70FF807F10C01642304220748CE
:1031C000F3F768F9012280210348F1F703F800BF03
:1031D0001037BD4680BD00BF000C024020520020C9
:1031E00090B583B000AF0023FB710020FFF79AFF7A
:1031F0000346FB71FB79AA2B40F0A6800120FFF764
:1032000091FF03461A467E4B1A700220FFF78AFF91
:1032100003461A467A4B5A700320FFF783FF034692
:103220001A46774B9A700420FFF77CFF03461A4634
:10323000734BDA700520FFF775FF03461A46704B93
:103240001A710620FFF76EFF03461A466C4B5A713F
:103250000720FFF767FF03461A46694B9A7108205B
:10326000FFF760FF03461A46654BDA710920FFF746
:1032700059FF03461A46624B1A720A20FFF752FFA3
:1032800003461A465E4B5A720B20FFF74BFF03466C
:103290001A465B4B9A720C20FFF744FF03461A460E
:1032A000574BDA720D20FFF73DFF03461A46544B89
:1032B0001A730E20FFF736FF03461A46504B5A7317
:1032C0000F20FFF72FFF03461A46920013441A46B9
:1032D00091001A460B4613449B009AB2484BDA8180
:1032E0001020FFF71FFF03461A46920013441A46A8
:1032F00091001A460B4613449B009CB21120FFF725
:1033000011FF034623449AB23D4B1A821220FFF765
:1033100009FF03461A46920013441A4691001A46C2
:103320000B4613449B009CB21320FFF7FBFE0346A1
:1033300023449AB2324B9A821420FFF7F3FE0346DD
:103340001A462F4B1A7657E0AA210020FFF71AFFE2
:1033500001210120FFF716FF01210220FFF712FFD4
:1033600001210320FFF70EFF0A210420FFF70AFFC7
:1033700003210520FFF706FFDC210620FFF702FFEF
:1033800000210720FFF7FEFE00210820FFF7FAFECC
:1033900028210920FFF7F6FE3C210A20FFF7F2FE64
:1033A00028210B20FFF7EEFE1E210C20FFF7EAFE7E
:1033B00000210D20FFF7E6FE00210E20FFF7E2FEC0
:1033C0002D210F20FFF7DEFE00211020FFF7DAFE8F
:1033D0002A211120FFF7D6FE17211220FFF7D2FE77
:1033E00000211320FFF7CEFE01211420FFF7CAFEB3
:1033F00000211520FFF7C6FE00BF0C37BD4690BD6B
:10340000044B002080B400AF174B00225A71164BBA
:103410000022DA75144B00229A77134B002283F8AE
:103420006120114B002283F868200F4B002283F8A3
:10343000CB200D4B002283F8ED200B4B002283F8AC
:103440003121094B002283F82F21084B00225A70AA
:10345000064B00221A71054B00225A7100BFBD466F
:103460005DF8047B704700BF0060002034610020DD
:1034700080B582B002AF114B01221A7100F062FCDC
:1034800000F048FC0E4B9B7A002B13D00B4B1B79A2
:10349000012B0FD10A4B1B89D9B201230093094B91
:1034A0000122BA2000F018FE054B00229A72044B4C
:1034B00000221A8100BFBD4680BD00BF34610020DC
:1034C00000600020044B002080B500AF00F03AFC03
:1034D000234B5B79002B02D1012000F0D1FC204B63
:1034E000DB7D002B02D1122000F0CAFC1C4B9B7F1D
:1034F000002B02D1142000F0C3FC194B93F861306B
:10350000002B02D1112000F0BBFC154B93F8683062
:10351000002B02D1212000F0B3FC114B93F8CB30EB
:10352000002B04D00E4B93F8ED30002B02D122205B
:1035300000F0A6FC0A4B93F83131002B02D1152084
:1035400000F09EFC064B93F82F31002B02D1232074
:1035500000F096FC162000F093FC00BF80BD00BF79
:103560000060002080B500AF00F0ECFB1D4B5B79E4
:10357000002B02D1012000F083FC1A4BDB7D002BD5
:1035800002D1122000F07CFC164B9B7F002B02D155
:10359000142000F075FC134B93F86130002B02D11E
:1035A000112000F06DFC0F4B93F86830002B02D116
:1035B000212000F065FC0B4B93F8CB30002B04D09E
:1035C000084B93F8ED30002B02D1222000F058FC7C
:1035D000044B93F83131002B02D1152000F050FC40
:1035E00000BF80BD0060002080B500AF00F0AAFBE6
:1035F0001F4B5B79002B02D1012000F041FC1C4BDA
:10360000DB7D002B02D1122000F03AFC184B9B7F8F
:10361000002B02D1142000F033FC154B93F86130DD
:10362000002B02D1112000F02BFC114B93F86830D5
:10363000002B02D1212000F023FC0D4B93F8CB305E
:10364000002B04D00A4B93F8ED30002B02D122203E
:1036500000F016FC064B93F83131002B02D11520F7
:1036600000F00EFC162000F00BFC00BF80BD00BF78
:103670000060002080B58AB002AF03463960FB715C
:103680001346BB71FB79232B50DC002B40F3CF8218
:10369000013B222B00F2CB8201A252F823F000BFA3
:1036A000833702082F3C02082F3C02082F3C0208F7
:1036B0002F3C02082F3C02082F3C02082F3C020836
:1036C0002F3C02082F3C02082F3C02082F3C020826
:1036D0002F3C02082F3C02082F3C02083537020815
:1036E00047380208D93702082F3C02082938020857
:1036F000B93B0208D33B02082F3C02082F3C0208CA
:103700002F3C02082F3C02082F3C02082F3C0208E5
:103710002F3C02082F3C02082F3C020853370208B6
:10372000D1380208953A0208273B0208F02B00F036
:103730005C827CE2BB79002B00F07B823B681B78CB
:10374000012B0CBF01230023DBB21A46A14B1A71D7
:103750006FE2BB79002B00F06E823B681B78012B77
:103760000CBF01230023DBB21A469A4B5A71994BC6
:103770005B79012B40F05F82964B5A79954B1A7119
:1037800059E2BB79002B00F058823B681A78924BC3
:103790001B78DBB29A4216D08E4B1B79012B09D1D4
:1037A0003B681978012300938B4B0122BA2000F06B
:1037B00093FC42E2894B01229A723B681B781A46BD
:1037C000864B1A8139E2844B1B78DAB2834B1A712B
:1037D000824B01225A7130E2BB790B2B40F22F82CF
:1037E0003B681B681A467D4BC3F80B203B680433CB
:1037F0001B681A46794BC3F80F203B6808331B68D7
:103800001A46764BC3F81320744BDB7A002B07D093
:10381000724BDB7B002B03D0704B0122DA750EE27A
:103820006E4B0022DA750AE2BB79052B40F2098261
:103830006A4B3A6818331068186092889A80674B10
:1038400001229A77FDE1FF23FB770023BB770BE092
:10385000BB7F3A6813441B782C2B02D1BB7FFB77CC
:1038600006E0BB7F0133BB77BA7FBB799A42EFD3C7
:10387000FB7FFF2B00F0E781FB7F202B28BF20235D
:10388000BB73BB7B1A463968554801F0ADFD534AFE
:10389000BB7B82F83F30BA79FB7FD31ADBB2013BA6
:1038A0007B777B7F202B01D920237B77FB7F013324
:1038B0003A6813447A7F19464A4801F095FD474A11
:1038C0007B7F82F86030454B012283F86120BAE1AA
:1038D000BB79062B1AD13B681B681A463F4BC3F8CD
:1038E00062203B6804331B781BB21B021AB23B6890
:1038F00005331B781BB213431BB29AB2374BA3F8A4
:103900006620364B012283F868209EE1BB79062BA6
:1039100040F29B810023BB6000237B8300237B76E6
:1039200000233B760023FB75BB791A4639682E4885
:1039300001F05AFD294ABB7982F8A930BB79072BDF
:103940000AD907222949386801F036FD0346002BC1
:1039500002D10723FB750CE0BB79062B09D906229F
:103960002349386801F028FD0346002B01D10623C6
:10397000FB75FB7D3B765AE03B7E3A6813441B782F
:103980002E2B0ED17B7E032B08D87B7E5A1C7A7699
:103990007A8BD2B220333B4403F8182C00237B836C
:1039A00042E03B7E3A6813441B783A2B22D17B7E5F
:1039B000032B08D87B7E5A1C7A767A8BD2B22033BE
:1039C0003B4403F8182C00237B833B7E01333B767A
:1039D00031E000BF34610020044B00200060002073
:1039E0001F600020406000206960002030620208F3
:1039F000386202083B7E3A6813441B782F2B13D998
:103A00003B7E3A6813441B78392B0DD87B8B1A46C2
:103A1000920013445B009BB23A7E39680A441278E4
:103A200013449BB2303B7B833B7E01333B763A7E33
:103A3000BB799A42A0D31CE03B7E3A6813441B78C2
:103A40002F2B13D93B7E3A6813441B78392B0DD8A2
:103A50007B8B1A46920013445B009BB23A7E396816
:103A60000A44127813449BB2303B7B833B7E013384
:103A70003B763A7EBB799A42DED3BB687A4AC2F87B
:103A80006230794A7B8BA2F86630774B012283F84B
:103A90006820DAE0FF23BB7500237B750BE07B7D9C
:103AA0003A6813441B782C2B02D17B7DBB7506E052
:103AB0007B7D01337B757A7DBB799A42EFD3BB7DE9
:103AC000FF2B00F0C480BB7D202B28BF2023FB737D
:103AD000FB7B1A463968654801F086FC624AFB7B2D
:103AE00082F8CA30BA79BB7DD31ADBB2013B3B7591
:103AF0003B7D202B01D920233B75BB7D01333A68E8
:103B000013443A7D19465A4801F06EFC564A3B7DF3
:103B100082F8EC30544B012283F8CB20524B012227
:103B200083F8ED2093E0BB79002B00F09280FF2317
:103B3000FB74FF23BB7400237B7411E07B7C3A6829
:103B400013441B782F2B08D1FB7CFF2B02D17B7CED
:103B5000FB7402E07B7CBB7406E07B7C01337B74EE
:103B60007A7CBB799A42E9D3FB7CFF2B71D0BB7C7A
:103B7000FF2B6ED0BA7CFB7C01339A4269DDBA7CA4
:103B8000FB7CD31ADBB2013B3B743B7C402B01D95D
:103B900040233B74FB7C01333A6813443A7C19465A
:103BA000344801F021FC304A3B7C82F82E312E4B08
:103BB000012283F82F214CE0BB79002B4BD03B68CE
:103BC0001A78294B83F83021274B012283F83121C1
:103BD00041E0BB79002B40D03B681B785AB2264BA2
:103BE0001A70254B01225A7037E0BB79002B36D072
:103BF00000224FF400612148F0F7ECFA204B00223C
:103C0000C3F818223220F6F7B4F9FFF7FBFB0122C4
:103C10004FF400611948F0F7DDFAF0F715FD03469F
:103C2000174AC2F818323220F6F7A3F917E000BF9E
:103C300016E000BF14E000BF12E000BF10E000BFBC
:103C40000EE000BF0CE000BF0AE000BF08E000BFCC
:103C500006E000BF04E000BF02E000BF00E000BFDC
:103C600000BF2037BD4680BD00600020AA60002054
:103C7000CC600020EE600020346100200000024093
:103C8000D85D002080B400AF034B1B781846BD46BA
:103C90005DF8047B704700BF4E61002080B400AF28
:103CA000034B1B781846BD465DF8047B704700BF88
:103CB000A263002080B400AF034B1B781846BD46BA
:103CC0005DF8047B704700BF4C61002080B400AFFA
:103CD000034B1B781846BD465DF8047B704700BF58
:103CE000A063002080B400AF034B1B781846BD468C
:103CF0005DF8047B704700BF4D61002080B400AFC9
:103D0000034B1B781846BD465DF8047B704700BF27
:103D1000A163002080B400AF074B00221A70074B4C
:103D200000221A70064B00221A7001231846BD4665
:103D30005DF8047B704700BFA0630020A1630020F2
:103D4000A263002080B400AF074B00221A70074B1B
:103D500000221A70064B00221A7001231846BD4635
:103D60005DF8047B704700BF4C6100204D6100206E
:103D70004E61002080B582B000AF144B1B78012B40
:103D80001FD1F0F761FC7860114B1B68002B19D034
:103D90000F4B1B687A68D31A4FF4FA72934211D30F
:103DA0000C4B1B78184600F041F8084B00221A70A3
:103DB000084B00221A70064B00221A6000F0C8F867
:103DC00000E000BF0837BD4680BD00BF4E61002047
:103DD000506100204F61002080B582B000AF104BD1
:103DE0001B78012B17D1F0F72FFC02460D4B1B68F7
:103DF000D31A7B607B6840F2DC5293420BD979681E
:103E0000094801F0F9F8064B00221A70054B002210
:103E10001A6000F027F900BF0837BD4680BD00BF1B
:103E2000A2630020A46300204062020880B485B031
:103E300000AF0346FB710F4B1B7801335A4203F06E
:103E40000F0302F00F0258BF5342FB730A4B1B785B
:103E5000FA7B9A4208D0074B1B781946074AFB7930
:103E60005354044AFB7B137000BF1437BD465DF802
:103E7000047B70474D6100204C6100203C610020B4
:103E800080B584B000AF0346FB71FB791846FFF79D
:103E9000CDFF144B1B78002B1FD1134B1A78134BFB
:103EA0001B789A4219D00F4B01221A700E4B1B78C7
:103EB0001A460F4B9B5CFB730B4B1B7801335A422A
:103EC00003F00F0302F00F0258BF5342DAB2064B61
:103ED0001A70FB7B184600F097F900BF1037BD46FB
:103EE00080BD00BF4E6100204C6100204D6100206C
:103EF0003C61002080B483B000AF7860114B1A7829
:103F0000114B1B789A4201D1002314E00D4B1B7812
:103F10001A460E4B9A5C7B681A700A4B1B78013369
:103F20005A4203F00F0302F00F0258BF5342DAB2B5
:103F3000044B1A70012318460C37BD465DF8047B0C
:103F4000704700BF4C6100204D6100203C610020A3
:103F500080B582B000AF154B1B78012B22D0FB1D22
:103F60001846FFF7C7FF0346002B1CD0F0F76CFB89
:103F700002460F4B1B68D31A1D2B03D80C4B1B6832
:103F8000002B10D1094B01221A70FA79094B1A70D3
:103F9000F0F75AFB0346064A1360FB79184600F017
:103FA00033F900E000BF0837BD4680BD4E610020F8
:103FB000506100204F61002080B584B000AFF860F0
:103FC000B9607A60234B1A78234B1B789A4201D14F
:103FD00000233AE01F4B1B781946204A622301FB5D
:103FE00003F313441A78FB681A701A4B1B781946AE
:103FF0001A4A622301FB03F3134461331A787B6886
:104000001A707B681B78002B0ED0124B1B781A4657
:10401000622302FB03F3114A1344591C7B681B788B
:104020001A46B86801F0E0F90A4B1B785A1C0C4B91
:1040300083FB0231D317C91A0B465B000B445B00AC
:10404000D11ACAB2034B1A70012318461037BD4665
:1040500080BD00BFA0630020A16300205461002048
:10406000ABAAAA2A80B59CB002AF184B1B78012BD3
:1040700028D007F16402391D07F165031846FFF7E0
:104080009BFF0346002B1ED0F0F7DEFA0346104AD2
:1040900013600E4B01221A7097F8653087F867306D
:1040A00097F8643087F866300A4B1B78D9B2381D10
:1040B00097F8672097F8663000930346BA2000F01F
:1040C0000BF800E000BF6837BD4680BDA26300204A
:1040D000A4630020044B002080B5A4B000AF3B6077
:1040E0000346FB710B46BB7113467B710023A7F897
:1040F0008E30B7F88E305A1CA7F88E2090333B4490
:10410000022203F8842CB7F88E305A1CA7F88E20B0
:10411000194697F898300133DAB201F190033B4425
:1041200003F8842CB7F88E305A1CA7F88E209033F1
:104130003B44FA7903F8842CB7F88E305A1CA7F860
:104140008E2090333B44BA7903F8842CB7F88E3034
:104150005A1CA7F88E2090333B447A7903F8842CBC
:10416000002387F88D3017E03B68002B05D097F8C7
:104170008D303A6813441A7800E00022B7F88E3088
:10418000591CA7F88E1090333B4403F8842C97F801
:104190008D30013387F88D3097F88D2097F898305F
:1041A0009A42E1D397F898309BB203339AB207F161
:1041B0000C0302331146184600F036F9034687F81F
:1041C0008C30B7F88E305A1CA7F88E2090333B44C1
:1041D00097F88C2003F8842CB7F88E305A1CA7F877
:1041E0008E2090333B44032203F8842CB7F88E20B2
:1041F00007F10C01C8230348F2F716FF00BF903700
:10420000BD4680BD785A002080B584B002AF034619
:10421000FB71074B1B78D9B2FA7900230093002376
:10422000BC20FFF759FF00BF0837BD4680BD00BF67
:10423000044B002080B500AF0D4B93F81F32012BCB
:1042400013D10B4B93F82032062B094B002283F835
:104250001F22084B1B78012B07D1064B00221A7036
:10426000054B00221A60FFF7FDFE00BF80BD00BFB6
:10427000D85D0020A2630020A463002080B582B036
:1042800000AF264BDB78FB71244B5B79BB71234B72
:104290009B78013B7B71224B3B60224B00221A70C2
:1042A000214B00221A70214B00221A60FFF750FEAA
:1042B000FB79BC2B2ED17A79BB7939681846FFF788
:1042C000D9F9BB79102B02D0202B10D022E07B79BA
:1042D000002B1CD06420F5F74CFE3B681B78002BAC
:1042E00002D0FFF7C5F812E0FFF73CF90FE07B7949
:1042F000002B0ED06420F5F73CFE3B681B78002BAA
:1043000002D0FFF7E1F804E0FFF76EF901E000BF2B
:1043100000E000BF00BF0837BD4680BDD85D00206B
:10432000DE5D00204E6100204F61002050610020C2
:1043300080B5C2B000AF3A4BB3F80A32023BA7F8DF
:104340000431B7F80431364A13445B7887F80031FA
:1043500007F58473A3F5847318464FF480731A46E7
:104360000021ECF7EDFD0023A7F80631B7F8063180
:104370005A1CA7F806211A46294BD97807F58473E9
:10438000A3F584739954B7F806315A1CA7F806218F
:104390001A46234B197907F58473A3F5847399544E
:1043A000B7F806315A1CA7F806211A461C4B597952
:1043B00007F58473A3F584739954194B9B78013BDB
:1043C00087F8033197F80331002B11D0B7F8063185
:1043D0003A46134497F803211249184601F004F8AD
:1043E00097F803319AB2B7F806311344A7F80631AB
:1043F000B7F806213B461146184600F015F803466B
:1044000087F8023197F8003197F802219A4201D0DB
:10441000002300E00123184607F58477BD4680BDE0
:10442000D85D0020DE5D002080B485B000AF7860EC
:104430000B467B800023FB6000237B810DE07B89A2
:104440007A6813441B781A46FB681344FB60FB68C8
:10445000DBB2FB607B8901337B817A897B889A425E
:10446000EDD3FB68DBB218461437BD465DF8047B1C
:10447000704780B483B000AF0346FB71FB79092B12
:1044800003D8FB793033DBB20AE0FB79092B06D97C
:10449000FB790F2B03D8FB793733DBB200E0002325
:1044A00018460C37BD465DF8047B704780B487B072
:1044B00000AFF860B9607A60BB68002B01D10A23B5
:1044C0000FE0FB684FF4FA5203FB02F2BB68B2FB49
:1044D000F3F27B6802FB03F37B617B690A2B38BF35
:1044E0000A2318461C37BD465DF8047B704780B52B
:1044F00084B000AFF860B9607A607A68B968F8682B
:10450000FFF7D4FF034618461037BD4680BD0000B4
:1045100080B584B000AF78600B46FB700123BB729E
:104520000023FB730023BB8100237B7200233B72BB
:104530000023FB7200BFBB7A002B00F0B780FB7832
:10454000062B31D97B6801331B78A52B02D10B23B5
:10455000FB722CE07B6801331B78A92B02D1092365
:10456000FB7224E07B6801331B78A62B04D07B68A8
:1045700001331B78A72B14D17B6804331B78A3F17C
:10458000300213469B0013445B001A467B680533D8
:104590001B78303B1344DBB29B00DBB20933FB7268
:1045A00005E00023BB7281E00023BB727EE0FB7854
:1045B000082B78D9FA78FB7A9A4271D3FB78013BC1
:1045C0007A6813441B78032B5ED10123FB730AE046
:1045D000FB7B7A6813441B781A46BB891344BB8162
:1045E000FB7B0133FB73FA7BFB78033B9A42EFDBE7
:1045F000BB89DBB2BB81BB891B099BB2DBB218460E
:10460000FFF737FF03467B72BB89DBB203F00F0372
:10461000DBB21846FFF72DFF03463B72FB78033BE6
:104620007A6813441B787A7A9A422AD1FB78023B43
:104630007A6813441B783A7A9A4222D1214BDB796B
:10464000DBB2002B17D11F4BDB7ADBB2002B12D170
:104650001C4B1B7BDBB2002B0DD1FB781A46796813
:10466000194800F0C1FEFB789AB2184BA3F83E221D
:10467000144B01225A71164B00221A700023BB7290
:1046800014E00023BB7211E0124B1B689B680021F1
:10469000184600F021FDFAF7E9FF0023BB7205E0A0
:1046A0000023BB7202E00023BB7200BF054B5B79A5
:1046B000DBB2002B14BF01230023DBB218461037F6
:1046C000BD4680BD244B0020614B0020604B002084
:1046D000A44D00200C00002080B582B000AF814BBB
:1046E00093F81D32012B77D17E4BB3F80A325A1C56
:1046F00091B27C4AA2F80A1219467A4B1A78794B81
:104700000B445A70774B93F81E32002B09D1EFF708
:104710009BFF0346734AC2F81032724B0522C3F85E
:104720001422704BB3F80A32032B36D100237B607E
:104730006C4BB3F80A32012B03D96A4B9B780633D2
:104740007B607B68002B13D07B68B3F5027F0FD2B0
:1047500002224FF416517868FFF7C9FE0346614AFA
:10476000C2F814327B689AB25E4BA3F80C2233E095
:104770005C4B002283F81D225A4B0022A3F80C2226
:10478000584B0022A3F80A22564B0022C3F81422E9
:10479000544B0022C3F810221EE0524BD3F81432BF
:1047A000002B19D04F4BB3F80A32042B14D14D4BC8
:1047B000DB78BA2B03D04B4BDB78BC2B04D1494BB5
:1047C000012283F81E2207E0464B0622A3F80C22A2
:1047D000444B002283F81E22424B1B78022B29D126
:1047E000404B93F81D32002B24D13E4B012283F81D
:1047F0001D223C4B0022A3F80A223A4BB3F80A329E
:104800005A1C91B2374AA2F80A121946354B1A7847
:10481000344B0B445A70EFF717FF0346314AC2F886
:104820001032304B3022C3F814222E4B022283F870
:104830001E2252E02B4B1B78032B2FD1294BB3F8B0
:104840000C32002B07D0274BB3F80A22254BB3F8C4
:104850000C329A4204D2234B93F81E32012B1DD006
:10486000204B0022C3F810221E4B0022C3F8142252
:104870001C4B002283F81D221A4B93F81E32002B8A
:1048800004D1184B012283F81C2226E0FFF750FDCB
:1048900003461A46134B83F81C221EE0114B93F873
:1048A0001D32002B19D10F4B1B78062B03D00D4B5B
:1048B0001B78152B11D10B4B012283F81F22094BBA
:1048C0001A78084B83F82022064B0022C3F81422E2
:1048D000044B0022C3F81022FFE700BF0837BD4693
:1048E00080BD00BFD85D002080B586B000AF3B1D05
:1048F00000221A605A609A60DA601A614FF400630D
:104900007B600123BB600123FB6000233B613B1DF7
:1049100019460348EFF7AEF900BF1837BD4680BD12
:104920000000024080B584B000AF78606B4800F0B2
:10493000CBFBFF23FB736A4B9B79DBB2FA7B9A427A
:1049400009D0674B9B79DBB2022B01D0FFF7CCFF7C
:10495000634B9B79FB73624B9B79DBB2022B03D1D8
:104960006420F5F706FBB8E05D4B9B79DBB2032BC7
:1049700017D04FF400615B48EFF714FC0346012B9E
:104980000BD1FEF73FFD00224FF400615548EFF7D1
:1049900021FC554B0022C3F818226420F5F7E9FAF0
:1049A0009BE04F4B9B79DBB2032B26D14FF4006188
:1049B0004C48EFF7F7FB0346012B1ED000224FF4C3
:1049C00000614848EFF706FC474B0022C3F8182265
:1049D0003220F5F7CEFAFEF715FD01224FF4006103
:1049E0004048EFF7F7FBEFF72FFE03463E4AC2F8C9
:1049F00018323220F5F7BDFA6FE03B4BD3F8143292
:104A0000002B28D0384BD3F81032002B23D0EFF7EF
:104A10001BFE0246344BD3F81032D21A324BD3F875
:104A200014329A4217D9304B0022C3F814222E4B6D
:104A30000022C3F810222C4B0022A3F80A222A4B92
:104A40000022A3F80C22284B002283F81D22264BBB
:104A5000002283F81E22244B93F81C32002B28D00E
:104A6000214B002283F81C22EFF7EEFD03461E4A7D
:104A7000C2F824321C4B93F81E32002B0AD11A4B79
:104A8000B3F80A32DBB219461848FFF741FD034676
:104A9000BB7322E0FFF7F2FB134B0022A3F80A22BC
:104AA000114B0022A3F80C220F4B002283F81E2288
:104AB00006E00D4B93F81F32002B01D0FFF7BAFB35
:104AC00000F016F800F0B2F8FFF754F9FFF784F998
:104AD00000F0AAF90A20F5F74CFA2CE76C620208FC
:104AE000044B002000000240D85D0020D95D00206A
:104AF00080B584B002AF484B1B79012B40F0868013
:104B0000454B5B79012B40F08180EFF79DFD78608C
:104B1000424B93F81C32002B04D1404B93F81F32C8
:104B2000002B03D03E4A7B68136072E03C4B1B684D
:104B3000002B63D03A4B1B687A68D31A41F2883253
:104B400093425BD3344B5B79002B08D1334BD3F8C2
:104B500018327A68D31A43F6972293424ED92E4BD5
:104B60005B79002B1ED02D4BD3F824327A68D31AF0
:104B700040F6B732934215D82A4B1B78042B06D83F
:104B8000284B1B780133DAB2264B1A7006E0254B0E
:104B90001B78042B02D9204B91221A70204A7B6883
:104BA000136036E01C4B93F90030B3F1FF3F03D1A3
:104BB000194B00225A702BE0FFF764F80346002BD4
:104BC00026D1FFF76BF80346002B21D1144A7B68EE
:104BD0001360114B9B78012B0CD1134B1B78D9B26E
:104BE0000023009300231622BC20FFF775FA0A4B1E
:104BF00000229A700B4B00221A7009E0084B1B68C8
:104C0000002B06D1064A7B68136002E000BF00E07B
:104C100000BF0837BD4680BD34610020D85D00204C
:104C2000A8630020AC630020044B002080B582B054
:104C300000AF784B1B79012B40F0E180754B5B791D
:104C4000012B40F0DC80EFF7FFFC3860724B93F8EB
:104C50001C32002B04D1704B93F81F32002B03D071
:104C60006E4A3B681360D1E00023FB716C4B5B79AB
:104C7000002B01D10123FB71694BDB7D002B01D19E
:104C80000123FB71664B9B7F002B01D10123FB713C
:104C9000634B93F86130002B01D10123FB71604B12
:104CA00093F86830002B01D10123FB715C4B93F822
:104CB000CB30002B04D05A4B93F8ED30002B01D1B0
:104CC0000123FB71564B93F83131002B01D10123A5
:104CD000FB71534B93F82F31002B01D10123FB7152
:104CE000FB7983F00103DBB2002B40F08A804A4B52
:104CF000D3F818323A68D31A4EF6602293422CD970
:104D0000474B5B79002B0CD0424B1B79002B08D012
:104D1000404B5B79002B04D0414B93F82F31002B93
:104D200071D1FEF76FFB00224FF400613D48EFF7B1
:104D300051FA394B0022C3F818226420F5F719F90B
:104D400001224FF400613748EFF744FAEFF77CFC9B
:104D50000346314AC2F8183255E0304B1B68002B2D
:104D600007D02E4B1B683A68D31A42F21072934256
:104D70004BD32A4A3B681360294B5B79002B02D145
:104D80000120FFF77DF8264BDB7D002B02D113209D
:104D9000FFF776F8224B9B7F002B02D11420FFF700
:104DA0006FF81F4B93F86130002B02D11120FFF7F1
:104DB00067F81B4B93F86830002B02D12120FFF7D6
:104DC0005FF8174B93F8CB30002B04D0144B93F8BB
:104DD000ED30002B02D12220FFF752F8104B93F850
:104DE0003131002B02D11520FFF74AF80C4B93F814
:104DF0002F31002B0AD12320FFF742F806E000BF35
:104E000004E000BF02E000BF00E000BF0837BD467D
:104E100080BD00BF34610020D85D0020B063002059
:104E2000006000200000024090B585B002AF674BE3
:104E3000D3F81832002B03D1654B00221A60C2E070
:104E4000EFF702FC7860634B1B79012B07D1614BB4
:104E50005B79012B03D15E4B00221A60B3E05C4BFF
:104E60001B68002B07D15B4B5B79012B03D0584AA1
:104E70007B681360A7E0584B5B79002B16D1534B2E
:104E8000D3F818327A68D31A534AD28801324FF4D1
:104E90007A7101FB02F2934208D94F4BDB88013350
:104EA0009AB24D4BDA800120FFF7AEF9484B1B68F0
:104EB0007A68D31A4CF2503293421ED9444A7B6826
:104EC0001360FEF79FFA00224FF400614348EFF7AA
:104ED00081F93E4B0022C3F818226420F5F749F807
:104EE00001224FF400613D48EFF774F9EFF7ACFB96
:104EF0000346364AC2F8183265E0344BD3F818320C
:104F00007A68D31A47F2305293425CD9344B1B680B
:104F1000002B07D0324B1B687A68D31A41F28832D3
:104F2000934250D3FEF7C6FE03461C46FEF7DAFE58
:104F300003469C4247D1FEF7A5FE0346002B42D113
:104F4000FEF7C4FE03461C46FEF7D8FE03469C420D
:104F500039D1FEF7A3FE0346002B34D11B4B93F847
:104F60001C32002B2FD1194B93F81F32002B2AD162
:104F7000184B1B79002B26D1164B1B79002B0FD118
:104F80000123FB70174B1B78D9B2FB1C0122009246
:104F90001022BA20FFF7A0F8114A7B68136012E0D4
:104FA0000C4B5B79002B0ED10123BB700D4B1B7892
:104FB000D9B2BB1C012200922022BA20FFF78CF844
:104FC000074A7B6813600C37BD4690BDD85D002052
:104FD000B463002034610020006000200000024023
:104FE000B8630020044B0020024B01461868ECF720
:104FF000E7B800BF0C0000200FB407B5064904ABAA
:10500000086853F8042B8168019300F07DFB03B01E
:105010005DF804EB04B070470C000020036A70B523
:10502000846805460E460BB9EBF710FF636EDB078D
:1050300005D4A389980502D4A06DECF752F8A38992
:10504000190702D52369002B35D12146284600F0E7
:105050005FF980B34FF0FF35636EDA0705D4A3899B
:105060009B0502D4A06DECF73DF8284670BD002BDF
:1050700004DAA269934217DB0A2915D023685A1C67
:1050800022601970A36816F8011F013BA360002974
:10509000EDD1002B11DA22460A21284600F0FAF859
:1050A0000130D7D00A25D7E72246284600F0F2F88B
:1050B0000130E7D1CEE7013EE4E723685A1C2260C5
:1050C0000A221A70EEE70000024B01461868FFF74B
:1050D000A5BF00BF0C000020B1FA81F252094FF4C5
:1050E0008063520000F000B82DE9F7431D46574B8E
:1050F0001F6804460E46904627B13B6A13B93846EE
:10510000EBF7A4FEB8F1020F06D0B8F1010F00F2E0
:105110009A80002DC0F29780636ED90705D4A389C9
:105120009A0502D4A06DEBF7DCFF21463846ECF778
:1051300055F9616B41B104F14403994202D03846FC
:10514000EBF7D2FF002363630023A3616360A389AD
:105150001B0603D521693846EBF7C6FFA38923F464
:105160004A6323F00303B8F1020FA38161D001ABBE
:105170006A462146384600F06FFDA3891843A08196
:105180002DBB009D2846FFF72FFF0646002852D171
:10519000DDF80090A94540D14FF0FF35B4F90C304F
:1051A00043F00202A2810022A26004F147022260C1
:1051B000226101226261626ED60704D4980502D48E
:1051C000A06DEBF78FFF284603B0BDE8F083002EFB
:1051D000D8D03B6A13B93846EBF738FEB8F1010F67
:1051E00008BFA389266004BF43F00103A381B4F97B
:1051F0000C3013F00802C4E904651ED0D90741BF82
:1052000000226D42A260A56158BFA560626ED20700
:1052100001D49B0513D50025D5E74846FFF7E4FEEA
:1052200006460028B8D0A38943F08003A3814D46E9
:10523000CFE70025B2E7A946F5E7A260E6E7A06D53
:10524000EBF750FFE7E74FF0FF35BCE70C0000201D
:105250000EB410B59DB01FAB029006906FF00041E8
:105260000A48079104910A4953F8042B0591002438
:1052700002A9006801931B9400F024F9029B1C70A2
:105280001DB0BDE8104003B0704700BF0C00002007
:105290000802FFFFF8B50E461446054618B1036A2A
:1052A0000BB9EBF7D3FDA369A360A3891A0701D556
:1052B000236943B92146284600F02AF818B14FF077
:1052C000FF373846F8BD23682269981A6369F6B239
:1052D0008342374605DC21462846ECF77FF8002854
:1052E000EDD1A368013BA36023685A1C22601E70A5
:1052F0006269431C9A4204D0A389DB07E1D50A2ED8
:10530000DFD121462846ECF769F80028D9D0D6E746
:1053100038B5284B054618680C4618B1036A0BB916
:10532000EBF794FDB4F90C301A0721D4D80607D452
:1053300009222A6043F04003A3814FF0FF3030E0A0
:10534000590712D5616B41B104F14403994202D06F
:105350002846EBF7C9FE002363630022B4F90C3042
:1053600062602269226023F0240343F00803A381D2
:1053700022693AB99A0501D5180603D5214628466F
:1053800000F08EFCB4F90C3013F001020AD00022B8
:10539000A26062695242A261226942B913F08000A0
:1053A000C8D138BD990758BF6269A260F4E70020F0
:1053B000F7E700BF0C00002010B56AB1013984186E
:1053C00010F8012B11F8013F9A4203D1A04201D0FD
:1053D000002AF5D1D01A10BD1046FCE7014B186821
:1053E000704700BF0C0000200A44914200F1FF33D7
:1053F00000D1704710B511F8014B03F8014F9142ED
:10540000F9D110BD2DE9F0478E681F46BE42824695
:105410000C469046334653D8B1F90C0010F4906F07
:105420002BD065692368096905EB4505A3EB0109E4
:1054300005EBD5757B1C6D104B44AB422A4684BFEF
:105440001D462A46430527D511465046EBF7B8FEC0
:10545000064658B321694A46FFF7C6FFA38923F4DD
:10546000906343F08003A381266165614E44A5EB00
:1054700009052660A5603E463B461F4620683A4621
:10548000414600F046FCA3689B1BA36023683B4495
:1054900023600020BDE8F087504600F075FC06460A
:1054A0000028E1D121695046EBF71EFE0C23CAF813
:1054B0000030A38943F04003A3814FF0FF30E9E7B8
:1054C0003E46DBE72DE9F0471F468B891B069CB063
:1054D00006460D46144610D50B6973B94021EBF70B
:1054E0006FFE2860286130B90C2333604FF0FF3025
:1054F0001CB0BDE8F08740236B6100230993202393
:105500008DF8293003973023654F8DF82A304FF0FE
:1055100001082346994613F8012B0AB1252AF9D12F
:10552000B9EB040A0BD05346224629463046FFF712
:1055300069FF013000F0A480099A5244099299F859
:105540000030002B00F09C8000234FF0FF32CDE9AB
:10555000052309F10109049307938DF853301A9339
:105560004C464F4814F8011B0522EBF791FB049BB6
:10557000D0B9D80644BF20228DF85320190744BF64
:105580002B228DF8532099F800202A2A13D0079A4D
:105590004C4600204FF00A0C214611F8013B303BED
:1055A000092B49D968B913E0C01B08FA00F0184369
:1055B0000490A146D4E7039A111D12680391002AB2
:1055C00001DB079204E0524243F002030792049386
:1055D00023782E2B0AD163782A2B32D1039B1A1DF4
:1055E0001B68039243EAE37302340593DFF8C0902B
:1055F000217803224846EBF74BFB38B1049BA0EB24
:1056000009004022824013430134049314F8011B23
:1056100024488DF828100622EBF73AFB002835D0F5
:10562000214818BB039B073323F007030833039378
:10563000099B034409936CE70CFB02320C460120E2
:10564000AAE700230134059319464FF00A0C2046BF
:1056500010F8012B303A092A03D9002BC6D0059146
:10566000C4E70CFB012104460123F0E703AB0093E0
:105670002A460E4B04A93046AFF30080421CD7D116
:10568000AB895B063FF532AF099831E703AB009376
:105690002A46064B04A9304600F0B8F9EEE700BFF1
:1056A000DC8C0208E68C02080000000005540208A9
:1056B000E28C02089368013B002B10B4936008DA77
:1056C0009469A34201DB0A2903D15DF8044BFFF77B
:1056D000E1BD1368581C1060197008465DF8044B52
:1056E0007047F8B506460F461446D518AC4201D1AE
:1056F000002007E014F8011B3A463046FFF7DAFFB6
:10570000431CF3D1F8BD00002DE9F0470D469CB0D5
:1057100014461F46064618B1036A0BB9EBF796FB11
:105720006B6ED90705D4AB899A0502D4A86DEBF747
:10573000D8FCAB891B0701D52B699BB9294630469C
:10574000FFF7E6FD70B16B6EDC0704D54FF0FF305C
:105750001CB0BDE8F087AB899805F7D4A86DEBF7CE
:10576000C1FCF3E70023099320238DF82930039728
:1057700030236A4F8DF82A304FF0010823469946AE
:1057800013F8012B0AB1252AF9D1B9EB040A0BD081
:105790005346224629463046FFF7A3FF013000F06A
:1057A000A480099A5244099299F80030002B00F025
:1057B0009C8000234FF0FF32CDE9052309F1010958
:1057C000049307938DF853301A934C46534814F8BA
:1057D000011B0522EBF75CFA049BD0B9D90644BF44
:1057E00020228DF853201A0744BF2B228DF8532016
:1057F00099F800202A2A13D0079A4C4600204FF02F
:105800000A0C214611F8013B303B092B49D968B9F4
:1058100013E0C01B08FA00F018430490A146D4E737
:10582000039A111D12680391002A01DB079204E01C
:10583000524243F002030792049323782E2B0AD19D
:1058400063782A2B32D1039B1A1D1B68039243EA0B
:10585000E37302340593DFF8D4902178032248469D
:10586000EBF716FA38B1049BA0EB09004022824006
:1058700013430134049314F8011B29488DF82810B0
:105880000622EBF705FA00283ED0264818BB039BFA
:10589000073323F0070308330393099B0344099359
:1058A0006CE70CFB02320C460120AAE7002301340E
:1058B000059319464FF00A0C204610F8012B303A98
:1058C000092A03D9002BC6D00591C4E70CFB01219E
:1058D00004460123F0E703AB00932A46124B04A9C8
:1058E0003046AFF30080431CD7D16B6ED90705D487
:1058F000AB899A0502D4A86DEBF7F4FBAB895B0684
:105900003FF524AF099823E703AB00932A46064BE3
:1059100004A9304600F07AF8E5E700BFDC8C020805
:10592000E68C020800000000E3560208E28C020840
:105930002DE9F047164698468A680B69DDF82090F5
:105940009342B8BF1346336091F8432007460C4694
:105950000AB1013333602368990642BF33680233CA
:105960003360256815F0060506D104F1190AE368CD
:1059700032689B1AAB4226DC94F843302268003B25
:1059800018BF012392062BD404F143024146384646
:10599000C84701301ED02368226903F00603042B98
:1059A00002BFE5683368ED1AA3680CBF25EAE57508
:1059B00000259342C4BF9B1AED1800261A34B54245
:1059C0001AD1002008E00123524641463846C84714
:1059D000013003D14FF0FF30BDE8F0870135C6E755
:1059E000E1185A1C302081F84300224494F84510F5
:1059F00082F843100233C7E7012322464146384666
:105A0000C8470130E6D00136D9E700002DE9F04360
:105A10000D7E85B0782D90460C9E07460C46994623
:105A200001F1430207D8622D0AD8002D00F0D7807B
:105A3000582D00F0BC8004F1420684F842503BE04F
:105A4000A5F16303152BF6D801A151F823F000BF8F
:105A5000A95A0208BD5A0208375A0208375A0208E2
:105A6000375A0208375A0208BD5A0208375A020844
:105A7000375A0208375A0208375A0208C55B02082B
:105A8000E75A0208775B0208375A0208375A0208B9
:105A9000E75B0208375A0208E75A0208375A020839
:105AA000375A02087F5B020833681A1D1B68326090
:105AB00004F1420684F842300123A1E033682068F3
:105AC000191D3160060601D51D6803E04506FBD5AA
:105AD000B3F90050002D03DA2D236D4284F84330D2
:105AE0005B480A2311E021683368080653F8045B19
:105AF00002D4490648BFADB23360237E54486F2BB1
:105B00005CD10823002184F843106668A660002E4B
:105B100005DB21682E4321F00401216050D0164698
:105B2000B5FBF3F103FB115C10F80CC006F801CDD6
:105B3000AC4663450D46F3D9082B0BD12368DB0730
:105B400008D5236961689942DEBF302306F8013C1D
:105B500006F1FF36921B2261CDF80090434603AA5E
:105B600021463846FFF7E4FE01304ED14FF0FF30BA
:105B700005B0BDE8F083236843F020032360354877
:105B8000782584F845502368316813F0800F51F868
:105B9000045B03D113F0400F18BFADB23160D907D9
:105BA00044BF43F0200323601DB11023AAE7284817
:105BB000E7E7236823F020032360F6E70A23A1E741
:105BC0001646B9E7336825686169181D30602E06EE
:105BD0001B6801D5196002E06806FBD51980002317
:105BE00023611646B8E733681A1D32601E68626882
:105BF00000213046EBF74CF808B1801B6060636809
:105C00002361002384F84330A6E7236932464146E6
:105C10003846C8470130A9D023689B0713D4E068F1
:105C2000039B9842B8BF1846A2E70123324641467B
:105C30003846C847013099D00135E36803995B1AAB
:105C4000AB42F2DCEBE7002504F11906F5E700BFF3
:105C5000ED8C0208FE8C020870B50C46B1F90E10EE
:105C6000002996B015461E460ADAA18911F0800176
:105C700013D14FF48062002031602A6016B070BDED
:105C80006A4600F05FF80028EFDB019901F47041EB
:105C9000A1F5005359425941EBE700214022EAE7C0
:105CA0008B8973B59E0705460C4607D504F147035B
:105CB000236023610123636102B070BD01AB6A46BA
:105CC000FFF7CAFF009E28463146EBF779FAB4F990
:105CD0000C3038B99A05EFD423F0030343F00203E4
:105CE000A381E3E743F08003A381019B2060C4E923
:105CF0000406002BE0D0B4F90E10284600F034F86A
:105D00000028D9D0A38923F0030343F00103A38122
:105D1000D2E7884210B501EB020402D9844223463F
:105D200007D8431EA14207D011F8012B03F8012F19
:105D3000F8E70244824200D110BD13F8011D02F8B9
:105D4000011DF7E738B5074D002304460846114604
:105D50002B60FAF788FA431C02D12B6803B1236049
:105D600038BD00BFE001002038B5064D00230446D1
:105D700008462B60FAF787FA431C02D12B6803B15F
:105D8000236038BDE00100202DE9F04107461446AC
:105D90000D4621B9BDE8F0411146EBF711BA2AB919
:105DA000EBF7A2F925462846BDE8F08100F01AF885
:105DB0008442064602D8B4EB500FF4D82146384648
:105DC000EBF7FEF9804608B94546ECE7B4422246B7
:105DD000294628BF3246FFF707FB29463846EBF72E
:105DE00083F9F1E751F8043C181F002BBCBF0B5896
:105DF000C0187047F8B500BFF8BC08BC9E46704795
:0C5E0000F8B500BFF8BC08BC9E46704717
:105E0C0049444C450000000064656661756C74542F
:105E1C0061736B00145E0208CDB80108000000002D
:105E2C000000000000020000000000000000000064
:105E3C0053657269616C5461736B00003C5E0208BF
:105E4C0035BB0108FEFF000000000000000400004C
:105E5C00000000000000000053776974636854610F
:105E6C00736B0000645E0208F1C1010800000000C1
:105E7C000000000080000000000000000000000096
:105E8C004C63645461736B008C5E020821D301086F
:105E9C0000000000000000000004000000000000F2
:105EAC000000000053656E736F725461736B0000D9
:105EBC00B05E0208D9D30108000000000000000009
:105ECC000002000000000000000000005769666935
:105EDC00556172745461736B00000000D85E020847
:105EEC0025490208FEFF000000000000000200002F
:105EFC000000000000000000504F57524159554E11
:105F0C00495F424F4F545F55504C4F41445F52458F
:105F1C0051554553545F303100000000504F5752DB
:105F2C004159554E495F424F4F545F55504C4F416C
:105F3C00445F524551554553545F303100000000C9
:105F4C005B585D005B7E5D005B4F5D005B475D00F9
:105F5C005B3F5D0049443A20202028202020290066
:105F6C0054656D703A20202027430000416D70204D
:105F7C003A000000537461743A0000004F4646002A
:105F8C004F4E00004F4350004F56500046414E00BC
:105F9C00424F4F5354000000426F6F737400000067
:105FAC0044696D2825290000322E304B000000007A
:105FBC00322E354B00000000332E304B0000000019
:105FCC00434F4D4D2E203A0052532D34383500009E
:105FDC00444D5800575F444D582025730000000075
:105FEC0057494649202825642900000046414E3176
:105FFC002F323A202020202F0000000046414E3343
:10600C002F343A202020202F00000000462F57204C
:10601C005645523A20312E342E350000495020205E
:10602C003A00000025642E25642E25642E2564007C
:10603C004D4143203A000000253032583A25303289
:10604C00583A253032583A253032583A25303258A1
:10605C003A25303258000000535349443A000000AE
:10606C0025730000525353493A25642064426D0055
:10607C0057694669204E6F7420436F6E66696700DE
:10608C00424950203A000000506F72743A25640067
:10609C00557365723A257300434944203A00000059
:1060AC00252E3134730000004D515454204E6F7422
:1060BC0020436F6E66696700444556204944203A78
:1060CC000000000047524F555020203A00000000BD
:1060DC00574946492063683A00000000426F6F73CD
:1060EC007420203A000000004D4F44454C20203ACB
:1060FC0000000000322E304B5F4D0000322E304B32
:10610C005F430000332E304B5F4D0000332E304B7D
:10611C005F430000322E304B5F4A0000414328564B
:10612C002920203A00000000434F4D4D2E20203AEC
:10613C0000000000575F444D580000005749464985
:10614C00000000005061636B6574203A0000000091
:10615C004153434949000000484558004C454420F0
:10616C004F4E203A20202020274300004C4544204D
:10617C004F46463A202020202743000046414E201F
:10618C004F4E203A202020202743000046414E202D
:10619C004F46463A202020202743000053574954AD
:1061AC004348203A000000005055534800000000BE
:1061BC00544F47474C4500004578742E7374723A1F
:1061CC00000000004D4355004558545F414C494E6A
:1061DC00450000004558545F4F4E4C5900000000DC
:1061EC00534D50532856293A0000000045786974E5
:1061FC0020776974686F7574207361766500000090
:10620C0044555459203125203A00000020202031DB
:10621C00303025203A000000536D6F6F7468203ABF
:10622C00000000006D7174743A2F2F007463703A83
:10623C002F2F000053455420636F6D6D616E6420E9
:10624C0074696D656F7574212028656C6170736558
:10625C00643A20256C75206D73290D0A000000002E
:10626C00576966695461736B2073746172740D00A5
:10627C0000000000000000000102030406070809EA
:10628C000000000001020304000001A00000000057
:10629C0000000000000000000010101010100000A2
:1062AC0010000000006C48480000000000000000D6
:1062BC00001414287C287C28505000000010384012
:1062CC004038487010100000002052240810244A56
:1062DC000400000000000018202054483400000086
:1062EC00000814140800000000000000000808104A
:1062FC0010101010100808000020201010101010A2
:10630C001020200000107C10282800000000000045
:10631C000000101010FE1010100000000000000013
:10632C00000000181030200000000000007C00006D
:10633C0000000000000000000000003030000000F1
:10634C0000040408081010202040000000384444C9
:10635C004444444438000000003010101010101059
:10636C007C00000000384404081020447C0000002D
:10637C00003844041804044438000000000C1414C1
:10638C0024447E040E000000003C20203804044409
:10639C0038000000001C20407844444438000000C1
:1063AC00007C440408080810100000000038444425
:1063BC00384444443800000000384444443C040849
:1063CC007000000000000030300000303000000091
:1063DC0000000018180000183020000000000C10FD
:1063EC00608060100C000000000000007C007C004D
:1063FC00000000000000C02018041820C00000009D
:10640C000000182404081000300000003844444CEC
:10641C0054544C40443800000030102828287C4448
:10642C00EE00000000F8444478444444F8000000B6
:10643C00003C4440404040443800000000F04844D8
:10644C0044444448F000000000FC44507050404468
:10645C00FC000000007E222838282020700000005C
:10646C00003C4440404E44443800000000EE44449C
:10647C007C444444EE000000007C101010101010FE
:10648C007C000000003C0808084848483000000028
:10649C0000EE444850704844E60000000070202094
:1064AC00202024247C00000000EE6C6C54544444E6
:1064BC00EE00000000EE64645454544CEC000000F8
:1064CC0000384444444444443800000000782424F8
:1064DC0024382020700000000038444444444444D4
:1064EC00381C000000F8444444784844E2000000A2
:1064FC0000344C40380404645800000000FE921034
:10650C00101010103800000000EE44444444444481
:10651C003800000000EE4444282828101000000029
:10652C0000EE4444545454542800000000C644283F
:10653C0010102844C600000000EE4428281010104B
:10654C0038000000007C4408101020447C0000003F
:10655C00003820202020202020203800004020203F
:10656C00201010080808000000380808080808085F
:10657C00080838000010102844000000000000003B
:10658C000000000000000000000000FE00100800E9
:10659C00000000000000000000000038443C4444AF
:1065AC003E00000000C0405864444444F800000021
:1065BC000000003C4440404438000000000C04340F
:1065CC004C4444443E00000000000038447C4040F1
:1065DC003C000000001C207C202020207C000000BF
:1065EC00000000364C4444443C04380000C0405881
:1065FC0064444444EE0000000010007010101010B1
:10660C007C000000001000780808080808087000DA
:10661C0000C0405C48705048DC0000000030101096
:10662C00101010107C000000000000E8545454546A
:10663C00FE000000000000D864444444EE0000005A
:10664C00000000384444444438000000000000D8E6
:10665C00644444447840E000000000364C44444418
:10666C003C040E000000006C302020207C00000058
:10667C000000003C44380444780000000000207CFA
:10668C00202020221C000000000000CC4444444C7C
:10669C0036000000000000EE4444282810000000E2
:1066AC00000000EE4454545428000000000000CCBC
:1066BC0048303048CC000000000000EE442428187C
:1066CC00101078000000007C481020447C00000072
:1066DC0000081010101020101010080000101010DE
:1066EC0010101010101000000020101010100810C6
:1066FC0010102000000000000024580000000000D2
:10670C00000000000000000000000000000000007D
:10671C00000000000000000000000000000000006D
:10672C000000000000000000000007000700070048
:10673C00070007000700070002000200000000002D
:10674C00070007000000000000000000000000002F
:10675C00000000001CE01CE01CE008400840084061
:10676C00000000000000000000000000000000001D
:10677C0000000000000000000CC00CC00CC00CC0DD
:10678C000CC03FF03FF00CC00CC03FF03FF00CC011
:10679C000CC00CC00CC00CC00000000000000000BD
:1067AC000300030007E00FE0186018001F000FC083
:1067BC0000E0186018601FC01F8003000300030076
:1067CC00000000000000000000001C00220022005D
:1067DC0022001C6001E00F803C0031C0022002202E
:1067EC00022001C0000000000000000000000000BA
:1067FC0000000000000003E00FE00C000C0006009D
:10680C000F301FF019E018C01FF007B00000000097
:10681C000000000000000000000000000380038066
:10682C0003800100010001000000000000000000D6
:10683C00000000000000000000000000000000004C
:10684C00000000C000C00180018001800300030033
:10685C00030003000300030001800180018000C0DD
:10686C0000C000000000000000000C000C0006003E
:10687C0006000600030003000300030003000300EE
:10688C000600060006000C000C00000000000000D2
:10689C0000000300030003001B601FE0078007805B
:1068AC000FC00CC000000000000000000000000041
:1068BC0000000000000000000000000000000300C9
:1068CC000300030003003FF03FF00300030003004C
:1068DC0003000000000000000000000000000000A9
:1068EC00000000000000000000000000000000009C
:1068FC0000000000000003800300030006000600F7
:10690C000400000000000000000000000000000077
:10691C000000000000003FE03FE00000000000002D
:10692C00000000000000000000000000000000005B
:10693C00000000000000000000000000000000004B
:10694C0000000000000003800380038000000000B2
:10695C0000000000000000000060006000C000C0EB
:10696C0000C00180018003000300060006000C003B
:10697C000C000C00180018000000000000000000C3
:10698C0000000F801FC018C0306030603060306075
:10699C0030603060306018C01FC00F8000000000F5
:1069AC000000000000000000000003001F001F009A
:1069BC0003000300030003000300030003000300B3
:1069CC001FE01FE0000000000000000000000000BD
:1069DC0000000F801FC038E03060006000C00180F4
:1069EC00030006000C0018003FE03FE00000000030
:1069FC00000000000000000000000F803FC030E0ED
:106A0C00006000E007C007C000E00060006060E0CC
:106A1C007FC03F800000000000000000000000006C
:106A2C00000001C003C003C006C00CC00CC018C0DD
:106A3C0030C03FE03FE000C003E003E00000000096
:106A4C00000000000000000000001FC01FC0180064
:106A5C0018001F801FC018E000600060006030E06C
:106A6C003FC01F800000000000000000000000007C
:106A7C00000003E00FE01E001800380037803FC014
:106A8C0038E03060306018E01FC007800000000064
:106A9C00000000000000000000003FE03FE030601C
:106AAC00006000C000C000C00180018001800300B4
:106ABC0003000300000000000000000000000000C4
:106ACC0000000F801FC038E0306038E01FC01FC0CE
:106ADC0038E03060306038E01FC00F8000000000EC
:106AEC00000000000000000000000F001FC038C0B4
:106AFC003060306038E01FE00F6000E000C003C081
:106B0C003F803E000000000000000000000000007C
:106B1C0000000000000000000000038003800380E0
:106B2C0000000000000003800380038000000000D0
:106B3C000000000000000000000000000000000049
:106B4C00000001C001C001C0000000000000038073
:106B5C000300060006000400000000000000000016
:106B6C00000000000000003000F003C007001C0013
:106B7C0078001C00070003C000F00030000000008B
:106B8C0000000000000000000000000000000000F9
:106B9C0000007FF07FF0000000007FF07FF000002D
:106BAC0000000000000000000000000000000000D9
:106BBC0000000000000030003C000F00038000E0EB
:106BCC00007800E003800F003C0030000000000063
:106BDC000000000000000000000000000F801FC03B
:106BEC0018601860006001C0038003000000000002
:106BFC00070007000000000000000000000000007B
:106C0C00000003800C8008401040104011C012405E
:106C1C001240124011C0100008000840078000000C
:106C2C000000000000000000000000001F801F801A
:106C3C00038006C006C00CC00C601FE01FE03030A3
:106C4C007878787800000000000000000000000058
:106C5C00000000003F803FC01860186018E01FC0A3
:106C6C001FE01870183018303FF03FE000000000B3
:106C7C0000000000000000000000000007B00FF052
:106C8C001C703830300030003000300038301C7050
:106C9C000FE007C000000000000000000000000032
:106CAC00000000007F807FC030E03070303030302A
:106CBC0030303030307030E07FC07F80000000001A
:106CCC000000000000000000000000003FF03FF05A
:106CDC001830183019801F801F8019801830183018
:106CEC003FF03FF00000000000000000000000003A
:106CFC00000000003FF03FF01830183019801F8062
:106D0C001F801980180018003F003F000000000091
:106D1C0000000000000000000000000007B01FF0A1
:106D2C00187030303000300031F831F83030183015
:106D3C001FF007C000000000000000000000000071
:106D4C00000000003CF03CF01860186018601FE078
:106D5C001FE01860186018603CF03CF00000000068
:106D6C000000000000000000000000001FE01FE019
:106D7C0003000300030003000300030003000300EF
:106D8C001FE01FE0000000000000000000000000F9
:106D9C000000000003F803F8006000600060006071
:106DAC0030603060306030E03FC00F800000000089
:106DBC000000000000000000000000003EF83EF85B
:106DCC0018E019801B001F001D8018C018C0186027
:106DDC003E783E380000000000000000000000007B
:106DEC00000000003F003F000C000C000C000C00E9
:106DFC000C000C300C300C303FF03FF00000000069
:106E0C000000000000000000000000007878787896
:106E1C0038703CF034B037B037B0333033303030BA
:106E2C007CF87CF80000000000000000000000006E
:106E3C000000000039F03DF01C601E601E601B60FD
:106E4C001B6019E019E018E03EE03E600000000015
:106E5C0000000000000000000000000007800FC0D0
:106E6C001CE03870303030303030303038701CE04E
:106E7C000FC00780000000000000000000000000B0
:106E8C00000000003FC03FE0187018301830187038
:106E9C001FE01FC0180018003F003F00000000005A
:106EAC0000000000000000000000000007800FC080
:106EBC001CE03870303030303030303038701CE0FE
:106ECC000FC0078007B00FF00CE0000000000000BE
:106EDC00000000003FC03FE01870183018701FE031
:106EEC001FC018E0186018703E383E1800000000F3
:106EFC000000000000000000000000000FB01FF0B8
:106F0C003870303038001F8007E000703030387037
:106F1C003FE037C00000000000000000000000004F
:106F2C00000000003FF03FF03330333033300300CB
:106F3C0003000300030003000FC00FC0000000009B
:106F4C000000000000000000000000003CF03CF0DD
:106F5C0018601860186018601860186018601CE0E1
:106F6C000FC00780000000000000000000000000BF
:106F7C000000000078F078F03060306018C018C065
:106F8C000D800D800D800700070007000000000039
:106F9C000000000000000000000000007C7C7C7CF5
:106FAC00301833983398339836D816D01C701C7020
:106FBC001C701830000000000000000000000000F1
:106FCC000000000078F078F0306018C00D800700E9
:106FDC0007000D8018C0306078F078F000000000D9
:106FEC000000000000000000000000003CF03CF03D
:106FFC0018600CC007800780030003000300030027
:10700C000FC00FC0000000000000000000000000D6
:10701C00000000001FE01FE0186018C00180030092
:10702C00030006000C6018601FE01FE00000000069
:10703C000000000000000000000003C003C00300BB
:10704C00030003000300030003000300030003001C
:10705C0003000300030003C003C000000000000095
:10706C00180018000C000C000C00060006000300B1
:10707C0003000180018000C000C000C000600060FF
:10708C00000000000000000000000F000F000300D3
:10709C0003000300030003000300030003000300CC
:1070AC000300030003000F000F00000000000000AD
:1070BC000000020007000D8018C030602020000086
:1070CC0000000000000000000000000000000000B4
:1070DC0000000000000000000000000000000000A4
:1070EC000000000000000000000000000000000094
:1070FC00000000000000000000000000FFFCFFFC8E
:10710C0000000400030000800000000000000000EC
:10711C000000000000000000000000000000000063
:10712C000000000000000000000000000000000053
:10713C0000000FC01FE000600FE01FE0386030E07F
:10714C003FF01F7000000000000000000000000075
:10715C000000700070003000300037803FE0386075
:10716C0030303030303038607FE077800000000005
:10717C000000000000000000000000000000000003
:10718C00000007B01FF018303030300030003830BD
:10719C001FF00FC000000000000000000000000005
:1071AC000000007000700030003007B01FF0187045
:1071BC0030303030303038701FF807B80000000025
:1071CC0000000000000000000000000000000000B3
:1071DC00000007801FE018603FF03FF030001830CF
:1071EC001FF007C0000000000000000000000000BD
:1071FC00000003F007F0060006001FE01FE0060089
:10720C0006000600060006001FE01FE0000000005C
:10721C000000000000000000000000000000000062
:10722C00000007B81FF8187030303030303018704C
:10723C001FF007B0003000700FE00FC0000000001E
:10724C00000038003800180018001BC01FE01C603C
:10725C0018601860186018603CF03CF000000000EA
:10726C00000000000000000000000300030000000C
:10727C0000001F001F0003000300030003000300B5
:10728C001FE01FE0000000000000000000000000F4
:10729C00000003000300000000001FC01FC000C05E
:1072AC0000C000C000C000C000C000C000C001C0D1
:1072BC003F803F000000000000003800380018003C
:1072CC0018001BE01BE01B001E001E001B00198099
:1072DC0039F039F000000000000000000000000050
:1072EC0000001F001F000300030003000300030045
:1072FC0003000300030003001FE01FE00000000078
:10730C000000000000000000000000000000000071
:10731C0000007EE07FF033303330333033303330A5
:10732C007BB87BB8000000000000000000000000EB
:10733C00000000000000000000003BC03FE01C60AB
:10734C0018601860186018603CF03CF000000000F9
:10735C000000000000000000000000000000000021
:10736C00000007801FE0186030303030303018607B
:10737C001FE007800000000000000000000000007B
:10738C000000000000000000000077807FE0386003
:10739C0030303030303038603FE0378030003000F3
:1073AC007C007C00000000000000000000000000D9
:1073BC00000007B81FF818703030303030301870BB
:1073CC001FF007B00030003000F800F8000000009B
:1073DC00000000000000000000003CE03DF00F3019
:1073EC000E000C000C000C003FC03FC00000000061
:1073FC000000000000000000000000000000000081
:10740C00000007E01FE018601E000FC001E01860CC
:10741C001FE01F80000000000000000000000000C2
:10742C00000000000C000C000C003FE03FE00C00E2
:10743C000C000C000C000C300FF007C0000000001A
:10744C000000000000000000000000000000000030
:10745C00000038E038E0186018601860186018E018
:10746C001FF00F7000000000000000000000000082
:10747C000000000000000000000078F078F03060A0
:10748C0018C018C00D800D80070007000000000018
:10749C0000000000000000000000000000000000E0
:1074AC00000078F078F03260326037E01DC01DC00B
:1074BC0018C018C000000000000000000000000010
:1074CC00000000000000000000003CF03CF00CC08C
:1074DC000780030007800CC03CF03CF0000000006B
:1074EC000000000000000000000000000000000090
:1074FC00000078F078F0306018C018C00D800F8054
:10750C000700060006000C007F007F000000000052
:10751C00000000000000000000001FE01FE018C089
:10752C000180030006000C601FE01FE0000000005B
:10753C000000000000000000000001C003C00300B8
:10754C00030003000300030007000E000700030004
:10755C0003000300030003C001C000000000000092
:10756C0000000300030003000300030003000300FA
:10757C0003000300030003000300030003000300E7
:10758C00030000000000000000001C001E000600AC
:10759C000600060006000600070003800700060030
:1075AC000600060006001E001C0000000000000083
:1075BC000000000000000000000000000E003F3042
:1075CC0033F001E0000000000000000000000000AB
:1075DC00000000000000000000000000000000009F
:1075EC00202020200020000050500000000000004F
:1075FC002850F850F850A000203060301060200067
:10760C002020186010100000003820605078000016
:10761C00202020000000000010202020202010003E
:10762C00402020202020400020702050000000002E
:10763C00002020F820200000000000001020200076
:10764C00000000700000000000000000002000009E
:10765C00102020204040800020505050502000002E
:10766C006020202020F800002050102040700000E6
:10767C00601020101060000010305078103800009E
:10768C00704060101060000030406050506000008E
:10769C00705010202020000020502050502000005E
:1076AC00305050301060000000002000002000001E
:1076BC000000100010200000001020C0201000005E
:1076CC0000700070000000000040201820400000F6
:1076DC002050102000200000304848584840380006
:1076EC006020507088D80000F048704848F00000C6
:1076FC007050404040300000F048484848F00000CE
:10770C00F848604048F80000F848604040E000004D
:10771C007040405850300000E848784848E8000075
:10772C0070202020207000003810105050200000D5
:10773C00D850607050D80000E040404048F800003D
:10774C00D8D8D8A888D80000D868685858E800005D
:10775C003048484848300000F048487040E000008D
:10776C003048484848301800F048487048E8000055
:10777C007050201050700000F8A8202020700000DD
:10778C00D848484848300000D8884850503000004D
:10779C00D888A8A8A8500000D850202050D80000A5
:1077AC00D8885020207000007848102048780000BD
:1077BC00302020202020300080404020202010004D
:1077CC0060202020202060002020500000000000BD
:1077DC0000000000000000F8201000000000000075
:1077EC000000301070780000C040704848F0000075
:1077FC0000007040407000001808384848380000FD
:10780C0000007070403000001020702020700000CC
:10781C000000384848380830C040704848E800003C
:10782C0020006020207000002000701010101070DC
:10783C00C040587050D800006020202020700000FC
:10784C000000D0A8A8A800000000F04848C800001C
:10785C0000003048483000000000F048487040E01C
:10786C0000003848483808180000782020700000C4
:10787C0000003020106000000040F0404830000054
:10788C000000D848483800000000C84830300000DC
:10789C000000D8A8A8500000000048303048000074
:1078AC000000D8505020206000007850287800004C
:1078BC0010202060202010002020202020202000DC
:1078CC004020203020204000000000285000000004
:1078DC00000000000000000000000000000000009C
:1078EC00000000000000000000000000000000008C
:1078FC00000000000000000000000000000000007C
:10790C00000000000000000000000000000000006B
:10791C00000000000000000000000000000000005B
:10792C00000000000000000000000000000000004B
:10793C00000000000000000000000000000000003B
:10794C00000000000000000000000000000000002B
:10795C00000000000000000000000000000000001B
:10796C00000000000000000000000000000000000B
:10797C0000000000000000000000000000000000FB
:10798C0000000000000000000000000000000000EB
:10799C0000000000000000000000000000000000DB
:1079AC000000000000000000000000000303018044
:1079BC0000000000000000000000000006030300AF
:1079CC00000000000FC0007E00000000060607004B
:1079DC00000FFFC07FF807FFE0FE01FE0C0E060053
:1079EC00000FFFC1FFFC0FFFF1FE03FF1C0C060094
:1079FC00001FFF87FFFE1FFFF1FE03FF3C1C0E0064
:107A0C00001FFF87FFFF3FCFF1FC07FF383C1C0036
:107A1C0000003F8FF0FF3FC7F1FC0FFF78383C00B0
:107A2C0000003F8FE0FF7FFF01FC1FFFF038780064
:107A3C0000007F9FE0FF3FFF01FC1FFFF070700014
:107A4C0000007F1FC0FF1FFFC3FC3FFFE0F0F000F2
:107A5C0000007F1FC0FF07FFE3F87F3FE1E0F0006D
:107A6C0000007F1FC1FE02FFE3F87F3FE1E1E00071
:107A7C000000FF1FE3FC7E1FE3F8FE3FC3E1E000C4
:107A8C0000007F1FFFFC7F1FC3F9FC3FC3C3E00056
:107A9C000000FF0FFFF87FFF87F1FC3FC7C7C00056
:107AAC000000FE07FFE03FFF07F3F83FCF87C00061
:107ABC0000007C01FF801FFE07F3F01FDF8FC0006A
:107ACC00000000007C0003E00000001F1F8F8000FE
:107ADC0000000000000000000000003F3F1F80007D
:107AEC0000000000000000000000007F3F3F00008D
:107AFC000000000000000000000000FE7F3F0000BE
:107B0C000000000000000000000000FCFE7E0000F1
:107B1C000000000000000000000001FCFEFE000060
:107B2C000000000000000000000001FDFCFC000053
:107B3C000000000000000000000003F9F9FC000048
:107B4C000000000000000000000007FBFBFC000030
:107B5C000000000000000000000007FFF3F8000028
:107B6C00000000000000000000000FF7F7F8000014
:107B7C00000000000000000000001FFFFFF80000E4
:107B8C00000000000000000000001FFFFFF00000DC
:107B9C00000000000000000000000FFFFFE00000EC
:107BAC0000000000000000000000000000000000C9
:107BBC0000000000000000000000000000000000B9
:107BCC0000000000000000000000000000000000A9
:107BDC000000000000000000000000000000000099
:107BEC000000000000000000000000000000000089
:107BFC000000000000000000000000000000000079
:107C0C000000000000000000000000000000000068
:107C1C000000000000000000000000000000000058
:107C2C000000000000000000000000000000000048
:107C3C000000000000000000000000000000000038
:107C4C000000000000000000000000000000000028
:107C5C000000000000000000000000000000000018
:107C6C000000000000000000000000000000000008
:107C7C0000000000000000000000000000000000F8
:107C8C0000000000000000000000000000000000E8
:107C9C0000000000000000000000000000000000D8
:107CAC0000000000000000000000000000000000C8
:107CBC0000000000000000000000000000000000B8
:107CCC0000000000000000000000000000000000A8
:107CDC000000000000000000000000000000000098
:107CEC000000000000000000000000000000000088
:107CFC000000000000000000000000000000000078
:107D0C000000000000000000000000000000000067
:107D1C000000000000000000000000000000000057
:107D2C000000000000000000000000000000000047
:107D3C000000000000000000000000000000000037
:107D4C000000000000000000000000000000000027
:107D5C000000000000000000000000000000000017
:107D6C000000000000000000000000000000000007
:107D7C0000000000000000000000000000000000F7
:107D8C0000000000000000000000000000000000E7
:107D9C0000000000000000000000000000000000D7
:107DAC0000000000000000000000000000000000C7
:107DBC0000000000000000000000000000000000B7
:107DCC0000000000000000000000000000000000A7
:107DDC000000000000000000000000000000000097
:107DEC000000000000000000000000000000000087
:107DFC000000000000000000000000000000000077
:107E0C000000000000000000000000000000000066
:107E1C000000000000000000000000000000000056
:107E2C000000000000000000000000000000000046
:107E3C000000000000000000000000000000000036
:107E4C000000000000000000000000000000000026
:107E5C000000000000000000000000000000000016
:107E6C000000000000000000000000000000000006
:107E7C0000000000000000000000000000000000F6
:107E8C0000000000000000000000000000000000E6
:107E9C0000000000000000000000000000000000D6
:107EAC0000000000000000000000000000000000C6
:107EBC0000000000000000000000000000000000B6
:107ECC0000000000000000000000000000000000A6
:107EDC000000000000000000000000000000000096
:107EEC000000000000000000000000000000000086
:107EFC000000000000000000000000000000000076
:107F0C000000000000000000000000000000000065
:107F1C000000000000000000000000000000000055
:107F2C000000000000000000000000000000000045
:107F3C000000000000000000000000000000000035
:107F4C000000000000000000000000000000000025
:107F5C000000000000000000000000000000000015
:107F6C000000000000000000000000000000000005
:107F7C0000000000000000000000000000000000F5
:107F8C0000000000000000000000000000000000E5
:107F9C0000000000000000000000000000000000D5
:107FAC0000000000000000000000000000000000C5
:107FBC0000000000000000000000000000000000B5
:107FCC0000000000000000000000000000000000A5
:107FDC000000000000000000000000000000000095
:107FEC000000000000000000000000000000000085
:107FFC000000000000000000000000000000000075
:10800C000000000000000000000000000000000064
:10801C000000000000000000000000000000000054
:10802C000000000000000000000000000000000044
:10803C000000000000000000000000000000000034
:10804C000000000000000000000000000000000024
:10805C000000000000000000000000000000000014
:10806C000000000000000000000000000000000004
:10807C0000000000000000000000000000000000F4
:10808C0000000000000000000000000000000000E4
:10809C0000000000000000000000000000000000D4
:1080AC0000000000000000000000000000000000C4
:1080BC0000000000000000000000000000000000B4
:1080CC0000000000000000000000000000000000A4
:1080DC000000000000000000000000000000000094
:1080EC000000000000000000000000000000000084
:1080FC000000000000000000000000000000000074
:10810C000000000000000000000000000000000063
:10811C000000000000000000000000000000000053
:10812C000000000000000000000000000000000043
:10813C000000000000000000000000000000000033
:10814C000000000000000000000000000000000023
:10815C000000000000000000000000000000000013
:10816C000000000000000000000000000000000003
:10817C0000000000000000000000000000000000F3
:10818C0000000000000000000000000000000000E3
:10819C0000000000000000000000000000000000D3
:1081AC0000000000000000000000000000000000C3
:1081BC0000000000000000000000000000000000B3
:1081CC0000000000000000000000000000000000A3
:1081DC000000000000000000000000000000000093
:1081EC000000000000000000000000000000000083
:1081FC000000000000000000000000000000000073
:10820C000000000000000000000000000000000062
:10821C000000000000000000000000000000000052
:10822C000000000000000000000000000000000042
:10823C000000000000000000000000000000000032
:10824C000000000000000000000000000000000022
:10825C000000000000000000000000000000000012
:10826C000000000000000000000000000000000002
:10827C0000000000000000000000000000000000F2
:10828C0000000000000000000000000000000000E2
:10829C0000000000000000000000000000000000D2
:1082AC0000000000000000000000000000000000C2
:1082BC0000000000000000000000000000000000B2
:1082CC0000000000000000000000000000000000A2
:1082DC000000000000000000000000000000000092
:1082EC000000000000000000000000000000000082
:1082FC000000000000000000000000000000000072
:10830C000000000000000000000000000000000061
:10831C000000000000000000000000000000000051
:10832C000000000000000000000000000000000041
:10833C000000000000000000000000000000000031
:10834C000000000000000000000000000000000021
:10835C000000000000000000000000000000000011
:10836C000000000000000000000000000000000001
:10837C0000000000000000000000000000000000F1
:10838C0000000000000000000000000000000000E1
:10839C0000000000000000000000000000000000D1
:1083AC0000000000000000000000000000000000C1
:1083BC0000000000000000000000000000000000B1
:1083CC0000000000000000000000000000000000A1
:1083DC000000000000000000000000000000000091
:1083EC000000000000000000000000000000000081
:1083FC0000003F87F0E3C7F00C1800F8001FFC00EA
:10840C0000007F87F1FFEFF81C3807FC001FFC0011
:10841C0000007F07E1FFE7F03C780F9E001FFC0097
:10842C0000007E07E18FE7E03CF81F1F000FF00013
:10843C0000007E07F987EFE07CF83F3F001FF0005B
:10844C0000007E07FF0FCFC07DF87E3F001FF000BD
:10845C000000FC07E70FCFC0FFF87E3F001FE000D5
:10846C000000FC07C607FFC0FFF8FE7F003FE000DE
:10847C000000FC0FCC07FF81FFF8FC7E013FC00021
:10848C000001FC0FCC0FFF83FFF8FC7E1FFFC00028
:10849C000003FC0FD81FBF07FFF1FCFC7FFFC000DF
:1084AC000006FC0FF03F3F06FFF1F8FCFF7F800059
:1084BC00000CFE0FF03F3F0CFBF1F8F9FE7F800043
:1084CC000018FE0FE07E7E08F3F1F1F3FCFF800054
:1084DC000038FE0FC07E7E18F3F0F1F3FCFF0000B5
:1084EC000078FE0F803FFE39E7F8F3C7F8FF000075
:1084FC0000F9FE0F801FFE78C7F87F87F9FF000098
:10850C00000000000000000000000007F9FE000061
:10851C00000000000000000000000007F1FE000059
:10852C00000000000000000000000007F3FE000047
:10853C00000000000000000000000007FFFE00002B
:10854C00000000000000000000000003FFFE00001F
:10855C00000000000000000000000000FFFE000012
:10856C0000000000000000000000000000000000FF
:10857C0000000000000000000000000000000000EF
:10858C0000000000000000000000000000000000DF
:10859C0000000000000000000000000000000000CF
:1085AC0000000000000000000000000000000000BF
:1085BC0000000000000000000000000000000000AF
:1085CC00000000000000000000000000000000009F
:1085DC00000000000000000000000000000000008F
:1085EC00000000000000000000000000000000007F
:1085FC00000000000000000000000000000000006F
:10860C00000000000000000000000000000000005E
:10861C00000000000000000000000000000000004E
:10862C00000000000000000000000000000000003E
:10863C00000000000000000000000000000000002E
:10864C00000000000000000000000000000000001E
:10865C00000000000000000000000000000000000E
:10866C0000000000000000000000000000000000FE
:10867C0000000000000000000000000000000000EE
:10868C0000000000000000000000000000000000DE
:10869C0000000000000000000000000000000000CE
:1086AC0000000000000000000000000000000000BE
:1086BC0000000000000000000000000000000000AE
:1086CC00000000000000000000000000000000009E
:1086DC00000000000000000000000000000000008E
:1086EC00000000000000000000000000000000007E
:1086FC00000000000000000000000000000000006E
:10870C00000000000000000000000000000000005D
:10871C00000000000000000000000000000000004D
:10872C00000000000000000000000000000000003D
:10873C00000000000000000000000000000000002D
:10874C00000000000000000000000000000000001D
:10875C00000000000000000000000000000000000D
:10876C0000000000000000000000000000000000FD
:10877C0000000000000000000000000000000000ED
:10878C0000000000000000000000000000000000DD
:10879C0000000000000000000000000000000000CD
:1087AC0000000000000000000000000000000000BD
:1087BC0000000000000000000000000000000000AD
:1087CC00000000000000000000000000000000009D
:1087DC00000000000000000000000000000000008D
:1087EC00000000000000000000000000000000007D
:1087FC00000000000000000000000000000000006D
:10880C00000000000000000000000000000000005C
:10881C00000000000000000000000000000000004C
:10882C00000000000000000000000000000000003C
:10883C00000000000000000000000000000000002C
:10884C00000000000000000000000000000000001C
:10885C00000000000000000000000000000000000C
:10886C0000000000000000000000000000000000FC
:10887C0000000000000000000000000000000000EC
:10888C0000000000000000000000000000000000DC
:10889C0000000000000000000000000000000000CC
:1088AC0000000000000000000000000000000000BC
:1088BC0000000000000000000000000000000000AC
:1088CC00000000000000000000000000000000009C
:1088DC00000000000000000000000000000000008C
:1088EC00000000000000000000000000000000007C
:1088FC00000000000000000000000000000000006C
:10890C00000000000000000000000000000000005B
:10891C00000000000000000000000000000000004B
:10892C00000000000000000000000000000000003B
:10893C00000000000000000000000000000000002B
:10894C00000000000000000000000000000000001B
:10895C00000000000000000000000000000000000B
:10896C0000000000000000000000000000000000FB
:10897C0000000000000000000000000000000000EB
:10898C0000000000000000000000000000000000DB
:10899C0000000000000000000000000000000000CB
:1089AC0000000000000000000000000000000000BB
:1089BC0000000000000000000000000000000000AB
:1089CC00000000000000000000000000000000009B
:1089DC00000000000000000000000000000000008B
:1089EC00000000000000000000000000000000007B
:1089FC00000000000000000000000000000000006B
:108A0C00000000000000000000000000000000005A
:108A1C00000000000000000000000000000000004A
:108A2C00000000000000000000000000000000003A
:108A3C00000000000000000000000000000000002A
:108A4C00000000000000000000000000000000001A
:108A5C00000000000000000000000000000000000A
:108A6C0000000000000000000000000000000000FA
:108A7C0000000000000000000000000000000000EA
:108A8C0000000000000000000000000000000000DA
:108A9C0000000000000000000000000000000000CA
:108AAC0000000000000000000000000000000000BA
:108ABC0000000000000000000000000000000000AA
:108ACC00000000000000000000000000000000009A
:108ADC00000000000000000000000000000000008A
:108AEC00000000000000000000000000000000007A
:108AFC00000000000000000000000000000000006A
:108B0C000000000000000000000000000000000059
:108B1C000000000000000000000000000000000049
:108B2C000000000000000000000000000000000039
:108B3C000000000000000000000000000000000029
:108B4C000000000000000000000000000000000019
:108B5C000000000000000000000000000000000009
:108B6C0000000000000000000000000000000000F9
:108B7C0000000000000000000000000000000000E9
:108B8C0000000000000000000000000000000000D9
:108B9C0000000000000000000000000000000000C9
:108BAC0000000000000000000000000000000000B9
:108BBC0000000000000000000000000000000000A9
:108BCC000000000000000000000000000000000099
:108BDC000000000000000000000000000000000089
:108BEC000000000000000000000000000000000079
:108BFC000000000000000000000000000000000069
:108C0C000000000000000000000000000000000058
:108C1C000000000000000000000000000000000048
:108C2C000000000000000000000000000000000038
:108C3C000000000000000000000000000000000028
:108C4C000000000000000000000000000000000018
:108C5C000000000000000000000000000000000008
:108C6C0000000000000000000000000000000000F8
:108C7C0000000000000000000000000000000000E8
:108C8C0000000000000000000000000000000000D8
:108C9C0000000000000000000000000000000000C8
:108CAC0000000000000000000000000000000000B8
:108CBC0000000000000000000000000000000000A8
:108CCC000000000000000000000000000000000098
:108CDC00232D302B2000686C4C0065666745464799
:108CEC00003031323334353637383941424344451C
:108CFC00460030313233343536373839616263648B
:048D0C006566000098
:088D10007C7CFE7F01000000E5
:048D18004502010807
:048D1C002102010827
:108D20000000000003000000A4000020100000204C
:108D300000000000A40000200C01002074010020AD
:108D40000000000000000000000000000000000023
:108D50000000000000000000000000000000000013
:108D60000000000000000000000000000000000003
:108D70000000000000000000000000000024F400DB
:108D80001000000001000000AAAAAAAA0101FFFF2A
:108D90009862020807000C000C6702080E0014001D
:088DA000E4750208050008005B
:04000005080202B932
:00000001FF
