:020000040801F1
:100000000000022019050208D1000208D9000208E8
:10001000E1000208E9000208F10002080000000007
:1000200000000000000000000000000081A50108A1
:10003000F900020800000000D1A7010839A8010852
:1000400069050208690502086905020869050208D0
:1000500069050208690502086905020869050208C0
:1000600069050208690502086905020869050208B0
:1000700069050208690502086905020869050208A0
:100080006905020869050208690502086905020890
:100090006905020869050208690502086905020880
:1000A00069050208690502086905020809010208D4
:1000B0001D01020869050208310102084501020814
:1000C0005901020869050208690502086905020864
:1000D000690502086D010208ED01020869050208C0
:1000E0006905020869050208690502086905020830
:1000F0006905020869050208690502086905020820
:10010000690502086905020869050208690502080F
:100110006905020869050208590202086905020812
:1001200069050208690502086905020869050208EF
:1001300069050208690502086905020869050208DF
:1001400069050208690502086905020869050208CF
:100150006905020869050208690502086D020208BE
:1001600069050208690502086905020869050208AF
:100170006905020869050208690502080000000017
:08018000690502086905020887
:1002200010B5054C237833B9044B13B10448AFF330
:1002300000800123237010BD880000200000000012
:100240003C60020808B5034B1BB103490348AFF3F8
:10025000008008BD000000008C0000203C60020807
:1002600070B54FF0FF0C4CF4E06C1CEA11541DBF4C
:100270001CEA135594EA0C0F95EA0C0F00F0DEF817
:100280002C4481EA030621EA4C5123EA4C5350EAFC
:10029000013518BF52EA033541F4801143F480134D
:1002A00038D0A0FB02CE4FF00005E1FB02E506F0DE
:1002B0000042E0FB03E54FF00006E1FB03569CF033
:1002C000000F18BF4EF0010EA4F1FF04B6F5007F39
:1002D00064F5407404D25FEA4E0E6D4146EB0606AB
:1002E00042EAC62141EA55514FEAC52040EA5E5034
:1002F0004FEACE2EB4F1FD0C88BFBCF5E06F1ED8DE
:10030000BEF1004F08BF5FEA500E50F1000041EB14
:10031000045170BD06F0004646EA010140EA0200C1
:1003200081EA0301B4EB5C04C2BFD4EB0C0541EAE3
:10033000045170BD41F480114FF0000E013C00F3F8
:10034000AB8014F1360FDEBF002001F0004170BD1C
:10035000C4F10004203C35DA0C341BDC04F1140435
:10036000C4F1200500FA05F320FA04F001FA05F2C1
:1003700040EA020001F0004221F0004110EBD3708E
:1003800021FA04F642EB06015EEA430E08BF20EABA
:10039000D37070BDC4F10C04C4F1200500FA04F35D
:1003A00020FA05F001FA04F240EA020001F00041EF
:1003B00010EBD37041F100015EEA430E08BF20EA62
:1003C000D37070BDC4F1200500FA05F24EEA020EAA
:1003D00020FA04F301FA05F243EA020321FA04F0D9
:1003E00001F0004121FA04F220EA020000EBD37090
:1003F0005EEA430E08BF20EAD37070BD94F0000F90
:100400000FD101F00046400041EB010111F4801FC3
:1004100008BF013CF7D041EA060195F0000F18BF74
:10042000704703F00046520043EB030313F4801FB0
:1004300008BF013DF7D043EA0603704794EA0C0F6A
:100440000CEA135518BF95EA0C0F0CD050EA410680
:1004500018BF52EA4306D1D181EA030101F00041FD
:100460004FF0000070BD50EA410606BF1046194625
:1004700052EA430619D094EA0C0F02D150EA013631
:1004800013D195EA0C0F05D152EA03361CBF104672
:1004900019460AD181EA030101F0004141F0FE4111
:1004A00041F470014FF0000070BD41F0FE4141F495
:1004B000780170BD81F0004102E000BF83F000438D
:1004C00030B54FEA41044FEA430594EA050F08BFEF
:1004D00090EA020F1FBF54EA000C55EA020C7FEAB3
:1004E000645C7FEA655C00F0E2804FEA5454D4EB30
:1004F0005555B8BF6D420CDD2C4480EA020281EAFA
:10050000030382EA000083EA010180EA020281EA31
:100510000303362D88BF30BD11F0004F4FEA013183
:100520004FF4801C4CEA113102D0404261EB410192
:1005300013F0004F4FEA03334CEA133302D0524218
:1005400063EB430394EA050F00F0A780A4F10104D4
:10055000D5F1200E0DDB02FA0EFC22FA05F280180E
:1005600041F1000103FA0EF2801843FA05F35941F4
:100570000EE0A5F120050EF1200E012A03FA0EFC73
:1005800028BF4CF0020C43FA05F3C01851EBE3719D
:1005900001F0004507D54FF0000EDCF1000C7EEBBA
:1005A00000006EEB0101B1F5801F1BD3B1F5001FF8
:1005B0000CD349085FEA30004FEA3C0C04F1010417
:1005C0004FEA445212F5800F80F09A80BCF1004F40
:1005D00008BF5FEA500C50F1000041EB045141EAC2
:1005E000050130BD5FEA4C0C404141EB0101013C8B
:1005F00028BFB1F5801FE9D291F0000F04BF01467A
:100600000020B1FA81F308BF2033A3F10B03B3F14B
:1006100020020CDA0C3208DD02F1140CC2F10C02DB
:1006200001FA0CF021FA02F10CE002F11402D8BF39
:10063000C2F1200C01FA02F120FA0CFCDCBF41EA05
:100640000C019040E41AA2BF01EB0451294330BDD4
:100650006FEA04041F3C1CDA0C340EDC04F11404B1
:10066000C4F1200220FA04F001FA02F340EA030088
:1006700021FA04F345EA030130BDC4F10C04C4F1CE
:10068000200220FA02F001FA04F340EA03002946AE
:1006900030BD21FA04F0294630BD94F0000F83F4F8
:1006A000801306BF81F480110134013D4EE77FEADB
:1006B000645C18BF7FEA655C29D094EA050F08BF27
:1006C00090EA020F05D054EA000C04BF1946104608
:1006D00030BD91EA030F1EBF0021002030BD5FEA4C
:1006E000545C05D14000494128BF41F0004130BD74
:1006F00014F580043CBF01F5801130BD01F00045C8
:1007000045F0FE4141F470014FF0000030BD7FEA3A
:10071000645C1ABF194610467FEA655C1CBF0B4635
:10072000024650EA013406BF52EA033591EA030F4C
:1007300041F4002130BD00BF90F0000F04BF002144
:10074000704730B54FF4806404F132044FF0000577
:100750004FF0000150E700BF90F0000F04BF0021F0
:10076000704730B54FF4806404F1320410F0004556
:1007700048BF40424FF000013EE700BF42004FEA51
:10078000E2014FEA31014FEA02701FBF12F07F43CE
:1007900093F07F4F81F06051704732F07F4208BF85
:1007A000704793F07F4F04BF41F40021704730B58C
:1007B0004FF4607401F0004521F000411CE700BFD8
:1007C00050EA010208BF704730B54FF000050AE05B
:1007D00050EA010208BF704730B511F0004502D55C
:1007E000404261EB41014FF4806404F132045FEA5E
:1007F000915C3FF4D8AE4FF003025FEADC0C18BF07
:1008000003325FEADC0C18BF033202EBDC02C2F1F8
:10081000200300FA03FC20FA02F001FA03FE40EA8A
:100820000E0021FA02F11444BDE600BF4FEA410276
:1008300012F5001215D211D56FF47873B3EB625232
:1008400012D94FEAC12343F0004343EA505311F059
:10085000004F23FA02F018BF404270474FF00000EB
:10086000704750EA013005D111F0004008BF6FF029
:10087000004070474FF00000704700BF4A0011D29F
:1008800012F5001211D20DD56FF47873B3EB6252EA
:100890000ED44FEAC12343F0004343EA505323FAF6
:1008A00002F070474FF00000704750EA013002D16B
:1008B0004FF0FF3070474FF0000070474FEA4102A1
:1008C000B2F1E04324BFB3F5001CDCF1FE5C0DD9AE
:1008D00001F0004C4FEAC0024CEA5070B2F1004FF8
:1008E00040EB830008BF20F00100704711F0804FFB
:1008F00021D113F13872BCBF01F00040704741F4C0
:1009000080114FEA5252C2F11802C2F1200C10FAC3
:100910000CF320FA02F018BF40F001004FEAC123A7
:100920004FEAD32303FA0CFC40EA0C0023FA02F34B
:100930004FEA4303CCE77FEA625307D150EA013321
:100940001EBF4FF0FE4040F44000704701F00040F1
:1009500040F0FE4040F40000704700BF53B94AB970
:10096000002908BF00281CBF4FF0FF314FF0FF30B7
:1009700000F088B9ADF1080C6DE904CE00F006F87E
:10098000DDF804E0DDE9022304B070472DE9F0470B
:10099000089D0F4604468C46002B48D18A421646D5
:1009A00061D9B2FA82F34BB1C3F1200201FA03FC20
:1009B00020FA02F29E4042EA0C0C9C404FEA164E8E
:1009C000B7B2BCFBFEF1220C0EFB11CC42EA0C428A
:1009D00001FB07F0904209D9B21801F1FF3C80F009
:1009E000EE80904240F2EB8002393244121AA4B2F7
:1009F000B2FBFEF00EFB102244EA024400FB07F7B4
:100A0000A74209D9341900F1FF3280F0DA80A742F9
:100A100040F2D7803444023840EA0140E41B002110
:100A20001DB1DC400023C5E90043BDE8F0878B42DF
:100A300006D90DB1C5E9000100210846BDE8F087DF
:100A4000B3FA83F1002948D1BB4202D3824200F2BB
:100A50000781841A67EB030201209446002DE4D03D
:100A6000C5E9004CE1E7002A00F09280B2FA82F377
:100A7000002B40F0A8808A1A4FEA164E1FFA86FC17
:100A80000121200CB2FBFEF70EFB172240EA0242C6
:100A90000CFB07F0904207D9B21807F1FF3802D2D9
:100AA000904200F2E2804746121AA4B2B2FBFEF076
:100AB0000EFB102244EA02440CFB00FCA44507D9BB
:100AC000341900F1FF3202D2A44500F2CB80104667
:100AD000A4EB0C0440EA0740A2E7C1F120068B40DA
:100AE00022FA06FC4CEA030C07FA01F420FA06F39A
:100AF000F7404FEA1C49234300FA01F81FFA8CFE25
:100B0000B7FBF9F01C0C09FB107744EA074400FB23
:100B10000EF7A74202FA01F20AD91CEB040400F115
:100B2000FF3A80F09B80A74240F2988002386444EC
:100B3000E41B9FB2B4FBF9F309FB134447EA0444F6
:100B400003FB0EFEA64509D91CEB040403F1FF3795
:100B500080F08280A6457FD9023B644443EA00408E
:100B6000A4EB0E04A0FB02E7BC427346B94663D374
:100B700060D05DB1B8EB030264EB090404FA06F639
:100B800022FA01F31E43CC40C5E9006400214CE782
:100B90006208480842EAC1710B0C43EA00438AB27A
:100BA00042EA0342B3FBF6F1E407B4463746B646E1
:100BB0001F23B0FBF6F0D21B41EA004161E761461A
:100BC00014E7104628E7C3F1200120FA01F29E4005
:100BD00027FA01F19F403A434FEA164E1FFA86FC6E
:100BE000B1FBFEF70EFB1710110C41EA004107FBA9
:100BF0000CF8884504FA03F43AD9711807F1FF306C
:100C000001D288451FD8A1EB0801B1FBFEF808FB13
:100C10000CF70EFB181192B242EA0142BA422FD2EF
:100C2000B21808F1FF31C6D2BA42C4D2A8F102010B
:100C30003244C0E7F0459CD2BEEB020367EB0C07E1
:100C40000138B94695E7A6EB08084144B81EB1FB48
:100C5000FEF808FB0CF7DCE73B467FE7504667E70A
:100C60000846FBE63444023832E7023F32441BE7D1
:100C7000A1EB08013846B1FBFEF808FB0CF7C8E70A
:100C8000414698E7704700BF0000000000000000E8
:100C900001F0FF01102A2BDB10F0070F08D010F82D
:100CA000013B013A8B422DD010F0070F42B3F6D131
:100CB000F0B441EA012141EA014122F007047FF04A
:100CC00000070023F0E80256083C85EA010586EAA1
:100CD000010685FA47F5A3FA87F586FA47F6A5FADD
:100CE00087F68EB9EED1F0BC01F0FF0102F00702E9
:100CF00032B110F8013B013A83EA010313B1F8D194
:100D00000020704701387047002D06BF3546033874
:100D1000073815F0010F07D1013015F4807F02BFAD
:100D2000013015F4C03F0130F0BC0138704700BFFE
:100D3000002310B50446C0E90033C0E904338360E2
:100D400081814366C2818361194608225C3000F0CC
:100D5000F7F80D4B63620D4BA3620D4BE3620D4B35
:100D600023630D4B24629C4206D003F16802944237
:100D700002D0D0339C4205D104F15800BDE81040A8
:100D800000F0AEB910BD00BFB90E0108DB0E0108BE
:100D9000130F0108390F0108A4000020024A03497B
:100DA000034800F06BB800BF00000020DD1301080D
:100DB0001000002041680C4B994210B5044601D048
:100DC00000F00CFBA168094B994202D0204600F0CC
:100DD00005FBE168064B994204D02046BDE810406F
:100DE00000F0FCBA10BD00BFA40000200C010020E0
:100DF000740100200C4B0D4A0D4810B504211A60F7
:100E00000022FFF795FF0A4B01221C46092103F13E
:100E10006800FFF78DFF04F1D0000222BDE810400A
:100E20001221FFF785BF00BFDC0100209D0D0108E6
:100E3000A4000020014800F054B900BFE5010020E3
:100E4000014800F04FB900BFE501002010B504468D
:100E5000FFF7F0FF236A1BB1BDE81040FFF7F0BFBA
:100E6000044B2362044B1B68002BF5D1FFF7C2FF34
:100E7000F2E700BFB50D0108DC0100202DE9F843C1
:100E80000746884614460026D4E90195B9F10109C0
:100E900005D52468002CF7D13046BDE8F883AB892E
:100EA000012B07D9B5F90E30013303D02946384656
:100EB000C04706436835E9E710B50C46B1F90E1096
:100EC00000F0C6F80028ABBF636DA3891B1823F49C
:100ED0008053ACBF6365A38110BD2DE9F0411F466F
:100EE0008B89DB0505460C46164605D5B1F90E1073
:100EF0000223002200F09AF8A389B4F90E1023F41B
:100F00008053A38132463B462846BDE8F04100F0BD
:100F1000B1B810B50C46B1F90E1000F087F8B4F96D
:100F20000C30421C0BBF23F4805343F48053A38145
:100F3000A38118BF606510BDB1F90E1000F008B8AC
:100F400002440346934200D1704703F8011BF9E7BE
:100F500038B5064D0023044608462B600FF0A7FA6B
:100F6000431C02D12B6803B1236038BDE00100208F
:100F70002D4B1B68834270B5044653D0C3691BB325
:100F8000DB6863B10025E369DB685959B1B9043501
:100F9000802DF8D1E3692046D96800F0A5F8E3690F
:100FA000196811B1204600F09FF8E3699D685DB1B2
:100FB000294620462D6800F097F8F8E70E6820468D
:100FC00000F092F83146E1E7616911B1204600F086
:100FD0008BF8E16911B1204600F086F8216B11B160
:100FE000204600F081F8616B11B1204600F07CF8DA
:100FF000A16B11B1204600F077F8A16C11B1204629
:1010000000F072F8616C11B1204600F06DF8E16AF1
:1010100011B1204600F068F8236A1BB12046BDE8F4
:101020007040184770BD00BF0C00002038B5074D58
:1010300004460846114600222A601A460FF05EFA5E
:10104000431C02D12B6803B1236038BDE0010020AE
:1010500038B5074D04460846114600222A601A4654
:101060000FF0ECF9431C02D12B6803B1236038BDAB
:10107000E001002038B5074D04460846114600221D
:101080002A601A460FF0F7F9431C02D12B6803B10E
:10109000236038BDE001002070B50D4B0D4D5B1B8A
:1010A0009C100026A64209D114F0C8FF0A4D0B4B34
:1010B0005B1B9C100026A64205D170BD55F8043B71
:1010C00098470136EEE755F8043B98470136F2E7BA
:1010D000608F0208608F0208608F0208648F020828
:1010E000704770477047000038B50546002941D069
:1010F00051F8043C0C1F002BB8BFE41800F0E0F8D6
:101100001D4A136833B9636014602846BDE838404F
:1011100000F0DCB8A34208D9206821188B4201BF37
:1011200019685B6809182160EDE71A465B680BB126
:10113000A342FAD911685018A0420BD1206801448B
:10114000501883421160E0D118685B68536008440E
:101150001060DAE702D90C232B60D6E7206821184B
:101160008B4204BF19685B68636004BF0918216083
:101170005460CAE738BD00BFEC01002070B50F4EC7
:101180000C463168054611B900F050F9306021462F
:10119000284600F04BF9431C03D14FF0FF342046A2
:1011A00070BDC41C24F00304A042F8D0211A2846C4
:1011B00000F03CF90130F2D1EFE700BFE801002078
:1011C0002DE9F843CD1C25F0030508350C2D38BF5B
:1011D0000C25002D064601DBA94204D90C233360FF
:1011E0000020BDE8F883DFF8D48000F069F8D8F873
:1011F00000301C4644BB29463046FFF7BFFF431C66
:10120000044658D1D8F800402746002F43D1002C7F
:101210004BD023683946304604EB030900F006F949
:10122000814542D121686D1A29463046FFF7A6FF55
:1012300001303AD023682B442360D8F800305A6834
:1012400062BBC8F800700FE02268521B20D40B2A42
:1012500017D96119A342256018BF5960636808BF98
:10126000C8F8001062514B60304600F02FF804F1CE
:101270000B00231D20F00700C21A1CBF1B1AA3502D
:10128000AFE76268A3420CBFC8F800205A60EBE7E2
:1012900023466468AEE73C467F68B6E71A465B685B
:1012A000A342FBD100235360DEE70C2333603046BA
:1012B00000F00CF894E70560D6E700BFEC010020D1
:1012C0000148FFF70EBF00BFE40100200148FFF70F
:1012D00009BF00BFE4010020B1F90C202DE9F04165
:1012E000160705460C4651D44B68002B02DC0B6CEC
:1012F000002B49DDE66A002E46D0002312F480520E
:101300002F682B6031D0626DA389590705D56368BA
:10131000D21A636B0BB1236CD21A0023E66A216ADE
:101320002846B047421CB4F90C3006D129681D2963
:1013300046D8294ACA40D60742D500226260D9045D
:101340002269226004D5421C01D12B6803B9606573
:10135000616B2F60C1B104F14403994202D0284669
:10136000FFF7C2FE002363630EE0216A01232846D3
:10137000B0470246501CC7D12B68002BC4D01D2B90
:1013800001D0162B1AD12F6000201EE00F69002F0C
:10139000FAD093070E6808BF4B690F6018BF00238F
:1013A000A6EB07088B60B8F1000FEDDD216AA66A95
:1013B00043463A462846B047002808DCB4F90C30CA
:1013C00043F04003A3814FF0FF30BDE8F0810744B4
:1013D000A8EB0008E7E700BF0100402038B50B6923
:1013E00005460C4613B90025284638BD18B1036AD6
:1013F0000BB9FFF72BFDB4F90C30002BF3D0626E64
:10140000D00704D4990502D4A06DFFF76AFE2846E0
:101410002146FFF761FF636EDA070546E4D4A3892E
:101420009B05E1D4A06DFFF75DFEDDE738B5064D05
:101430000023044608462B600EF0CAFF431C02D16D
:101440002B6803B1236038BDE001002080B400AFF9
:10145000074BD3F88830064A43F47003C2F888304B
:10146000034B044A9A6000BFBD465DF8047B704799
:1014700000ED00E00000010880B582B000AF7860A8
:101480007B68002B01D1012341E07B6893F83D305C
:10149000DBB2002B06D17B68002283F83C20786801
:1014A0000DF0A2FA7B68022283F83D207B681A685F
:1014B0007B6804331946104600F076FE7B680122F3
:1014C00083F846207B68012283F83E207B68012256
:1014D00083F83F207B68012283F840207B6801224B
:1014E00083F841207B68012283F842207B68012237
:1014F00083F843207B68012283F844207B68012223
:1015000083F845207B68012283F83D20002318469C
:101510000837BD4680BD000080B485B000AF78605C
:101520007B6893F83D30DBB2012B01D001234EE004
:101530007B68022283F83D207B681B68DA687B6841
:101540001B6842F00102DA607B681B68234A934201
:1015500022D07B681B68B3F1804F1DD07B681B686D
:101560001F4A934218D07B681B681E4A934213D0CF
:101570007B681B681C4A93420ED07B681B681B4A21
:10158000934209D07B681B68194A934204D07B6858
:101590001B68184A934211D17B681B689B6803F053
:1015A0000703FB60FB68062B10D07B681B681A687A
:1015B0007B681B6842F001021A6007E07B681B68C9
:1015C0001A687B681B6842F001021A600023184603
:1015D0001437BD465DF8047B704700BF0000014032
:1015E0000004004000080040000C004000040140DE
:1015F000004001400018004080B582B000AF786024
:101600007B68002B01D1012341E07B6893F83D30DA
:10161000DBB2002B06D17B68002283F83C2078687F
:1016200000F039F87B68022283F83D207B681A6855
:101630007B6804331946104600F0B6FD7B68012232
:1016400083F846207B68012283F83E207B680122D4
:1016500083F83F207B68012283F840207B680122C9
:1016600083F841207B68012283F842207B680122B5
:1016700083F843207B68012283F844207B680122A1
:1016800083F845207B68012283F83D20002318461B
:101690000837BD4680BD80B483B000AF786000BF1E
:1016A0000C37BD465DF8047B7047000080B584B000
:1016B00000AF786039603B68002B09D17B6893F8F4
:1016C0003E30DBB2012B14BF01230023DBB222E04A
:1016D0003B68042B09D17B6893F83F30DBB2012BC8
:1016E00014BF01230023DBB215E03B68082B09D1AE
:1016F0007B6893F84030DBB2012B14BF0123002339
:10170000DBB208E07B6893F84130DBB2012B14BFF9
:1017100001230023DBB2002B01D001237CE03B68D6
:10172000002B04D17B68022283F83E2013E03B6843
:10173000042B04D17B68022283F83F200BE03B6836
:10174000082B04D17B68022283F8402003E07B68E9
:10175000022283F841207B681B6801223968184601
:1017600001F03CF97B681B682D4A934204D07B68EA
:101770001B682C4A934201D1012300E00023002B77
:1017800007D07B681B685A6C7B681B6842F4004278
:101790005A647B681B68224A934222D07B681B688C
:1017A000B3F1804F1DD07B681B681F4A934218D04D
:1017B0007B681B681D4A934213D07B681B681C4AD8
:1017C00093420ED07B681B68164A934209D07B680F
:1017D0001B68184A934204D07B681B68164A9342E0
:1017E00011D17B681B689B6803F00703FB60FB68F3
:1017F000062B10D07B681B681A687B681B6842F058
:1018000001021A6007E07B681B681A687B681B6826
:1018100042F001021A60002318461037BD4680BD11
:1018200000000140000401400004004000080040A6
:10183000000C0040004001400018004080B582B01C
:1018400000AF78607B68002B01D1012341E07B6809
:1018500093F83D30DBB2002B06D17B68002283F881
:101860003C20786800F039F87B68022283F83D203C
:101870007B681A687B6804331946104600F094FCB4
:101880007B68012283F846207B68012283F83E2092
:101890007B68012283F83F207B68012283F8402087
:1018A0007B68012283F841207B68012283F8422073
:1018B0007B68012283F843207B68012283F844205F
:1018C0007B68012283F845207B68012283F83D2054
:1018D000002318460837BD4680BD80B483B000AFF2
:1018E000786000BF0C37BD465DF8047B7047000090
:1018F00080B584B000AF786039600023FB733B682B
:10190000002B04D17B6893F83E30DBB213E03B68D8
:10191000042B04D17B6893F83F30DBB20BE03B68CB
:10192000082B04D17B6893F84030DBB203E07B687E
:1019300093F84130DBB2BB733B68002B04D17B686A
:1019400093F84230DBB213E03B68042B04D17B6890
:1019500093F84330DBB20BE03B68082B04D17B6883
:1019600093F84430DBB203E07B6893F84530DBB298
:101970007B73BB7B012B02D17B7B012B01D001232D
:10198000CCE03B68002B04D17B68022283F83E2028
:1019900013E03B68042B04D17B68022283F83F20CC
:1019A0000BE03B68082B04D17B68022283F84020BF
:1019B00003E07B68022283F841203B68002B04D1BE
:1019C0007B68022283F8422013E03B68042B04D199
:1019D0007B68022283F843200BE03B68082B04D18C
:1019E0007B68022283F8442003E07B68022283F8AC
:1019F00045203B680C2B41D801A252F823F000BFD0
:101A0000351A01087D1A01087D1A01087D1A01089E
:101A1000471A01087D1A01087D1A01087D1A01087C
:101A2000591A01087D1A01087D1A01087D1A01085A
:101A30006B1A01087B681B68DA687B681B6842F0D8
:101A40000202DA601DE07B681B68DA687B681B684D
:101A500042F00402DA6014E07B681B68DA687B6895
:101A60001B6842F00802DA600BE07B681B68DA68EA
:101A70007B681B6842F01002DA6002E00123FB730E
:101A800000BFFB7B002B48D17B681B6801223968B3
:101A9000184600F0A3FF7B681B68224A934222D0BD
:101AA0007B681B68B3F1804F1DD07B681B681E4AA2
:101AB000934218D07B681B681C4A934213D07B6802
:101AC0001B681B4A93420ED07B681B68194A9342DD
:101AD00009D07B681B68184A934204D07B681B6856
:101AE000164A934211D17B681B689B6803F0070379
:101AF000BB60BB68062B10D07B681B681A687B68CC
:101B00001B6842F001021A6007E07B681B681A68D4
:101B10007B681B6842F001021A60FB7B1846103795
:101B2000BD4680BD000001400004004000080040A8
:101B3000000C00400004014000400140001800403B
:101B400080B584B000AF78607B681B68DB68FB60A1
:101B50007B681B681B69BB60BB6803F00203002B3A
:101B600020D0FB6803F00203002B1BD07B681B68AE
:101B70006FF002021A617B6801221A777B681B688A
:101B80009B6903F00303002B03D0786809F06EF81B
:101B900005E0786800F0E9FA786800F0F0FA7B6810
:101BA00000221A77BB6803F00403002B20D0FB68E7
:101BB00003F00403002B1BD07B681B686FF004024A
:101BC0001A617B6802221A777B681B689B6903F4A1
:101BD0004073002B03D0786809F048F805E0786876
:101BE00000F0C3FA786800F0CAFA7B6800221A771E
:101BF000BB6803F00803002B20D0FB6803F0080348
:101C0000002B1BD07B681B686FF008021A617B6891
:101C100004221A777B681B68DB6903F00303002B3F
:101C200003D0786809F022F805E0786800F09DFAA2
:101C3000786800F0A4FA7B6800221A77BB6803F08A
:101C40001003002B20D0FB6803F01003002B1BD0E7
:101C50007B681B686FF010021A617B6808221A7794
:101C60007B681B68DB6903F44073002B03D0786842
:101C700008F0FCFF05E0786800F077FA786800F07B
:101C80007EFA7B6800221A77BB6803F00103002B01
:101C90000CD0FB6803F00103002B07D07B681B68A6
:101CA0006FF001021A61786809F01CF8BB6803F054
:101CB0008003002B0CD0FB6803F08003002B07D0BF
:101CC0007B681B686FF080021A61786800F032FF51
:101CD000BB6803F04003002B0CD0FB6803F040030B
:101CE000002B07D07B681B686FF040021A61786890
:101CF00000F04FFABB6803F02003002B0CD0FB6808
:101D000003F02003002B07D07B681B686FF02002D4
:101D10001A61786800F004FF00BF1037BD4680BD2F
:101D200080B586B000AFF860B9607A600023FB75BB
:101D3000FB6893F83C30012B01D1022388E0FB685B
:101D4000012283F83C207B68002B1BD1FB681868BC
:101D5000BB681968BB685A68BB68DB6800F07AFC2E
:101D6000FB681B689A69FB681B6822F00C029A6189
:101D7000FB681B689969BB689A68FB681B680A4323
:101D80009A6160E07B68042B1CD1FB681868BB6813
:101D90001968BB685A68BB68DB6800F0FEFCFB682A
:101DA0001B689A69FB681B6822F440629A61FB68B1
:101DB0001B689969BB689B681A02FB681B680A4329
:101DC0009A6140E07B68082B1BD1FB681868BB68F0
:101DD0001968BB685A68BB68DB6800F04BFDFB689C
:101DE0001B68DA69FB681B6822F00C02DA61FB6889
:101DF0001B68D969BB689A68FB681B680A43DA618B
:101E000021E07B680C2B1CD1FB681868BB68196843
:101E1000BB685A68BB68DB6800F068FDFB681B683C
:101E2000DA69FB681B6822F44062DA61FB681B68B0
:101E3000D969BB689B681A02FB681B680A43DA61B0
:101E400001E00123FB75FB68002283F83C20FB7D49
:101E500018461837BD4680BD80B586B000AFF86023
:101E6000B9607A600023FB75FB6893F83C30012B66
:101E700001D10223AEE0FB68012283F83C207B689D
:101E80000C2B00F29F8001A252F823F0C11E010822
:101E9000C51F0108C51F0108C51F0108011F010852
:101EA000C51F0108C51F0108C51F0108431F010800
:101EB000C51F0108C51F0108C51F0108831F0108B0
:101EC000FB681B68B968184600F014FAFB681B68C9
:101ED0009A69FB681B6842F008029A61FB681B68FC
:101EE0009A69FB681B6822F004029A61FB681B6810
:101EF0009969BB681A69FB681B680A439A6164E0C8
:101F0000FB681B68B968184600F064FAFB681B6838
:101F10009A69FB681B6842F400629A61FB681B685F
:101F20009A69FB681B6822F480629A61FB681B68EF
:101F30009969BB681B691A02FB681B680A439A61AE
:101F400043E0FB681B68B968184600F0B9FAFB6803
:101F50001B68DA69FB681B6842F00802DA61FB68FB
:101F60001B68DA69FB681B6822F00402DA61FB680F
:101F70001B68D969BB681A69FB681B680A43DA6188
:101F800023E0FB681B68B968184600F00DFBFB688E
:101F90001B68DA69FB681B6842F40062DA61FB685F
:101FA0001B68DA69FB681B6822F48062DA61FB68EF
:101FB0001B68D969BB681B691A02FB681B680A4366
:101FC000DA6102E00123FB7500BFFB68002283F8A1
:101FD0003C20FB7D18461837BD4680BD80B584B0D7
:101FE00000AF786039600023FB737B6893F83C3066
:101FF000012B01D10223B4E07B68012283F83C204D
:102000007B68022283F83D207B681B689B68BB606D
:10201000BB6823F07703BB60BB6823F47F43BB60DE
:102020007B681B68BA689A603B681B68B3F5005F01
:102030003ED0B3F5005F00F28780B3F5805F00F01B
:102040008680B3F5805F7FD8702B1AD0702B7BD839
:10205000602B50D0602B77D8502B3CD0502B73D8AE
:10206000402B58D0402B6FD8302B64D0302B6BD8FE
:10207000202B60D0202B67D8002B5CD0102B5AD09F
:1020800062E07B6818683B6899683B685A683B68FF
:10209000DB6800F083FC7B681B689B68BB60BB68E7
:1020A00043F07703BB607B681B68BA689A604FE0B7
:1020B0007B6818683B6899683B685A683B68DB68CE
:1020C00000F06CFC7B681B689A687B681B6842F4B4
:1020D00080429A603CE07B6818683B6859683B68BE
:1020E000DB681A4600F02AFB7B681B685021184603
:1020F00000F039FC2CE07B6818683B6859683B6845
:10210000DB681A4600F086FB7B681B686021184676
:1021100000F029FC1CE07B6818683B6859683B6844
:10212000DB681A4600F00AFB7B681B6840211846F2
:1021300000F019FC0CE07B681A683B681B681946C4
:10214000104600F010FC03E00123FB7300E000BF29
:102150007B68012283F83D207B68002283F83C20C5
:10216000FB7B18461037BD4680BD80B483B000AFFE
:10217000786000BF0C37BD465DF8047B704780B4C3
:1021800083B000AF786000BF0C37BD465DF8047BBC
:10219000704780B483B000AF786000BF0C37BD4695
:1021A0005DF8047B7047000080B485B000AF7860B4
:1021B00039607B681B68FB607B68434A934213D09D
:1021C0007B68B3F1804F0FD07B68404A93420BD0BD
:1021D0007B683F4A934207D07B683E4A934203D0D4
:1021E0007B683D4A934208D1FB6823F07003FB6093
:1021F0003B685B68FA681343FB607B68324A934232
:102200002BD07B68B3F1804F27D07B682F4A934255
:1022100023D07B682E4A93421FD07B682D4A93427D
:102220001BD07B682C4A934217D07B682B4A934281
:1022300013D07B682A4A93420FD07B68294A934285
:102240000BD07B68284A934207D07B68274A934289
:1022500003D07B68264A934208D1FB6823F440737D
:10226000FB603B68DB68FA681343FB60FB6823F0A4
:1022700080023B685B691343FB603B689A687B683C
:10228000DA623B681A687B689A627B680E4A9342FE
:1022900003D07B68104A934203D13B681A697B687C
:1022A0001A637B681B6843F004027B681A607B68D2
:1022B00001225A617B68FA681A6000BF1437BD4674
:1022C0005DF8047B704700BF00000140000400403F
:1022D00000080040000C00400004014000400140A4
:1022E000004401400048014000180040001C00402C
:1022F0000020004080B487B000AF786039607B6810
:102300001B6A7B617B681B6A23F001027B681A628F
:102310007B685B683B617B689B69FB60FB6823F0C3
:102320007003FB60FB6823F00303FB603B681B68E2
:10233000FA681343FB607B6923F002037B613B680F
:102340009B687A6913437B617B68204A934203D080
:102350007B681F4A93420CD17B6923F008037B61A1
:102360003B68DB687A6913437B617B6923F0040374
:102370007B617B68154A934203D07B68144A934281
:1023800011D13B6923F480733B613B6923F40073F3
:102390003B613B685B693A6913433B613B689B69FE
:1023A0003A6913433B617B683A695A607B68FA6813
:1023B0009A613B685A687B685A637B687A691A62DB
:1023C00000BF1C37BD465DF8047B7047000001402C
:1023D0000004014080B487B000AF786039607B684A
:1023E0001B6A7B617B681B6A23F010027B681A62A0
:1023F0007B685B683B617B689B69FB60FB6823F4DF
:10240000E043FB60FB6823F44073FB603B681B68A0
:102410001B02FA681343FB607B6923F020037B6196
:102420003B689B681B017A6913437B617B68224A86
:10243000934203D07B68214A93420DD17B6923F0FC
:1024400080037B613B68DB681B017A6913437B6116
:102450007B6923F040037B617B68174A934203D07A
:102460007B68164A934213D13B6923F480633B6136
:102470003B6923F400633B613B685B699B003A69FD
:1024800013433B613B689B699B003A6913433B6183
:102490007B683A695A607B68FA689A613B685A6857
:1024A0007B689A637B687A691A6200BF1C37BD46F5
:1024B0005DF8047B704700BF00000140000401404C
:1024C00080B487B000AF786039607B681B6A7B613D
:1024D0007B681B6A23F480727B681A627B685B6886
:1024E0003B617B68DB69FB60FB6823F07003FB608A
:1024F000FB6823F00303FB603B681B68FA68134327
:10250000FB607B6923F400737B613B689B681B0263
:102510007A6913437B617B68214A934203D07B68CD
:10252000204A93420DD17B6923F400637B613B68B1
:10253000DB681B027A6913437B617B6923F4806348
:102540007B617B68164A934203D07B68154A9342AD
:1025500013D13B6923F480533B613B6923F400535F
:102560003B613B685B691B013A6913433B613B6814
:102570009B691B013A6913433B617B683A695A6066
:102580007B68FA68DA613B685A687B68DA637B6863
:102590007A691A6200BF1C37BD465DF8047B70473C
:1025A000000001400004014080B487B000AF7860B3
:1025B00039607B681B6A3B617B681B6A23F480522D
:1025C0007B681A627B685B687B617B68DB69FB60A8
:1025D000FB6823F4E043FB60FB6823F44073FB607B
:1025E0003B681B681B02FA681343FB603B6923F4DA
:1025F00000533B613B689B681B033A6913433B6193
:102600007B68124A934203D07B68114A934209D1F6
:102610007B6923F480437B613B685B699B017A693A
:1026200013437B617B687A695A607B68FA68DA6178
:102630003B685A687B681A647B683A691A6200BF13
:102640001C37BD465DF8047B704700BF00000140A9
:102650000004014080B487B000AFF860B9607A60D0
:102660003B60FB681B6A3B61FB681B6A23F001024D
:10267000FB681A62FB689B697B61FB68284A93428E
:102680001BD0FB68B3F1804F17D0FB68254A9342FB
:1026900013D0FB68244A93420FD0FB68234A93422D
:1026A0000BD0FB68224A934207D0FB68214A934231
:1026B00003D0FB68204A934201D1012300E00023AC
:1026C000002B08D07B6923F003037B617A697B6868
:1026D00013437B6103E07B6943F001037B617B690A
:1026E00023F0F0037B613B681B01DBB27A69134383
:1026F0007B613B6923F00A033B61BB6803F00A037B
:102700003A6913433B61FB687A699A61FB683A69ED
:102710001A6200BF1C37BD465DF8047B704700BFDE
:10272000000001400004004000080040000C004090
:1027300000040140004001400018004080B487B010
:1027400000AFF860B9607A60FB681B6A7B61FB6868
:102750001B6A23F00102FB681A62FB689B693B61FC
:102760003B6923F0F0033B617B681B013A6913432B
:102770003B617B6923F00A037B617A69BB68134381
:102780007B61FB683A699A61FB687A691A6200BFEB
:102790001C37BD465DF8047B704780B487B000AF3E
:1027A000F860B9607A603B60FB681B6A7B61FB681C
:1027B0001B6A23F01002FB681A62FB689B693B618D
:1027C0003B6923F440733B617B681B023A69134306
:1027D0003B613B6923F470433B613B681B039BB245
:1027E0003A6913433B617B6923F0A0037B61BB68BB
:1027F0001B0103F0A0037A6913437B61FB683A690C
:102800009A61FB687A691A6200BF1C37BD465DF8A1
:10281000047B704780B487B000AFF860B9607A601D
:10282000FB681B6A7B61FB681B6A23F01002FB6874
:102830001A62FB689B693B613B6923F470433B610F
:102840007B681B033A6913433B617B6923F0A00358
:102850007B61BB681B017A6913437B61FB683A6942
:102860009A61FB687A691A6200BF1C37BD465DF841
:10287000047B704780B487B000AFF860B9607A60BD
:102880003B60FB681B6A7B61FB681B6A23F48072F8
:10289000FB681A62FB68DB693B613B6923F0030359
:1028A0003B613A697B6813433B613B6923F0F0036A
:1028B0003B613B681B01DBB23A6913433B617B69B7
:1028C00023F420637B61BB681B0203F420637A69F5
:1028D00013437B61FB683A69DA61FB687A691A62C3
:1028E00000BF1C37BD465DF8047B704780B487B0DD
:1028F00000AFF860B9607A603B60FB681B6A7B617F
:10290000FB681B6A23F48052FB681A62FB68DB6970
:102910003B613B6923F440733B617B681B023A696E
:1029200013433B613B6923F470433B613B681B03EA
:102930009BB23A6913433B617B6923F420437B617B
:10294000BB681B0303F420437A6913437B61FB6874
:102950003A69DA61FB687A691A6200BF1C37BD46C2
:102960005DF8047B704780B485B000AF7860396053
:102970007B689B68FB60FB6823F07003FB603A6830
:10298000FB68134343F00703FB607B68FA689A60B7
:1029900000BF1437BD465DF8047B704780B487B034
:1029A00000AFF860B9607A603B60FB689B687B6150
:1029B0007B6923F47F437B613B681A027B681A437F
:1029C000BB6813437A6913437B61FB687A699A6039
:1029D00000BF1C37BD465DF8047B704780B487B0EC
:1029E00000AFF860B9607A60BB6803F01F03012292
:1029F00002FA03F37B61FB681A6A7B69DB431A40C6
:102A0000FB681A62FB681A6ABB6803F01F037968E7
:102A100001FA03F31A43FB681A6200BF1C37BD4674
:102A20005DF8047B7047000080B485B000AF78602B
:102A300039607B6893F83C30012B01D102235AE0C6
:102A40007B68012283F83C207B68022283F83D20CA
:102A50007B681B685B68FB607B681B689B68BB606E
:102A6000FB6823F07003FB603B681B68FA68134344
:102A7000FB607B681B68FA685A607B681B68214AA8
:102A8000934222D07B681B68B3F1804F1DD07B68D6
:102A90001B681D4A934218D07B681B681B4A9342EF
:102AA00013D07B681B681A4A93420ED07B681B6860
:102AB000184A934209D07B681B68174A934204D096
:102AC0007B681B68154A93420CD1BB6823F08003D6
:102AD000BB603B685B68BA681343BB607B681B687C
:102AE000BA689A607B68012283F83D207B680022E7
:102AF00083F83C20002318461437BD465DF8047B5C
:102B0000704700BF00000140000400400008004082
:102B1000000C00400004014000400140001800404B
:102B200080B483B000AF786000BF0C37BD465DF85D
:102B3000047B704780B483B000AF786000BF0C376F
:102B4000BD465DF8047B704780B584B000AF786007
:102B50000023FB737B68002B01D1012333E07B68EA
:102B60001B6C002B09D178680BF022FB7B680022DC
:102B70005A647B68002283F83C207B681B6C03F05E
:102B80001003002B18D17B681B6C23F4885323F0AF
:102B9000020343F002027B681A64786800F0A4FA2A
:102BA0007B6800225A647B681B6C23F0030343F0AC
:102BB00001027B681A6401E00123FB737B68002239
:102BC00083F83C20FB7B18461037BD4680BD0000D3
:102BD00080B485B000AF78600023BB607B6893F859
:102BE0003C30012B01D10223B2E07B68012283F843
:102BF0003C207B681B689B6803F00103012B18D005
:102C00007B681B689A687B681B6842F001029A60C7
:102C1000524B1B68524AA2FB03239A0C13465B00DB
:102C20001344BB6002E0BB68013BBB60BB68002B88
:102C3000F9D17B681B689B6803F00103012B7AD1F3
:102C40007B681B6C23F4E06323F0010343F4807280
:102C50007B681A647B681B685B6803F48063002BE5
:102C600007D07B681B6C23F4405343F480527B688D
:102C70001A647B681B6C03F48053B3F5805F06D144
:102C80007B685B6C23F006027B685A6402E07B6819
:102C900000225A647B68002283F83C20314BFB60A1
:102CA0007B681B686FF022021A60FB685B6803F0A8
:102CB0001F03002B2AD17B681B682B4A934215D037
:102CC0007B681B68294A934205D1264B5B6803F059
:102CD0001F03002B0AD07B681B68254A934236D11C
:102CE000204B5B6803F01003002B30D17B681B681E
:102CF0009B6803F04053002B29D17B681B689A68BE
:102D00007B681B6842F080429A6020E07B681B6809
:102D1000154A93421BD17B681B689B6803F04053A4
:102D2000002B14D17B681B689A687B681B6842F093
:102D300080429A600BE07B681B6C43F010027B685A
:102D40001A647B685B6C43F001027B685A64002361
:102D500018461437BD465DF8047B70475C000020C0
:102D600083DE1B430023014000200140002101407D
:102D70000022014080B584B000AF78603960002344
:102D8000FB607B681B689B6803F48063B3F5806F0E
:102D900013D17B681B689B6803F48073B3F5807F55
:102DA0000BD17B681B6C43F020027B681A647B6844
:102DB000002283F83C20012363E001F045FCF86029
:102DC00021E03B68B3F1FF3F1DD03B68002B07D0EB
:102DD00001F03AFC0246FB68D31A3A689A4212D2D2
:102DE0007B681B681B6803F00203022B0BD07B6817
:102DF0001B6C43F004027B681A647B68002283F832
:102E00003C2003233DE07B681B681B6803F0020342
:102E1000022BD6D17B681B686FF012021A607B68A8
:102E20001B6C43F400727B681A647B681B689B68A8
:102E300003F04053002B23D17B681B7E002B1FD156
:102E40007B681B68DB6A03F47003002B06D07B6889
:102E50001B689B6803F48063002B11D17B681B6C9B
:102E600023F480727B681A647B681B6C03F48053C4
:102E7000002B05D17B681B6C43F001027B681A6450
:102E8000002318461037BD4680BD80B483B000AF24
:102E900078607B681B68DB6C18460C37BD465DF8B4
:102EA000047B704780B485B000AF78603960002340
:102EB000BB607B6893F83C30012B01D1022305E114
:102EC0007B68012283F83C203B681B68092B25D9CD
:102ED0007B681B68D9683B681B689BB21A4613461F
:102EE0005B0013441E3B072202FA03F3DA437B68BC
:102EF0001B680A40DA607B681B68D9683B689A687F
:102F00003B681B689BB2184603465B0003441E3BAC
:102F10009A407B681B680A43DA6022E07B681B6882
:102F200019693B681B689BB21A4613465B00134441
:102F3000072202FA03F3DA437B681B680A401A612E
:102F40007B681B6819693B689A683B681B689BB281
:102F5000184603465B0003449A407B681B680A439B
:102F60001A613B685B68062B24D87B681B68596B29
:102F70003B685A6813469B001344053B1F2202FA24
:102F800003F3DA437B681B680A405A637B681B685B
:102F9000596B3B681B689BB218463B685A681346DE
:102FA0009B001344053B00FA03F27B681B680A434D
:102FB0005A634CE03B685B680C2B24D87B681B6829
:102FC000196B3B685A6813469B001344233B1F222E
:102FD00002FA03F3DA437B681B680A401A637B68D2
:102FE0001B68196B3B681B689BB218463B685A68A4
:102FF00013469B001344233B00FA03F27B681B68D3
:103000000A431A6323E07B681B68D96A3B685A68E5
:1030100013469B001344413B1F2202FA03F3DA4399
:103020007B681B680A40DA627B681B68D96A3B6868
:103030001B689BB218463B685A6813469B001344B2
:10304000413B00FA03F27B681B680A43DA62224BB9
:10305000FB607B681B68214A934209D13B681B686F
:10306000122B05D1FB685B6843F48002FB685A6051
:103070007B681B68194A934223D13B681B68102B5D
:1030800003D03B681B68112B1BD1FB685B6843F4C2
:103090000002FB685A603B681B68102B11D1104B73
:1030A0001B68104AA2FB03239A0C13469B0013448F
:1030B0005B00BB6002E0BB68013BBB60BB68002BF0
:1030C000F9D17B68002283F83C200023184614378E
:1030D000BD465DF8047B704700230140002001409D
:1030E0005C00002083DE1B4380B485B000AF7860B5
:1030F000794BFB60FB685B6823F44032FB685A60E5
:10310000FB685A687B685B681A43FB685A607B6897
:103110001B685A687B681B6822F480725A607B685F
:103120001B6859687B681B691A027B681B680A4325
:103130005A607B681B685A687B681B6822F0407283
:103140005A607B681B6859687B689A687B681B6853
:103150000A435A607B681B689A687B681B6822F484
:1031600000629A607B681B6899687B68DA687B6894
:103170001B680A439A607B689B6A584A934222D034
:103180007B681B689A687B681B6822F070629A6093
:103190007B681B6899687B689A6A7B681B680A432E
:1031A0009A607B681B689A687B681B6822F04052B3
:1031B0009A607B681B6899687B68DA6A7B681B6821
:1031C0000A439A600FE07B681B689A687B681B68FB
:1031D00022F070629A607B681B689A687B681B6843
:1031E00022F040529A607B681B689A687B681B6873
:1031F00022F002029A607B681B6899687B681B7EDC
:103200005A007B681B680A439A607B6893F82030F9
:10321000002B1BD07B681B685A687B681B6842F4D4
:1032200000625A607B681B685A687B681B6822F4DE
:1032300060425A607B681B6859687B685B6A013B27
:103240005A037B681B680A435A6007E07B681B6867
:103250005A687B681B6822F400625A607B681B68AE
:10326000DA6A7B681B6822F47002DA627B681B688A
:10327000D96A7B68DB69013B1A057B681B680A43D6
:10328000DA627B681B689A687B681B6822F40072AC
:103290009A607B681B6899687B6893F830305A02A3
:1032A0007B681B680A439A607B681B689A687B6826
:1032B0001B6822F480629A607B681B6899687B684F
:1032C0005B699A027B681B680A439A6000BF1437E7
:1032D000BD465DF8047B7047002301400100000FEC
:1032E00080B586B000AF78607B68002B01D10123E8
:1032F00067E27B681B6803F00103002B75D0884BE5
:103300009B6803F00C03042B0CD0854B9B6803F0E7
:103310000C03082B12D1824B5B6803F48003B3F5D6
:10332000800F0BD17E4B1B6803F40033002B5BD066
:103330007B685B68002B57D1012342E27B685B68A6
:10334000B3F5803F06D1764B1B68754A43F4803352
:1033500013601DE07B685B68B3F5A02F0CD1704B48
:103360001B686F4A43F4802313606D4B1B686C4AE3
:1033700043F4803313600BE0694B1B68684A23F405
:1033800080331360664B1B68654A23F48023136007
:103390007B685B68002B13D001F056F9386108E0B8
:1033A00001F052F902463B69D31A642B01D9032379
:1033B00007E25B4B1B6803F40033002BF0D014E0F2
:1033C00001F042F9386108E001F03EF902463B693C
:1033D000D31A642B01D90323F3E1514B1B6803F487
:1033E0000033002BF0D100E000BF7B681B6803F0C6
:1033F0000203002B63D04A4B9B6803F00C03002BA5
:103400000BD0474B9B6803F00C03082B1CD1444B9B
:103410005B6803F48003002B16D1414B1B6803F05B
:103420000203002B05D07B68DB68012B01D0012350
:10343000C7E13B4B1B6823F0F8027B681B69DB008C
:10344000374913430B603AE07B68DB68002B20D0E0
:10345000344B01221A6001F0F7F8386108E001F0FE
:10346000F3F802463B69D31A022B01D90323A8E1E2
:103470002B4B1B6803F00203002BF0D0284B1B687A
:1034800023F0F8027B681B69DB00254913430B60BE
:1034900015E0244B00221A6001F0D6F8386108E0EC
:1034A00001F0D2F802463B69D31A022B01D903235B
:1034B00087E11B4B1B6803F00203002BF0D17B68F4
:1034C0001B6803F00803002B36D07B685B69002B78
:1034D00016D0154B01221A6001F0B6F8386108E0E9
:1034E00001F0B2F802463B69D31A022B01D903233B
:1034F00067E10B4B5B6F03F00203002BF0D01BE086
:10350000094B00221A6001F09FF838610EE001F0CB
:103510009BF802463B69D31A022B07D9032350E1DB
:103520000038024000004742800E4742884B5B6FE4
:1035300003F00203002BEAD17B681B6803F004034D
:10354000002B00F097800023FB75814B1B6C03F070
:103550008053002B0FD10023BB607D4B1B6C7C4A3A
:1035600043F0805313647A4B1B6C03F08053BB60B1
:10357000BB680123FB75774B1B6803F48073002B3A
:1035800018D1744B1B68734A43F48073136001F0C5
:103590005BF8386108E001F057F802463B69D31A3E
:1035A000022B01D903230CE16A4B1B6803F48073DF
:1035B000002BF0D07B689B68012B06D1644B1B6FFE
:1035C000634A43F0010313671CE07B689B68052B8B
:1035D0000CD15F4B1B6F5E4A43F0040313675C4BD7
:1035E0001B6F5B4A43F0010313670BE0584B1B6FE3
:1035F000574A23F001031367554B1B6F544A23F0BE
:10360000040313677B689B68002B15D001F01CF83E
:1036100038610AE001F018F802463B69D31A41F21A
:103620008832934201D90323CBE0494B1B6F03F04F
:103630000203002BEED014E001F006F838610AE036
:1036400001F002F802463B69D31A41F288329342F4
:1036500001D90323B5E03E4B1B6F03F00203002B9F
:10366000EED1FB7D012B05D1394B1B6C384A23F081
:10367000805313647B689B69002B00F0A180344B5E
:103680009B6803F00C03082B5CD07B689B69022BC2
:1036900041D1314B00221A6000F0D6FF386108E0BA
:1036A00000F0D2FF02463B69D31A022B01D9032353
:1036B00087E0274B1B6803F00073002BF0D17B6879
:1036C000DA697B681B6A1A437B685B6A9B011A4351
:1036D0007B689B6A5B08013B1B041A437B68DB6ABF
:1036E0001B061B4913434B601B4B01221A6000F061
:1036F000ABFF386108E000F0A7FF02463B69D31A30
:10370000022B01D903235CE0114B1B6803F000730B
:10371000002BF0D054E0104B00221A6000F094FF10
:10372000386108E000F090FF02463B69D31A022B93
:1037300001D9032345E0064B1B6803F00073002BFF
:10374000F0D13DE07B689B69012B07D1012338E074
:103750000038024000700040600047421B4B5B682D
:10376000FB607B689B69012B28D0FB6803F4800217
:103770007B68DB699A4221D1FB6803F03F027B68DA
:103780001B6A9A421AD1FA6847F6C07313407A68E6
:10379000526A9201934211D1FB6803F440327B6874
:1037A0009B6A5B08013B1B049A4207D1FB6803F04C
:1037B00070627B68DB6A1B069A4201D0012300E03D
:1037C000002318461837BD4680BD00BF00380240B0
:1037D00080B584B000AF786039607B68002B01D180
:1037E0000123CCE0684B1B6803F007033A689A4258
:1037F0000CD9654B3A68D2B21A70634B1B6803F060
:1038000007033A689A4201D00123B8E07B681B683D
:1038100003F00203002B20D07B681B6803F0040335
:10382000002B05D0594B9B68584A43F4E0539360F2
:103830007B681B6803F00803002B05D0534B9B6883
:10384000524A43F460439360504B9B6823F0F0026C
:103850007B689B684D4913438B607B681B6803F052
:103860000103002B44D07B685B68012B07D1474BD9
:103870001B6803F40033002B19D101237FE07B6820
:103880005B68022B03D07B685B68032B07D13F4B3F
:103890001B6803F00073002B09D101236FE03B4B41
:1038A0001B6803F00203002B01D1012367E0374BB3
:1038B0009B6823F003027B685B68344913438B6089
:1038C00000F0C2FEF8600AE000F0BEFE0246FB68AF
:1038D000D31A41F28832934201D903234FE02B4B94
:1038E0009B6803F00C027B685B689B009A42EBD1FB
:1038F000254B1B6803F007033A689A420CD2224B0F
:103900003A68D2B21A70204B1B6803F007033A687A
:103910009A4201D0012332E07B681B6803F0040364
:10392000002B08D0194B9B6823F4E0527B68DB68BE
:10393000164913438B607B681B6803F00803002B58
:1039400009D0124B9B6823F460427B681B69DB0043
:103950000E4913438B6000F021F802460B4B9B6825
:103960001B0903F00F030A49CB5C22FA03F3094A4F
:103970001360094B1B6818460CF0AEFC0023184678
:103980001037BD4680BD00BF003C024000380240F9
:10399000C46402085C000020600000202DE9B04FE4
:1039A00094B000AF00237B640023FB6400233B64DE
:1039B0000023BB64794B9B6803F00C03082B0DD0EC
:1039C000082B00F2E180002B02D0042B03D0DBE0B7
:1039D000734BBB64DBE0734BBB64D8E06F4B5B683D
:1039E00003F03F037B646D4B5B6803F48003002BA3
:1039F00063D06A4B5B689B090022BB63FA63BB6BB5
:103A0000C3F308033B6300237B63D7E90C452246DD
:103A10002B464FF000004FF00001590141EAD261FE
:103A2000500102460B462146511A3961294663EB83
:103A300001037B614FF000024FF00003D7E904ABB4
:103A400059468B01514643EA916351468A015146DA
:103A5000B2EB0108594663EB01094FF000024FF049
:103A600000034FEAC90343EA58734FEAC80290467D
:103A70009946234618EB0303BB602B4649EB03032F
:103A8000FB604FF000024FF00003D7E902452946E2
:103A90004B02214643EAD15321464A0210461946B9
:103AA0007B6C0022BB62FA62D7E90A23FCF756FF5F
:103AB00002460B461346FB6458E0384B5B689B0993
:103AC000002218461146C0F308033B6200237B62C4
:103AD000D7E9088942464B464FF000004FF00001FD
:103AE000590141EAD261500102460B464146B2EB10
:103AF000010A494663EB010B4FF000024FF000034F
:103B00004FEA8B1343EA9A634FEA8A12B2EB0A0434
:103B100063EB0B054FF000024FF00003EB0043EAAC
:103B20005473E20014461D464346E3183B604B467F
:103B300045EB03037B604FF000024FF00003D7E931
:103B4000004529468B02214643EA915321468A02C9
:103B5000104619467B6C0022BB61FA61D7E9062347
:103B6000FCF7FCFE02460B461346FB640B4B5B68FE
:103B70001B0C03F0030301335B003B64FA6C3B6CEA
:103B8000B2FBF3F3BB6402E0054BBB6400BFBB6C4C
:103B900018465037BD46BDE8B08F00BF0038024020
:103BA0000024F40000127A0080B400AF034B1B68BD
:103BB0001846BD465DF8047B704700BF5C000020DE
:103BC00080B500AFFFF7F0FF0246054B9B689B0AEC
:103BD00003F007030349CB5C22FA03F3184680BDC8
:103BE00000380240D464020880B500AFFFF7DCFF64
:103BF0000246054B9B685B0B03F007030349CB5C54
:103C000022FA03F3184680BD00380240D46402084B
:103C100080B483B000AF786039607B680F221A608F
:103C2000124B9B6803F003027B685A600F4B9B6842
:103C300003F0F0027B689A600C4B9B6803F4E0523F
:103C40007B68DA60094B9B68DB0803F4E0527B6811
:103C50001A61074B1B6803F007023B681A6000BF3C
:103C60000C37BD465DF8047B704700BF003802404A
:103C7000003C024080B489B000AF78603960002316
:103C80007B6100233B610023BB610023FB616BE18F
:103C90000122FB6902FA03F37B613B681B687A69C6
:103CA00013403B613A697B699A4240F05A813B6814
:103CB0005B6803F00303012B05D03B685B6803F0EE
:103CC0000303022B30D17B689B68BB61FB695B00FF
:103CD000032202FA03F3DB43BA691340BB613B687A
:103CE000DA68FB695B0002FA03F3BA691343BB614C
:103CF0007B68BA699A607B685B68BB610122FB697B
:103D000002FA03F3DB43BA691340BB613B685B68AB
:103D10001B0903F00102FB6902FA03F3BA691343BA
:103D2000BB617B68BA695A603B685B6803F0030358
:103D3000032B17D07B68DB68BB61FB695B00032248
:103D400002FA03F3DB43BA691340BB613B689A682C
:103D5000FB695B0002FA03F3BA691343BB617B683A
:103D6000BA69DA603B685B6803F00303022B23D176
:103D7000FB69DA087B68083253F82230BB61FB69C3
:103D800003F007039B000F2202FA03F3DB43BA6937
:103D90001340BB613B681A69FB6903F007039B0092
:103DA00002FA03F3BA691343BB61FB69DA087B6863
:103DB0000832B96943F822107B681B68BB61FB6954
:103DC0005B00032202FA03F3DB43BA691340BB61D1
:103DD0003B685B6803F00302FB695B0002FA03F3D4
:103DE000BA691343BB617B68BA691A603B685B6858
:103DF00003F44033002B00F0B4800023FB60604BE1
:103E00005B6C5F4A43F4804353645D4B5B6C03F42B
:103E10008043FB60FB685B4AFB699B08023352F8F6
:103E20002330BB61FB6903F003039B000F2202FAFE
:103E300003F3DB43BA691340BB617B68524A934288
:103E40002BD07B68514A934225D07B68504A9342DD
:103E50001FD07B684F4A934219D07B684E4A9342E9
:103E600013D07B684D4A93420DD07B684C4A9342F5
:103E700007D07B684B4A934201D107230EE0082309
:103E80000CE006230AE0052308E0042306E00323F0
:103E900004E0022302E0012300E00023FA6902F0BB
:103EA000030292009340BA691343BB613549FB6931
:103EB0009B080233BA6941F823203B4B9B68BB61E6
:103EC0003B69DB43BA691340BB613B685B6803F441
:103ED0008013002B03D0BA693B691343BB61324A9C
:103EE000BB699360304BDB68BB613B69DB43BA69FC
:103EF0001340BB613B685B6803F40013002B03D0E5
:103F0000BA693B691343BB61274ABB69D360264B3F
:103F10005B68BB613B69DB43BA691340BB613B68CB
:103F20005B6803F40033002B03D0BA693B69134389
:103F3000BB611D4ABB6953601B4B1B68BB613B697E
:103F4000DB43BA691340BB613B685B6803F48033B1
:103F5000002B03D0BA693B691343BB61124ABB69AA
:103F60001360FB690133FB61FB690F2B7FF690AE99
:103F700000BF00BF2437BD465DF8047B704700BF1B
:103F800000380240003801400000024000040240B6
:103F900000080240000C02400010024000140240E1
:103FA00000180240001C0240003C014080B487B071
:103FB00000AF7860396000233B610023FB60002381
:103FC000BB6000237B61CDE001227B6902FA03F331
:103FD0003B613A683B691340FB60FA683B699A426F
:103FE00040F0BD80654A7B699B08023352F823305C
:103FF000BB607B6903F003039B000F2202FA03F30B
:10400000BA681340BB607B685D4A93422BD07B68E3
:104010005C4A934225D07B685B4A93421FD07B6801
:104020005A4A934219D07B68594A934213D07B680D
:10403000584A93420DD07B68574A934207D07B6819
:10404000564A934201D107230EE008230CE00623D1
:104050000AE0052308E0042306E0032304E002232A
:1040600002E0012300E000237A6902F003029200DB
:104070009340BA689A4232D1494B1A68FB68DB43D5
:10408000474913400B60464B5A68FB68DB43444981
:1040900013404B60424BDA68FB68DB4340491340F6
:1040A000CB603F4B9A68FB68DB433D4913408B6014
:1040B0007B6903F003039B000F2202FA03F3BB604A
:1040C0002E4A7B699B08023352F82310BB68DA43FF
:1040D0002A487B699B080A40023340F823207B680A
:1040E0001A687B695B00032101FA03F3DB431A4082
:1040F0007B681A607B69DA087B68083253F8221003
:104100007B6903F007039B000F2202FA03F3DB43F2
:104110007A69D20819407B68083243F822107B681C
:10412000DA687B695B00032101FA03F3DB431A4081
:104130007B68DA607B685A6801217B6901FA03F3C6
:10414000DB431A407B685A607B689A687B695B0036
:10415000032101FA03F3DB431A407B689A607B6911
:1041600001337B617B690F2B7FF62EAF00BF00BF51
:104170001C37BD465DF8047B704700BF0038014026
:10418000000002400004024000080240000C02400F
:10419000001002400014024000180240001C0240BF
:1041A000003C014080B485B000AF78600B467B8056
:1041B0007B681A697B881340002B02D00123FB73B4
:1041C00001E00023FB73FB7B18461437BD465DF806
:1041D000047B704780B483B000AF78600B467B806F
:1041E00013467B707B78002B03D07A887B689A61BA
:1041F00003E07B881A047B689A6100BF0C37BD46D8
:104200005DF8047B704780B485B000AF78600B46E2
:104210007B807B685B69FB607A88FB6813401A04CB
:10422000FB68D9437B880B401A437B689A6100BFC7
:104230001437BD465DF8047B704780B584B000AF8D
:1042400078607B689B6DFB6000F0FEF9B8607B686E
:1042500093F83530DBB2022B08D07B6880225A6598
:104260007B68002283F83420012352E07B681B68BE
:104270001A687B681B6822F016021A607B681B684C
:104280005A697B681B6822F080025A617B681B6C4C
:10429000002B03D17B689B6C002B07D07B681B68CD
:1042A0001A687B681B6822F008021A607B681B682A
:1042B0001A687B681B6822F001021A6013E000F0A4
:1042C000C3F90246BB68D31A052B0CD97B682022A0
:1042D0005A657B68032283F835207B68002283F8C7
:1042E0003420032315E07B681B681B6803F001037F
:1042F000002BE4D17B68DB6D3F229A40FB689A601B
:104300007B68012283F835207B68002283F8342003
:10431000002318461037BD4680BD80B483B000AF7F
:1043200078607B6893F83530DBB2022B04D07B6871
:1043300080225A6501230CE07B68052283F8352032
:104340007B681B681A687B681B6822F001021A6090
:10435000002318460C37BD465DF8047B704780B4D7
:1043600083B000AF78607B6893F83530DBB21846D5
:104370000C37BD465DF8047B7047000080B485B003
:1043800000AF78607B6803F00703FB600C4BDB68D1
:10439000BB60BA684FF6FF031340BB60FB681A02AC
:1043A000BB68134343F0BF6343F40033BB60044A6C
:1043B000BB68D36000BF1437BD465DF8047B70470F
:1043C00000ED00E080B400AF044BDB681B0A03F093
:1043D00007031846BD465DF8047B704700ED00E01A
:1043E00080B483B000AF0346FB7197F90730002B10
:1043F0000BDBFB7903F01F02074997F907305B09D4
:10440000012000FA02F241F8232000BF0C37BD461C
:104410005DF8047B704700BF00E100E080B483B02A
:1044200000AF0346FB7197F90730002B12DBFB79D5
:1044300003F01F020A4997F907305B09012000FACF
:1044400002F2203341F82320BFF34F8F00BFBFF3A8
:104450006F8F00BF00BF0C37BD465DF8047B70470F
:1044600000E100E080B483B000AF03463960FB7127
:1044700097F90730002B0ADB3B68DAB20C4997F951
:1044800007301201D2B20B4483F800230AE03B68E4
:10449000DAB20849FB7903F00F03043B1201D2B2F0
:1044A0000B441A7600BF0C37BD465DF8047B70479D
:1044B00000E100E000ED00E080B489B000AFF860FA
:1044C000B9607A60FB6803F00703FB61FB69C3F125
:1044D0000703042B28BF0423BB61FB690433062BAD
:1044E00002D9FB69033B00E000237B614FF0FF3200
:1044F000BB6902FA03F3DA43BB681A407B699A404E
:104500004FF0FF317B6901FA03F3D9437B680B401D
:10451000134318462437BD465DF8047B70470000FE
:1045200080B400AFBFF34F8F00BF064BDB6803F4CE
:10453000E0620449044B1343CB60BFF34F8F00BFCD
:1045400000BFFDE700ED00E00400FA0580B582B091
:1045500000AF78607868FFF711FF00BF0837BD46ED
:1045600080BD80B586B000AF0346B9607A60FB734A
:1045700000237B61FFF726FF78617A68B968786964
:10458000FFF79AFF024697F90F3011461846FFF7DA
:1045900069FF00BF1837BD4680BD80B582B000AF4F
:1045A0000346FB7197F907301846FFF719FF00BF64
:1045B0000837BD4680BD80B582B000AF0346FB71B1
:1045C00097F907301846FFF729FF00BF0837BD46A7
:1045D00080BD80B500AFFFF7A3FF000080B500AF3E
:1045E0000E4B1B680D4A43F4007313600B4B1B68A2
:1045F0000A4A43F480631360084B1B68074A43F47C
:10460000807313600320FFF7A1FF00200BF064FE0E
:104610000BF036FE0023184680BD00BF003C024070
:1046200080B400AF064B1B781A46064B1B68134438
:10463000044A136000BFBD465DF8047B704700BFAD
:1046400064000020F001002080B400AF034B1B6821
:104650001846BD465DF8047B704700BFF00100209E
:1046600080B584B000AF7860FFF7EEFFB8607B687C
:10467000FB60FB68B3F1FF3F05D00A4B1B781A467D
:10468000FB681344FB6000BFFFF7DEFF0246BB6818
:10469000D31AFA689A42F7D800BF00BF1037BD4658
:1046A00080BD00BF6400002080B582B000AF78609C
:1046B0007B68002B01D101230EE07B685B79DBB2C4
:1046C000002B05D17B6800221A71786809F0C8FDBB
:1046D0007B6801225A71002318460837BD4680BD09
:1046E00080B584B000AF78607B68002B01D10123D6
:1046F0002BE17B6893F83D30DBB2002B06D17B6861
:10470000002283F83C20786809F0FAFD7B682422B7
:1047100083F83D207B681B681A687B681B6822F061
:1047200001021A607B681B681A687B681B6842F488
:1047300000421A607B681B681A687B681B6822F459
:1047400000421A60FFF73CFAF8607B685B68814AB8
:10475000934207D8FB68804A934294BF0123002309
:10476000DBB206E0FB687D4A934294BF012300233D
:10477000DBB2002B01D00123E7E0FB68784AA2FB03
:1047800003239B0CBB607B681B685B6823F03F01C5
:104790007B681B68BA680A435A607B681B681B6A9F
:1047A00023F03F017B685B686A4A934202D8BB688A
:1047B000013309E0BB684FF4967202FB03F3694AC8
:1047C000A2FB03239B0901337A6812680B4313622F
:1047D0007B681B68DB6923F44F4222F0FF027B6891
:1047E0005B685C498B4219D8FB68591E7B685B6823
:1047F0005B00B1FBF3F3591C40F6FC730B40002B3C
:104800000AD0FB68591E7B685B685B00B1FBF3F361
:104810000133C3F30B0351E004234FE07B689B6833
:10482000002B11D1FB68581E7B6859680B465B0052
:104830000B44B0FBF3F30133C3F30B03002B0CBFAA
:1048400001230023DBB212E0FB68581E7B68596825
:104850000B469B000B4499000B44B0FBF3F3013370
:10486000C3F30B03002B0CBF01230023DBB2002B8F
:1048700001D0012322E07B689B68002B0ED1FB68EE
:10488000581E7B6859680B465B000B44B0FBF3F382
:104890000133C3F30B0343F400430FE0FB68581EDE
:1048A0007B6859680B469B000B4499000B44B0FB96
:1048B000F3F30133C3F30B0343F44043796809680E
:1048C0001343CB617B681B681B6823F0C0017B68C6
:1048D000DA697B681B6A1A437B681B680A431A60A3
:1048E0007B681B689B6823F4034323F0FF037A680B
:1048F00011697A68D26811437A6812680B43936031
:104900007B681B68DB6823F0FF017B685A697B6862
:104910009B691A437B681B680A43DA607B681B68E3
:104920001A687B681B6842F001021A607B680022EB
:104930001A647B68202283F83D207B6800221A637A
:104940007B68002283F83E20002318461037BD46BE
:1049500080BD00BFA08601007F841E00FF083D00CF
:1049600083DE1B43D34D621080B483B000AF786008
:104970007B681B685B6903F08003802B03D17B6835
:104980001B6800221A6100BF0C37BD465DF8047B2E
:10499000704780B588B000AF78600023BB617B684A
:1049A0001B685B687B617B68DB6A3B617B6893F8B3
:1049B0003E30FB737B6893F83D30BB73FB7B102B61
:1049C00003D0FB7B402B40F0C1807B681B689B6958
:1049D000BB617B681B685B69FB61FB6903F00103DA
:1049E000002B0DD13B69B3F52A0F03D03B69B3F11E
:1049F0002A4F01D1012300E00023012B00F0328176
:104A0000FB6903F00103002B0CD07B695B0A03F008
:104A10000103002B06D0786801F098FC786800F05C
:104A20009BFD92E0FB69DB0803F00103002B09D03A
:104A30007B695B0A03F00103002B03D0786800F068
:104A400011FE82E0FB695B0803F00103002B09D033
:104A50007B695B0A03F00103002B03D0786800F048
:104A60002BFE72E0BB699B0803F00103002B3BD0D7
:104A70007B681B685B6803F40063B3F5006F00F0AC
:104A8000F380FB69DB0903F00103002B0FD07B6986
:104A90009B0A03F00103002B09D0FB699B0803F07C
:104AA0000103002B03D1786800F0F3F94DE0FB69B6
:104AB0009B0803F00103002B00F0D6807B695B0AA2
:104AC00003F00103002B00F0CF80BB7B212B03D12F
:104AD000786800F07AFAC7E0FB7B402B40F0C48096
:104AE000786800F0E8FABFE07B681B685B6803F455
:104AF0000063B3F5006F00F0B780FB699B0903F01A
:104B00000103002B0FD07B699B0A03F00103002BEC
:104B100009D0FB699B0803F00103002B03D17868DF
:104B200000F061FB11E0FB699B0803F00103002B1F
:104B300000F09A807B695B0A03F00103002B00F010
:104B40009380786800F017FC8EE08DE07B681B6C2A
:104B5000002B04D07B681B685B69FB6107E07B6806
:104B60001B689B69BB617B681B685B69FB61FB69B8
:104B70005B0803F00103002B12D07B695B0A03F092
:104B80000103002B0CD07B681B6C002B03D07B68CF
:104B90001B689B69BB61B969786800F0DCFF66E05F
:104BA000FB691B0903F00103002B09D07B695B0A39
:104BB00003F00103002B03D0786801F017F856E0EA
:104BC000BB7B212B02D0BB7B292B25D1FB69DB09C9
:104BD00003F00103002B0FD07B699B0A03F0010354
:104BE000002B09D0FB699B0803F00103002B03D1C4
:104BF000786800F0F2FE39E0FB699B0803F00103DE
:104C0000002B33D07B695B0A03F00103002B2DD00E
:104C1000786800F01FFF29E0FB699B0903F001039E
:104C2000002B0FD07B699B0A03F00103002B09D0F6
:104C3000FB699B0803F00103002B03D1786800F0A7
:104C40002AFF14E0FB699B0803F00103002B0ED040
:104C50007B695B0A03F00103002B08D0786800F041
:104C600058FF04E000BF02E000BF00E000BF2037B3
:104C7000BD4680BD80B58AB000AF78607B681B6898
:104C80005B693B627B681B685B68FB6100237B623E
:104C90007B6893F83E30FB763B6A1B0A03F0010306
:104CA000002B0ED0FB691B0A03F00103002B08D078
:104CB0007B6A43F001037B627B681B686FF4807240
:104CC0005A613B6A5B0A03F00103002B0ED0FB69BB
:104CD0001B0A03F00103002B08D07B6A43F0020398
:104CE0007B627B681B686FF400725A613B6A9B0AA7
:104CF00003F00103002B3FD0FB691B0A03F0010303
:104D0000002B39D0FB7EBB767B685B8D9BB27B61D1
:104D10007B6893F83D30FB747B681B6BFB60BB7E4C
:104D2000202B12D17B69002B0FD1FB7C212B08D0CB
:104D3000FB7C292B05D0FB7C282B06D1FB68212B83
:104D400003D1786801F082F816E07B681B686FF485
:104D500080625A617B6A43F004037B62FB7E102B06
:104D600002D0FB7E402B07D17B681B681A687B68EA
:104D70001B6842F400721A603B6ADB0A03F001030D
:104D8000002B0ED0FB691B0A03F00103002B08D097
:104D90007B6A43F008037B627B681B686FF40062E8
:104DA0005A617B6A002B08D07B681A6C7B6A1A43B5
:104DB0007B681A64786801F0BDF800BF2837BD46EB
:104DC00080BD80B483B000AF786000BF0C37BD46B3
:104DD0005DF8047B704780B483B000AF786000BF9B
:104DE0000C37BD465DF8047B704780B483B000AFDC
:104DF000786000BF0C37BD465DF8047B704780B417
:104E000083B000AF786000BF0C37BD465DF8047B0F
:104E1000704780B483B000AF78600B46FB701346D8
:104E20003B8000BF0C37BD465DF8047B704780B403
:104E300083B000AF786000BF0C37BD465DF8047BDF
:104E4000704780B483B000AF786000BF0C37BD46B8
:104E50005DF8047B704780B483B000AF786000BF1A
:104E60000C37BD465DF8047B704780B483B000AF5B
:104E7000786000BF0C37BD465DF8047B704780B496
:104E800083B000AF786000BF0C37BD465DF8047B8F
:104E9000704780B584B000AF78607B6893F83D3090
:104EA000FB737B6893F83E30BB737B68DB6ABB6047
:104EB0007B681B8D002B50D1FB7B212B4DD1BB6818
:104EC000082B1DD0BB68202B1AD0BB6813F5803F80
:104ED00016D07B681B685A687B681B6822F4E06206
:104EE0005A607B6811221A637B68002283F83E2097
:104EF0007B68202283F83D207868FFF762FF60E03E
:104F00007B681B685A687B681B6822F4E0625A6001
:104F10007B681B681A687B681B6842F400721A6021
:104F20007B6800221A637B68202283F83D207B681F
:104F300093F83E30DBB2402B07D17B68002283F828
:104F40003E207868FFF77DFF3BE07B68002283F816
:104F50003E207868FFF735FF33E0FB7B212B05D03F
:104F6000BB7B402B2DD1FB7B222B2AD17B685B8D19
:104F70009BB2002B08D17B681B685A687B681B6852
:104F800022F480625A601CE07B6893F83E30DBB20A
:104F9000402B03D1786800F08EF812E07B685B6AE2
:104FA0001A787B681B681A617B685B6A5A1C7B688D
:104FB0005A627B685B8D9BB2013B9AB27B685A85D3
:104FC000FFE700BF1037BD4680BD80B584B000AF9D
:104FD00078607B68DB6AFB607B6893F83D30DBB20E
:104FE000212B64D17B685B8D9BB2002B12D07B6838
:104FF0005B6A1A787B681B681A617B685B6A5A1C5B
:105000007B685A627B685B8D9BB2013B9AB27B687E
:105010005A854CE0FB68082B1DD0FB68202B1AD06A
:10502000FB6813F5803F16D07B681B685A687B6865
:105030001B6822F4E0625A607B6811221A637B6865
:10504000002283F83E207B68202283F83D20786888
:10505000FFF7B7FE2BE07B681B685A687B681B680C
:1050600022F4E0625A607B681B681A687B681B68E0
:1050700042F400721A607B6800221A637B68202267
:1050800083F83D207B6893F83E30DBB2402B07D19C
:105090007B68002283F83E207868FFF7D2FE06E0A6
:1050A0007B68002283F83E207868FFF78AFE00BF05
:1050B0001037BD4680BD80B584B000AF78607B6896
:1050C00093F83D30FB737B681B6D002B1DD17B6813
:1050D000DB6C012B0BD17B689B6CDAB27B681B68A5
:1050E0001A617B681B6D9A1C7B681A6577E07B6888
:1050F0009B6C9BB21B12DAB27B681B681A617B68DF
:105100001B6D5A1C7B681A6569E07B681B6D012B5F
:105110000BD17B689B6CDAB27B681B681A617B6879
:105120001B6D5A1C7B681A6559E07B681B6D022B4E
:1051300052D1FB7B222B0DD17B681B681A687B68E0
:105140001B6842F480721A607B681B6D5A1C7B6876
:105150001A6544E07B685B8D9BB2002B15D0FB7B0E
:10516000212B12D17B685B6A1A787B681B681A61F5
:105170007B685B6A5A1C7B685A627B685B8D9BB25A
:10518000013B9AB27B685A8529E07B685B8D9BB2B4
:10519000002B24D1FB7B212B21D17B681B685A6813
:1051A0007B681B6822F4E0625A607B681B681A689F
:1051B0007B681B6842F400721A607B6800221A63E5
:1051C0007B68202283F83D207B68002283F83E2004
:1051D0007868FFF736FE02E07868FFF7C5FB00BF8E
:1051E0001037BD4680BD80B584B000AF78607B6865
:1051F00093F83D30DBB2222B40F0B9807B68DB6A4C
:10520000FB607B685B8D9BB2BB60BB68032B21D9C5
:105210007B681B681A697B685B6AD2B21A707B680C
:105220005B6A5A1C7B685A627B685B8D9BB2013B50
:105230009AB27B685A857B685B8D9BB2032B40F0EA
:1052400096807B681B685A687B681B6822F48062C2
:105250005A608CE07B68DB6A022B7FD0BB68012B35
:1052600002D0BB68002B79D1786801F03DF8034685
:10527000002B4CD17B681B681A687B681B6822F482
:1052800080621A607B681B685A687B681B6822F41E
:10529000E0625A607B681B681A697B685B6AD2B2FD
:1052A0001A707B685B6A5A1C7B685A627B685B8DEC
:1052B0009BB2013B9AB27B685A857B68202283F8B7
:1052C0003D207B6893F83E30DBB2402B0AD17B68EF
:1052D000002283F83E207B6800221A637868FFF77B
:1052E000BAFD44E07B68002283F83E20FB68082B6F
:1052F00002D0FB68202B03D17B6800221A6302E0F6
:105300007B6812221A637868FFF765FD2FE07B68DF
:105310001B685A687B681B6822F4E0625A607B68ED
:105320001B681A697B685B6AD2B21A707B685B6A19
:105330005A1C7B685A627B685B8D9BB2013B9AB2B8
:105340007B685A857B68202283F83D207B68002299
:1053500083F83E207868FFF788FD08E07B681B68CB
:105360005A687B681B6822F480625A60FFE700BFBE
:105370001037BD4680BD80B584B000AF78607B68D3
:10538000DB6AFB607B685B8D9BB2042B1BD17B6867
:105390001B685A687B681B6822F480625A607B68CD
:1053A0001B681A697B685B6AD2B21A707B685B6A99
:1053B0005A1C7B685A627B685B8D9BB2013B9AB238
:1053C0007B685A85C4E07B685B8D9BB2032B29D137
:1053D0007B681B685A687B681B6822F480625A608D
:1053E000FB68042B0AD0FB68022B07D07B681B6884
:1053F0001A687B681B6822F480621A607B681B68ED
:105400001A697B685B6AD2B21A707B685B6A5A1C45
:105410007B685A627B685B8D9BB2013B9AB27B686A
:105420005A8595E07B685B8D9BB2022B7DD1FB6832
:10543000012B02D0FB68102B08D17B681B681A680F
:105440007B681B6822F480621A6016E0FB68042BFC
:1054500002D0FB68022B08D17B681B681A687B6846
:105460001B6842F480621A6007E07B681B681A6858
:105470007B681B6842F400721A607B681B681A69BB
:105480007B685B6AD2B21A707B685B6A5A1C7B6865
:105490005A627B685B8D9BB2013B9AB27B685A85EE
:1054A0007B681B681A697B685B6AD2B21A707B687A
:1054B0005B6A5A1C7B685A627B685B8D9BB2013BBE
:1054C0009AB27B685A857B681B685A687B681B6840
:1054D00022F440725A607B68202283F83D207B686A
:1054E00093F83E30DBB2402B0AD17B68002283F870
:1054F0003E207B6800221A637868FFF7ACFC27E047
:105500007B68002283F83E20FB68082B02D0FB68F2
:10551000202B03D17B6800221A6302E07B681222F1
:105520001A637868FFF757FC12E07B681B681A69FA
:105530007B685B6AD2B21A707B685B6A5A1C7B68B4
:105540005A627B685B8D9BB2013B9AB27B685A853D
:1055500000BF1037BD4680BD80B483B000AF786017
:105560007B6893F83E30DBB2402B17D17B681B6D14
:10557000002B09D17B685B6CDBB21A467B681B6829
:1055800002F0FE021A6167E07B685B6CDBB243F0FD
:105590000103DAB27B681B681A615DE07B681B69F6
:1055A000B3F5804F33D17B6893F83D30DBB2212BCC
:1055B00009D17B685B6CDBB21A467B681B6802F022
:1055C000FE021A6108E07B685B6CDBB243F001030A
:1055D000DAB27B681B681A617B685B6B002B04D0B6
:1055E0007B685B6BDB6B002B08D17B689B6B002BB4
:1055F00032D07B689B6BDB6B002B2DD07B681B68EC
:105600005A687B681B6842F400625A6024E07B6839
:105610001B6D002B0ED17B685B6C9BB2DB11DBB288
:1056200003F00603DBB263F00F03DAB27B681B689A
:105630001A6111E07B681B6D012B0DD17B685B6CDF
:105640009BB2DB11DBB203F00603DBB263F00E03A7
:10565000DAB27B681B681A6100BF0C37BD465DF883
:10566000047B704780B483B000AF78607B685B6C6C
:10567000DAB27B681B681A617B685B6B002B04D015
:105680007B685B6BDB6B002B08D17B689B6B002B13
:105690000CD07B689B6BDB6B002B07D07B681B6897
:1056A0005A687B681B6842F400625A6000BF0C377E
:1056B000BD465DF8047B704780B491B000AF786060
:1056C0007B6893F83E3087F83F307B68DB6ABB63CA
:1056D0007B681B6B7B637B6893F83D30DBB2222BCE
:1056E00040F069817B681B6D002B0FD197F83F302C
:1056F000402B0BD100233B637B681B685B693B63DA
:105700007B681B689B693B633B6B60E17B681B6D3F
:10571000002B1DD17B681B69B3F5404F18D10023C6
:10572000FB627B681B685B69FB627B681B689B692B
:10573000FB62FB6A7B681B681A687B681B6842F423
:1057400080721A607B681B6D5A1C7B681A653EE18B
:105750007B685B8D9BB2002B13D10023BB627B68FF
:105760001B685B69BB627B681B689B69BB62BB6A29
:105770007B681B681A687B681B6842F400721A60B9
:1057800015E17B685B8D9BB2012B40F08A80BB6B7F
:1057900013F5803F37D17B681B681A687B681B68EC
:1057A00022F480621A607B681B685B6803F4006304
:1057B000B3F5006F13D17B681B681A687B681B68A0
:1057C00022F480621A6000237B627B681B685B693D
:1057D0007B627B681B689B697B627B6AE7E00023D6
:1057E0003B627B681B685B693B627B681B689B69EB
:1057F0003B623B6A7B681B681A687B681B6842F4E3
:1058000000721A60D3E0BB6B082B2ED0BB6B202B31
:105810002BD07B6B122B02D1BB6B012B25D1BB6B29
:10582000042B0ED0BB6B022B0BD0BB6B102B08D004
:105830007B681B681A687B681B6822F480621A60A8
:1058400007E07B681B681A687B681B6842F480620B
:105850001A600023FB617B681B685B69FB617B68E6
:105860001B689B69FB61FB69A1E07B681B681A6888
:105870007B681B6822F480621A600023BB617B682E
:105880001B685B69BB617B681B689B69BB61BB690B
:105890007B681B681A687B681B6842F400721A6098
:1058A00085E07B685B8D9BB2022B4DD1BB6B042BDB
:1058B00016D0BB6B022B13D0BB6B102B10D07B68A8
:1058C0001B681A687B681B6822F480621A607B6818
:1058D0001B681A687B681B6842F400621A6007E064
:1058E0007B681B681A687B681B6842F480621A60D8
:1058F0007B681B685B6803F40063B3F5006F17D126
:10590000BB6B13F5803F0BD0BB6B012B08D0BB6B7F
:10591000082B05D0BB6B102B02D0BB6B202B07D103
:105920007B681B685A687B681B6842F480525A6027
:1059300000237B617B681B685B697B617B681B68FC
:105940009B697B617B6932E07B681B681A687B68B6
:105950001B6842F480621A607B681B685B6803F412
:105960000063B3F5006F17D1BB6B13F5803F0BD00D
:10597000BB6B012B08D0BB6B082B05D0BB6B102B6E
:1059800002D0BB6B202B07D17B681B685A687B68F1
:105990001B6842F480525A6000233B617B681B689D
:1059A0005B693B617B681B689B693B613B697B680A
:1059B00000221A650BE00023FB607B681B685B69B3
:1059C000FB607B681B689B69FB60FB68FFE700BFAF
:1059D0004437BD465DF8047B704780B584B000AFA6
:1059E00078607B6893F83D30FB737B685B8D9BB27E
:1059F000002B2BD07B685B6A1A787B681B681A6166
:105A00007B685B6A5A1C7B685A627B685B8D9BB2C1
:105A1000013B9AB27B685A857B685B8D9BB2002BF9
:105A200014D1FB7B292B11D17B681B685A687B68DA
:105A30001B6822F480625A607B6821221A637B68AB
:105A4000282283F83D207868FFF7CFF900BF103790
:105A5000BD4680BD80B483B000AF78607B685B8D4D
:105A60009BB2002B11D07B685B6A1A787B681B683D
:105A70001A617B685B6A5A1C7B685A627B685B8D23
:105A80009BB2013B9AB27B685A8500BF0C37BD467A
:105A90005DF8047B704780B584B000AF78607B68A8
:105AA00093F83D30FB737B685B8D9BB2002B2CD051
:105AB0007B681B681A697B685B6AD2B21A707B6864
:105AC0005B6A5A1C7B685A627B685B8D9BB2013BA8
:105AD0009AB27B685A857B685B8D9BB2002B14D190
:105AE000FB7B2A2B11D17B681B685A687B681B687B
:105AF00022F480625A607B6822221A637B68282223
:105B000083F83D207868FFF77AF900BF1037BD466B
:105B100080BD80B483B000AF78607B685B8D9BB242
:105B2000002B12D07B681B681A697B685B6AD2B253
:105B30001A707B685B6A5A1C7B685A627B685B8D53
:105B40009BB2013B9AB27B685A8500BF0C37BD46B9
:105B50005DF8047B704780B584B000AF7860396031
:105B60000023FB737B6893F83D30DBB203F028031E
:105B7000282B27D17B681B685A687B681B6822F436
:105B800080625A603B689B0803F00103002B01D13F
:105B90000123FB733B68DB0903F00103002B03D1F6
:105BA0007B68DB68BB8102E07B689B69BB817B68AB
:105BB000002283F83C20BA89FB7B19467868FFF7FE
:105BC00028F90EE00023BB607B681B685B69BB6043
:105BD0007B681B689B69BB60BB687B68002283F89D
:105BE0003C2000BF1037BD4680BD000080B584B0AA
:105BF00000AF78607B6893F83D30FB737B681B686F
:105C00005A687B681B6822F4E0625A600023BB601C
:105C10007B681B685B69BB607B681B681A687B6874
:105C20001B6842F001021A60BB687B681B681A6837
:105C30007B681B6822F480621A607B681B685B6863
:105C400003F40063B3F5006F72D1FB7B222B02D00B
:105C5000FB7B2A2B35D17B689B6B1B685B689AB2F8
:105C60007B685A857B685B8D9BB2002B05D07B6877
:105C70001B6C43F004027B681A647B681B685A68DB
:105C80007B681B6822F400625A607B689B6B184635
:105C9000FEF765FB0346012B49D07B689B6B694A85
:105CA0001A657B689B6B1846FEF737FB0346002B93
:105CB0003DD07B689B6B1B6D7A68926B1046984752
:105CC00035E07B685B6B1B685B689AB27B685A85C2
:105CD0007B685B8D9BB2002B05D07B681B6C43F00F
:105CE00004027B681A647B681B685A687B681B68BF
:105CF00022F400625A607B685B6B1846FEF72FFB4C
:105D00000346012B14D07B685B6B4E4A1A657B6897
:105D10005B6B1846FEF701FB0346002B08D07B683F
:105D20005B6B1B6D7A68526B1046984700E000BFB2
:105D30007B685B8D9BB2002B3ED07B681B685B69E8
:105D400003F00403042B12D17B681B681A697B687B
:105D50005B6AD2B21A707B685B6A5A1C7B685A62B3
:105D60007B685B8D9BB2013B9AB27B685A857B68EE
:105D70001B685B6903F04003402B12D17B681B68F2
:105D80001A697B685B6AD2B21A707B685B6A5A1CBC
:105D90007B685A627B685B8D9BB2013B9AB27B68E1
:105DA0005A857B685B8D9BB2002B05D07B681B6C92
:105DB00043F004027B681A647B681B6C002B03D0E1
:105DC000786800F0B7F839E0FB7B2A2B09D17B68B3
:105DD00000221A637B68282283F83D207868FFF749
:105DE0000EF87B6893F83D30DBB2282B11D17B682D
:105DF000154ADA627B6800221A637B68202283F8E6
:105E00003D207B68002283F83E207868FFF70FF87A
:105E100014E07B681B6B222B02D0FB7B222B0DD165
:105E20007B6800221A637B68202283F83D207B6810
:105E3000002283F83E207868FEF7E1FF00BF1037AC
:105E4000BD4680BD996101080000FFFF80B584B0A8
:105E500000AF78607B6893F83D30FB737B68DB6A4A
:105E6000BB60BB68082B02D0BB68202B29D1FB7B11
:105E7000282B26D17B682E4ADA627B681B685A6819
:105E80007B681B6822F4E0625A607B681B686FF4D1
:105E900080625A617B681B681A687B681B6822F401
:105EA00080621A607B6800221A637B68202283F874
:105EB0003D207B68002283F83E207868FEF7B7FF1C
:105EC00031E0FB7B212B29D17B68194ADA627B68A0
:105ED00021221A637B68202283F83D207B68002200
:105EE00083F83E207B681B685A687B681B6822F435
:105EF000E0625A607B681B686FF480625A617B685D
:105F00001B681A687B681B6822F480621A607868D4
:105F1000FEF72AFD7868FEF768FF04E07B681B68DF
:105F20006FF480625A6100BF1037BD4680BD00BF6C
:105F30000000FFFF80B584B000AF78607B6893F805
:105F40003D30FB737B6893F83E30BB73BB7B102BFB
:105F500002D0BB7B402B0AD1FB7B222B07D17B6875
:105F60001B681A687B681B6822F400621A60FB7B5E
:105F700003F02803282B07D17B6800221A637B6873
:105F8000282283F83D2015E07B681B685B6803F4DA
:105F90000063B3F5006F0AD0FB7B602B07D07B68F2
:105FA000202283F83D207B68002283F83E207B6816
:105FB00000221A637B681B685B6803F40063B3F517
:105FC000006F62D17B681B685A687B681B6822F48B
:105FD00000625A607B685B6B93F83530DBB2012B53
:105FE00020D07B685B6B6A4A1A657B685B6B1846DE
:105FF000FEF793F90346002B00F089807B681B684D
:106000001A687B681B6822F001021A607B682022F4
:1060100083F83D207B685B6B1B6D7A68526B104682
:10602000984774E07B689B6B594A1A657B689B6B49
:106030001846FEF772F90346002B68D07B681B6890
:106040005B6903F04003402B0BD17B681B681A6926
:106050007B685B6AD2B21A707B685B6A5A1C7B6889
:106060005A627B681B681A687B681B6822F0010211
:106070001A607B68202283F83D207B689B6B1B6D38
:106080007A68926B1046984741E07B6893F83D3000
:10609000DBB2602B25D17B68202283F83D207B6812
:1060A00000221A647B681B685B6903F04003402B85
:1060B0000BD17B681B681A697B685B6AD2B21A7065
:1060C0007B685B6A5A1C7B685A627B681B681A682B
:1060D0007B681B6822F001021A607868FEF7CFFE29
:1060E00015E07B681B685B6903F04003402B0BD114
:1060F0007B681B681A697B685B6AD2B21A707B681E
:106100005B6A5A1C7B685A627868FEF7AEFE7B6851
:106110001B6CBB60BB6803F00103002B0ED1BB6896
:1061200003F00203002B09D1BB6803F00403002B2A
:1061300004D1BB6803F00803002B07D07B681B6801
:106140005A687B681B6822F4E0625A607B6893F8A7
:106150003D30FB737B681B6C03F00403042B13D1ED
:10616000FB7B282B10D17B680A4ADA627B6800220D
:106170001A637B68202283F83D207B68002283F825
:106180003E207868FEF753FE00BF1037BD4680BD45
:10619000996101080000FFFF80B586B000AF78600C
:1061A0000023FB607B689B6B7B617B6993F83D30D0
:1061B000FB744B4B1B68DB084A4AA2FB03231A0AF9
:1061C00013469B001344DA00D31AFB60FB68002BD4
:1061D00006D17B691B6C43F020027B691A640AE0DC
:1061E000FB68013BFB607B691B681B6803F4007361
:1061F000B3F5007FEAD07B695B6B002B03D07B6932
:106200005B6B0022DA637B699B6B002B03D07B699D
:106210009B6B0022DA637B691B681A687B691B68C9
:1062200022F480621A607B6900225A857B695B6B6D
:10623000002B03D07B695B6B00221A657B699B6B2B
:10624000002B03D07B699B6B00221A657B691B685E
:106250001A687B691B6822F001021A607B6993F857
:106260003D30DBB2602B0ED17B69202283F83D20CC
:106270007B69002283F83E207B6900221A647869DA
:10628000FEF7FDFD27E0FB7C03F02803282B17D148
:106290007B691B681A687B691B6842F001021A60FF
:1062A0007B691B681A687B691B6842F480621A600C
:1062B0007B6900221A637B69282283F83D2007E06E
:1062C0007B69202283F83D207B69002283F83E20F1
:1062D0007869FEF7CAFD00BF1837BD4680BD00BF14
:1062E0005C00002089B5F81480B485B000AF7860F8
:1062F0000023FB60134B1B68DB08134AA2FB03233C
:106300001A0A13469B001344FB60FB68013BFB60C9
:10631000FB68002B07D17B681B6C43F020027B6875
:106320001A64012308E07B681B681B6803F4007390
:10633000B3F5007FE9D0002318461437BD465DF859
:10634000047B70475C00002089B5F81480B483B0EA
:1063500000AF78607B68DB6AB3F52A0F03D17B68F6
:106360000122DA6207E07B68DB6AB3F12A4F02D1CF
:106370007B680822DA6200BF0C37BD465DF8047BFB
:10638000704780B582B000AF78607B68002B01D188
:1063900001237BE07B685B6A002B08D17B685B682C
:1063A000B3F5827F09D07B680022DA6105E07B6863
:1063B00000221A617B6800225A617B6800229A627F
:1063C0007B6893F85130DBB2002B06D17B6800224A
:1063D00083F85020786808F08DF87B68022283F8F3
:1063E00051207B681B681A687B681B6822F040029A
:1063F0001A607B685B6803F482727B689B6803F4B5
:1064000004431A437B68DB6803F400631A437B6828
:106410001B6903F002031A437B685B6903F0010305
:106420001A437B689B6903F400731A437B68DB693A
:1064300003F038031A437B681B6A03F0800342EAC7
:1064400003017B689B6A03F400527B681B680A4364
:106450001A607B689B691B0C03F004017B685B6A14
:1064600003F010027B681B680A435A607B681B6854
:10647000DA697B681B6822F40062DA617B680022BB
:106480005A657B68012283F851200023184608379B
:10649000BD4680BD80B588B000AFF860B9603B6094
:1064A0001346FB80FEF7D0F8F861FB887B83FB681E
:1064B00093F85130DBB2012B01D002232AE1BB68F3
:1064C000002B02D0FB88002B01D1012322E1FB68C5
:1064D00093F85030012B01D102231BE1FB6801220C
:1064E00083F85020FB68032283F85120FB680022C8
:1064F0005A65FB68BA681A63FB68FA889A86FB6873
:10650000FA88DA86FB6800229A63FB6800229A8781
:10651000FB680022DA87FB6800225A64FB680022CD
:106520001A64FB689B68B3F5004F0FD1FB681B68CA
:106530001A68FB681B6822F040021A60FB681B683F
:106540001A68FB681B6842F480421A60FB681B688B
:106550001B6803F04003402B07D0FB681B681A68D8
:10656000FB681B6842F040021A60FB68DB68B3F509
:10657000006F52D1FB685B68002B02D07B8B012B34
:1065800045D1FB681B6B1A88FB681B68DA60FB68E7
:106590001B6B9A1CFB681A63FB68DB8E9BB2013B8A
:1065A0009AB2FB68DA8632E0FB681B689B6803F0EE
:1065B0000203022B12D1FB681B6B1A88FB681B6855
:1065C000DA60FB681B6B9A1CFB681A63FB68DB8E46
:1065D0009BB2013B9AB2FB68DA8618E0FEF734F80A
:1065E0000246FB69D31A3A689A4203D83B68B3F172
:1065F000FF3F02D13B68002B09D1FB68012283F8E1
:106600005120FB68002283F85020032382E0FB68BE
:10661000DB8E9BB2002BC7D153E0FB685B68002B7D
:1066200002D07B8B012B47D1FB681A6BFB681B6880
:106630000C3312781A70FB681B6B5A1CFB681A63C8
:10664000FB68DB8E9BB2013B9AB2FB68DA8633E0D3
:10665000FB681B689B6803F00203022B13D1FB68E5
:106660001A6BFB681B680C3312781A70FB681B6B83
:106670005A1CFB681A63FB68DB8E9BB2013B9AB223
:10668000FB68DA8618E0FDF7DFFF0246FB69D31AE4
:106690003A689A4203D83B68B3F1FF3F02D13B68A6
:1066A000002B09D1FB68012283F85120FB680022EE
:1066B00083F8502003232DE0FB68DB8E9BB2002B78
:1066C000C6D1FA693968F86800F0D8FB0346002B98
:1066D00002D0FB6820225A65FB689B68002B0AD118
:1066E00000237B61FB681B68DB687B61FB681B68C0
:1066F0009B687B617B69FB68012283F85120FB6802
:10670000002283F85020FB685B6D002B01D0012331
:1067100000E0002318462037BD4680BD80B588B014
:1067200002AFF860B9603B601346FB80FB6893F8EA
:106730005130DBB2012B01D0022304E1BB68002BF6
:1067400002D0FB88002B01D10123FCE0FB685B68D1
:10675000B3F5827F12D1FB689B68002B0ED1FB68DA
:10676000042283F85120FA883B6800931346BA68E4
:10677000B968F86800F0EBF80346E4E0FDF764FF61
:106780007861FB6893F85030012B01D10223DAE0E5
:10679000FB68012283F85020FB68042283F8512013
:1067A000FB6800225A65FB68BA689A63FB68FA883E
:1067B0009A87FB68FA88DA87FB6800221A63FB680D
:1067C00000229A86FB680022DA86FB6800221A649F
:1067D000FB6800225A64FB689B68B3F5004F0FD139
:1067E000FB681B681A68FB681B6822F040021A608D
:1067F000FB681B681A68FB681B6822F480421A60F9
:10680000FB681B681B6803F04003402B07D0FB6844
:106810001B681A68FB681B6842F040021A60FB683C
:10682000DB68002B70D135E0FB681B689B6803F0C8
:106830000103012B15D1FB681B6803F10C02FB68F7
:106840009B6B1278D2B21A70FB689B6B5A1CFB6868
:106850009A63FB68DB8F9BB2013B9AB2FB68DA87D5
:1068600018E0FDF7F1FE02467B69D31A3A689A42B6
:1068700003D83B68B3F1FF3F02D13B68002B09D13D
:10688000FB68012283F85120FB68002283F8502026
:10689000032358E0FB68DB8F9BB2002BC4D138E0A8
:1068A000FB681B689B6803F00103012B13D1FB6895
:1068B0001B68DA68FB689B6B92B21A80FB689B6B63
:1068C0009A1CFB689A63FB68DB8F9BB2013B9AB210
:1068D000FB68DA8718E0FDF7B7FE02467B69D31A3A
:1068E0003A689A4203D83B68B3F1FF3F02D13B6854
:1068F000002B09D1FB68012283F85120FB6800229C
:1069000083F8502003231EE0FB68DB8F9BB2002B33
:10691000C6D17A693968F86800F04AFA0346002B54
:1069200002D0FB6820225A65FB68012283F85120BF
:10693000FB68002283F85020FB685B6D002B01D0C0
:10694000012300E0002318461837BD4680BD80B5FE
:106950008AB000AFF860B9607A607B8001237B6207
:10696000FDF772FE3862FB6893F85130FB77FB68E5
:106970005B68BB617B88FB82FB7F012B0CD0BB6912
:10698000B3F5827F06D1FB689B68002B02D1FB7FA9
:10699000042B01D002237FE1BB68002B05D07B686C
:1069A000002B02D07B88002B01D1012374E1FB680E
:1069B00093F85030012B01D102236DE1FB680122D5
:1069C00083F85020FB6893F85130DBB2042B03D0DE
:1069D000FB68052283F85120FB6800225A65FB689A
:1069E0007A689A63FB687A88DA87FB687A889A877C
:1069F000FB68BA681A63FB687A88DA86FB687A886B
:106A00009A86FB6800221A64FB6800225A64FB68BD
:106A10001B681B6803F04003402B07D0FB681B6812
:106A20001A68FB681B6842F040021A60FB68DB686A
:106A3000B3F5006F7ED1FB685B68002B02D0FB8A48
:106A4000012B6CD1FB681B6B1A88FB681B68DA6032
:106A5000FB681B6B9A1CFB681A63FB68DB8E9BB29E
:106A6000013B9AB2FB68DA8659E0FB681B689B68B9
:106A700003F00203022B1BD1FB68DB8E9BB2002BC1
:106A800016D07B6A012B13D1FB681B6B1A88FB683D
:106A90001B68DA60FB681B6B9A1CFB681A63FB6857
:106AA000DB8E9BB2013B9AB2FB68DA8600237B62E5
:106AB000FB681B689B6803F00103012B19D1FB687D
:106AC000DB8F9BB2002B14D0FB681B68DA68FB6875
:106AD0009B6B92B21A80FB689B6B9A1CFB689A6353
:106AE000FB68DB8F9BB2013B9AB2FB68DA8701231C
:106AF0007B62FDF7A9FD02463B6AD31A3A6B9A42C4
:106B00000DD83B6BB3F1FF3F09D0FB68012283F83E
:106B10005120FB68002283F850200323BCE0FB686F
:106B2000DB8E9BB2002BA0D1FB68DB8F9BB2002BCE
:106B30009BD182E0FB685B68002B02D0FB8A012BB3
:106B400071D1FB681A6BFB681B680C3312781A70E2
:106B5000FB681B6B5A1CFB681A63FB68DB8E9BB2DD
:106B6000013B9AB2FB68DA865DE0FB681B689B68B4
:106B700003F00203022B1CD1FB68DB8E9BB2002BBF
:106B800017D07B6A012B14D1FB681A6BFB681B685A
:106B90000C3312781A70FB681B6B5A1CFB681A6363
:106BA000FB68DB8E9BB2013B9AB2FB68DA8600235E
:106BB0007B62FB681B689B6803F00103012B19D102
:106BC000FB68DB8F9BB2002B14D0FB681B68DA6874
:106BD000FB689B6BD2B21A70FB689B6B5A1CFB68FC
:106BE0009A63FB68DB8F9BB2013B9AB2FB68DA8742
:106BF00001237B62FDF728FD02463B6AD31A3A6BFC
:106C00009A4203D83B6BB3F1FF3F02D13B6B002BA1
:106C100009D1FB68012283F85120FB68002283F828
:106C20005020032338E0FB68DB8E9BB2002B9CD105
:106C3000FB68DB8F9BB2002B97D13A6A396BF868FF
:106C400000F01CF90346002B08D0FB6820225A658F
:106C5000FB68002283F8502001231DE0FB689B683D
:106C6000002B0AD100233B61FB681B68DB683B619A
:106C7000FB681B689B683B613B69FB68012283F8EA
:106C80005120FB68002283F85020FB685B6D002BCD
:106C900001D0012300E0002318462837BD4680BDFF
:106CA00080B588B000AFF860B9603B601346FB71F7
:106CB000FDF7CAFC0246BB6A9B1A3A681344FB61A3
:106CC000FDF7C2FCB861394B1B685B011B0DFA690B
:106CD00002FB03F37B6155E03B68B3F1FF3F51D00A
:106CE000FDF7B2FC0246BB69D31AFA699A4202D98F
:106CF000FB69002B3DD1FB681B685A68FB681B6869
:106D000022F0E0025A60FB685B68B3F5827F11D124
:106D1000FB689B68B3F5004F04D0FB689B68B3F534
:106D2000806F07D1FB681B681A68FB681B6822F03C
:106D300040021A60FB689B6AB3F5005F0FD1FB68E5
:106D40001B681A68FB681B6822F400521A60FB6813
:106D50001B681A68FB681B6842F400521A60FB68E3
:106D6000012283F85120FB68002283F8502003237E
:106D700018E07B69002B02D10023FB6102E07B69F4
:106D8000013B7B61FB681B689A68BB681340BA686B
:106D90009A420CBF01230023DBB21A46FB799A42C8
:106DA0009AD1002318462037BD4680BD5C000020E4
:106DB00080B586B002AFF860B9607A60FB685B6846
:106DC000B3F5827F11D1FB689B68B3F5004F04D007
:106DD000FB689B68B3F5806F07D1FB681B681A6876
:106DE000FB681B6822F040021A60FB685B68B3F521
:106DF000827F2AD1FB689B68B3F5806F12D07B68D5
:106E00000093BB6800228021F868FFF749FF034622
:106E1000002B2DD0FB685B6D43F02002FB685A65A8
:106E2000032326E07B680093BB6800220121F868F9
:106E3000FFF736FF0346002B1AD0FB685B6D43F06B
:106E40002002FB685A65032313E07B680093BB684C
:106E500000220121F868FFF723FF0346002B07D02B
:106E6000FB685B6D43F02002FB685A65032300E07A
:106E7000002318461037BD4680BD000080B588B09D
:106E800002AFF860B9607A607B680093BB6801224A
:106E90000221F868FFF704FF0346002B07D0FB68C8
:106EA0005B6D43F02002FB685A65032332E01B4B05
:106EB0001B681B4AA2FB03235B0D4FF47A7202FB93
:106EC00003F37B61FB685B68B3F5827F12D17B685B
:106ED0000093BB6800228021F868FFF7E1FE0346BB
:106EE000002B16D0FB685B6D43F02002FB685A65EF
:106EF00003230FE07B69002B0AD07B69013B7B6198
:106F0000FB681B689B6803F08003802BF2D000E0D5
:106F100000BF002318461837BD4680BD5C00002026
:106F2000819F5E1680B582B000AF78607B68002BD1
:106F300001D1012342E07B6893F84130DBB2002BA2
:106F400006D17B68002283F84020786807F01CFF98
:106F50007B68242283F841207B681B68DA687B68A1
:106F60001B6822F40052DA60786800F0FBFD7B6851
:106F70001B681A697B681B6822F490421A617B685F
:106F80001B685A697B681B6822F02A025A617B6879
:106F90001B68DA687B681B6842F40052DA607B6821
:106FA00000225A647B68202283F841207B682022DB
:106FB00083F842207B6800225A6300231846083772
:106FC000BD4680BD80B582B000AF78607B68002B85
:106FD00001D1012324E07B68242283F841207B68CF
:106FE0001B68DA687B681B6822F40052DA607868F4
:106FF00007F094FF7B6800225A647B68002283F8C4
:1070000041207B68002283F842207B6800221A63BB
:107010007B6800225A637B68002283F840200023AB
:1070200018460837BD4680BD80B58AB002AFF8600B
:10703000B9603B601346FB8000237B61FB6893F8DB
:107040004130DBB2202B75D1BB68002B02D0FB880E
:10705000002B01D101236EE0FB6800225A64FB681B
:10706000212283F84120FDF7EFFA7861FB68FA8866
:107070009A84FB68FA88DA84FB689B68B3F5805FC2
:1070800008D1FB681B69002B04D10023FB61BB689E
:10709000BB6103E0BB68FB610023BB612EE03B6882
:1070A00000937B6900228021F86800F02DFB0346E5
:1070B000002B05D0FB68202283F8412003233AE00F
:1070C000FB69002B0BD1BB691B881A46FB681B6848
:1070D000C2F308025A60BB690233BB6107E0FB6977
:1070E0001A78FB681B685A60FB690133FB61FB6817
:1070F000DB8C9BB2013B9AB2FB68DA84FB68DB8CC9
:107100009BB2002BCBD13B6800937B6900224021CE
:10711000F86800F0F9FA0346002B05D0FB6820223E
:1071200083F84120032306E0FB68202283F84120F6
:10713000002300E0022318462037BD4680BD80B5FD
:1071400084B000AFF860B9601346FB80FB6893F829
:107150004230DBB2202B12D1BB68002B02D0FB885F
:10716000002B01D101230BE0FB6800221A63FB888E
:107170001A46B968F86800F020FB034600E00223D5
:1071800018461037BD4680BD80B5BAB000AF7860F4
:107190007B681B681B68C7F8E4307B681B68DB688A
:1071A000C7F8E0307B681B685B69C7F8DC300023F8
:1071B000C7F8D8300023C7F8D430D7F8E43003F04C
:1071C0000F03C7F8D830D7F8D830002B0FD1D7F835
:1071D000E43003F02003002B09D0D7F8E03003F0AF
:1071E0002003002B03D0786800F0FDFB73E2D7F892
:1071F000D830002B00F0DE80D7F8DC3003F001033C
:10720000002B06D1D7F8E03003F49073002B00F088
:10721000D180D7F8E43003F00103002B0BD0D7F86E
:10722000E03003F48073002B05D07B685B6C43F087
:1072300001027B685A64D7F8E43003F00403002BA2
:107240000BD0D7F8DC3003F00103002B05D07B68AE
:107250005B6C43F002027B685A64D7F8E43003F0B9
:107260000203002B0BD0D7F8DC3003F00103002B16
:1072700005D07B685B6C43F004027B685A64D7F8E6
:10728000E43003F00803002B11D0D7F8E03003F00E
:107290002003002B05D1D7F8DC3003F00103002BCD
:1072A00005D07B685B6C43F008027B685A647B689E
:1072B0005B6C002B00F00A82D7F8E43003F0200367
:1072C000002B08D0D7F8E03003F02003002B02D0C9
:1072D000786800F088FB7B681B685B6903F04003FB
:1072E000402B0CBF01230023DBB2C7F8D4307B68EE
:1072F0005B6C03F00803002B03D1D7F8D430002BCC
:107300004FD0786800F093FA7B681B685B6903F0E4
:107310004003402B41D17B681B681433C7F89C3075
:10732000D7F89C3053E8003FC7F89830D7F898302A
:1073300023F04003C7F8D0307B681B681433D7F8BC
:10734000D020C7F8A820C7F8A430D7F8A410D7F8E1
:10735000A82041E80023C7F8A030D7F8A030002BC0
:10736000D9D17B68DB6B002B13D07B68DB6B8A4A3F
:107370001A657B68DB6B1846FCF7CFFF0346002BD2
:1073800016D07B68DB6B1B6D7A68D26B1046984712
:107390000EE0786808F01AFA0AE0786808F016FA41
:1073A00006E0786808F012FA7B6800225A648DE1E2
:1073B00000BF8BE17B681B6B012B40F06781D7F826
:1073C000E43003F01003002B00F06081D7F8E030C8
:1073D00003F01003002B00F059810023BB607B6891
:1073E0001B681B68BB607B681B685B68BB60BB6815
:1073F0007B681B685B6903F04003402B40F0CE8044
:107400007B68DB6B1B685B68A7F8BE30B7F8BE30E3
:10741000002B00F0A9807B689B8DB7F8BE209A42B4
:1074200080F0A2807B68B7F8BE20DA857B68DB6BD2
:10743000DB69B3F5807F00F088807B681B680C33C4
:10744000C7F88830D7F8883053E8003FC7F8843051
:10745000D7F8843023F48073C7F8B8307B681B6892
:107460000C33D7F8B820C7F89420C7F89030D7F875
:107470009010D7F8942041E80023C7F88C30D7F853
:107480008C30002BD9D17B681B6814337B677B6FF2
:1074900053E8003F3B673B6F23F00103C7F8B4306C
:1074A0007B681B681433D7F8B420C7F88020FB67CB
:1074B000F96FD7F8802041E80023BB67BB6F002B32
:1074C000E1D17B681B6814333B663B6E53E8003F99
:1074D000FB65FB6D23F04003C7F8B0307B681B6889
:1074E0001433D7F8B020FA66BB66B96EFA6E41E87D
:1074F00000237B667B6E002BE3D17B68202283F820
:1075000042207B6800221A637B681B680C33FB6493
:10751000FB6C53E8003FBB64BB6C23F01003C7F85F
:10752000AC307B681B680C33D7F8AC20BA657B6540
:10753000796DBA6D41E800233B653B6D002BE3D1CB
:107540007B68DB6B1846FCF778FE7B6802225A6387
:107550007B689A8D7B68DB8D9BB2D31A9BB21946F0
:10756000786800F0C5F8B3E07B689B8DB7F8BE2063
:107570009A4240F0AD807B68DB6BDB69B3F5807FBE
:1075800040F0A6807B6802225A637B689B8D194677
:10759000786800F0ADF89BE0F57801087B689A8D7B
:1075A0007B68DB8D9BB2D31AA7F8CE307B68DB8D6E
:1075B0009BB2002B00F08E80B7F8CE30002B00F08D
:1075C00089807B681B680C33BB63BB6B53E8003F4F
:1075D0007B637B6B23F49073C7F8C8307B681B68B0
:1075E0000C33D7F8C8207A643B64396C7A6C41E874
:1075F0000023FB63FB6B002BE3D17B681B68143318
:107600007B627B6A53E8003F3B623B6A23F00103E5
:10761000C7F8C4307B681B681433D7F8C4203A63BA
:10762000FB62F96A3A6B41E80023BB62BB6A002B3C
:10763000E3D17B68202283F842207B6800221A6312
:107640007B681B680C333B613B6953E8003FFB6080
:10765000FB6823F01003C7F8C0307B681B680C334D
:10766000D7F8C020FA61BB61B969FA6941E8002323
:107670007B617B69002BE3D17B6802225A63B7F8F8
:10768000CE301946786800F033F823E0D7F8E430BC
:1076900003F08003002B09D0D7F8E03003F080031B
:1076A000002B03D0786800F036F914E0D7F8E43006
:1076B00003F04003002B0ED0D7F8E03003F0400376
:1076C000002B08D0786800F076F904E000BF02E0F3
:1076D00000BF00E000BFE837BD4680BD80B483B086
:1076E00000AF786000BF0C37BD465DF8047B704783
:1076F00080B483B000AF78600B467B8000BF0C374E
:10770000BD465DF8047B704780B586B000AFF86079
:10771000B9603B601346FB713BE03B6AB3F1FF3F4E
:1077200037D0FCF791FF02463B68D31A3A6A9A4277
:1077300002D33B6A002B01D103233AE0FB681B68AC
:10774000DB6803F00403002B23D0BB68802B20D020
:10775000BB68402B1DD0FB681B681B6803F0080347
:10776000082B16D100237B61FB681B681B687B61BB
:10777000FB681B685B687B617B69F86800F057F801
:10778000FB6808225A64FB68002283F8402001232A
:107790000FE0FB681B681A68BB681340BA689A421E
:1077A0000CBF01230023DBB21A46FB799A42B4D006
:1077B000002318461837BD4680BD80B485B000AFA1
:1077C000F860B9601346FB80FB68BA689A62FB6890
:1077D000FA889A85FB68FA88DA85FB6800225A6481
:1077E000FB68222283F84220FB681B69002B07D02C
:1077F000FB681B68DA68FB681B6842F48072DA6019
:10780000FB681B685A69FB681B6842F001025A61F9
:10781000FB681B68DA68FB681B6842F02002DA60CC
:10782000002318461437BD465DF8047B704780B4CA
:1078300095B000AF78607B681B680C337B637B6B13
:1078400053E8003F3B633B6B23F49073FB647B681E
:107850001B680C33FA6C3A64FB63F96B3A6C41E8D1
:107860000023BB63BB6B002BE5D17B681B68143323
:107870003B623B6A53E8003FFB61FB6923F0010375
:10788000BB647B681B681433BA6CFA62BB62B96A6A
:10789000FA6A41E800237B627B6A002BE5D17B68B2
:1078A0001B6B012B19D17B681B680C33FB60FB68D9
:1078B00053E8003FBB60BB6823F010037B647B6828
:1078C0001B680C337A6CBA617B617969BA6941E8EB
:1078D00000233B613B69002BE5D17B68202283F8C4
:1078E00042207B6800221A6300BF5437BD465DF812
:1078F000047B704780B584B000AF78607B689B6B79
:10790000FB60FB680022DA85F86807F05FFF00BFC4
:107910001037BD4680BD80B485B000AF78607B680D
:1079200093F84130DBB2212B3ED17B689B68B3F5E5
:10793000805F14D17B681B69002B10D17B681B6AA8
:10794000FB60FB681B881A467B681B68C2F3080251
:107950005A607B681B6A9A1C7B681A6208E07B6825
:107960001B6A591C7A6811621A787B681B685A6016
:107970007B68DB8C9BB2013B9BB27A681946D18451
:10798000002B0FD17B681B68DA687B681B6822F0CC
:107990008002DA607B681B68DA687B681B6842F0EB
:1079A0004002DA60002300E0022318461437BD4687
:1079B0005DF8047B704780B582B000AF78607B686B
:1079C0001B68DA687B681B6822F04002DA607B681B
:1079D000202283F841207868FFF780FE00231846B4
:1079E0000837BD4680BD80B58CB000AF78600023FD
:1079F000FB620023BB627B6893F84230DBB2222B30
:107A000040F0AA807B689B68B3F5805F15D17B68E6
:107A10001B69002B11D17B689B6ABB627B681B686A
:107A20005B689BB2C3F308039AB2BB6A1A807B6897
:107A30009B6A9A1C7B689A6224E07B689B6AFB6263
:107A40007B689B68B3F5805F07D07B689B68002BE1
:107A50000AD17B681B69002B06D17B681B685B68B9
:107A6000DAB2FB6A1A7008E07B681B685B68DBB2FD
:107A700003F07F03DAB2FB6A1A707B689B6A5A1CB8
:107A80007B689A627B68DB8D9BB2013B9BB27A6814
:107A90001946D185002B5DD17B681B68DA687B684D
:107AA0001B6822F02002DA607B681B68DA687B685A
:107AB0001B6822F48072DA607B681B685A697B68F5
:107AC0001B6822F001025A617B68202283F8422061
:107AD0007B6800225A637B681B6B012B35D17B6866
:107AE00000221A637B681B680C337B617B6953E857
:107AF000003F3B613B6923F010037B627B681B689E
:107B00000C337A6A3A62FB61F9693A6A41E8002308
:107B1000BB61BB69002BE5D17B681B681B6803F068
:107B20001003102B0AD10023FB607B681B681B68C5
:107B3000FB607B681B685B68FB60FB687B689B8DF8
:107B400019467868FFF7D4FD02E0786807F0E2FD97
:107B5000002302E0002300E0022318463037BD4630
:107B600080BD00002DE9B04FC0B000AFC7F8F400F1
:107B7000D7F8F4301B681B6923F44050D7F8F43071
:107B8000D968D7F8F4301A6840EA01031361D7F8CE
:107B9000F4309A68D7F8F4301B691A43D7F8F430F8
:107BA0005B691A43D7F8F430DB691343C7F8F83040
:107BB000D7F8F4301B68DB6823F4164121F00C0180
:107BC000D7F8F4301A68D7F8F8300B43D360D7F8F9
:107BD000F4301B685B6923F44070D7F8F43099697E
:107BE000D7F8F4301A6840EA01035361D7F8F4304B
:107BF0001A688F4B9A4205D0D7F8F4301A688D4B2B
:107C00009A4204D1FBF7F0FFC7F8FC0003E0FBF752
:107C1000D7FFC7F8FC00D7F8F430DB69B3F5004FA5
:107C200040F00C81D7F8FC300022C7F8E830C7F8E4
:107C3000EC20D7E93A4522462B469118B9655B41BD
:107C4000FB65D7E91623214612EB0108294643EBD1
:107C500001094FF000024FF000034FEAC90343EA65
:107C600058734FEAC80290469946234618EB03031F
:107C7000C7F8E0302B4649EB0303C7F8E430D7F8E8
:107C8000F4305B680022C7F8D830C7F8DC20D7E9A9
:107C900036120B46DB183B65134642EB03037B654C
:107CA000D7E91423D7E93801F8F758FE02460B4606
:107CB000614BA3FB02235B091C01D7F8FC300022B7
:107CC000C7F8D030C7F8D420D7E9348942464B46AC
:107CD0009118B9645B41FB64D7E91223414612EB6A
:107CE000010A494643EB010B4FF000024FF000033D
:107CF0004FEACB0343EA5A734FEACA0292469B46C5
:107D000043461AEB0303C7F8C8304B464BEB03035B
:107D1000C7F8CC30D7F8F4305B680022C7F8C03021
:107D2000C7F8C420D7E930120B46DB183B64134672
:107D300042EB03037B64D7E91023D7E93201F8F75C
:107D40000DFE02460B4611463B4BA3FB01235B098C
:107D5000642202FB03F3CB1ADB0003F13202364B41
:107D6000A3FB02235B095B0003F4F8731C44D7F800
:107D7000FC300022C7F8B830C7F8BC20D7E92E89FC
:107D800042464B469118B9635B41FB63D7E90E232A
:107D900041465118396349464B417B634FF000021D
:107DA0004FF00003D7E90CAB5946CB00514643EAEC
:107DB00051735146CA0010461946034642469B1865
:107DC000C7F8B0304B460A4642EB0303C7F8B4305D
:107DD000D7F8F4305B680022C7F8A830C7F8AC20A9
:107DE000D7E92A120B46DB18BB62134642EB0303AA
:107DF000FB62D7E90A23D7E92C01F8F7AFFD024669
:107E00000B460D4BA3FB02135B09642101FB03F33B
:107E1000D31ADB003233084AA2FB03235B0903F0C9
:107E20000702D7F8F4301B6822449A6006E100BFCD
:107E300000100140001401401F85EB51D7F8FC30C1
:107E40000022C7F8A030C7F8A420D7E92889424605
:107E50004B46911839625B417B62D7E90823414662
:107E60005418494643EB01054FF000024FF0000360
:107E7000EB0043EA5473E20014461D464346E31800
:107E8000C7F898304B4645EB0303C7F89C30D7F84A
:107E9000F4305B680022C7F89030C7F894204FF0A8
:107EA00000024FF00003D7E9244529468B00214604
:107EB00043EA917321468A00D7E92601F8F74EFD7F
:107EC00002460B46604BA3FB02235B091C01D7F85B
:107ED000FC300022C7F88830C7F88C20D7E9228907
:107EE00042464B469118B9615B41FB61D7E90623D5
:107EF00041465118396149464B417B614FF00002C0
:107F00004FF00003D7E904AB5946CB00514643EA92
:107F100051735146CA0010461946034642469B1803
:107F2000C7F880304B460A4642EB0303C7F884305B
:107F3000D7F8F4305B680022BB67FA674FF00002A5
:107F40004FF00003D7E91E8949468B00414643EABA
:107F5000917341468A00D7E92001F8F7FFFC0246F9
:107F60000B461146384BA3FB01235B09642202FB3D
:107F700003F3CB1A1B013233334AA2FB03235B0901
:107F800003F0F0031C44D7F8FC3000223B677A670B
:107F9000D7E91C8942464B469118B9605B41FB60AA
:107FA000D7E9022341465118396049464B417B606D
:107FB0004FF000024FF00003D7E900AB5946CB0069
:107FC000514643EA51735146CA00104619460346CA
:107FD00042469B18BB664B460A4642EB0303FB66D0
:107FE000D7F8F4305B6800223B667A664FF00002F7
:107FF0004FF00003D7E9188949468B00414643EA10
:10800000917341468A00D7E91A01F8F7A7FC0246A6
:108010000B460D4BA3FB02135B09642101FB03F329
:10802000D31A1B013233084AA2FB03235B0903F076
:108030000F02D7F8F4301B6822449A6000BF07F59E
:108040008077BD46BDE8B08F1F85EB5180B483B00B
:1080500000AF78607B6803F108027B685A607B6838
:108060004FF0FF329A607B6803F108027B68DA60A8
:108070007B6803F108027B681A617B6800221A6042
:1080800000BF0C37BD465DF8047B704780B483B0F9
:1080900000AF78607B6800221A6100BF0C37BD46D4
:1080A0005DF8047B704780B485B000AF78603960BC
:1080B0007B685B68FB603B68FA685A60FB689A689B
:1080C0003B689A60FB689B683A685A60FB683A684C
:1080D0009A603B687A681A617B681B685A1C7B68E7
:1080E0001A6000BF1437BD465DF8047B704780B44A
:1080F00085B000AF786039603B681B68BB60BB68C7
:10810000B3F1FF3F03D17B681B69FB600CE07B6828
:108110000833FB6002E0FB685B68FB60FB685B6840
:108120001B68BA689A42F6D2FB685A683B685A6084
:108130003B685B683A689A603B68FA689A60FB68DB
:108140003A685A603B687A681A617B681B685A1CF7
:108150007B681A6000BF1437BD465DF8047B70472A
:1081600080B485B000AF78607B681B69FB607B687A
:108170005B687A6892689A607B689B687A685268E4
:108180005A60FB685B687A689A4203D17B689A6898
:10819000FB685A607B6800221A61FB681B685A1EE4
:1081A000FB681A60FB681B6818461437BD465DF80B
:1081B000047B704780B584B000AF786039607B681D
:1081C000FB60FB68002B0BD14FF0500383F3118849
:1081D000BFF36F8FBFF34F8FBB6000BF00BFFDE7E2
:1081E00002F09AFAFB681A68FB68DB6BF968096CA5
:1081F00001FB03F31A44FB689A60FB6800229A6350
:10820000FB681A68FB685A60FB681A68FB68DB6BDE
:10821000013BF968096C01FB03F31A44FB68DA605F
:10822000FB68FF2283F84420FB68FF2283F8452087
:108230003B68002B14D1FB681B69002B1AD0FB682C
:108240001033184601F02AFA0346002B12D00D4BCA
:108250004FF080521A60BFF34F8FBFF36F8F09E06A
:10826000FB6810331846FFF7F1FEFB68243318460D
:10827000FFF7ECFE02F082FA012318461037BD46E4
:1082800080BD00BF04ED00E080B58EB002AFF860A5
:10829000B9607A603B60FB68002B0BD14FF0500354
:1082A00083F31188BFF36F8FBFF34F8FBB6200BFA3
:1082B00000BFFDE73B68002B0BD14FF0500383F369
:1082C0001188BFF36F8FBFF34F8F7B6200BF00BF7A
:1082D000FDE77B68002B02D0BB68002B01D0012397
:1082E00000E00023002B0BD14FF0500383F31188E3
:1082F000BFF36F8FBFF34F8F3B6200BF00BFFDE73F
:108300007B68002B02D1BB68002B01D1012300E068
:108310000023002B0BD14FF0500383F31188BFF3E0
:108320006F8FBFF34F8FFB6100BF00BFFDE7482396
:108330007B617B69482B0BD04FF0500383F311888E
:10834000BFF36F8FBFF34F8FBB6100BF00BFFDE76F
:108350007B693B68FB62FB6A002B0DD0FB6A012244
:1083600083F8462097F83820FB6A009313467A6812
:10837000B968F86800F040F8FB6A18463037BD4627
:1083800080BD80B58AB002AFF860B9601346FB715A
:10839000FB68002B0BD14FF0500383F31188BFF320
:1083A0006F8FBFF34F8F3B6100BF00BFFDE7FB68DE
:1083B000BA6802FB03F3FB61FB694833184601F01E
:1083C00089FEB861BB69002B11D0BB697B617B69F9
:1083D00048337B61BB69002283F84620FA79BB6988
:1083E000009313467A69B968F86800F005F8BB692C
:1083F00018462037BD4680BD80B584B000AFF86018
:10840000B9607A60FB70BB68002B03D1BB69BA69A5
:108410001A6002E0BB697A681A60BB69FA68DA63BD
:10842000BB69BA681A640121B869FFF7C3FE00BFCF
:108430001037BD4680BD80B582B000AF78607B68E4
:10844000002B0ED07B6800229A607B6800221A60A5
:108450007B680022DA60002300220021786800F0A7
:1084600037F800BF0837BD4680BD80B586B000AF85
:108470000346FB7101237B6100233B61FB791A46B4
:1084800039697869FFF77DFFF860F868FFF7D3FF77
:10849000FB6818461837BD4680BD80B588B002AF6E
:1084A00003463960FB7101237B6100233B61FB794B
:1084B00000933B68002239697869FFF7E5FEF860B0
:1084C000F868FFF7B8FFFB6818461837BD4680BD4F
:1084D00080B58EB000AFF860B9607A603B60002371
:1084E0007B63FB683B633B6B002B0BD14FF050036E
:1084F00083F31188BFF36F8FBFF34F8FBB6200BF51
:1085000000BFFDE7BB68002B03D13B6B1B6C002B4E
:1085100001D1012300E00023002B0BD14FF05003C9
:1085200083F31188BFF36F8FBFF34F8F7B6200BF60
:1085300000BFFDE73B68022B03D13B6BDB6B012BDC
:1085400001D1012300E00023002B0BD14FF0500399
:1085500083F31188BFF36F8FBFF34F8F3B6200BF70
:1085600000BFFDE701F062FA0346002B02D17B68F1
:10857000002B01D1012300E00023002B0BD14FF091
:10858000500383F31188BFF36F8FBFF34F8FFB61ED
:1085900000BF00BFFDE702F0BFF83B6B9A6B3B6B7F
:1085A000DB6B9A4202D33B68022B29D13A68B96847
:1085B000386B00F0C9FAF8623B6B5B6A002B10D095
:1085C0003B6B2433184601F069F80346002B13D0A7
:1085D0003F4B4FF080521A60BFF34F8FBFF36F8F46
:1085E0000AE0FB6A002B07D0394B4FF080521A602B
:1085F000BFF34F8FBFF36F8F02F0C0F8012363E02A
:108600007B68002B03D102F0B9F800235CE07B6BA0
:10861000002B06D107F11403184601F0A3F801233B
:108620007B6302F0ABF800F025FE02F075F83B6BBF
:1086300093F844305BB2B3F1FF3F03D13B6B0022B0
:1086400083F844203B6B93F845305BB2B3F1FF3FB6
:1086500003D13B6B002283F8452002F08FF83A1DCE
:1086600007F114031146184601F092F80346002B57
:1086700024D1386B00F060FB0346002B18D03B6B15
:1086800010337A681146184600F0E2FF386B00F0AC
:10869000EBFA00F0FDFD0346002B7FF47CAF0C4BA2
:1086A0004FF080521A60BFF34F8FBFF36F8F72E7A6
:1086B000386B00F0D9FA00F0EBFD6CE7386B00F096
:1086C000D3FA00F0E5FD002318463837BD4680BDDB
:1086D00004ED00E080B58EB000AF786039607B6853
:1086E0003B633B6B002B0BD14FF0500383F311889E
:1086F000BFF36F8FBFF34F8F3B6200BF00BFFDE73B
:108700003B6B1B6C002B0BD04FF0500383F3118895
:10871000BFF36F8FBFF34F8FFB6100BF00BFFDE75B
:108720003B6B1B68002B03D13B6B9B68002B01D17B
:10873000012300E00023002B0BD14FF0500383F303
:108740001188BFF36F8FBFF34F8FBB6100BF00BFB6
:10875000FDE702F0C1F8EFF311824FF0500383F30D
:108760001188BFF36F8FBFF34F8F7A613B617B69D5
:10877000FB623B6B9B6BBB623B6BDB6BBA6A9A42E7
:108780002BD23B6B93F8453087F82730BB6A5A1CD5
:108790003B6B9A6397F92730B3F1FF3F12D13B6BE4
:1087A0005B6A002B16D03B6B2433184600F076FF33
:1087B0000346002B0ED03B68002B0BD03B680122F8
:1087C0001A6007E097F827300133DBB25AB23B6BEF
:1087D00083F8452001237B6301E000237B63FB6A70
:1087E000FB60FB6883F3118800BF7B6B184638374A
:1087F000BD4680BD80B58EB000AF78603960002383
:108800007B637B68FB6200233B63FB6A002B0BD11D
:108810004FF0500383F31188BFF36F8FBFF34F8F77
:108820003B6200BF00BFFDE7FB6A1B6C002B0BD057
:108830004FF0500383F31188BFF36F8FBFF34F8F57
:10884000FB6100BF00BFFDE701F0F0F80346002B1D
:1088500002D13B68002B01D1012300E00023002B53
:108860000BD14FF0500383F31188BFF36F8FBFF329
:108870004F8FBB6100BF00BFFDE701F04DFFFB6AFA
:108880009B6BBB62BB6A002B24D0BB6A5A1EFB6A7F
:108890009A63FB6A1B68002B04D101F073FA02464D
:1088A000FB6A9A60FB6A1B69002B0FD0FB6A1033CE
:1088B000184600F0F3FE0346002B07D0544B4FF050
:1088C00080521A60BFF34F8FBFF36F8F01F056FFD6
:1088D000012398E03B68002B12D13B6B002B0BD09F
:1088E0004FF0500383F31188BFF36F8FBFF34F8FA7
:1088F0007B6100BF00BFFDE701F040FF002382E085
:108900007B6B002B06D107F10C03184600F02AFF01
:1089100001237B6301F032FF00F0ACFC01F0FCFEB0
:10892000FB6A93F844305BB2B3F1FF3F03D1FB6ABB
:10893000002283F84420FB6A93F845305BB2B3F120
:10894000FF3F03D1FB6A002283F8452001F016FFA8
:108950003A4607F10C031146184600F019FF03468A
:10896000002B32D1F86A00F0D1F90346002B26D053
:10897000FB6A1B68002B09D101F0CEFEFB6A9B68E5
:10898000184601F071F8386301F0F8FEFB6A2433F1
:108990003A681146184600F05BFEF86A00F064F988
:1089A00000F076FC0346002B7FF467AF184B4FF0C6
:1089B00080521A60BFF34F8FBFF36F8F5DE7F86A85
:1089C00000F052F900F064FC57E7F86A00F04CF947
:1089D00000F05EFCF86A00F099F90346002B3FF4C2
:1089E0004CAF3B6B002B0DD001F096FEF86A00F007
:1089F00093F87862FB6A9B68796A184601F032F94D
:108A000001F0BCFE002318463837BD4680BD00BFCC
:108A100004ED00E080B58EB000AFF860B9607A6018
:108A2000FB683B633B6B002B0BD14FF0500383F390
:108A30001188BFF36F8FBFF34F8F3B6200BF00BF42
:108A4000FDE7BB68002B03D13B6B1B6C002B01D1F6
:108A5000012300E00023002B0BD14FF0500383F3E0
:108A60001188BFF36F8FBFF34F8FFB6100BF00BF53
:108A7000FDE701F031FFEFF311824FF0500383F374
:108A80001188BFF36F8FBFF34F8FBA617B61BB69F2
:108A9000FB623B6B9B6BBB62BB6A002B2FD03B6BBB
:108AA00093F8443087F82730B968386B00F0B6F88F
:108AB000BB6A5A1E3B6B9A6397F92730B3F1FF3FAD
:108AC00012D13B6B1B69002B16D03B6B1033184641
:108AD00000F0E4FD0346002B0ED07B68002B0BD08A
:108AE0007B6801221A6007E097F827300133DBB278
:108AF0005AB23B6B83F8442001237B6301E00023DF
:108B00007B63FB6A3B613B6983F3118800BF7B6B2E
:108B100018463837BD4680BD80B485B000AF786058
:108B20007B685B6A002B06D07B681B6B1B68C3F1FC
:108B30000703FB6001E00023FB60FB681846143765
:108B4000BD465DF8047B704780B586B000AFF86025
:108B5000B9607A6000237B61FB689B6B3B61FB68BB
:108B60001B6C002B0DD1FB681B68002B4DD1FB68E3
:108B70009B68184600F0EEFF7861FB6800229A605F
:108B800043E07B68002B19D1FB685868FB681B6CBD
:108B90001A46B9680CF04CFDFB685A68FB681B6C00
:108BA0001A44FB685A60FB685A68FB689B689A42E3
:108BB0002BD3FB681A68FB685A6026E0FB68D8680C
:108BC000FB681B6C1A46B9680CF032FDFB68DA686A
:108BD000FB681B6C5B421A44FB68DA60FB68DA686E
:108BE000FB681B689A4207D2FB689A68FB681B6C9B
:108BF0005B421A44FB68DA607B68022B05D13B6953
:108C0000002B02D03B69013B3B613B695A1CFB686E
:108C10009A637B6918461837BD4680BD80B582B01F
:108C200000AF786039607B681B6C002B18D07B68C4
:108C3000DA687B681B6C1A447B68DA607B68DA68E8
:108C40007B689B689A4203D37B681A687B68DA600A
:108C50007B68D9687B681B6C1A4638680CF0E8FCA6
:108C600000BF0837BD4680BD80B584B000AF7860D6
:108C700001F052FD7B6893F84530FB7311E07B688F
:108C80005B6A002B12D07B682433184600F006FD87
:108C90000346002B01D000F0DFFDFB7B013BDBB284
:108CA000FB7397F90F30002BE9DC00E000BF7B6815
:108CB000FF2283F8452001F061FD01F02DFD7B6866
:108CC00093F84430BB7311E07B681B69002B12D012
:108CD0007B681033184600F0E1FC0346002B01D0FE
:108CE00000F0BAFDBB7B013BDBB2BB7397F90E30E2
:108CF000002BE9DC00E000BF7B68FF2283F8442002
:108D000001F03CFD00BF1037BD4680BD80B584B08A
:108D100000AF786001F000FD7B689B6B002B02D1F7
:108D20000123FB6001E00023FB6001F027FDFB68ED
:108D300018461037BD4680BD80B584B000AF78605E
:108D400001F0EAFC7B689A6B7B68DB6B9A4202D18C
:108D50000123FB6001E00023FB6001F00FFDFB68D5
:108D600018461037BD4680BD80B58EB004AFF860A0
:108D7000B9607A603B607B6B002B0BD14FF05003E6
:108D800083F31188BFF36F8FBFF34F8F3B6200BF38
:108D900000BFFDE7BB6B002B0BD14FF0500383F3FB
:108DA0001188BFF36F8FBFF34F8FFB6100BF00BF10
:108DB000FDE74FF4BC733B613B69B3F5BC7F0BD05F
:108DC0004FF0500383F31188BFF36F8FBFF34F8FC2
:108DD000BB6100BF00BFFDE73B69BB6B002B1ED032
:108DE0007B6B002B1BD0BB6B7B627B6A7A6B1A633D
:108DF0007B6A022283F87521002303937B6A029326
:108E000007F1140301933B6B00933B687A68B968E0
:108E1000F86800F051F8786A00F022F901E00023C8
:108E20007B617B6918462837BD4680BD80B58CB014
:108E300004AFF860B9603B601346FB80FB889B0081
:108E4000184601F047F978617B69002B0FD04FF489
:108E5000BC7001F03FF9F861FB69002B03D0FB699E
:108E60007A691A6305E0786901F008FA01E00023E5
:108E7000FB61FB69002B17D0FB69002283F8752189
:108E8000FA8800230393FB690293FB6A0193BB6A90
:108E900000933B68B968F86800F00EF8F86900F0D4
:108EA000DFF80123BB6102E04FF0FF33BB61BB6918
:108EB00018462037BD4680BD80B588B000AFF86049
:108EC000B9607A603B603B6B186B7B689B001A460D
:108ED000A521F8F735F83B6B1A6B7B6803F18043EB
:108EE000013B9B001344BB61BB6923F00703BB61DB
:108EF000BB6903F00703002B0BD04FF0500383F343
:108F00001188BFF36F8FBFF34F8F7B6100BF00BF2E
:108F1000FDE7BB68002B1FD00023FB6112E0BA689D
:108F2000FB69134419783A6BFB69134434330A46DE
:108F30001A70BA68FB6913441B78002B06D0FB69D2
:108F40000133FB61FB690F2BE9D900E000BF3B6BEC
:108F5000002283F8432003E03B6B002283F8342097
:108F6000BB6A062B01D90623BB623B6BBA6ADA6285
:108F70003B6BBA6A5A643B6B00229A643B6B0433C6
:108F80001846FFF783F83B6B18331846FFF77EF857
:108F90003B6B3A6B1A61BB6AC3F107023B6B9A6188
:108FA0003B6B3A6B5A623B6B0022DA643B6B0022EC
:108FB000C3F870213B6B002283F874213B6B503364
:108FC0004FF4907200211846F7F7BAFF3B6B214A25
:108FD0005A653B6B204A9A653B6B204ADA65396BD0
:108FE0004FF001024FF00003C1E93A233B6B43F21B
:108FF0000E32A3F8F0203B6B4AF6CD32A3F8F220F4
:109000003B6B41F23422A3F8F4203B6B4EF26D62CD
:10901000A3F8F6203B6B4DF6EC62A3F8F8203B6B0F
:109020000522A3F8FA203B6B0B22A3F8FC203A6838
:10903000F968B86901F042FA02463B6B1A60FB6AB4
:10904000002B02D0FB6A3A6B1A6000BF2037BD4686
:1090500080BD00BFA40000200C010020740100208E
:1090600080B582B000AF786001F056FB2A4B1B68D8
:109070000133294A1360294B1B68002B09D1274A69
:109080007B681360244B1B68012B10D100F00AFC95
:109090000DE0234B1B68002B09D1204B1B68DA6ABB
:1090A0007B68DB6A9A4202D81C4A7B6813601D4BBE
:1090B0001B6801331B4A13607B68DB6A01229A40FC
:1090C000194B1B681343184A13607B68DA6A13460E
:1090D0009B0013449B00154A1A447B6804331946CD
:1090E0001046FEF7E0FF01F049FB0D4B1B68002B1B
:1090F0000ED00A4B1B68DA6A7B68DB6A9A4207D299
:109100000B4B4FF080521A60BFF34F8FBFF36F8F3E
:1091100000BF0837BD4680BDF4020020F4010020E6
:109120000003002010030020FC020020F8010020B2
:1091300004ED00E080B584B000AF78600023FB60F0
:109140007B68002B18D0144B1B68002B0BD04FF002
:10915000500383F31188BFF36F8FBFF34F8FBB6052
:1091600000BF00BFFDE700F085F80021786800F03F
:109170001DFE00F08DF8F860FB68002B07D1074B4F
:109180004FF080521A60BFF34F8FBFF36F8F00BF55
:109190001037BD4680BD00BF1C03002004ED00E079
:1091A00080B58AB004AF0023BB6000237B603A46E1
:1091B000391D07F10803184602F01AFC39687B686C
:1091C000BA68029201930023009300230A462149C2
:1091D0002148FFF7C9FD0346204A13601F4B1B6857
:1091E000002B02D001237B6101E000237B617B69BE
:1091F000012B1BD14FF0500383F31188BFF36F8F06
:10920000BFF34F8F3B6100BF154B1B685033154AAE
:109210001360154B4FF0FF321A60144B01221A6095
:10922000134B00221A6001F0D3F90FE07B69B3F110
:10923000FF3F0BD14FF0500383F31188BFF36F8FC3
:10924000BFF34F8FFB6000BF00BFFDE700BF1837C3
:10925000BD4680BD546002087198010818030020C3
:10926000F40100200C000020140300200003002063
:10927000F802002080B400AF044B1B680133034A9E
:10928000136000BFBD465DF8047B70471C030020DF
:1092900080B584B000AF0023FB600023BB60424B6D
:1092A0001B68002B0BD14FF0500383F31188BFF3E1
:1092B0006F8FBFF34F8F3B6000BF00BFFDE701F032
:1092C0002BFA394B1B68013B374A1360364B1B683E
:1092D000002B61D1354B1B68002B5DD02EE0344B49
:1092E000DB68DB68FB60FB6818331846FEF738FF65
:1092F000FB6804331846FEF733FFFB68DB6A012284
:109300009A402C4B1B6813432A4A1360FB68DA6AA5
:1093100013469B0013449B00274A1A44FB680433FE
:1093200019461046FEF7BFFEFB68DA6A234B1B683E
:10933000DB6A9A4202D3224B01221A601C4B1B6843
:10934000002BCCD1FB68002B01D000F04FFB1D4B54
:109350001B687B607B68002B10D000F037F8034659
:10936000002B02D0164B01221A607B68013B7B6008
:109370007B68002BF1D1134B00221A60104B1B6845
:10938000002B09D00123BB600F4B4FF080521A60B5
:10939000BFF34F8FBFF36F8F01F0F0F9BB68184632
:1093A0001037BD4680BD00BF1C030020F402002022
:1093B000B4020020FC020020F8010020F40100208B
:1093C000080300200403002004ED00E080B586B00F
:1093D00000AF00237B614F4B1B68002B40F08F8058
:1093E0004D4B1B6801333B614B4A3B6913603B6942
:1093F000002B21D1494B1B681B68002B0BD04FF071
:10940000500383F31188BFF36F8FBFF34F8F3B601F
:1094100000BF00BFFDE7414B1B68FB60404B1B6872
:109420003E4A13603E4AFB6813603E4B1B680133A3
:109430003C4A136000F0DAFA3B4B1B683A699A42E7
:1094400048D3364B1B681B68002B04D1364B4FF0BA
:10945000FF321A603EE0314B1B68DB68DB68BB60A3
:10946000BB685B687B603A697B689A4203D22E4A8C
:109470007B6813602EE0BB6804331846FEF770FE6D
:10948000BB689B6A002B04D0BB6818331846FEF7F4
:1094900067FEBB68DB6A01229A40244B1B681343BA
:1094A000224A1360BB68DA6A13469B0013449B0090
:1094B0001F4A1A44BB68043319461046FEF7F3FDF1
:1094C000BB68DA6A1B4B1B68DB6A9A42B9D301237B
:1094D0007B61B6E7174B1B68DA6A154913469B0098
:1094E00013449B000B441B68012B01D901237B61B2
:1094F000114B1B68002B07D001237B6104E00F4B4D
:109500001B6801330D4A13607B6918461837BD4646
:1095100080BD00BF1C030020F8020020AC02002028
:10952000B00200200C03002014030020FC020020E5
:10953000F8010020F40100200803002004030020AB
:1095400080B588B000AF3C4B1B68002B03D03B4B71
:1095500001221A606CE0394B00221A60384B1B68FC
:109560001B6BFB614FF0A533BB61FB691B68BA69DC
:109570009A4211D1FB6904331B68BA699A420BD134
:10958000FB6908331B68BA699A4205D1FB690C3341
:109590001B68BA699A4208D0294B1A68284B1B6885
:1095A00034331946104602F010FA264B1B68FB6054
:1095B000FB68B3FA83F3FB72FB7AC3F11F037B6191
:1095C00021497A6913469B0013449B000B441B6896
:1095D000002B0BD14FF0500383F31188BFF36F8F33
:1095E000BFF34F8F7B6000BF00BFFDE77A69134672
:1095F0009B0013449B00144A13443B613B695B6826
:109600005A683B695A603B695A683B6908339A4219
:1096100004D13B695B685A683B695A603B695B6887
:10962000DB68074A1360064B1B685033074A136018
:1096300000BF2037BD4680BD1C030020080300206A
:10964000F4010020FC020020F80100200C000020A2
:1096500080B584B000AF786039607B68002B0BD197
:109660004FF0500383F31188BFF36F8FBFF34F8F19
:10967000FB6000BF00BFFDE7074B1B6818331946AE
:109680007868FEF734FD0121386800F08FFB00BFD9
:109690001037BD4680BD00BFF401002080B586B004
:1096A00000AF78607B68DB68DB683B613B69002B5F
:1096B0000BD14FF0500383F31188BFF36F8FBFF3CB
:1096C0004F8FFB6000BF00BFFDE73B6918331846B2
:1096D000FEF746FD1D4B1B68002B1CD13B69043374
:1096E0001846FEF73DFD3B69DB6A01229A40184BA4
:1096F0001B681343164A13603B69DA6A13469B00E2
:1097000013449B00134A1A443B690433194610461C
:10971000FEF7C9FC05E03B69183319460E48FEF711
:10972000C2FC3B69DA6A0D4B1B68DB6A9A4205D9B9
:1097300001237B610A4B01221A6001E000237B6157
:109740007B6918461837BD4680BD00BF1C0300204A
:10975000FC020020F8010020B4020020F4010020E7
:109760000803002080B483B000AF7860064B1A680D
:109770007B681A60054B1A687B685A6000BF0C371B
:10978000BD465DF8047B70470C030020F802002002
:1097900080B588B000AF786039607B68002B0BD152
:1097A0004FF0500383F31188BFF36F8FBFF34F8FD8
:1097B0003B6100BF00BFFDE73B68002B0BD14FF0C2
:1097C000500383F31188BFF36F8FBFF34F8FFB609C
:1097D00000BF00BFFDE700F09FFF1D4B1B68BB6192
:1097E0007B685B68BA69D31A7B613B681B68B3F11D
:1097F000FF3F02D10023FB6123E07B681A68154B11
:109800001B689A4207D07B685B68BA699A4202D3A8
:109810000123FB6115E03B681B687A699A420BD211
:109820003B681A687B69D21A3B681A607868FFF750
:1098300099FF0023FB6104E03B6800221A600123CA
:10984000FB6100F09BFFFB6918462037BD4680BDD9
:10985000F80200200C03002080B400AF034B01226B
:109860001A6000BFBD465DF8047B70470803002006
:1098700080B582B000AF786000F054F8074B1B68E9
:10988000012B07D9064B4FF080521A60BFF34F8F60
:10989000BFF36F8F02F092F8EEE700BFF8010020EF
:1098A00004ED00E080B582B000AF00237B600CE0E7
:1098B0007A6813469B0013449B00124A13441846CF
:1098C000FEF7C4FB7B6801337B607B68062BEFD916
:1098D0000D48FEF7BBFB0D48FEF7B8FB0C48FEF742
:1098E000B5FB0C48FEF7B2FB0B48FEF7AFFB0B4B8A
:1098F000054A1A600A4B054A1A6000BF0837BD4680
:1099000080BD00BFF80100208402002098020020E2
:10991000B4020020C8020020E0020020AC020020B7
:10992000B002002080B582B000AF19E000F0F4FE74
:10993000104BDB68DB687B607B6804331846FEF7FE
:109940000FFC0D4B1B68013B0B4A13600B4B1B6854
:10995000013B0A4A136000F011FF786800F010F82C
:10996000064B1B68002BE1D100BF00BF0837BD4686
:1099700080BD00BFC8020020F4020020DC020020ED
:1099800080B584B000AF78607B6850331846F7F735
:10999000EFFA7B6893F87531002B08D17B681B6B5D
:1099A000184600F06BFC786800F068FC19E07B68F2
:1099B00093F87531012B03D1786800F05FFC10E05B
:1099C0007B6893F87531022B0BD04FF0500383F373
:1099D0001188BFF36F8FBFF34F8FFB6000BF00BFD5
:1099E000FDE700BF1037BD4680BD000080B483B0E6
:1099F00000AF0C4B1B681B68002B04D10A4B4FF0C7
:109A0000FF321A6008E0074B1B68DB68DB687B608D
:109A10007B685B68044A136000BF0C37BD465DF885
:109A2000047B7047AC0200201403002080B483B094
:109A300000AF0B4B1B68002B02D101237B6008E0B9
:109A4000084B1B68002B02D102237B6001E000233E
:109A50007B607B6818460C37BD465DF8047B704719
:109A6000000300201C03002080B584B000AF7860A4
:109A70007B68BB600023FB607B68002B5ED0BB680B
:109A8000DA6A314B1B68DB6A9A424ED2BB689B692B
:109A9000002B06DB2C4B1B68DB6AC3F10702BB689B
:109AA0009A61BB685969BB68DA6A13469B00134424
:109AB0009B00264A134499422FD1BB6804331846B1
:109AC000FEF74EFB0346002B0AD1BB68DB6A01227E
:109AD00002FA03F3DA431E4B1B6813401C4A13605F
:109AE000194B1B68DA6ABB68DA62BB68DB6A012261
:109AF0009A40174B1B681343154A1360BB68DA6A18
:109B000013469B0013449B00104A1A44BB6804335D
:109B100019461046FEF7C7FA04E00B4B1B68DA6AD9
:109B2000BB68DA620123FB6008E0BB685A6C064B35
:109B30001B68DB6A9A4201D20123FB60FB6818466E
:109B40001037BD4680BD00BFF4010020F8010020A1
:109B5000FC02002080B586B000AF78607B683B6176
:109B600000237B617B68002B70D03B4B1B683A69FC
:109B70009A420BD04FF0500383F31188BFF36F8FDD
:109B8000BFF34F8FFB6000BF00BFFDE73B699B6CDD
:109B9000002B0BD14FF0500383F31188BFF36F8F6D
:109BA000BFF34F8FBB6000BF00BFFDE73B699B6CFD
:109BB0005A1E3B699A643B69DA6A3B695B6C9A425C
:109BC00044D03B699B6C002B40D13B690433184661
:109BD000FEF7C6FA0346002B15D13B69DA6A1F4926
:109BE00013469B0013449B000B441B68002B0AD1B7
:109BF0003B69DB6A012202FA03F3DA43184B1B6864
:109C00001340174A13603B695A6C3B69DA623B693F
:109C1000DB6AC3F107023B699A613B69DB6A012297
:109C20009A400F4B1B6813430D4A13603B69DA6A75
:109C300013469B0013449B00084A1A443B690433B3
:109C400019461046FEF72FFA01237B617B691846FF
:109C50001837BD4680BD00BFF4010020F801002088
:109C6000FC02002080B588B000AF786039607B6866
:109C7000BB6101237B617B68002B79D0BB699B6C46
:109C8000002B0BD14FF0500383F31188BFF36F8F7C
:109C9000BFF34F8FFB6000BF00BFFDE7BB695B6C8C
:109CA0003A689A4202D93B68FB6102E0BB695B6C8F
:109CB000FB61BB69DB6AFA699A4259D0BB699B6C4C
:109CC0007A699A4254D12C4B1B68BA699A420BD1DB
:109CD0004FF0500383F31188BFF36F8FBFF34F8FA3
:109CE000BB6000BF00BFFDE7BB69DB6A3B61BB69CE
:109CF000FA69DA62BB699B69002B04DBFB69C3F17B
:109D00000702BB699A61BB6959693A6913469B00AE
:109D100013449B00194A1344994229D1BB69043367
:109D20001846FEF71DFA0346002B0AD1BB69DB6A11
:109D3000012202FA03F3DA43114B1B681340104A65
:109D40001360BB69DB6A01229A400D4B1B68134309
:109D50000B4A1360BB69DA6A13469B0013449B00ED
:109D6000064A1A44BB69043319461046FEF79BF9AC
:109D700000BF2037BD4680BDF4010020F80100205F
:109D8000FC02002080B400AF074B1B68002B04D0FE
:109D9000054B1B689A6C01329A64034B1B6818468A
:109DA000BD465DF8047B7047F401002080B584B0A7
:109DB00000AF78603960294B1B68FB60284B1B683B
:109DC00004331846FEF7CCF90346002B0BD1244B85
:109DD0001B68DB6A012202FA03F3DA43214B1B689A
:109DE0001340204A13607B68B3F1FF3F0AD13B6800
:109DF000002B07D01A4B1B68043319461A48FEF78C
:109E000052F926E0FA687B681344BB60144B1B6868
:109E1000BA685A60BA68FB689A4209D2134B1A684A
:109E20000F4B1B68043319461046FEF760F910E02B
:109E30000F4B1A680A4B1B68043319461046FEF78D
:109E400056F90C4B1B68BA689A4202D2094ABB68A1
:109E5000136000BF1037BD4680BD00BFF802002070
:109E6000F4010020FC020020E0020020B0020020EB
:109E7000AC0200201403002080B485B000AF03467C
:109E8000FB800023FB60B7F90630842B05D0B7F9BF
:109E90000620FB6813440333FB60FB681846143745
:109EA000BD465DF8047B704780B483B000AFEFF32C
:109EB00005837B607B68002B14BF01230023DBB28A
:109EC00018460C37BD465DF8047B704780B500AF7F
:109ED000FFF766F90023184680BDF0B589B004AFDE
:109EE000786039607B685B69002B20D07B689B6958
:109EF000002B1CD07B685C687B681D687B681E69D2
:109F00007B68B3F908301846FFF7B6FF01467B6857
:109F10005B697A6892690292019300913B683246CC
:109F200029462046FEF720FF0346FB601CE07B68C5
:109F30005C687B681D687B681B699EB27B68B3F9AF
:109F400008301846FFF798FF024607F10C0301930B
:109F500000923B68324629462046FEF767FF0346DB
:109F6000012B01D0002300E0FB6818461437BD46E2
:109F7000F0BD80B584B000AF78607B68FB60FB68A3
:109F8000002B01D0FB6800E001231846FFF7D2F850
:109F9000002318461037BD4680BD80B582B000AFA3
:109FA00078607B685B68002B07D07B685B6819462C
:109FB0000120FEF772FA034603E00120FEF755FA8E
:109FC000034618460837BD4680BD000080B584B002
:109FD00000AF786039600023BB607B68002B01D143
:109FE00080233AE00023FB603B68B3F1FF3F03D1DD
:109FF0004FF0FF33FB6009E03B68002B06D03B6865
:10A00000FB60FB68002B01D10123FB60FFF74CFFD5
:10A010000346002B17D007F108031A460021786881
:10A02000FEF7F8FC0346012B01D0FF2315E0BB68C7
:10A03000002B11D00B4B4FF080521A60BFF34F8FA3
:10A04000BFF36F8F08E0F9687868FEF7D3FB03462B
:10A05000012B01D0FF2300E0002318461037BD4636
:10A0600080BD00BF04ED00E080B584B000AF786033
:10A070000023FB600023BB60FFF716FF0346002BA5
:10A0800016D007F1080319467868FEF723FB03464C
:10A09000012B01D0FF2317E0BB68002B13D00C4B22
:10A0A0004FF080521A60BFF34F8FBFF36F8F0AE0FB
:10A0B0000023002200217868FEF70AFA0346012BEC
:10A0C00001D0FF23FB60FB6818461037BD4680BDFA
:10A0D00004ED00E080B58AB000AF78600023FB613A
:10A0E000FFF7C8F85F4B1B68002B01D100F02AF97D
:10A0F0005D4B1A687B681340002B40F095807B68AD
:10A10000002B1ED008227B6813447B607B6803F021
:10A110000703002B15D07B6823F0070308337B600F
:10A120007B6803F00703002B0BD04FF0500383F341
:10A130001188BFF36F8FBFF34F8F7B6100BF00BFEC
:10A14000FDE77B68002B6FD0484B1B687A689A420A
:10A150006AD8474B3B62464B1B687B6204E07B6AD4
:10A160003B627B6A1B687B627B6A5B687A689A42A7
:10A1700003D97B6A1B68002BF1D13A4B1B687A6AC2
:10A180009A4251D03B6A1B6808221344FB617B6AE8
:10A190001A683B6A1A607B6A5A687B68D21A08237D
:10A1A0005B009A4220D97A6A7B681344BB61BB6921
:10A1B00003F00703002B0BD04FF0500383F31188FB
:10A1C000BFF36F8FBFF34F8F3B6100BF00BFFDE751
:10A1D0007B6A5A687B68D21ABB695A607B6A7A6864
:10A1E0005A60B86900F010F9204B1A687B6A5B6806
:10A1F000D31A1E4A13601D4B1A681E4B1B689A42E5
:10A2000003D21A4B1B681B4A13607B6A5A68164BB1
:10A210001B681A437B6A5A607B6A00221A60164BDD
:10A220001B680133144A1360FFF732F8FB69002BF7
:10A2300001D101F0D5FBFB6903F00703002B0BD024
:10A240004FF0500383F31188BFF36F8FBFF34F8F2D
:10A25000FB6000BF00BFFDE7FB6918462837BD461D
:10A2600080BD00BFE04A0020F44A0020E44A0020FC
:10A27000D84A0020E84A0020EC4A002080B586B089
:10A2800000AF78607B687B617B68002B4FD0082330
:10A290005B427A6913447B617B693B613B695A6825
:10A2A000254B1B681340002B0BD14FF0500383F359
:10A2B0001188BFF36F8FBFF34F8FFB6000BF00BFEC
:10A2C000FDE73B691B68002B0BD04FF0500383F375
:10A2D0001188BFF36F8FBFF34F8FBB6000BF00BF0C
:10A2E000FDE73B695A68144B1B681340002B1ED0D6
:10A2F0003B691B68002B1AD13B695A680E4B1B68DF
:10A30000DB431A403B695A60FEF7B4FF3B695A6869
:10A310000A4B1B681344094A1360386900F074F84B
:10A32000074B1B680133064A1360FEF7B1FF00BFFD
:10A330001837BD4680BD00BFF44A0020E44A002023
:10A34000F04A002080B485B000AF44F2B873BB601F
:10A35000274BFB60FB6803F00703002B0CD0FB6866
:10A360000733FB60FB6823F00703FB60BA68FB68F8
:10A37000D31A1F4A1344BB60FB687B601D4A7B688D
:10A3800013601C4B00225A607B68BA681344FB6060
:10A390000822FB689B1AFB60FB6823F00703FB6045
:10A3A000FB68154A1360144B1B6800225A60124B5D
:10A3B0001B6800221A607B683B603B68FA68D21A0F
:10A3C0003B685A600C4B1A683B681A603B685B68D4
:10A3D0000A4A13603B685B68094A1360094B4FF0F7
:10A3E00000421A6000BF1437BD465DF8047B704719
:10A3F00020030020D84A0020E04A0020E84A00203C
:10A40000E44A0020F44A002080B485B000AF7860B0
:10A41000284BFB6002E0FB681B68FB60FB681B6865
:10A420007A689A42F7D8FB68BB60FB685B68BA68D9
:10A4300013447A689A4208D1FB685A687B685B6863
:10A440001A44FB685A60FB687B607B68BB607B6872
:10A450005B68BA681A44FB681B689A4218D1FB68AB
:10A460001A68154B1B689A420DD07B685A68FB68C6
:10A470001B685B681A447B685A60FB681B681A6833
:10A480007B681A6008E00C4B1A687B681A6003E06E
:10A49000FB681A687B681A60FA687B689A4202D087
:10A4A000FB687A681A6000BF1437BD465DF8047B0C
:10A4B000704700BFD84A0020E04A002080B485B031
:10A4C00000AFF860B9607A60FB68043BFB60FB6832
:10A4D0004FF080721A60FB68043BFB60BB6823F09E
:10A4E0000102FB681A60FB68043BFB600C4AFB68D6
:10A4F0001A60FB68143BFB607A68FB681A60FB68B3
:10A50000043BFB60FB686FF002021A60FB68203BB3
:10A51000FB60FB6818461437BD465DF8047B704746
:10A5200025A5010880B485B000AF00237B60134BE4
:10A530001B68B3F1FF3F0BD04FF0500383F311883A
:10A54000BFF36F8FBFF34F8FFB6000BF00BFFDE70E
:10A550004FF0500383F31188BFF36F8FBFF34F8F1A
:10A56000BB6000BF00BF7B68002BFCD000BF00BFFA
:10A570001437BD465DF8047B704700BF68000020BB
:10A58000074B19680868B0E8F04F80F30988BFF3FB
:10A590006F8F4FF0000080F311887047AFF3008099
:10A5A000F401002000BF00BF08480068006880F385
:10A5B00008884FF0000080F3148862B661B6BFF3DC
:10A5C0004F8FBFF36F8F00DF00BF00BF08ED00E0CB
:10A5D00080B586B000AF474B1B68474A93420BD10A
:10A5E0004FF0500383F31188BFF36F8FBFF34F8F8A
:10A5F000FB6000BF00BFFDE73E4B1B683F4A934234
:10A600000BD14FF0500383F31188BFF36F8FBFF36B
:10A610004F8F3B6100BF00BFFDE7394B7B617B691A
:10A620001B78DBB27B607B69FF221A707B691B7829
:10A63000DBB2FB70FB78DBB203F05003DAB2314BD4
:10A640001A70314B07221A6009E02F4B1B68013B3F
:10A650002D4A1360FB78DBB25B00DBB2FB70FB784A
:10A66000DBB203F08003802BEFD0274B1B68C3F1D4
:10A670000703042B0BD04FF0500383F31188BFF373
:10A680006F8FBFF34F8FBB6000BF00BFFDE71E4B56
:10A690001B681B021C4A13601B4B1B6803F4E0631E
:10A6A000194A13607B68DAB27B691A70174B1B6812
:10A6B000164A43F470031360144B1B68134A43F0AB
:10A6C0007043136000F0DAF8114B00221A6000F0BA
:10A6D000F9F8104B1B680F4A43F040431360FFF733
:10A6E00063FFFEF72DFFFFF71DFF00231846183705
:10A6F000BD4680BD00ED00E071C20F4170C20F4148
:10A7000000E400E0F84A0020FC4A002020ED00E0D0
:10A710006800002034EF00E080B483B000AF4FF059
:10A72000500383F31188BFF36F8FBFF34F8F7B60AC
:10A7300000BF104B1B6801330E4A13600D4B1B68A2
:10A74000012B10D10C4B1B68DBB2002B0BD04FF050
:10A75000500383F31188BFF36F8FBFF34F8F3B60BC
:10A7600000BF00BFFDE700BF0C37BD465DF8047BAE
:10A77000704700BF6800002004ED00E080B483B0A3
:10A7800000AF124B1B68002B0BD14FF0500383F32B
:10A790001188BFF36F8FBFF34F8F7B6000BF00BF87
:10A7A000FDE70A4B1B68013B084A1360074B1B6817
:10A7B000002B05D100233B603B6883F3118800BF69
:10A7C00000BF0C37BD465DF8047B70476800002071
:10A7D000EFF30980BFF36F8F154B1A681EF0100F4F
:10A7E00008BF20ED108A20E9F04F106009B44FF047
:10A7F000500080F31188BFF34F8FBFF36F8FFEF7C8
:10A800009FFE4FF0000080F3118809BC19680868AA
:10A81000B0E8F04F1EF0100F08BFB0EC108A80F3C4
:10A820000988BFF36F8F7047AFF30080AFF30080EC
:10A83000F401002000BF00BF80B582B000AF4FF030
:10A84000500383F31188BFF36F8FBFF34F8F7B608B
:10A8500000BFFEF7BBFD0346002B03D0064B4FF0B5
:10A8600080521A6000233B603B6883F3118800BF6D
:10A8700000BF0837BD4680BD04ED00E080B400AFE6
:10A880000B4B00221A600B4B00221A600A4B1B680C
:10A890000A4AA2FB03239B09094A013B1360044BAC
:10A8A00007221A6000BFBD465DF8047B704700BFF9
:10A8B00010E000E018E000E05C000020D34D6210E2
:10A8C00014E000E0DFF80C00016841F47001016061
:10A8D000704700BF88ED00E080B485B000AFEFF3B3
:10A8E0000583FB60FB680F2B15D9184AFB681344DE
:10A8F0001B78FB72164B1B78FA7A9A420BD24FF0F8
:10A90000500383F31188BFF36F8FBFF34F8F7B60CA
:10A9100000BF00BFFDE70F4B1B6803F4E0620E4B66
:10A920001B689A420BD94FF0500383F31188BFF391
:10A930006F8FBFF34F8F3B6000BF00BFFDE700BFCD
:10A940001437BD465DF8047B704700BFF0E300E0BC
:10A95000F84A00200CED00E0FC4A002080B582B0EF
:10A9600000AF7860391D4FF0FF3301220648FCF735
:10A970005BFB0346002B02D04FF0FF3300E07B6807
:10A9800018460837BD4680BDC05A002080B500AFCC
:10A99000F9F724FE00F000F900F07AFA03F096FBD4
:10A9A00003F080FC03F004FD03F038FD03F04AFFE0
:10A9B00004F048F904F070F904F0BCF903F0F4FE77
:10A9C00003F05CFE03F0C2FF03F05EFD07F07AF8CF
:10A9D00003F032FC062008F0A9FC0120F9F740FE44
:10A9E00008F022FD0120F9F73BFE0021022003F0D0
:10A9F000C9FA012201215748F9F7ECFB002000F0C9
:10AA0000F9FC554B9B79DBB2012B02D104F0D4FA4F
:10AA100001E004F041F901224FF480414F48F9F779
:10AA2000D9FB4D4B5B7BDBB2022B26D0022B34DCF7
:10AA3000002B02D0012B10D02FE001220421484826
:10AA4000F9F7C8FB012208214548F9F7C3FB0122A9
:10AA500001214048F9F7BEFB20E0012204214048D3
:10AA6000F9F7B8FB002208213D48F9F7B3FB0122B2
:10AA700001213848F9F7AEFB10E0002204213848E4
:10AA8000F9F7A8FB002208213548F9F7A3FB0122BA
:10AA900001213048F9F79EFB00E000BF3148F6F78E
:10AAA0003BFD2D4B9B79DBB2032B08D101222E49B4
:10AAB0002E48FCF744FB2E4B274A1A600DE0264B2C
:10AAC0009B79DBB2022B08D104F0D0FA05F04EFDE1
:10AAD000012228492548FCF732FB01222649274854
:10AAE000FCF72DFB012226492648FCF728FB002114
:10AAF0002548F6F7FDFE04212348F6F7F9FE082164
:10AB00002148F6F7F5FE0C211F48F6F7F1FE00216B
:10AB10001E48F6F7CBFD04211C48F6F7C7FD0020C0
:10AB200006F060F91A4806F07CFF4FF47A70F9F7E6
:10AB300097FD002006F056F9164806F072FF4FF414
:10AB40007A70F9F78DFD00F06DFFFFF7BFF900BFD8
:10AB5000FDE700BF00040240044B00200008024053
:10AB60000010024070530020D85D0020785A002069
:10AB700000600020A05B0020604B0020C05A002035
:10AB80006B4D0020085B002028530020B8530020A4
:10AB9000247B02082485020880B594B000AF07F139
:10ABA0002003302200211846F6F7CAF907F10C03FA
:10ABB00000221A605A609A60DA601A610023BB6052
:10ABC000284B1B6C274A43F080531364254B1B6CA6
:10ABD00003F08053BB60BB6800237B60224B1B6883
:10ABE000214A43F4804313601F4B1B6803F48043E6
:10ABF0007B607B6802233B620123FB6210233B6383
:10AC00000223BB630023FB6308233B64A8237B640C
:10AC10000223BB640423FB6407F120031846F8F702
:10AC20005FFB0346002B01D000F02CF90F23FB60E3
:10AC300002233B6100237B614FF4A053BB614FF4BF
:10AC40008053FB6107F10C0305211846F8F7C0FD9E
:10AC50000346002B01D000F015F900BF5037BD4668
:10AC600080BD00BF003802400070004080B483B057
:10AC700000AF78607B681B68184A934227D17B68D5
:10AC80001B7F012B05D1164B5B8901339AB2144B04
:10AC90005A817B681B7F022B05D1114B9B890133A5
:10ACA0009AB20F4B9A817B681B7F042B05D10C4B0A
:10ACB000DB8901339AB20A4BDA817B681B7F082B50
:10ACC00005D1074B1B8A01339AB2054B1A8200BF8C
:10ACD0000C37BD465DF8047B704700BF00000140A3
:10ACE000A44D002080B582B000AF78607B681B68FF
:10ACF0005E4A934201D1F9F793FC7B681B68B3F17C
:10AD0000804F40F0AE805A4B9B79DBB2012B2AD1A9
:10AD1000584B5B8AB3F57A7F1FD3574B5B79DBB215
:10AD2000002B1AD0544B5B79DBB23C2B15D8524B1D
:10AD30005B79DBB2013BDAB24F4B5A714E4B5B7918
:10AD4000DBB2002B03D14A4B00229A7101E04A4B3F
:10AD50005B79484B00225A8205E0464B5B8A0133FF
:10AD60009AB2444B5A82434B1B78012B15D1414B6D
:10AD70005B88B3F5967F0AD33E4B00225A803F4B47
:10AD80000022A3F83C223B4B00221A7005E0394B0D
:10AD90005B8801339AB2374B5A80364B5B79012B73
:10ADA00018D1344BDB88B3F5967F0DD3314B00229D
:10ADB000DA80324B002283F81422314B00221A70C1
:10ADC0002C4B00225A7105E02A4BDB8801339AB2E2
:10ADD000284BDA80274B1B89B3F57A7F3BD3254B71
:10ADE0005B895B089BB21A461201D31A9B009AB288
:10ADF000214B1A821F4B00225A811E4B9B895B08F4
:10AE00009BB21A461201D31A9B009AB21A4B5A826D
:10AE1000184B00229A81174BDB895B089BB21A46BC
:10AE20001201D31A9B009AB2134B9A82114B002243
:10AE3000DA81104B1B8A5B089BB21A461201D31AA7
:10AE40009B009AB20C4BDA820A4B00221A82094B01
:10AE500000221A8105E0074B1B8901339AB2054B8A
:10AE60001A8100BF0837BD4680BD00BF00100040FA
:10AE7000244B0020A44D0020344B0020604B0020C8
:10AE8000544B002080B400AF72B600BF00BFFDE796
:10AE900080B58CB000AF07F11C0300221A605A6025
:10AEA0009A60DA601A610023BB61934B1B6B924A74
:10AEB00043F010031363904B1B6B03F01003BB6153
:10AEC000BB6900237B618C4B1B6B8B4A43F00403F3
:10AED0001363894B1B6B03F004037B617B690023C5
:10AEE0003B61854B1B6B844A43F080031363824BA9
:10AEF0001B6B03F080033B613B690023FB607E4BCF
:10AF00001B6B7D4A43F0010313637B4B1B6B03F008
:10AF10000103FB60FB680023BB60774B1B6B764A29
:10AF200043F002031363744B1B6B03F00203BB601B
:10AF3000BB6800237B60704B1B6B6F4A43F00803B8
:10AF400013636D4B1B6B03F008037B607B6800226F
:10AF50003C216A48F9F73EF900224FF480416848E5
:10AF6000F9F738F9002249F603116648F9F732F982
:10AF7000002201216448F9F72DF900224CF29F319B
:10AF80006248F9F727F93C23FB6101233B62012367
:10AF90007B620023BB6207F11C0319465748F8F790
:10AFA00069FE4FF40053FB6100233B6202237B6286
:10AFB00007F11C0319465248F8F75CFE4FF4804332
:10AFC000FB6101233B6201237B620023BB6207F12B
:10AFD0001C0319464A48F8F74DFE0A23FB61032378
:10AFE0003B6200237B6207F11C0319464448F8F7D3
:10AFF00041FE40F20313FB6101233B6200237B62AD
:10B000000023BB6207F11C0319463E48F8F732FEE5
:10B010000123FB6101233B6201237B620323BB62AB
:10B0200007F11C0319463848F8F724FE41F20603DD
:10B03000FB6100233B6201237B6207F11C0319467D
:10B040003148F8F717FE4FF4C073FB6100233B62F1
:10B0500001237B6207F11C0319462848F8F70AFE12
:10B060004CF29E33FB6101233B6201237B62002390
:10B07000BB6207F11C0319462448F8F7FBFD4FF4A7
:10B080000063FB6101233B6201237B6207F11C0328
:10B0900019461C48F8F7EEFD4FF48053FB6101237D
:10B0A0003B6201237B620223BB6207F11C0319464A
:10B0B0001448F8F7DFFD4FF40043FB6101233B62C6
:10B0C00001237B620023BB6207F11C0319460D4874
:10B0D000F8F7D0FD0123FB6101233B6201237B6272
:10B0E0000323BB6207F11C0319460848F8F7C2FDA9
:10B0F00000BF3037BD4680BD00380240001002401E
:10B10000000802400000024000040240000C02401F
:10B1100080B483B000AF0346FB710E4B1B78DBB2EB
:10B12000012B0ED10C4B1B78DBB2FA799A4208D175
:10B130000A4B1B78DAB20A4B1B789A4201D10123E1
:10B1400000E00023DBB218460C37BD465DF8047BF7
:10B15000704700BF554B00206C000020574B00206B
:10B16000D84D002080B483B000AF0346FB710A4B7A
:10B170001B78DBB2012B07D1084B1B78DBB2FA79C5
:10B180009A4201D1012300E00023DBB218460C37BC
:10B19000BD465DF8047B7047584B00206D000020D1
:10B1A00080B485B000AF0346FB71FB79002B01D161
:10B1B00000231BE0FB79632B03D90F4B9B8A9BB2C7
:10B1C00014E00D4B1B8A9BB21A46FB7902FB03F37A
:10B1D000FB60094B9B8A9BB21A46FB68934203D9DA
:10B1E000054B9B8A9BB2FB60FB689BB218461437E9
:10B1F000BD465DF8047B7047044B002080B586B0E7
:10B2000000AFF8607A603B600B467B81F9F71CFA6F
:10B210007861FB681A697B891340002B04D07B6836
:10B2200000221A70002321E07B681B78002B0AD1D2
:10B230007B6801221A703B687A691A603B6A7A69F6
:10B240001A60012312E03B681B687A69D31AB3F5D0
:10B25000167F0AD33B6A1B687A69D31A4F2B04D92D
:10B260003B6A7A691A60012300E000231846183708
:10B27000BD4680BD80B582B000AF0346FB71FB794F
:10B28000012B15D1184B1B8A9AB2174B5B8A9BB2C4
:10B290009A4207D2144B1B8A9BB201339AB2124BCB
:10B2A0001A8215E0104B5B8A9AB20F4B1A820FE09C
:10B2B0000D4B1B8A9BB2012B07D90B4B1B8A9BB2F0
:10B2C000013B9AB2084B1A8202E0074B01221A8214
:10B2D000054B1B8A9BB21946022002F053FE00BFA9
:10B2E0000837BD4680BD00BF044B002080B582B04A
:10B2F00000AF0346FB71FB79012B16D11C4B9B8AD7
:10B300009BB20A331A4AD28A92B2934205D3184B9F
:10B31000DB8A9AB2164B9A821EE0154B9B8A9BB22F
:10B320000A339AB2124B9A8216E0114B9B8A9BB257
:10B330001A460F4B5B8A9BB20A339A4207D90C4BD1
:10B340009B8A9BB20A3B9AB2094B9A8204E0084B53
:10B350005B8A9AB2064B9A826420FFF721FF03466C
:10B360001946022002F00EFE00BF0837BD4680BD20
:10B37000044B002080B400AF1D4B1B79DBB2062BC1
:10B3800030D801A252F823F0A5B30108A5B30108F3
:10B39000E5B30108B5B30108B5B30108C5B30108A9
:10B3A000D5B30108124B4FF42F629A82104B1C2226
:10B3B0001A8218E00E4B40F6F6129A820C4B1922B4
:10B3C0001A8210E00A4B40F692129A82084B182219
:10B3D0001A8208E0064B4FF416629A82044B182238
:10B3E0001A8200E000BF00BFBD465DF8047B7047D5
:10B3F000044B002080B582B000AF0346FB71FB799F
:10B40000012B01D1FFF7B6FF3220FFF7C9FE03463B
:10B410001A464C4B5A824B4B1B79DBB2062B00F27F
:10B420008B8001A252F823F045B401086FB40108E3
:10B4300039B501088DB40108B7B40108E5B40108B5
:10B440000FB501083F4B41F61462DA813D4B41F2E2
:10B450004462DA823B4BDB899BB21946012002F041
:10B4600091FD002220213848F8F7B4FE65E0354B05
:10B4700041F61462DA81334B41F24462DA82314B95
:10B48000DB899BB2184604F057FC56E02D4B41F285
:10B49000EC32DA812B4B40F63C72DA82294BDB89A5
:10B4A0009BB21946012002F06DFD012220212648A1
:10B4B000F8F790FE41E0234B41F2EC32DA81214B68
:10B4C00040F63C72DA821F4BDB899BB2184604F0CF
:10B4D00033FC4FF47A70F9F7C3F80021022002F030
:10B4E00051FD2AE0174B41F6B642DA81154B40F682
:10B4F0009212DA82134BDB899BB21946012002F0CB
:10B5000041FD012220211048F8F764FE15E00D4BA3
:10B5100041F6B642DA810B4B4FF41662DA82094BE0
:10B52000DB899BB21946012002F02CFD012220216B
:10B530000548F8F74FFE00E000BF00BF0837BD46E2
:10B5400080BD00BF044B00200010024080B500AF5A
:10B550001E4B1B8A9BB21E4AA2FB03235B099BB2B4
:10B56000DBB21946102007F031FF184B1B8A9BB243
:10B57000174AA2FB03125209642101FB02F29B1A33
:10B580009BB2DBB21946112007F020FF0F4B9B8ABC
:10B590009BB20F4AA2FB03235B099BB2DBB21946A5
:10B5A000122007F013FF094B9B8A9BB2084AA2FBAB
:10B5B00003125209642101FB02F29B1A9BB2DBB217
:10B5C0001946132007F002FF00BF80BD044B002086
:10B5D0001F85EB5180B584B000AF0346FB80FB882C
:10B5E000002B13D1012201212248F8F7F3FD224B51
:10B5F0001B6800229A63214B00221A80204B0022F4
:10B600001A60204B4FF00002DA612EE01B4B1B88C2
:10B61000002B19D11C4B1B68002B06D0F9F714F82E
:10B620000246194B1B68D31A00E00023FB60FB683D
:10B63000FF2B02D8FB68D9B200E0FF21FB884FF452
:10B640002F720D2003F0AAFA0B4B1B68FA889A633D
:10B650000A4AFB881380F8F7F7FF0346084A13608D
:10B66000002201210348F8F7B5FD00BF1037BD46A1
:10B6700080BD00BF00040240B8530020B84D002038
:10B68000D44D0020344B0020C04D002080B584B044
:10B6900000AF0346FB710F4B1B78FB73FB79184619
:10B6A00004F06EFC0B4B1B78DBB2FA7B9A420CD099
:10B6B000084B1B78DAB2084B1A70084AFB791370F2
:10B6C000F8F7C2FF0346064A136000BF1037BD46B5
:10B6D00080BD00BF564B0020D84D00206E000020DA
:10B6E000CC4D002080B582B000AF0346FB71FB79E2
:10B6F0001846FFF70DFD0346002B13D1FB791846C2
:10B70000FFF730FD0346002B0CD1F8F79DFF0246F2
:10B71000064B1B68D31A952B05D9FB791846FFF702
:10B72000B5FF00E000BF0837BD4680BDCC4D00200E
:10B7300080B500AF0F4B1B78DBB2002B14D104F0A7
:10B7400043FB0346002B11D0F8F77EFF02460A4B5D
:10B750001B68D31AC72B0BD9F8F776FF0346064AA6
:10B76000136004F0B1FB04E000BF02E000BF00E0A2
:10B7700000BF80BD544B0020D04D002080B500AFED
:10B780000020FFF727FF0120FFF780FFF8F75CFF9D
:10B790000346084A1360084B00221A60074B002238
:10B7A0001A60074B00221A60064B01221A7000BF74
:10B7B00080BD00BFC84D0020BC4D0020C04D002002
:10B7C000D04D0020DC4D002080B500AF0120FFF7F8
:10B7D00089FFFFF7ADFF0120FFF79AFC0346002B1E
:10B7E00005D10120FFF7BEFC0346002B01D0012349
:10B7F00000E00023DBB2184680BD000080B582B0B7
:10B8000000AFF8F721FF0246104B1B68D31A7B608C
:10B810007B68632B01D8002314E00020FFF762FF50
:10B82000FFF786FF0020FFF773FC0346002B05D1CE
:10B830000020FFF797FC0346002B01D0012300E016
:10B840000023DBB218460837BD4680BDBC4D002042
:10B8500080B500AF094B1B68002B01D100230BE022
:10B86000F8F7F2FE0246054B1B68D31AB3F52F7F9B
:10B8700001D3012300E00023184680BDC04D002005
:10B8800080B582B000AF274B1B88BB80264B1B883E
:10B89000002B25D0254B1A88234B1B889A421CD29B
:10B8A000234B1B8A9AB2214B1B881344FB801E4BEF
:10B8B0001B88FA889A4202D91B4B1B88FB80FB88A5
:10B8C0001846FFF787FE194B1A88174B1B889A42B8
:10B8D00024D3154B00221A8020E0134B00221A803B
:10B8E000124B1B88002B0FD1114B1B8A9BB2BA88BD
:10B8F0009A4209D90C4ABB8813800D4B1B8A9BB214
:10B900001846FFF767FE0AE0084B1B88BA889A4280
:10B9100005D0BB881846FFF75DFE00E000BF083782
:10B92000BD4680BDBA4D0020DA4D0020B84D002044
:10B93000044B002080B400AF064B01221A70064B66
:10B9400000221A60054B00221A8000BFBD465DF838
:10B95000047B7047D94D0020C44D0020DA4D0020F3
:10B9600080B500AF114B1B79DBB2042B01D0012352
:10B9700019E00F4B1B78032B01D0002313E00D4B74
:10B980001B88002B01D100230DE004F01DFA0346B3
:10B99000002B06D0084B1B78DBB2002B01D1012312
:10B9A00000E00023DBB2184680BD00BF044B00203E
:10B9B000DC4D0020BA4D0020544B002080B400AF75
:10B9C00000BFBD465DF8047B704780B483B000AF14
:10B9D0007860396000BF0C37BD465DF8047B704766
:10B9E00080B400AF00BFBD465DF8047B7047000027
:10B9F00080B485B000AFF860B9607A60FB68074A30
:10BA00001A60BB68064A1A607B6880221A6000BF11
:10BA10001437BD465DF8047B704700BF004E002020
:10BA2000784F0020B0B5ACB000AF0023C7F8A83005
:10BA30000023C7F8AC3007F1A8031846FEF7ADFAAB
:10BA400003463B4A13603B4B07F18C041D460FCD68
:10BA50000FC495E8070084E8070007F18C03002174
:10BA60001846FEF73AFA0346334A1360334B07F1A0
:10BA700070041D460FCD0FC495E8070084E8070049
:10BA800007F1700300211846FEF727FA03462C4AF7
:10BA900013602C4B07F154041D460FCD0FC495E8DD
:10BAA000070084E8070007F1540300211846FEF759
:10BAB00014FA0346244A1360244B07F138041D4648
:10BAC0000FCD0FC495E8070084E8070007F138039D
:10BAD00000211846FEF701FA03461D4A13601D4B6C
:10BAE00007F11C041D460FCD0FC495E8070084E83C
:10BAF000070007F11C0300211846FEF7EEF9034684
:10BB0000154A1360154B3C461D460FCD0FC495E8F2
:10BB1000070084E807003B4600211846FEF7DDF9E0
:10BB200003460F4A136000BFB037BD46B0BD00BF2B
:10BB3000F84D002068600208E04D00209060020887
:10BB4000E44D0020B8600208E84D0020DC600208E7
:10BB5000EC4D002004610208F04D00203061020825
:10BB6000F44D002080B584B000AF78600023FB73F3
:10BB70000023BB60BB68002B17D0F8F765FD0246B9
:10BB8000BB68D31A874A93420FD9874B00229A7118
:10BB9000864B5B78DBB21846FFF702FB034619467B
:10BBA000022002F0EFF90023BB60FB7B7E4A927912
:10BBB000D2B2934231D07C4B9B79DBB2002B14BFC5
:10BBC00001230023FB73784B9B79DBB2002B21D13F
:10BBD000754BDB79DBB2012B0ED1744B0122DA708D
:10BBE000724B32225A703220FFF7DAFA03461946B6
:10BBF000022002F0C7F90AE06C4B5B78DBB2184612
:10BC0000FFF7CEFA03461946022002F0BBF90023E3
:10BC1000BB6002E0F8F718FDB860634B9B79DBB2BC
:10BC2000012B02D1614B02221A70604B5B78DBB2B0
:10BC3000002B03D15D4B00221A7002E05B4B012206
:10BC40001A705B4B1B79DBB2012B04D0584B1B796C
:10BC5000DBB2042B10D1574B1B78DBB2002B0BD17E
:10BC6000514B1B7BDBB2002B06D1FFF779FE03465D
:10BC7000002B01D004F0CCF84B4B1B7ADBB2012B2C
:10BC80001AD14A4B1B8A9BB2B3F57A6F11D9474B35
:10BC90005B8A9BB2B3F57A6F0BD9444B9B8A9BB2FC
:10BCA000B3F57A6F05D9414BDB8A9BB2B3F57A6F56
:10BCB00002D83E4B06221A703C4BDB889BB23C4AB2
:10BCC000927AD2B2934204D2374B9B79DBB2012BEA
:10BCD0001FD1354B01221A72012210213648F8F784
:10BCE00079FA9620FEF745F9012208213248F8F743
:10BCF00071FA9620FEF73DF9012204212E48F8F74B
:10BD000069FA9620FEF735F9012202212A48F8F750
:10BD100061FA264BDB889BB2254AD27AD2B2934293
:10BD20001BD8214B9B79DBB2002B16D11E4B002276
:10BD30001A72002210212048F8F74CFA002208213C
:10BD40001D48F8F747FA002204211B48F8F742FA89
:10BD5000002202211848F8F73DFA144BDB889BB209
:10BD6000134A527AD2B2934209D3104B05221A7069
:10BD70000D4B0122DA720021022002F003F90B4B75
:10BD8000DB889BB20A4A127AD2B2934202D8064B9F
:10BD90000022DA7210210948F8F735FAC820FEF7B8
:10BDA000E8F8E7E6D04E0900244B0020344B002091
:10BDB000044B0020004B0020000C02400010024009
:10BDC00080B586B000AF786000237B73944B1B78FE
:10BDD000DBB2012B08D1924B00221A70A52115204D
:10BDE00007F0F4FAF8F7F5FB04F068FD01F062FEE5
:10BDF0008C4B9B79DBB2012B05D08A4B9B79DBB254
:10BE0000022B40F06981884BDB7ADBB2002B40F0DB
:10BE10006381854BDB79DBB2002B40F05D81814B88
:10BE20001B7EDBB2012B40F04581804B1B887B8160
:10BE30004FF07E533B617E4B1B8B9AB27B4B1B8832
:10BE40009A4207D97A4B1B8B9AB2784B1B88D31A2C
:10BE5000FB8206E0754B1A88754B1B8B9BB2D31A7D
:10BE6000FB82704B1B8A9BB2002B00F0AD806D4BA8
:10BE70001B8A9BB2FA8AB2FBF3F33B813B89022B0C
:10BE800038D86B4B1B8B9BB2002B30D0674B1B8879
:10BE90001A46644B1B8A9BB21946322301FB03F3FB
:10BEA0009A4221DC614B1B8819465E4B1B8A9BB270
:10BEB0001A4613469B0013449A001344994210DC1F
:10BEC0005A4B1B881946574B1B8A9BB21A4613467E
:10BED0009B0013445B00994201DD564B05E0564B35
:10BEE00003E04FF07C5300E0544B3B616CE0544B5B
:10BEF0003B6169E03B890A2B39D84D4B1B8B9BB2C8
:10BF0000002B31D0494B1B881A46464B1B8A9BB2EB
:10BF10001946322301FB03F39A4222DC434B1B8870
:10BF20001946404B1B8A9BB21A4613469B0013448A
:10BF30009A001344994212DC3C4B1B881946394B3A
:10BF40001B8A9BB21A4613469B0013445B0099421E
:10BF500002DD4FF07C5305E04FF07A5302E0374B9F
:10BF600000E0364B3B612FE0354B3B612CE03B89D9
:10BF7000142B0BD82E4B1B8B9BB2002B03D04FF0F6
:10BF80007E533B6120E02F4B3B611DE03B89322B10
:10BF90000AD8274B1B8B9BB2002B02D0284B3B614E
:10BFA00012E0294B3B610FE03B89502B0AD8204B14
:10BFB0001B8B9BB2002B02D0224B3B6104E0234B36
:10BFC0003B6101E0214B3B61164B1B8A9BB207EEA4
:10BFD000903AB8EEE77AD7ED047A67EE277AFCEE6E
:10BFE000E77A17EE903AFB81FB89002B01D1012300
:10BFF000FB810F4B1B8B9AB20C4B1B889A422FD99B
:10C000000B4B1B8B9BB21A46084B1B88D21AFB8921
:10C010009A421DDA064B1B8B9AB2044B1A803DE004
:10C0200048540020044B0020244B0020785100206D
:10C03000344B00209A99993E0AD7A33DCDCC4C3F72
:10C04000000040400000A0400000E040000020410F
:10C050009C4B1A88FB8913449AB29A4B1A801DE0B4
:10C06000994B1B8B9AB2974B1B889A4216D2954BD1
:10C070001B881A46944B1B8B9BB2D21AFB899A429F
:10C0800005DA914B1B8B9AB28E4B1A8006E08D4BD2
:10C090001A88FB89D31A9AB28A4B1A80894B1B885B
:10C0A0007A899A4218D0874B1B881946022001F0E2
:10C0B00069FF11E0844B1B8B9AB2824B1B889A421A
:10C0C0000AD0814B1B8B9AB27E4B1A807D4B1B880A
:10C0D0001946022001F056FF7C4B5B79DBB2012B45
:10C0E00040F0B1817A4B1B684FF0FF311846FDF7E5
:10C0F0006DFF0346002B40F0A681764B9B78A53B55
:10C10000042B00F28D8101A252F823F021C1010815
:10C11000C7C10108E1C2010821C40108DDC301084B
:10C120006C4B5B791A46920013441A4691001A46EA
:10C130000B4613449B00DAB2664B9B791946890083
:10C140000B445B00DBB21344DAB2624BDB7913447D
:10C15000DBB230337B735D4B9B79DBB2002B2AD192
:10C160007B7B642B0ED8584A7B7B5370564B5B7895
:10C17000DBB21846FFF714F803461946022001F017
:10C1800001FF4FE17B7B544AA2FB03125209642159
:10C1900001FB02F29B1ADBB20133DAB24A4B5A714D
:10C1A0004A4B01229A714D4BDB8A9BB21946022001
:10C1B00001F0E8FE36E17B7B642B00F23381424ADA
:10C1C0007B7B53702EE1434B5B791A4692001344FC
:10C1D0005B00DAB23F4B9B791344DBB2103BDAB21F
:10C1E0003C4B83F80A223D4B5B78DAB2394B93F82B
:10C1F0000A329A4264D8394B5B78DBB29B00023337
:10C20000344A13445B781A46920013441A4691004C
:10C210001A460B4613449B00DAB2304B5B78DBB214
:10C220009B0003332B490B445B78194689000B4470
:10C230005B00DBB21344DAB2284B5B78DBB201332C
:10C240009B0024490B445B781344DBB230337B738F
:10C250001E4B9B79DBB2002B2AD17B7B642B0ED843
:10C26000194A7B7B5370184B5B78DBB21846FEF79C
:10C2700097FF03461946022001F084FED4E07B7B41
:10C28000154AA2FB03125209642101FB02F29B1A18
:10C29000DBB20133DAB20C4B5A710C4B01229A71AA
:10C2A0000E4BDB8A9BB21946022001F06BFEBBE00D
:10C2B0007B7B642B00F2B880034A7B7B5370B3E036
:10C2C00000BFB1E078510020344B0020244B002007
:10C2D000F84D0020604B00201F85EB51044B0020DF
:10C2E0005B4B5B791A46920013445B00DAB2584B01
:10C2F0009B791344DBB2103BDAB2554B83F8092229
:10C30000544B1B78DAB2524B93F809329A4263D8F5
:10C31000504B1B78DBB29B0002334D4A13445B78D1
:10C320001A46920013441A4691001A460B461344CB
:10C330009B00DAB2474B1B78DBB29B0003334449C6
:10C340000B445B78194689000B445B00DBB2134455
:10C35000DAB2404B1B78DBB201339B003C490B4403
:10C360005B781344DBB230337B733B4B9B79DBB29E
:10C37000002B2AD17B7B642B0ED8384A7B7B5370F1
:10C38000364B5B78DBB21846FEF70AFF03461946C8
:10C39000022001F0F7FD49E07B7B314AA2FB03124A
:10C3A0005209642101FB02F29B1ADBB20133DAB2BB
:10C3B0002A4B5A71284B01229A71264BDB8A9BB279
:10C3C0001946022001F0DEFD30E07B7B642B2DD886
:10C3D000224A7B7B537029E000BF27E01C4B5B792E
:10C3E0001A46920013445B00DAB2194B9B7913444E
:10C3F000DBB2103BDAB2164B83F80922154B1B78DF
:10C40000DAB2134B93F809329A4211D1154B1B68DB
:10C410009B680021184608F083FF03F089FA07E0C3
:10C4200000BF06E000BF04E000BF02E000BF00E084
:10C4300000BF094B00225A710B4B1B681846FDF7D1
:10C4400013FE00237B730A20FDF793FDBEE400BFBB
:10C45000604B0020044B0020244B0020344B002074
:10C460001F85EB510C000020F84D002080B58AB0EC
:10C4700002AF78600023FB770023BB7700237B7734
:10C480000023BB7600237B7600237B6100233B6186
:10C490000023FB600023BB60A74B1B7BDBB2002BA0
:10C4A00003D0012B00F0BF80C0E04FF4FA6300938B
:10C4B000322300224FF40051A04801F0F5F9034661
:10C4C000FB77FB7F022B51D19D4B1B78DBB2032BFB
:10C4D0003CD09B4B1B78DBB2042B37D0984B1B789E
:10C4E000DBB2052B32D0974BDB79DBB2012B12D1BB
:10C4F000944B0022DA71924B0022DA70904B0022AA
:10C500005A70904B00229A71FFF714FA0021022012
:10C5100001F038FD86E08B4B0122DA7101224FF4E5
:10C5200080418648F7F756FE854B0122DA70844B2E
:10C5300032225A70834B00229A713220FEF730FE6D
:10C5400003461946022001F01DFD6BE07D4B0022E1
:10C55000DA717B4B0022DA70794B00225A70FFF7B8
:10C56000E9F90021022001F00DFD5EE0FB7F012BC7
:10C5700053D1744BDB79DBB2012B56D1704BDB7896
:10C58000DBB20133DAB26E4BDA706D4BDB78DBB2C3
:10C59000032B2CD0032B42DC012B02D0022B0FD01B
:10C5A0003DE0674B32225A70664B00229A7132206E
:10C5B000FEF7F6FD03461946022001F0E3FC31E0E8
:10C5C0005F4B64225A705F4B00229A716420FEF721
:10C5D000E7FD03461946022001F0D4FC564B1B79B7
:10C5E000DBB2052B1DD1564B0022DA7019E0524BFD
:10C5F000DB78DAB2524B5A714F4BDB8A9BB2194649
:10C60000022001F0BFFC4E4B00225A704C4B00221E
:10C61000DA704C4B01229A7104E000BF05E000BFC4
:10C6200003E000BF01E000BF00E000BF464B1B7805
:10C63000DBB2082B00F2758701A252F823F000BF8D
:10C6400065C60108B9C6010859C70108D7C701085E
:10C6500055C801088BCA0108CFCD010811D00108C7
:10C6600097D201084FF4FA630093142300224FF489
:10C670008071364801F018F90346FB77FB7F012BE8
:10C680000CD1314B9B78DBB2002B02D12E4B012217
:10C690001A702D4B00229A7000F05ABFFB7F022BBC
:10C6A00007D1294B04221A70294B01221A7000F07D
:10C6B0004FBF00BF00F04CBF4FF4FA630093142348
:10C6C00000224FF48071214801F0EEF80346FB7719
:10C6D000FB7F012B02D11C4B00221A70164B9B7959
:10C6E000DBB2032B40F01F874FF4FA63009314234F
:10C6F00000220421174801F0D7F80346BB774FF416
:10C70000FA630093142300228021104801F0CCF832
:10C7100003467B77BB7F012B04D10B4B03221A709E
:10C7200000F003BF7B7F012B40F0FF86064B022207
:10C730001A7000F0FABE00BF044B0020000802404F
:10C74000344B0020244B0020004B002000100240FE
:10C75000204B0020000402404FF4FA63009314239E
:10C7600000224FF48071B24801F09EF80346FB7737
:10C77000FB7F012B02D1AF4B00221A70AE4B9B798D
:10C78000DBB2032B40F0D3864FF4FA6300931423FB
:10C7900000220421A94801F087F80346BB774FF433
:10C7A000FA630093142300228021A14801F07CF851
:10C7B00003467B77BB7F012B04D19E4B01221A706D
:10C7C00000F0B7BE7B7F012B40F0B386994B03226C
:10C7D0001A7000F0AEBE4FF4FA63009314230022E7
:10C7E0004FF48071924801F05FF80346FB77FB7FBE
:10C7F000012B02D18F4B00221A708F4B9B79DBB239
:10C80000032B40F098864FF4FA6300931423002220
:10C8100004218A4801F048F80346BB774FF4FA63D5
:10C820000093142300228021814801F03DF8034643
:10C830007B77BB7F012B04D17E4B02221A7000F064
:10C840007CBE7B7F012B40F078867A4B01221A70E8
:10C8500000F073BE4FF4FA630093142300224FF4E8
:10C860008071734801F020F80346FB77FB7F022BB1
:10C8700022D1714B1B78DBB21946012006F0A6FDD0
:10C880006D4B5B78DBB21946022006F09FFD6A4BC8
:10C890009B78DBB21946032006F098FD664BDB78E7
:10C8A000DBB21946042006F091FD624B01229A701A
:10C8B000604B00221A700AE0FB7F012B06D15D4B12
:10C8C00005221A705E4B05221A7000E000BF4FF47B
:10C8D000FA630093142300220221584800F0E4FF79
:10C8E0000346FB77FB7F012B13D1554B1B78DBB243
:10C8F000132B07D8524B1B78DBB21433DAB2504BF0
:10C900001A7006E04E4B1B78DBB2143BDAB24C4B8C
:10C910001A704FF4FA6300931423002280214448D4
:10C9200000F0C2FF0346FB77FB7F012B47D1444B4E
:10C930001B78DBB2132B10D8414B1B78DBB2012BD9
:10C9400003D83F4B04221A7039E03D4B1B78DBB211
:10C95000013BDAB23A4B1A7031E0394B1B78DBB24B
:10C96000153B032B2AD801A252F823F07DC90108F8
:10C970008DC901089DC90108ADC901082E4B1B785E
:10C98000DBB20133DAB22C4B1A7018E02A4B5B7819
:10C99000DBB20133DAB2284B5A7010E0264B9B7899
:10C9A000DBB20133DAB2244B9A7008E0224BDB7819
:10C9B000DBB20133DAB2204BDA7000E000BF4FF493
:10C9C000FA6300931423002204211C4800F06CFF3A
:10C9D0000346FB77FB7F012B40F0B185184B1B789A
:10C9E000DBB2132B12D8164B1B78DBB2032B04D906
:10C9F000134B01221A7000F0A2BD114B1B78DBB261
:10CA00000133DAB20E4B1A7000F099BD0C4B1B7853
:10CA1000DBB2153B032B35D801A252F823F000BF3F
:10CA200045CA010855CA010865CA010875CA010846
:10CA300000100240004B0020044B00200004024084
:10CA4000204B0020AB4B1B78DBB2013BDAB2A94B89
:10CA50001A7018E0A74B5B78DBB2013BDAB2A54B4A
:10CA60005A7010E0A34B9B78DBB2013BDAB2A14BCA
:10CA70009A7008E09F4BDB78DBB2013BDAB29D4B4A
:10CA8000DA7000E000BF00F05ABD4FF4FA63009383
:10CA9000142300224FF48071974800F005FF0346ED
:10CAA000FB77FB7F022B2FD1944B5B7BDBB2012BFF
:10CAB00007D10120FEF79EFCFEF748FD8F4B0022B8
:10CAC0005A738C4B1B79DBB21946052006F07EFCAD
:10CAD000884B5B79DBB21946062006F077FC854B64
:10CAE0009B79DBB21946072006F070FC814BDB799D
:10CAF000DBB21946082006F069FC814B01229A70CE
:10CB00007F4B00221A700AE0FB7F012B06D17C4B81
:10CB100006221A707B4B09221A7000E000BF4FF406
:10CB2000FA630093142300220221774800F0BCFE30
:10CB30000346FB77FB7F012B13D1724B1B78DBB2D3
:10CB4000132B07D86F4B1B78DBB21433DAB26D4B63
:10CB50001A7006E06B4B1B78DBB2143BDAB2694B00
:10CB60001A704FF4FA630093142300228021624864
:10CB700000F09AFE0346FB77FB7F012B40F082809A
:10CB8000604B1B78DBB2132B10D85E4B1B78DBB2EB
:10CB9000052B03D85B4B08221A7073E0594B1B78A6
:10CBA000DBB2013BDAB2574B1A706BE0554B1B7886
:10CBB000DBB2193B032B62D801A252F823F000BF6D
:10CBC000D1CB01080BCC010813CC010877CC0108AC
:10CBD000484B1B793B77474B1B79DBB2042B03D9BE
:10CBE000444B00221A7106E0424B1B79DBB2013341
:10CBF000DAB2404B1A713F4B1B79DBB23A7F9A4253
:10CC00003FD03E4B01225A733BE03A4B6E225A71A1
:10CC100038E0384B9B79DBB2022B03D9354B00222D
:10CC20009A712FE0334B9B79DBB20133DAB2314B8F
:10CC30009A71304B9B79DBB2012B0BD13348FAF759
:10CC4000C1F90346002B10D1314B00225A7002F07B
:10CC5000B3F90AE02D48FAF7B5F90346002B04D1E1
:10CC60002B4B00225A7002F017F80122294927485D
:10CC7000FAF765FA06E01F4B0122DA7102E000BF05
:10CC800000E000BF4FF4FA63009314230022042154
:10CC90001D4800F009FE0346FB77FB7F012B40F0A7
:10CCA0005084184B1B78DBB2132B12D8154B1B7812
:10CCB000DBB2072B04D9134B05221A7000F041BCDC
:10CCC000104B1B78DBB20133DAB20E4B1A7000F056
:10CCD00038BC0C4B1B78DBB2193B032B73D801A279
:10CCE00052F823F019CD010853CD01085BCD01089E
:10CCF000BFCD0108044B002000100240244B00204F
:10CD0000004B0020204B002000040240C05A0020AD
:10CD1000344B0020604B0020A74B1B79FB76A64BC1
:10CD20001B79DBB2002B03D1A34B05221A7106E05D
:10CD3000A14B1B79DBB2013BDAB29F4B1A719E4BC0
:10CD40001B79DBB2FA7E9A423FD09C4B01225A7388
:10CD50003BE0994BDC225A7138E0974B9B79DBB270
:10CD6000002B03D1944B03229A712FE0924B9B79B5
:10CD7000DBB2013BDAB2904B9A718F4B9B79DBB2FD
:10CD8000012B0BD18E48FAF71DF90346002B10D169
:10CD90008C4B00225A7002F00FF90AE08848FAF72B
:10CDA00011F90346002B04D1864B00225A7001F082
:10CDB00073FF012284498248FAF7C1F906E07E4BED
:10CDC0000022DA7102E000BFBBE300BFB9E34FF419
:10CDD000FA630093142300224FF480717B4800F023
:10CDE00063FD0346FB77FB7F022B22D1724B1B7A3C
:10CDF000DBB21946092006F0E9FA6F4B5B7ADBB229
:10CE000019460A2006F0E2FA6B4B9B7ADBB2194610
:10CE10000B2006F0DBFA684BDB7ADBB219460C20FC
:10CE200006F0D4FA6A4B01229A70694B00221A70FC
:10CE30000AE0FB7F012B06D1654B07221A70654B78
:10CE40000D221A7000E000BF4FF4FA630093142320
:10CE500000220221604800F027FD0346FB77FB7F9C
:10CE6000012B13D15B4B1B78DBB2132B07D8594B2B
:10CE70001B78DBB21433DAB2564B1A7006E0554B0E
:10CE80001B78DBB2143BDAB2524B1A704FF4FA63E0
:10CE900000931423002280214C4800F005FD034636
:10CEA000FB77FB7F012B48D14A4B1B78DBB2132B5E
:10CEB00010D8484B1B78DBB2092B03D8454B0C220A
:10CEC0001A703AE0434B1B78DBB2013BDAB2414BBC
:10CED0001A7032E03F4B1B78DBB21D3B032B2BD883
:10CEE00001A252F823F000BFF9CE010809CF0108D2
:10CEF00019CF010829CF01082F4B1B7ADBB2013370
:10CF0000DAB22D4B1A7218E02B4B5B7ADBB201338D
:10CF1000DAB2294B5A7210E0274B9B7ADBB201330D
:10CF2000DAB2254B9A7208E0234BDB7ADBB201338D
:10CF3000DAB2214BDA7200E000BF4FF4FA630093DB
:10CF4000142300220421244800F0AEFC0346FB77A2
:10CF5000FB7F012B40F0F7821E4B1B78DBB2132BBB
:10CF600010D81C4B1B78DBB20B2B03D9194B0922B1
:10CF70001A70E8E2174B1B78DBB20133DAB2154BBB
:10CF80001A70E0E2134B1B78DBB21D3B032B3DD83C
:10CF900001A252F823F000BFA9CF0108DDCF01089C
:10CFA000EDCF0108FDCF0108034B1B7ADBB2013B3B
:10CFB000DAB2014B1A722AE0044B0020244B002005
:10CFC000C05A0020344B0020604B0020001002406B
:10CFD000004B0020204B0020000402409C4B5B7A59
:10CFE000DBB2013BDAB29A4B5A7210E0984B9B7A53
:10CFF000DBB2013BDAB2964B9A7208E0944BDB7AD3
:10D00000DBB2013BDAB2924BDA7200E000BF9AE287
:10D010004FF4FA630093142300224FF480718D487B
:10D0200000F042FC0346FB77FB7F022B21D1884BAB
:10D030001B7BDBB219460D2006F0C8F9844B5B7BE5
:10D04000DBB219460E2006F0C1F9814BDB899BB299
:10D05000814AA2FB03235B099BB2DBB219460F2076
:10D0600006F0B4F97D4B01229A707C4B00221A70B5
:10D070000AE0FB7F012B06D1784B08221A70784B0F
:10D0800011221A7000E000BF4FF4FA6300931423DA
:10D0900000220221734800F007FC0346FB77FB7F68
:10D0A000012B1ED16E4B1B78DBB2132B12D86C4BAD
:10D0B0001B78DBB21433DAB2694B1A70684B1B78F9
:10D0C000DBB2242B0DD1654B00221A70644B102269
:10D0D0001A7006E0624B1B78DBB2143BDAB2604B8D
:10D0E0001A704FF4FA6300931423002280215948E8
:10D0F00000F0DAFB0346FB77FB7F012B57D1584B3F
:10D100001B78DBB2132B10D8554B1B78DBB20D2BE1
:10D1100003D8534B10221A7049E0514B1B78DBB2F5
:10D12000013BDAB24E4B1A7041E04D4B1B78DBB23B
:10D13000232B1BD0232B39DC212B02D0222B04D014
:10D1400034E0434B01221A7331E0414B5B7BDBB28D
:10D15000012B03D93E4B00225A7328E03C4B5B7BEA
:10D16000DBB20133DAB23A4B5A7320E0384BDB8939
:10D170009BB2B3F5FA5F04D3354B4FF4FA52DA8120
:10D1800015E0334BDB899BB264339AB2304BDA81C2
:10D190002F4BDB899BB21946012000F0F3FE2C4B8C
:10D1A000DB899BB2184602F0C7FD00E000BF4FF4D8
:10D1B000FA6300931423002204212A4800F074FB30
:10D1C0000346FB77FB7F012B40F0BF81244B1B788C
:10D1D000DBB2132B10D8224B1B78DBB20F2B03D9F9
:10D1E0001F4B0D221A70B0E11D4B1B78DBB20133CF
:10D1F000DAB21B4B1A70A8E1194B1B78DBB2232B58
:10D200001BD0232B45DC212B02D0222B04D040E065
:10D210000F4B00221A733DE00D4B5B7BDBB2002B02
:10D2200003D10B4B02225A7334E0094B5B7BDBB218
:10D23000013BDAB2064B5A732CE0054BDB899BB2FB
:10D24000B3F5FA6F10D8024B4FF4FA62DA8121E09D
:10D25000044B0020001002401F85EB51004B0020C2
:10D26000204B002000040240A14BDB899BB2643BB1
:10D270009AB29F4BDA819E4BDB899BB21946012003
:10D2800000F080FE9A4BDB899BB2184602F054FDF9
:10D2900000E000BF59E1974B1B78DBB2252B08D08B
:10D2A000944B1B78DBB2262B03D00023BB760023E4
:10D2B0007B764FF4FA630093142300224FF48071BD
:10D2C0008D4800F0F1FA0346FB77FB7F022B13D168
:10D2D000FEF73CF9864B1B7EDBB21946142006F0A4
:10D2E00075F80021022000F04DFE844B01229A7057
:10D2F000824B00221A700AE0FB7F012B06D17F4B84
:10D3000004221A707B4B01221A7000E000BF4FF418
:10D31000FA630093142300220221794800F0C4FA32
:10D320000346FB77FB7F012B13D1724B1B78DBB2DB
:10D33000132B07D86F4B1B78DBB21433DAB26D4B6B
:10D340001A7006E06B4B1B78DBB2143BDAB2694B08
:10D350001A70684B1B78DBB2252B04D0654B1B7809
:10D36000DBB2262B0ED107F1140107F11A0207F1E7
:10D37000100300930B4680215F48FDF73FFF0346F3
:10D38000FB770AE04FF4FA63009314230022802114
:10D39000594800F089FA0346FB77FB7F012B40D107
:10D3A000544B1B78DBB2132B19D8524B1B78DBB2D2
:10D3B000112B0CD84E4B1B79DBB2052B03D14D4BF7
:10D3C00013221A702DE04B4B12221A7029E0494BA0
:10D3D0001B78DBB2013BDAB2464B1A7021E0454BB9
:10D3E0001B78DBB2272B0ED0272B19DC252B02D084
:10D3F000262B04D014E00120FDF73CFF11E00120B2
:10D40000FDF774FF0DE03A4B1B7EDBB2012B03D11D
:10D41000374B00221A7604E0354B01221A7600E0E1
:10D4200000BF344B1B78DBB2252B04D0314B1B786B
:10D43000DBB2262B0ED107F10C0107F1190207F11F
:10D44000080300930B4604212D48FDF7D7FE034641
:10D45000FB770AE04FF4FA630093142300220421BF
:10D46000274800F021FA0346FB77FB7F012B6ED1A2
:10D47000204B1B78DBB2132B26D81D4B1B79DBB25C
:10D48000052B10D11B4B1B78DBB2122B03D9194B88
:10D4900011221A705BE0174B1B78DBB20133DAB252
:10D4A000144B1A7053E0134B1B78DBB2112B03D9CA
:10D4B000104B11221A704AE00E4B1B78DBB201337D
:10D4C000DAB20C4B1A7042E00A4B1B78DBB2272B06
:10D4D00018D0272B23DC252B02D0262B04D01EE0CE
:10D4E0000020FDF7C7FE1BE00020FDF7FFFE17E060
:10D4F000044B0020204B002000100240004B002075
:10D5000000040240154B1B7EDBB2012B03D1134BF1
:10D5100000221A7604E0114B01221A7600E000BFC7
:10D5200015E000BF14E000BF12E000BF10E000BF34
:10D530000EE000BF0CE000BF0AE000BF08E000BF43
:10D5400006E000BF04E000BF02E000BF00E000BF53
:10D550000120FCF70EFDFEF79FBF00BF044B00202B
:10D5600080B582B000AF78602A4B1B78DBB2082B05
:10D570004AD801A252F823F09DD50108A9D5010887
:10D58000B5D50108C1D50108CDD50108D9D5010807
:10D59000E5D50108F1D50108FDD50108002003F00B
:10D5A00021FC04F0C9FA30E0002003F01BFC04F079
:10D5B00087FC2AE0002003F015FC04F093FD24E032
:10D5C000002003F00FFC04F06DFE1EE0002003F0CD
:10D5D00009FC04F033FF18E0002003F003FC05F021
:10D5E00067F812E0002003F0FDFB05F0F3FA0CE011
:10D5F000002003F0F7FB05F025FC06E0002003F017
:10D60000F1FB05F087FD00E000BFC820FCF7B1FC8E
:10D61000AAE700BF004B002080B586B000AF78605D
:10D6200000233B610023FB604FF00003BB6000233D
:10D63000FB754BE09848F5F7CBFA01219648F5F7D2
:10D6400099FB9548F5F721FC03469AB2934B5A8112
:10D65000924B5B899BB203F47E6307EE903AF8EE3F
:10D66000677A97ED027A77EE277AC7ED027A8A48D1
:10D67000F5F7AEFA01218848F5F77CFB8648F5F707
:10D6800004FC03469AB2854B9A81844B9B899BB2DA
:10D6900003F47E63FA681344FB607F48F5F798FA59
:10D6A00001217D48F5F766FB7B48F5F7EEFB034665
:10D6B0009AB27A4BDA81794BDB899BB203F47E63B1
:10D6C0003A6913443B61FB7D0133FB75FB7D092BFC
:10D6D000B0D9734B1B79DBB2002B21D1D7ED027A85
:10D6E000B2EE047AC7EE876A16EE900AF3F746F8B0
:10D6F0005DA3D3E90023F2F7B3FD02460B461046C3
:10D7000019465BA3D3E90023F2F7D8FE02460B4685
:10D7100010461946F3F7D2F80346604AD3614EE04B
:10D720005F4B1B79DBB2052B21D1D7ED027AB2EE2C
:10D73000047AC7EE876A16EE900AF3F71FF84AA339
:10D74000D3E90023F2F78CFD02460B46104619463A
:10D7500047A3D3E90023F2F7B1FE02460B46104679
:10D760001946F3F7ABF803464C4AD36127E04C4B1C
:10D770001B79DBB2032B21D1D7ED027AB2EE047A0A
:10D78000C7EE876A16EE900AF2F7F8FF3AA3D3E9DC
:10D790000023F2F765FD02460B461046194638A3F2
:10D7A000D3E90023F2F78AFE02460B4610461946DB
:10D7B000F3F784F80346394AD36100E000BF374BE2
:10D7C000D3ED077AF5EEC07AF1EE10FA03D8334BB9
:10D7D0004FF00002DA61FB6807EE903AF8EE677AE4
:10D7E000B2EE047AC7EE876A16EE900AF2F7C6FF29
:10D7F00025A3D3E90023F2F733FD02460B4610467A
:10D80000194623A3D3E90023F2F75AFE02460B463A
:10D8100010461946F3F732F803469AB21F4BDA80E6
:10D820001E4BDB889BB2002B02D11C4B0022DA80FE
:10D830003B691C4AA2FB0323DB089AB2174B1A81EF
:10D84000164B1B899BB2002B02D1144B00221A816C
:10D8500000233B614FF00003BB600023FB601E20F0
:10D86000FCF787FBE3E600BFB37BF2B0506B8A3F67
:10D8700001DE02098A7F22406EA301BC0512943F9B
:10D88000EC51B81E85EB2B40DE718A8EE4F29FBF0F
:10D89000D578E926311056407C510020344B0020C9
:10D8A000044B0020CDCCCCCC80B586B000AFF86066
:10D8B000084611461A4603467B810B467B72134687
:10D8C000FB800023FB753A8CFB88D31ABB82F6F7EA
:10D8D000BBFE38611E20FCF74CFBFB681A697B8994
:10D8E0001340002B14BF01230023DBB21A467B7ABE
:10D8F0009A4245D1FB881846FCF73BFB32E0F6F72D
:10D90000A3FE02463B69D21ABB8A9A4218D37B898E
:10D910001946F86800F088F80346002B37D17B8958
:10D920001946F86800F080F80346012B2FD0022337
:10D93000FB757B8901221946F86800F02FF826E074
:10D94000F6F782FE02463B69D21AFB889A4209D357
:10D950007B891946F86800F067F80346002B01D16F
:10D960000123FB75FB681A697B891340002B14BFE8
:10D9700001230023DBB21A467B7A9A42BFD007E02C
:10D980007B8900221946F86800F008F800E000BF23
:10D99000FB7D18461837BD4680BD000080B483B0BB
:10D9A00000AF78600B467B8013467B707B681A4A19
:10D9B00093420DD17B88022B03D1184A7B781370D8
:10D9C00024E07B88042B21D1144A7B7893701DE0DE
:10D9D0007B68134A93420ED17B88802B03D10F4A78
:10D9E0007B78537012E07B88B3F5807F0ED10B4AB1
:10D9F0007B78D3700AE07B680A4A934206D17B8821
:10DA0000B3F5005F02D1054A7B78137100BF0C3774
:10DA1000BD465DF8047B704700040240244B0020A3
:10DA2000001002400008024080B483B000AF78606C
:10DA30000B467B807B681B4A93420DD17B88022B6F
:10DA400003D1194B1B78DBB226E07B88042B22D153
:10DA5000154B9B78DBB21FE07B68144A93420ED1D2
:10DA60007B88802B03D1104B5B78DBB214E07B8882
:10DA7000B3F5807F0FD10C4BDB78DBB20CE07B6819
:10DA80000B4A934207D17B88B3F5005F03D1064B65
:10DA90001B79DBB200E0002318460C37BD465DF869
:10DAA000047B704700040240244B00200010024019
:10DAB0000008024090B583B000AF994B1B88FB80F3
:10DAC000984B1B79DBB2042B40F03782964BDB7A04
:10DAD000DBB2012B02D10023FB803FE0924BDB79CC
:10DAE000DBB2012B21D1904B9B79DBB2012B03D10F
:10DAF0008C4BDB8AFB8031E08C4BDB78DBB2012B7B
:10DB000005D13220FDF74CFB0346FB8026E0874B16
:10DB1000DB78DBB2022B05D16420FDF741FB034625
:10DB2000FB801BE00023FB8018E07F4B9B79DBB27E
:10DB3000012B03D17B4BDB8AFB800FE07B4B5B78B7
:10DB4000DBB2002B08D0794B5B78DBB21846FDF7CF
:10DB500027FB0346FB8001E00023FB80704AFB8823
:10DB600013806F4B1B88002B6AD10020FDF732FD1C
:10DB70006F4B00221A806F4B1B78002B06D06D4B29
:10DB800000221A706C4B00221A6027E06B4B1B7846
:10DB9000032B20D1684B1B68002B0DD1F6F754FDE9
:10DBA000034603F6B833644A1360002300220021C1
:10DBB000102000F0F3FFC2E1F6F746FD02465E4B8F
:10DBC0001B68D31A002BC0F2BA815B4B00221A608B
:10DBD000FDF7D4FDB3E1584B00221A60574B1B7878
:10DBE000002B13D1564B1B88002B0FD1554B1B78A4
:10DBF000012B0BD10020FDF7B5FA0346002B02D014
:10DC0000FDF7BCFDA4E1FDF793FDA1E14B4B1B78B3
:10DC1000012B02D0FDF7B2FD93E1FDF7D5FD0346E0
:10DC2000002B00F08E81454B00221A70464B0022DB
:10DC30001A60464B00221A60454B00221A6080E1B0
:10DC40003D4B00221A603D4B1B78032B40F0A18016
:10DC50000120FDF787FA0346002B1AD00020FDF7BC
:10DC600057FA0346002B14D13A4B1B78D9B2354BE7
:10DC70001B781A46324B1B880B2000F08FFF0020C8
:10DC8000FDF7A8FC2D4B00221A70294B00221A80A8
:10DC90005EE12B4B1B88002B62D02D4B1B68002BA9
:10DCA0005ED00020FDF75EFA0346002B58D0F6F751
:10DCB000CBFC0246264B1B68D31AB3F5FA7F4FD331
:10DCC0001A4BD3ED077A9FED247AF4EEC77AF1EE82
:10DCD00010FA45D81F4B1B78D9B2194B1B8800226C
:10DCE0000C2000F05BFF0020FDF774FC104B0022BD
:10DCF0001A800E4B4FF00002DA610020FDF7C6FCDF
:10DD0000F6F7A2FC0346104A1360104B00221A607B
:10DD1000124B00221A60094B02221A7018E100BF50
:10DD2000BA4D0020044B0020244B0020344B00202F
:10DD3000DA4D0020D94D0020C44D0020DC4D0020DC
:10DD4000B84D00206E000020BC4D0020C04D0020CA
:10DD5000D44D00206D0000200AD7233CD04D002078
:10DD60007D4B1A887D4B1B889A4204D17C4B1B88C3
:10DD7000002B00F0E880784B1B88002B06D1774BF6
:10DD80001B8800220221112000F008FFFDF778FD1A
:10DD9000D9E0744B1B78012B3DD10020FDF71AFC14
:10DDA0000020FDF7DFF90346002B11D06D4B032255
:10DDB0001A70F6F749FC03466B4A1360674B1B88E1
:10DDC00000220121112000F0E9FEFDF759FDBFE01E
:10DDD000FDF7FAFC0346002B11D10020FDF756FC9D
:10DDE000F6F732FC0346614A13605F4B00221A606B
:10DDF0005F4B00221A605B4B02221A70A8E0594B5D
:10DE000000221A70594B00221A60574B00221A60E8
:10DE1000584B00221A60534B1B78002B18D100205E
:10DE2000FDF7D8FB544B4FF00002DA610020FDF7FC
:10DE30002DFCF6F709FC03464C4A13604A4B0022BE
:10DE40001A604B4B00221A60464B02221A707FE088
:10DE5000444B1B78022B42D10020FDF7BBFBFDF7A2
:10DE6000CDFC0346002B70D03F4B1B68002B04D128
:10DE7000F6F7EAFB03463C4A1360FDF7E9FC03466C
:10DE8000002B64D0354B1B88002B02D1FDF776FCAC
:10DE90005EE0F6F7D9FB0246334B1B68D31A3B60B2
:10DEA0003B68FF2B02D83B68D9B200E0FF212B4B27
:10DEB0001B884FF42F720F2000F070FE2F4B1B7841
:10DEC000DCB20020FDF724F903461A46234B1B88D9
:10DED00021460A2000F062FE224B03221A70012024
:10DEE000FDF740F90346002B1AD00020FDF710F98A
:10DEF0000346002B14D1214B1B78D9B2204B1B7841
:10DF00001A46154B1B880B2000F048FE0020FDF739
:10DF100061FB144B00221A70114B00221A8017E08B
:10DF20000D4B1A880D4B1B889A4203D10C4B1B8852
:10DF3000002B0DD0FDF7A4FC0AE000BF08E000BFF5
:10DF400006E000BF04E000BF02E000BF00E000BF49
:10DF50000C37BD4690BD00BFB84D0020BA4D002023
:10DF6000DA4D0020DC4D0020C04D0020BC4D0020CB
:10DF7000D04D0020D44D0020344B00206D000020F7
:10DF80006E00002080B584B000AF03460A46FB71E6
:10DF90001346BB80FB79012B04D1454B1B68BA8823
:10DFA0005A6381E0434B01221A73434B1B79DBB266
:10DFB000052B04D1002220214048F6F70BF93E4BF7
:10DFC0001B79DBB2042B29D1BB88002B03D03C4A40
:10DFD000BB8813801EE0374BDB79DBB2012B03D10A
:10DFE000344B00221A735FE0324BDB7ADBB2002B3A
:10DFF0000DD1344B5B78DBB2002B04D12D4B9B79D8
:10E00000DBB2012B03D12B4B00221A734CE02C4BBB
:10E0100000221A80274B00221A7345E0BB88002B90
:10E0200028D0234B1B68BA889A63234B1B79DBB239
:10E03000032B05D1012220212048F6F7CBF802E07E
:10E04000002001F09DFFEFF30583FB60FB68002BD0
:10E050000AD00023BB6002E0BB680133BB60BB6831
:10E0600041F287329342F7DD002201211648F6F78C
:10E07000B1F816E0012201211348F6F7ABF80C4B7A
:10E080001B68BA889A630C4B1B79DBB2032B05D152
:10E09000002220210948F6F79DF802E0012001F056
:10E0A0006FFF044B00221A731037BD4680BD00BFBE
:10E0B000B8530020244B0020044B002000100240E5
:10E0C000BA4D0020344B00200004024080B584B0DB
:10E0D00000AF3B4600221A605A609A60DA60314B0A
:10E0E000314A1A602F4B4FF480325A602D4B002278
:10E0F0009A602C4B01221A612A4B00221A76294B76
:10E10000012283F82020274B01225A62254B00224E
:10E11000DA62244B254A9A62224B0022DA60214BB4
:10E120000322DA611F4B002283F830201D4B0122AD
:10E130005A611C48F4F708FD0346002B01D0FCF798
:10E14000A1FE0B233B6001237B600223BB603B46A7
:10E1500019461448F4F7A6FE0346002B01D0FCF73D
:10E1600091FE0C233B6002237B603B4619460D4821
:10E17000F4F798FE0346002B01D0FCF783FE0D2335
:10E180003B6003237B603B4619460648F4F78AFE52
:10E190000346002B01D0FCF775FE00BF1037BD46CB
:10E1A00080BD00BF7C510020002001400100000F15
:10E1B00080B58AB000AF786007F1140300221A60BE
:10E1C0005A609A60DA601A617B681B68174A93424A
:10E1D00027D100233B61164B5B6C154A43F48073D7
:10E1E0005364134B5B6C03F480733B613B69002306
:10E1F000FB600F4B1B6B0E4A43F0040313630C4B85
:10E200001B6B03F00403FB60FB680E237B6103239D
:10E21000BB610023FB6107F1140319460548F5F7BC
:10E2200029FD00BF2837BD4680BD00BF002001404A
:10E23000003802400008024080B500AF064B074A94
:10E240001A600548F6F730FA0346002B01D0FCF7B8
:10E2500019FE00BF80BD00BFC45100200030024045
:10E2600080B485B000AF78607B681B680B4A93422E
:10E270000DD10023FB600A4B1B6B094A43F480530A
:10E280001363074B1B6B03F48053FB60FB6800BFF9
:10E290001437BD465DF8047B704700BF0030024074
:10E2A0000038024080B500AF124B134A1A60114B80
:10E2B000124A5A600F4B00229A600E4BF022DA602D
:10E2C0000C4B4FF480421A610A4B00225A61094BF1
:10E2D00000229A61074B0022DA61064B00221A6283
:10E2E0000448F6F7FDF90346002B01D0FCF7CAFD00
:10E2F00000BF80BDCC51002000540040A08601002A
:10E3000080B58AB000AF786007F1140300221A606C
:10E310005A609A60DA601A617B681B68214A9342EE
:10E320003BD100233B61204B1B6B1F4A43F0020390
:10E3300013631D4B1B6B03F002033B613B69C0235E
:10E340007B611223BB610123FB6103233B62042336
:10E350007B6207F1140319461448F5F78BFC002380
:10E36000FB60114B1B6C104A43F4001313640E4BFB
:10E370001B6C03F40013FB60FB68002205211F20C7
:10E38000F6F7EFF81F20F6F708F900220521202004
:10E39000F6F7E7F82020F6F700F900BF2837BD466A
:10E3A00080BD00BF0054004000380240000402401D
:10E3B00080B500AF174B184A1A60164B4FF48272A3
:10E3C0005A60144B00229A60124B0022DA60114B03
:10E3D00000221A610F4B00225A610E4B4FF400725B
:10E3E0009A610C4B1822DA610A4B00221A62094B1F
:10E3F00000225A62074B00229A62064B0A22DA6216
:10E400000448F7F7BEFF0346002B01D0FCF73AFDA6
:10E4100000BF80BD205200200030014080B500AF19
:10E42000174B184A1A60164B4FF482725A60144BFD
:10E4300000229A60124B0022DA60114B00221A610E
:10E440000F4B00225A610E4B4FF400729A610C4B35
:10E450000022DA610A4B00221A62094B00225A623A
:10E46000074B00229A62064B0A22DA620448F7F749
:10E4700088FF0346002B01D0FCF704FD00BF80BDE0
:10E48000785200200038004080B500AF174B184A82
:10E490001A60164B4FF482725A60144B00229A6035
:10E4A000124B0022DA60114B02221A610F4B01223B
:10E4B0005A610E4B4FF400729A610C4B0822DA61DC
:10E4C0000A4B00221A62094B00225A62074B0022B3
:10E4D0009A62064B0A22DA620448F7F752FF0346B3
:10E4E000002B01D0FCF7CEFC00BF80BDD052002035
:10E4F000003C004080B58EB000AF786007F1240387
:10E5000000221A605A609A60DA601A617B681B68A0
:10E51000544A93422CD100233B62534B5B6C524ACA
:10E5200043F480535364504B5B6C03F480533B6261
:10E530003B6A0023FB614C4B1B6B4B4A43F00203CD
:10E540001363494B1B6B03F00203FB61FB69382328
:10E550007B620223BB620123FB6203233B6305232F
:10E560007B6307F1240319464048F5F783FB75E008
:10E570007B681B683E4A93422DD10023BB613A4B16
:10E580001B6C394A43F480431364374B1B6C03F410
:10E590008043BB61BB6900237B61334B1B6B324AF9
:10E5A00043F002031363304B1B6B03F002037B61E8
:10E5B0007B694FF460437B620223BB620123FB62F1
:10E5C00003233B6305237B6307F124031946274894
:10E5D000F5F750FB42E07B681B68264A93423DD129
:10E5E00000233B61204B1B6C1F4A43F40043136420
:10E5F0001D4B1B6C03F400433B613B690023FB6034
:10E60000194B1B6B184A43F004031363164B1B6B27
:10E6100003F00403FB60FB684FF4A0537B6202230A
:10E62000BB620123FB6203233B6306237B6307F189
:10E63000240319461048F5F71DFB4FF400637B6275
:10E640000223BB620023FB6203233B6306237B633D
:10E6500007F1240319460848F5F70CFB00BF3837CB
:10E66000BD4680BD00300140003802400004024039
:10E6700000380040003C00400008024080B58AB0ED
:10E6800000AF07F1180300221A605A609A60DA603E
:10E6900007F1100300221A605A603B4600221A60FC
:10E6A0005A609A60DA603E4B3E4A1A603C4B40F238
:10E6B0008F625A603A4B00229A60394B4FF6FF72D4
:10E6C000DA60374B00221A61354B00225A61344B15
:10E6D00000229A613248F2F7CFFE0346002B01D0A8
:10E6E000FCF7D0FB4FF48053BB6107F118031946C8
:10E6F0002B48F3F773FC0346002B01D0FCF7C2FB59
:10E700002748F3F79BF80346002B01D0FCF7BAFB30
:10E7100000233B6100237B6107F110031946204869
:10E72000F4F782F90346002B01D0FCF7ABFB022380
:10E730003B6001237B600023BB600023FB603B4602
:10E74000002219461648F3F7EBFA0346002B01D0D6
:10E75000FCF798FB3B46042219461148F3F7E0FA10
:10E760000346002B01D0FCF78DFB3B4608221946DF
:10E770000B48F3F7D5FA0346002B01D0FCF782FBD8
:10E780003B460C2219460648F3F7CAFA0346002B0B
:10E7900001D0FCF777FB00BF2837BD4680BD00BF26
:10E7A000285300200000014080B586B000AF07F17B
:10E7B000080300221A605A609A60DA603B46002221
:10E7C0001A605A601D4B4FF080421A601B4B0022AA
:10E7D0005A601A4B00229A60184B194ADA60174B9C
:10E7E00000221A61154B80229A611448F2F744FE08
:10E7F0000346002B01D0FCF745FB4FF48053BB6070
:10E8000007F1080319460D48F3F7E8FB0346002B10
:10E8100001D0FCF737FB00233B6080237B603B4645
:10E8200019460648F4F700F90346002B01D0FCF71F
:10E8300029FB00BF1837BD4680BD00BF70530020C4
:10E840001F48010080B58EB000AF07F128030022F9
:10E850001A605A609A60DA6007F1200300221A6099
:10E860005A603B1D00221A605A609A60DA601A6191
:10E870005A619A61334B344A1A60324B00225A6013
:10E88000304B00229A602F4B42F2D002DA602D4BBF
:10E8900000221A612B4B80229A612A48F2F7ECFD84
:10E8A0000346002B01D0FCF7EDFA4FF48053BB6216
:10E8B00007F1280319462348F3F790FB0346002B82
:10E8C00001D0FCF7DFFA1F48F2F796FE0346002B53
:10E8D00001D0FCF7D7FA30233B6200237B6207F1BB
:10E8E000200319461748F4F79FF80346002B01D080
:10E8F000FCF7C8FA60237B600023BB600023FB6049
:10E9000000237B613B1D002219460E48F3F7A4FA51
:10E910000346002B01D0FCF7B5FA0223FB603B1D38
:10E92000042219460748F3F797FA0346002B01D053
:10E93000FCF7A8FA034800F0F7F800BF3837BD46E7
:10E9400080BD00BFB85300200004004080B586B0F1
:10E9500000AF07F1080300221A605A609A60DA607B
:10E960003B4600221A605A601D4B1E4A1A601C4B1F
:10E9700000225A601A4B00229A60194B4FF6FF7220
:10E98000DA60174B00221A61154B80229A611448F5
:10E99000F2F772FD0346002B01D0FCF773FA4FF437
:10E9A0008053BB6007F1080319460D48F3F716FBC7
:10E9B0000346002B01D0FCF765FA00233B6080235F
:10E9C0007B603B4619460648F4F72EF80346002BB9
:10E9D00001D0FCF757FA00BF1837BD4680BD00BF15
:10E9E000005400200008004080B58CB000AF786073
:10E9F00007F11C0300221A605A609A60DA601A61FB
:10EA00007B681B68434A934235D10023BB61424B6C
:10EA10005B6C414A43F0010353643F4B5B6C03F072
:10EA20000103BB61BB6900237B613B4B1B6B3A4A13
:10EA300043F010031363384B1B6B03F010037B612F
:10EA40007B694FF4D443FB6102233B6200237B626A
:10EA50000323BB620123FB6207F11C0319462F4805
:10EA6000F5F708F9002205211B20F5F77AFD1B2098
:10EA7000F5F793FD4AE07B681B68B3F1804F16D130
:10EA800000233B61244B1B6C234A43F001031364B6
:10EA9000214B1B6C03F001033B613B690022052104
:10EAA0001C20F5F75EFD1C20F5F777FD2EE07B6856
:10EAB0001B681B4A93420ED10023FB60164B1B6C54
:10EAC000154A43F002031364134B1B6C03F002035B
:10EAD000FB60FB681AE07B681B68124A934215D101
:10EAE0000023BB600C4B1B6C0B4A43F00403136404
:10EAF000094B1B6C03F00403BB60BB6800220521BB
:10EB00001E20F5F72EFD1E20F5F747FD00BF30371C
:10EB1000BD4680BD000001400038024000100240A8
:10EB2000000400400008004080B588B000AF786065
:10EB300007F10C0300221A605A609A60DA601A61C9
:10EB40007B681B68124A93421DD10023BB60114BA6
:10EB50001B6B104A43F0010313630E4B1B6B03F056
:10EB60000103BB60BB68C023FB6002233B61002341
:10EB70007B610023BB610223FB6107F10C03194693
:10EB80000548F5F777F800BF2037BD4680BD00BFC8
:10EB900000040040003802400000024090B585B0FB
:10EBA00000AF0446084611461A462346FB71034649
:10EBB000BB710B46BB8013467B80204B1B6803F068
:10EBC0007F03FB60F5F740FD01461D48FA681346D8
:10EBD0005B0013449B00034419601949FA6813460B
:10EBE0005B0013449B000B440433FA791A701449F8
:10EBF000FA6813465B0013449B000B440533BA7953
:10EC00001A700F49FA6813465B0013449B000B44CB
:10EC10000633BA881A800A49FA6813465B0013441F
:10EC20009B000B4408337A881A80044B1B6801331D
:10EC3000024A136000BF1437BD4690BD4C5A0020F5
:10EC40004C54002080B500AF114B124A1A60104B93
:10EC50004FF4E1325A600E4B00229A600C4B0022B6
:10EC6000DA600B4B00221A61094B0C225A61084BE7
:10EC700000229A61064B0022DA610548F8F752F942
:10EC80000346002B01D0FCF7FDF800BF80BD00BF9C
:10EC9000785A00200010014080B582B000AF214BAF
:10ECA000214A1A601F4B4FF416525A601D4B002226
:10ECB0009A601C4B0022DA601A4B00221A61194B31
:10ECC0000C225A61174B00229A61164B0022DA611E
:10ECD0001448F8F727F90346002B01D0FCF7D2F8C7
:10ECE00000237B600F4B1B681B687B600D4B1B6810
:10ECF0005B687B607B680B4B1B68DA68094B1B68A1
:10ED000022F01002DA60094B0022A3F83C22074BE4
:10ED1000002283F84022064B00229A7200BF083777
:10ED2000BD4680BDC05A002000440040604B00201A
:10ED3000244B002080B500AF114B124A1A60104BD3
:10ED40004FF4E1325A600E4B00229A600C4B0022C5
:10ED5000DA600B4B00221A61094B0C225A61084BF6
:10ED600000229A61064B0022DA610548F8F7DAF8CA
:10ED70000346002B01D0FCF785F800BF80BD00BF23
:10ED8000085B00200014014080B58EB000AF7860B1
:10ED900007F1240300221A605A609A60DA601A614F
:10EDA0007B681B68574A934235D100233B62564B20
:10EDB0005B6C554A43F010035364534B5B6C03F098
:10EDC00010033B623B6A0023FB614F4B1B6B4E4AB7
:10EDD00043F0010313634C4B1B6B03F00103FB6116
:10EDE000FB694FF4C0637B620223BB620123FB62B9
:10EDF00003233B6307237B6307F12403194643483E
:10EE0000F4F738FF002205212520F5F7AAFB25207D
:10EE1000F5F7C3FB72E07B681B683D4A934234D12F
:10EE20000023BB61384B1B6C374A43F40033136437
:10EE3000354B1B6C03F40033BB61BB6900237B6162
:10EE4000314B1B6B304A43F0010313632E4B1B6B9A
:10EE500003F001037B617B690C237B620223BB62AD
:10EE60000123FB6203233B6307237B6307F1240336
:10EE700019462648F4F7FEFE002205212620F5F764
:10EE800070FB2620F5F789FB38E07B681B68214A78
:10EE9000934233D100233B611B4B5B6C1A4A43F016
:10EEA00020035364184B5B6C03F020033B613B6908
:10EEB0000023FB60144B1B6B134A43F004031363E2
:10EEC000114B1B6B03F00403FB60FB68C0237B62E8
:10EED0000223BB620123FB6203233B6308237B63A2
:10EEE00007F1240319460C48F4F7C4FE002205215B
:10EEF0004720F5F736FB4720F5F74FFB00BF3837C3
:10EF0000BD4680BD001001400038024000000240B4
:10EF100000440040001401400008024080B582B067
:10EF200000AF78607B681B681D4A93420ED11D4B71
:10EF30005B6C1C4A23F0100353644FF4C0611A4801
:10EF4000F5F734F82520F5F736FB24E07B681B68DD
:10EF5000164A93420DD1134B1B6C124A23F4003313
:10EF600013640C211048F5F721F82620F5F723FB50
:10EF700011E07B681B680E4A93420CD1094B5B6C15
:10EF8000084A23F020035364C0210A48F5F70EF81D
:10EF90004720F5F710FB00BF0837BD4680BD00BF16
:10EFA00000100140003802400000024000440040D0
:10EFB000001401400008024080B582B000AF254B2C
:10EFC0009B79DBB2012B02D0FFF766FE3EE0224BBD
:10EFD000224A1A60204B224A5A601F4B00229A6034
:10EFE0001D4B4FF40052DA601B4B00221A611A4B82
:10EFF0000C225A61184B00229A61174B0022DA61E9
:10F000001548F7F78FFF0346002B01D0FBF73AFFB7
:10F0100000237B60104B1B681B687B600E4B1B68DA
:10F020005B687B607B680C4B1B68DA680A4B1B686B
:10F0300022F01002DA600B4B0022A3F83C22094BAD
:10F04000012283F84022084B00229A720837BD46FD
:10F0500080BD00BF044B0020C05A00200044004087
:10F0600090D00300604B0020244B002080B500AFFF
:10F07000154B164A1A60144B154A5A60124B00225F
:10F080009A60114B4FF40052DA600F4B00221A6164
:10F090000D4B04225A610C4B00229A610A4B00224C
:10F0A000DA610948F7F73EFF0346002B01D0FBF772
:10F0B000E9FE054B1B68DA68034B1B6842F010023F
:10F0C000DA6000BF80BD00BF785A00200010014008
:10F0D00090D0030080B483B000AF0346FB71FB798E
:10F0E000092B03D8FB793033FB7102E0FB7937330E
:10F0F000FB71FB7918460C37BD465DF8047B704701
:10F1000080B582B000AF0023FB800023BB800023CA
:10F110007B8000233B80754B01221A70744BB3F83F
:10F120003C325A1C91B2724AA2F83C121946704BFA
:10F130001A786F4B0B445A706D4B5B78022B40F082
:10F14000CA806B4BB3F83C32062B36D1684B9B78A8
:10F15000A52B04D1664B0B22A3F83E222DE0644B75
:10F160009B78A92B04D1624B0922A3F83E2224E00C
:10F170005F4B9B78A62B03D05D4B9B78A72B15D1BB
:10F180005B4B5B79A3F1300213469B0013445B0099
:10F190001A46574B9B79303B13449BB29B009BB262
:10F1A00009339AB2524BA3F83E2206E0504B00229C
:10F1B000A3F83C224D4B00221A704D4BB3F83C3261
:10F1C000082B40F28F804A4BB3F83C22484BB3F8EF
:10F1D0003E329A42C0F08680454BB3F83E32013B46
:10F1E000434A13445B78032B64D10123BB800AE0BC
:10F1F000BB883F4A13445B781A46FB881344FB8064
:10F20000BB880133BB80BA88394BB3F83E32033B2D
:10F210009A42EDDBFB88DBB2FB80FB881B099BB2CB
:10F22000DBB21846FFF756FF03463B80FB88DBB294
:10F2300003F00F03DBB21846FFF74CFF03467B8059
:10F240002B4BB3F83E32033B294A13445B781A46F2
:10F250003B88934220D1264BB3F83E32023B244AEE
:10F2600013445B781A467B88934215D1214BDB7996
:10F27000DBB2002B0CD11F4BDB7ADBB2002B07D1AA
:10F280001C4B1B7BDBB2002B02D11A4B01225A71A3
:10F29000164B00221A7008E0174B1B689B68002170
:10F2A000184606F03DF800F0FBFA114B0022A3F8D7
:10F2B0003C2217E0104B1B689B680021184606F0A3
:10F2C0002FF800F0EDFA0A4B0022A3F83C22074B7E
:10F2D00000221A7006E0064B0022A3F83C22034BE2
:10F2E00000221A7000BF0837BD4680BDA44D002023
:10F2F000604B0020244B00200C00002080B582B021
:10F3000000AF0023BB800023FB718E4B1B680133D1
:10F310008C4A13608C4B01225A718C4B93F8143237
:10F32000072B01D900F0B2FE884B93F814325A1C17
:10F33000D1B2864A82F814121946844B93F80B22F4
:10F34000824B0B4483F80C22804B93F80C32012B38
:10F3500040F0F0807D4B93F81432012B11D97B4B98
:10F3600093F80D32032B02D10723FB7109E0774B91
:10F3700093F80D32062B02D10823FB7101E000F057
:10F3800085FEFB79002B00F0D780704B93F8143288
:10F39000FA799A4200F2D080FB79023BDBB219463F
:10F3A0006B4800F08DFC0346BB806A4B1B68013341
:10F3B000684A1360FB79023B644A134493F80C32A9
:10F3C0001A46BB88DBB29BB29A4240F09E80FB7922
:10F3D000013B5E4A134493F80C321A46BB881B0A61
:10F3E0009BB29A4240F091805B4B1B6801335A4AB2
:10F3F0001360564B93F80D32032B4FD1534B93F8B8
:10F400000E32022B4AD1514B93F80F321B029BB2A2
:10F410004E4A92F8102213447B80504B1B78DBB28B
:10F42000002B0DD14E4B1B6801334D4A1360474BE7
:10F4300093F80F127B8800220920FFF7AFFB04E04E
:10F44000484B1B680133474A1360444B1B78DBB2BF
:10F45000012B12D17B8807EE903AF8EE677A9FED88
:10F46000427A67EE877A414BC3ED077A7B880022A8
:10F4700000210E20FFF792FB0BE0384B1B78DBB22C
:10F48000022B06D17B88DAB2394B1A70394B012234
:10F490001A70324B00221A7000BF47E02B4B93F8D2
:10F4A0000D32062B42D1294B93F80E32002B3DD161
:10F4B000264B93F80F32062B38D1244B93F81122A8
:10F4C0002D4B1A702D4B1B78DAB22D4B1A702D4B29
:10F4D00001221A70284B1B78DAB2254B1A70254B83
:10F4E00001221A70284B1B680133274A1360224BF4
:10F4F0001B78D9B2224B1B78DBB21A461F4B1B7804
:10F50000DBB20720FFF74AFB10E0204B1B680133FA
:10F510001E4A13600D4B93F80D120C4B93F81432E6
:10F520001A4600230620FFF739FB00E000BF00F079
:10F53000ADFD01E000F0AAFD0023BB8000BF08374D
:10F54000BD4680BD505A0020A44D0020604B0020D5
:10F550006C4D00205C5A0020605A0020544B002063
:10F56000745A00206C5A00205839343C344B002027
:10F570006D000020584B00206C000020564B0020EE
:10F58000574B0020554B0020685A0020645A002039
:10F5900080B584B000AF394B93F84032002B4AD08D
:10F5A000364BB3F83C32364A1278D2B2934242D943
:10F5B000344BDB7ADBB2002B3DD1324BDB79DBB253
:10F5C000002B38D12F4B1B7BDBB2002B33D12B4BC5
:10F5D0005B78002B2FD12A4B1B78DBB21A46274BC6
:10F5E00013445B7807EE903AF8EE677A9FED267A3F
:10F5F00067EE877AC7ED037AD7ED037A9FED237A1A
:10F60000F4EEC77AF1EE10FA01DD214BFB60D7ED85
:10F61000037AFCEEE77AC7ED017A3B79DAB21D4B4B
:10F620005A701C4B5B78DBB21846FBF7B9FD0346FA
:10F630001A46184B1A83114B0022A3F83C220F4B99
:10F64000012283F840220F4BDB7ADBB2002B0DD175
:10F650000C4BDB79DBB2002B08D10A4B1B7BDBB2F6
:10F66000002B03D1074B01229A7203E0054B0022C5
:10F670009A7200BF00BF1037BD4680BD604B0020AE
:10F68000044B0020244B0020355ECA3E0000C842D7
:10F690000000C842344B002080B400AF1A4B9B7965
:10F6A000DBB2012B28D1194B93F8403283F00103D0
:10F6B000DBB2002B22D1154BB3F83C32B3F5007FFF
:10F6C0000ED8124BB3F83C325A1C91B20F4AA2F832
:10F6D0003C1219460D4B1A780C4B0B445A700EE035
:10F6E0000A4B0022A3F83C22084B002283F8402258
:10F6F000074B00229A7202E000BF00E000BFBD4647
:10F700005DF8047B704700BF044B0020604B002075
:10F71000244B002080B582B000AF78607B681B6806
:10F720001F4A934213D11F4B9B79DBB2022B07D1A7
:10F7300000F0BCFF01221C491C48F7F700FD06E061
:10F7400005F0EEF801221A491848F7F7F8FC7B6833
:10F750001B68184A934213D1174B1B78184600F0C8
:10F760006BF8104B9B79DBB2012B02D1FFF794FFB2
:10F7700001E0FFF7C5FC01220F491048F7F7DFFC55
:10F780007B681B680E4A934206D1FFF7B7FD012242
:10F790000C490D48F7F7D3FC00BF0837BD4680BDC4
:10F7A00000100140044B0020A05B0020785A00208C
:10F7B000D85D002000440040604B0020C05A00206B
:10F7C000001401406B4D0020085B002080B582B022
:10F7D00000AF78607B681B68104A93420AD1104BD7
:10F7E0009B79DBB2022B05D101220E490E48F7F7B7
:10F7F000A6FC0EE07B681B680C4A934209D1084BBB
:10F800009B79DBB2012B04D1012209490948F7F7A2
:10F8100096FC00BF0837BD4680BD00BF0010014008
:10F82000044B0020A05B0020785A002000440040D8
:10F83000604B0020C05A002080B483B000AF034664
:10F84000FB71144B1B781A46134B9B5CFA799A4256
:10F8500010D1104B1B780133DAB20E4B1A700D4BDE
:10F860001B781F2B0FD90D4B01221A70094B002258
:10F870001A7008E05022FB79934201D1012200E086
:10F880000022044B1A7000BF0C37BD465DF8047BA4
:10F89000704700BF505B00204C61020848540020B4
:10F8A00080B500AF1D4B022283F815221B4B0622A8
:10F8B00083F81622194B152283F81722184B1B7850
:10F8C000DAB2164B83F81822154B1B78DBB21533CE
:10F8D0005A42DBB2D2B258BF5342DAB20F4B83F86E
:10F8E00019220E4B032283F81A220D4B9B79DBB2AF
:10F8F000032B06D0642306220A490B48F7F794FB32
:10F900000AE0074B9B79DBB2032B05D16423062267
:10F9100004490648F7F788FB00BF80BD604B002014
:10F92000044B0020754D0020C05A0020785A00205A
:10F9300080B582B000AF0023FB80AF4B022283F87A
:10F940001B22AD4BA92283F81C22AB4B322283F839
:10F950001D22AA4B1B79DBB2062B2AD801A252F832
:10F9600023F000BF81F9010881F901088BF9010832
:10F9700095F9010895F901089FF90108A9F901080D
:10F980009D4B332283F81E2218E09B4B352283F8CF
:10F990001E2213E0984B342283F81E220EE0964B71
:10F9A000362283F81E2209E0934B372283F81E2269
:10F9B00004E0914B302283F81E2200BF8F4B1B784E
:10F9C000DBB28F4AA2FB0323DB08DBB23033DAB2AF
:10F9D000894B83F81F22894B1B78DAB2884BA3FB33
:10F9E0000213D9080B469B000B445B00D31ADBB211
:10F9F0003033DAB2804B83F82022824B5B78DBB263
:10FA0000814AA2FB03235B09DBB23033DAB27A4BC3
:10FA100083F821227B4B5B78DBB2794AA2FB03237C
:10FA2000DB08DAB2764BA3FB0213D9080B469B0026
:10FA30000B445B00D31ADBB23033DAB26E4B83F87F
:10FA40002222704B5B78DAB26D4BA3FB0213D9080C
:10FA50000B469B000B445B00D31ADBB23033DAB2A7
:10FA6000654B83F82322644B302283F82422654BB4
:10FA7000DB889BB2644AA2FB03235B099BB2DBB227
:10FA80003033DAB25C4B83F825225E4BDB889BB2C5
:10FA90005B4AA2FB0323DB089AB2594BA3FB021378
:10FAA000D9080B469B000B445B00D31A9BB2DBB218
:10FAB0003033DAB2504B83F82622524BDB889AB2AD
:10FAC0004F4BA3FB0213D9080B469B000B445B0072
:10FAD000D31A9BB2DBB23033DAB2474B83F827221A
:10FAE000484B1B8A9BB2494AA2FB03239B099BB24A
:10FAF000DBB23033DAB2404B83F82822414B1B8A09
:10FB00009BB2414AA2FB03235B099AB23C4BA3FB85
:10FB10000213D9080B469B000B445B00D31A9BB21F
:10FB2000DBB23033DAB2344B83F82922354B1B8AEF
:10FB30009BB2334AA2FB0323DB089AB2304BA3FBF0
:10FB40000213D9080B469B000B445B00D31A9BB2EF
:10FB5000DBB23033DAB2284B83F82A22294B1B8AD6
:10FB60009AB2274BA3FB0213D9080B469B000B4408
:10FB70005B00D31A9BB2DBB23033DAB21E4B83F890
:10FB80002B22204BD3ED077AFCEEE77A17EE903A62
:10FB90009BB21B4AA2FB0323DB089BB2DBB23033D0
:10FBA000DAB2154B83F82C22164BD3ED077AFCEE14
:10FBB000E77A17EE903A9AB2114BA3FB0213D908D9
:10FBC0000B469B000B445B00D31A9BB2DBB2303375
:10FBD000DAB2094B83F82D22074B302283F82E220C
:10FBE000084B1B78DBB23033DAB2034B83F82F2299
:10FBF0000123BB8018E000BF604B0020044B0020B5
:10FC0000CDCCCCCC344B00201F85EB51D34D6210B2
:10FC1000BB88264A134493F81B321A46FB881344C8
:10FC2000FB80BB880133BB80BB88142BF0D9FB88D9
:10FC3000DBB2FB80FB881B099BB2DBB21846FFF7E7
:10FC400049FA03467B80FB88DBB203F00F03DBB28B
:10FC50001846FFF73FFA03463B807B88DAB2134B26
:10FC600083F830223B88DAB2104B83F831220F4BF5
:10FC7000032283F832220E4B9B79DBB2032B06D092
:10FC8000642318220B490C48F7F7CEF90AE0084B19
:10FC90009B79DBB2032B05D1642318220549074861
:10FCA000F7F7C2F900BF0837BD4680BD604B0020A2
:10FCB000044B00207B4D0020C05A0020785A0020C1
:10FCC00080B485B000AF78600B46FB704FF6FF73D1
:10FCD000FB8100237B730023BB601EE07B685A1C02
:10FCE0007A601B781A46FB895340FB8100237B73A3
:10FCF00010E0FB8903F00103BB60FB895B08FB811B
:10FD00000C4ABB6832F81320FB895340FB817B7B94
:10FD100001337B737B7B072BEBD9FB785A1EFA7080
:10FD2000002BDBD1FB8918461437BD465DF8047BF8
:10FD3000704700BFDC64020880B584B000AF0346A2
:10FD4000FB800023FB811D4B012283F833221B4BD8
:10FD5000062283F83422194B002283F83522174BF0
:10FD6000002283F83622FB881B0A9BB2DAB2134BBF
:10FD700083F83722FB88DAB2104B83F83822062149
:10FD80000F48FFF79DFF0346FB81FB89DAB20B4B5F
:10FD900083F83922FB891B0A9BB2DAB2074B83F83E
:10FDA0003A226423082206490648F7F73DF9002362
:10FDB000FB8100BF1037BD4680BD00BF604B0020F7
:10FDC000934D0020085B002080B500AFF4F73CFCA9
:10FDD0000246054B1B68D31A002B01DB012300E010
:10FDE0000023184680BD00BF5C4B002080B500AFEB
:10FDF000054B00221A70F4F727FC03465033034AE0
:10FE0000136000BF80BD00BF584B00205C4B00203A
:10FE100080B582B000AF0023FB80FFF7D5FF03461B
:10FE2000002B43D0234B1B78DBB2002B3ED100F0DC
:10FE30002DF9204B01221A7000F03AF9FFF7D6FF96
:10FE40001D4B012283F833221B4B032283F83422FB
:10FE5000194B002283F83522174B082283F83622EB
:10FE6000154B002283F83722134B012283F83822E6
:10FE700006211248FFF724FF0346FB80FB88DAB215
:10FE80000D4B83F83922FB881B0A9BB2DAB20A4B6E
:10FE900083F83A220A4B1B680133094A1360642332
:10FEA000082206490748F7F7BFF800E000BF083707
:10FEB000BD4680BD544B0020604B0020934D002078
:10FEC000585A0020085B002080B582B000AF0023A4
:10FED000FB80FFF779FF0346002B43D0234B1B78B1
:10FEE000DBB2002B3ED100F0D1F8204B02221A7079
:10FEF00000F0DEF8FFF77AFF1D4B012283F8332272
:10FF00001B4B032283F83422194B002283F835223D
:10FF1000174B062283F83622154B002283F837222E
:10FF2000134B012283F8382206211248FFF7C8FE3E
:10FF30000346FB80FB88DAB20D4B83F83922FB883D
:10FF40001B0A9BB2DAB20A4B83F83A220A4B1B68AF
:10FF50000133094A13606423082206490748F7F76A
:10FF600063F800E000BF0837BD4680BD544B002059
:10FF7000604B0020934D0020585A0020085B002061
:10FF800080B584B000AF0346FB710023BB81002322
:10FF9000FB73364B1B78DBB2002B08D0FB7B43F0A6
:10FFA0000103FB73324B1B680133314A1360FFF7C7
:10FFB0000BFF0346002B03D1FB7B43F00203FB73D3
:10FFC00000F064F8294B00221A702A4B00221A70A4
:10FFD000294B1B78DBB20133DAB2274B1A70FFF7DB
:10FFE00005FF264B012283F83322244B062283F897
:10FFF0003422224B002283F83522204B062283F83C
:020000040802F0
:1000000036221E4B002283F837221C4AFB7982F8E5
:10001000383206211A48FFF753FE0346BB81BB89DD
:10002000DAB2164B83F83922BB891B0A9BB2DAB2CB
:10003000124B83F83A22134B1B680133114A1360A9
:10004000FB7B9AB20C4B1B78DBB2F9790120FEF7EF
:10005000A5FD642308220A490B48F6F7E5FF0023B3
:10006000BB8100BF1037BD4680BD00BF544B002090
:10007000705A0020554B0020564B0020604B00204A
:10008000934D0020545A0020085B002080B400AF3C
:10009000054B002283F81422044B00225A7100BF42
:1000A000BD465DF8047B7047604B0020A44D0020E6
:1000B00080B400AF054B0022DA80044B01225A7154
:1000C00000BFBD465DF8047B704700BFA44D002013
:1000D00080B400AF00BFFDE780B400AF00BFFDE714
:1000E00080B400AF00BFFDE780B400AF00BFFDE704
:1000F00080B400AF00BFFDE780B400AF00BFBD46D5
:100100005DF8047B7047000080B500AF0248F1F74E
:1001100017FD00BF80BD00BF2853002080B500AF91
:100120000248F1F70DFD00BF80BD00BF70530020F5
:1001300080B500AF0248F1F703FD00BF80BD00BFEE
:100140000054002080B500AF0248F4F722FC00BF45
:1001500080BD00BFCC51002080B500AF0248F4F74D
:1001600089FD00BF80BD00BFCC51002080B582B0AA
:1001700000AF1B4B9B79DBB2022B2BD1194B1B68B9
:100180001B687B607B6803F01003002B05D0154BC8
:100190001B685B6800F000FA1FE07B6803F0020355
:1001A000002B17D07B6803F02003002B12D00D4BDF
:1001B000202283F842200B4B002283F84020094B79
:1001C0001B685B6800F0E8F9012207490548F6F76B
:1001D000B6FF02E00348F6F7D7FF0837BD4680BDFB
:1001E000044B0020785A0020A05B002080B582B02C
:1001F00000AF164B9B79DBB2012B20D1144B1B684F
:100200001B687B607B6803F00203002B17D07B68C0
:1002100003F02003002B12D00D4B202283F8422044
:100220000B4B002283F84020094B1B685B68FFF7EB
:10023000AFF9012207490648F6F781FF02E00448BA
:10024000F6F7A2FF0837BD4680BD00BF044B002073
:10025000C05A0020604B002080B500AF0248F1F783
:100260006FFC00BF80BD00BF545B002080B500AFB5
:100270000248F6F789FF00BF80BD00BF085B002081
:1002800080B582B000AF00237B60124B5B6C114ADB
:1002900043F4804353640F4B5B6C03F480437B60F7
:1002A0007B6800233B600B4B1B6C0A4A43F0805376
:1002B0001364084B1B6C03F080533B603B680022C7
:1002C0000F216FF00100F4F74CF900BF0837BD466D
:1002D00080BD00BF0038024080B58EB000AF7860AE
:1002E0000023FB620023BB620023FB60334B1B6CCB
:1002F000324A43F010031364304B1B6C03F01003BD
:10030000FB60FB6807F1100207F114031146184661
:10031000F3F77EFC3B6AFB62FB6A002B03D1F3F729
:100320004FFC786304E0F3F74BFC03465B007B6310
:100330007B6B234AA2FB03239B0C013BBB62214B3B
:10034000214A1A601F4B40F2E732DA601D4ABB6A4D
:1003500053601C4B00221A611A4B00229A60194B01
:1003600000229A611748F1F787F8034687F833307F
:1003700097F83330002B1BD11248F1F7CDF8034624
:1003800087F8333097F83330002B11D13620F4F74B
:1003900004F97B680F2B08D8002279683620F4F71F
:1003A000E0F80A4A7B68136002E0012387F83330E3
:1003B00097F8333018463837BD4680BD00380240C4
:1003C00083DE1B43545B00200010004060000020CF
:1003D00080B586B000AF7860144A154BD31A7B61A4
:1003E0007B693B61134B1B68002B02D1114B124AF6
:1003F0001A60104B1A687B6813443A699A4207D214
:1004000005F010F903460C221A604FF0FF3309E0A3
:10041000084B1B68FB60074B1A687B681344054A4E
:100420001360FB6818461837BD4680BD00000220E7
:10043000000400009C5B0020C063002080B586B0F3
:1004400000AFF860B9607A6000237B610AE0AFF327
:1004500000800146BB685A1CBA60CAB21A707B6938
:1004600001337B617A697B689A42F0DB7B681846CE
:100470001837BD4680BD80B586B000AFF860B96062
:100480007A6000237B6109E0BB685A1CBA601B7864
:100490001846FAF763FA7B6901337B617A697B68F6
:1004A0009A42F1DB7B6818461837BD4680BD80B4A0
:1004B00083B000AF78604FF0FF3318460C37BD466D
:1004C0005DF8047B704780B483B000AF786039601A
:1004D0003B684FF400525A60002318460C37BD4663
:1004E0005DF8047B704780B483B000AF786001236F
:1004F00018460C37BD465DF8047B704780B485B064
:1005000000AFF860B9607A60002318461437BD4622
:100510005DF8047B70470000DFF834D0F0F796FFF9
:100520000C480D490D4A002302E0D458C45004334E
:10053000C4188C42F9D30A4A0A4C002301E0136024
:100540000432A242FBD3F0F7A7FDFAF71FFA704777
:10055000000002200000002088000020688F0208B0
:1005600088000020BC630020FEE7000080B500AFDB
:10057000064B00221A80064B01221A70054B0022FE
:100580009A7200F005F900BF80BD00BFA65D002093
:10059000A85D0020244B002080B584B000AF3A4B0A
:1005A0001B78012B01D100F0BBF8374B1B78012BD6
:1005B00049D1364B1B78DBB21A46354B1B889A4221
:1005C00041D2344BDB7ADBB2002B3CD1314BDB79AF
:1005D000DBB2002B37D12F4B1B7BDBB2002B32D190
:1005E0002D4B1B78002B2ED1284B1B78DBB21A46E3
:1005F000294B9B5C07EE903AF8EE677A9FED277ADD
:1006000067EE877AC7ED037AD7ED037A9FED247AF8
:10061000F4EEC77AF1EE10FA01DD224BFB60D7ED64
:10062000037AFCEEE77AC7ED017A3B79DAB21E4B2A
:100630005A701D4B5B78DBB21846FAF7B1FD0346E2
:100640001A46194B1A83124B00221A800E4B0122B4
:100650001A70104BDB7ADBB2002B0DD10D4BDB791E
:10066000DBB2002B08D10B4B1B7BDBB2002B03D181
:10067000084B01229A7203E0064B00229A7200BFD7
:1006800000BF1037BD4680BDA85D0020044B002090
:10069000A65D0020244B0020A45B0020355ECA3EEE
:1006A0000000C8420000C842344B002080B400AFB4
:1006B000154B9B79DBB2022B1ED1144B1B78002B00
:1006C0001CD0134B1B88B3F5007F0BD8104B1B8835
:1006D0005A1C91B20E4A11801A460E4B19780E4BD5
:1006E00099540CE00A4B00221A80084B00221A7021
:1006F0000A4B00229A7202E000BF00E000BFBD4634
:100700005DF8047B704700BF044B0020A85D00200B
:10071000A65D0020A05B0020A45B0020244B0020ED
:1007200080B483B000AF164B1B88202B1DD9154B0E
:100730001B78F92B19D9134B1B78FA2B17D10023EF
:10074000FB800BE0FB8801330E4AD25CFB880E492C
:10075000CB5C9A420DD1FB880133FB80FB881F2BB9
:10076000F0D90A4B01221A7004E000BF02E000BF7A
:1007700000E000BF0C37BD465DF8047B704700BF4A
:10078000A65D0020A45B0020706102084854002090
:1007900080B586B000AF3B1D00221A605A609A6097
:1007A000DA601A614FF400637B600023BB600023B2
:1007B000FB603B1D19461048F3F75CFA0F4B002213
:1007C0001A704FF400610C48F3F7ECFC03461A462C
:1007D0000B4B1A70F3F738FF03460A4A13600A4BB3
:1007E00000221A60094B00221A60094B01221A707C
:1007F00000BF1837BD4680BD00000240A95D002043
:10080000AA5D0020AC5D0020B05D0020B45D00203A
:10081000B85D002080B485B000AFF860B9607A6040
:10082000FA68BB689A4205D3FA687B689A4201D895
:10083000012300E0002318461437BD465DF8047B11
:100840007047000080B500AF194B1B68B4223C21F3
:100850001846FFF7DFFF0346002B0DD0154B1B6832
:10086000B4223C211846FFF7D5FF0346002B03D0E6
:10087000114B02221A7018E00D4B1B68B4223C2168
:100880001846FFF7C7FF0346002B0ED0094B1B6825
:1008900040F27E4240F28A211846FFF7BBFF034632
:1008A000002B02D0044B03221A7000BF80BD00BF92
:1008B000B45D0020B05D0020A95D002080B584B04B
:1008C00000AF2B4B9B79DAB22A4B1B789A4207D0A8
:1008D000294B00221A70264B9B79DAB2254B1A70ED
:1008E000234B9B79DBB2022B3DD1234B1B78002B92
:1008F00001D1FFF74DFFF3F7A7FEF8604FF4006159
:100900001E48F3F74FFC0346FB721D4B1B78FA7A27
:100910009A4218D01B4B1B68FA68D31A7B60184B9D
:100920001B78012B03D1184A7B68136002E0174A39
:100930007B681360124AFB7A1370124AFB681360DB
:10094000FFF780FF10E00F4B1B68FA68D31AB3F56E
:10095000966F09D3FB7A012B01D1042200E001221A
:100960000B4B1A7000E000BF1037BD4680BD00BFC2
:10097000044B00206F000020B85D00200000024002
:10098000AA5D0020AC5D0020B05D0020B45D0020B9
:10099000A95D002080B400AF0E4B1B78013B032BF8
:1009A00012D801A252F823F0B9090208BD090208C1
:1009B000C1090208C5090208074B06E0074B04E01D
:1009C000074B02E0074B00E0074B1846BD465DF8B9
:1009D000047B7047A95D00209461020898610208B9
:1009E0009C610208A0610208A461020880B400AF03
:1009F00000231846BD465DF8047B704780B582B081
:100A000000AF0346FB71F91D0A2301220348F5F7E5
:100A100041FD002318460837BD4680BDD052002056
:100A200080B582B000AF78607868F3F719FE00BF38
:100A30000837BD4680BD000080B485B000AFF860C7
:100A4000084611461A4603467B810B463B811346F6
:100A5000FB80234B00221A60214AFB681360204A66
:100A60007B8913811E4A3B8953811D4A3B8B9381AD
:100A70001B4B0222DA827B8903F007039BB2002B17
:100A800003D17B89DB089BB204E07B89DB089BB246
:100A900001339BB2124A5382114A3B899382104A16
:100AA000FB88D3810E4B00221A82FB88002B02D0D8
:100AB000FB88B42B06D10A4A7B899380084A3B897C
:100AC000D38006E0064A3B899380054A7B89D38020
:100AD00000BF00BF1437BD465DF8047B704700BF00
:100AE000BC5D002080B483B000AF7860044A7B68AE
:100AF000136000BF0C37BD465DF8047B704700BF34
:100B0000BC5D002080B48BB000AF0346FB800B4679
:100B1000BB8013467B809B4B9B88FA889A4200F2ED
:100B20005281984BDB88BA889A4200F24C81954BEF
:100B3000DB89B3F5877F2BD0B3F5877F00F3458141
:100B4000B42B16D0B42B00F34081002B02D05A2BCB
:100B500005D03AE1FB88FB84BB88BB8422E0894B4B
:100B60001A89BB88D31A9BB2013BFB84FB88BB84E8
:100B700018E0844B1A89FB88D31A9BB2013BFB8493
:100B8000804B5A89BB88D31A9BB2013BBB8409E0D6
:100B9000BB88FB847B4B5A89FB88D31A9BB2013BF1
:100BA000BB8400BF774B1B8A032B00F2108101A28C
:100BB00052F823F0030C0208C50B0208D50B0208FB
:100BC000E50B02086F4B1A89FB8CD31A9BB2013BD1
:100BD000FB8417E06B4B5A89BB8CD31A9BB2013B49
:100BE000BB840FE0674B1A89FB8CD31A9BB2013B85
:100BF000FB84644B5A89BB8CD31A9BB2013BBB84E8
:100C000000E000BF5F4B1B89FA8C9A4200F2E18042
:100C10005C4B5B89BA8C9A4200F2DB80594BDB8AD1
:100C2000022B38D1FB8CDB089BB21946BB8C554A92
:100C3000528A02FB03F30B44FB60524B1A68FB68B9
:100C400013441B78FB727B88002B12D1FB8C03F0C2
:100C500007036FF0800242FA03F35AB297F90B30A0
:100C6000134059B2474B1A68FB681344CAB21A7052
:100C7000B0E0FB8C03F00703802242FA03F35AB280
:100C800097F90B30134359B23E4B1A68FB68134473
:100C9000CAB21A709EE03B4BDB8A042B36D1FB8C28
:100CA0009B089BB21946BB8C364A528A02FB03F35F
:100CB0000B447B617B8803F003037B80314B1A6814
:100CC0007B6913441B78FB74FB8C03F003035B000C
:100CD0006FF0C00242FA03F35AB297F9133013408F
:100CE0005BB2FB747B889A01FB8C03F003035B000F
:100CF00042FA03F35AB297F91330134359B2214B16
:100D00001A687B691344CAB21A7063E01D4BDB8A10
:100D1000102B39D1FB8C5B089BB21946BB8C194A4E
:100D2000528A02FB03F30B44FB61164B1A68FB6902
:100D300013441B78FB767B8803F00F037B80FB8CCE
:100D400003F001039B006FF0F00242FA03F35AB282
:100D500097F91B3013405BB2FB767B881A01FB8C42
:100D600003F001039B0042FA03F35AB297F91B30D8
:100D7000134359B2034B1A68FB691344CAB21A7081
:100D800028E000BFBC5D0020154BDB8A412B21D140
:100D9000FB8C5A00BB8C1249498A01FB03F31344B4
:100DA0003B627B881B0A99B20D4B1A683B6A13445D
:100DB000CAB21A700A4B1A683B6A013313447A8824
:100DC000D2B21A7006E000BF04E000BF02E000BF2C
:100DD00000E000BF2C37BD465DF8047B704700BFC4
:100DE000BC5D002080B489B000AF0346FB80524B4D
:100DF000DB8A022B03D0504BDB8A042B25D1002346
:100E0000FB831CE00023BB8311E0BA8BFB8B4A49B8
:100E1000498A01FB03F31344BB60474B1A68BB6864
:100E20001344FA88D2B21A70BB8B0133BB83424B96
:100E30005B8ABA8B9A42E8D3FB8B0133FB833E4B30
:100E40009B8AFA8B9A42DDD36FE03B4BDB8A102BF7
:100E500030D100237B8327E000233B831CE03A8BC7
:100E60007B8B3549498A01FB03F31344FB60FB8804
:100E700003F00F03FB80FB885BB21B015AB2FB88B7
:100E80005BB2134359B22C4B1A68FB681344CAB2C5
:100E90001A703B8B01333B83274B5B8A3A8B9A4218
:100EA000DDD37B8B01337B83234B9B8A7A8B9A42E6
:100EB000D2D33AE0204BDB8A412B36D10023FB8290
:100EC0002DE00023BB8222E0BB8A5A00FB8A1A492C
:100ED000498A01FB03F313443B61FB881B0A9BB265
:100EE000DAB2154B19683B690B4402F00F02D2B21B
:100EF0001A70FB88DAB2104B19683B6901330B4456
:100F000002F00F02D2B21A70BB8A0133BB820A4BC5
:100F10005B8ABA8A9A42D7D3FB8A0133FB82064B9B
:100F20009B8AFA8A9A42CCD3FFE700BF2437BD469A
:100F30005DF8047B704700BFBC5D002090B585B0B4
:100F400000AF0446084611461A462346FB80034676
:100F5000BB800B467B8013467B70424B9B88FA8894
:100F60009A427AD83F4BDB88BA889A4275D897F86C
:100F70002030012B44D10023FB8139E00023BB81C9
:100F800029E0FA88B7F90E301A447B78D31A002B7F
:100F900028DBBA88B7F90C301A447B78D31A002BB7
:100FA00020DBFA89FB8813449AB27B789BB2D31A70
:100FB00098B2BA89BB8813449AB27B789BB2D31A91
:100FC0009BB27A881946FFF79DFDB7F90C309BB2AA
:100FD00001339BB2BB81B7F90C207B785B00013BEE
:100FE0009A42CEDBB7F90E309BB201339BB2FB8144
:100FF000B7F90E207B785B00013B9A42BEDB2DE007
:101000000023FB8123E00023BB8115E0FA89FB88E4
:1010100013449BB2013B98B2BA89BB8813449BB27C
:10102000013B9BB27A881946FFF76CFDB7F90C308B
:101030009BB201339BB2BB81B7F90C207B789A42FB
:10104000E4DBB7F90E309BB201339BB2FB81B7F9F9
:101050000E207B789A42D6DB00E000BF1437BD46F5
:1010600090BD00BFBC5D002090B58DB002AF0446BE
:10107000084611461A462346FB800346BB800B46B2
:101080007B8013463B80534B9B88FA889A4200F240
:101090009880504BDB88BA889A4200F292804D4B80
:1010A0009B887A889A4200F28C804A4BDB883A8887
:1010B0009A4200F28680FB88FB84BB88BB847A88D6
:1010C000FB88D31A002BB8BF5B42BB613A88BB8850
:1010D000D31A002BB8BF5B425B427B61FA887B88E6
:1010E0009A4201D2012301E04FF0FF333B61BA88FD
:1010F0003B889A4201D2012301E04FF0FF33FB60AD
:10110000BA697B6913443B620023FB77FB7F0133A1
:10111000FB7797F84030012B25D1FA7F2E4BA3FBAC
:10112000021359080B465B000B44D31ADBB2002BA9
:1011300019D13B8F002B09D097F83C30B98CF88C33
:10114000012200920022FFF7F9FE09E097F83C30F7
:10115000B98CF88C012200924FF6FF72FFF7EEFE79
:101160000023FB7708E097F83C303A8FB98CF88C75
:1011700001240094FFF7E2FE3B6A5B007A699A4221
:101180000CDCFA8C7B889A421DD03A6A7B69134446
:101190003B623B699AB2FB8C1344FB843B6A5B0065
:1011A000BA699A42B2DBBA8C3B889A420DD03A6A4D
:1011B000BB6913443B62FB689AB2BB8C1344BB848B
:1011C000A4E700BF02E000BF00E000BF2C37BD462F
:1011D00090BD00BFBC5D0020ABAAAAAA90B589B0A3
:1011E00004AF0446084611461A462346FB800346D0
:1011F000BB800B467B8013463B80374B9B88FA882D
:101200009A4264D8344BDB88BA889A425FD8324B12
:101210009B887A889A425AD82F4BDB883A889A4220
:1012200055D897F82830002B18D0BB88FB8110E0E8
:10123000FC897A88F989F8880023029397F824308A
:1012400001933B8C00932346FFF70EFFFB8901338C
:10125000FB81FA893B889A42EAD339E0BC887A88D4
:10126000B988F8880023029397F8243001933B8CC7
:1012700000932346FFF7F8FE3C88FA88B988F8887F
:101280000023029397F8243001933B8C009323466C
:10129000FFF7EAFEBC887A883988788800230293B1
:1012A00097F8243001933B8C00932346FFF7DCFE34
:1012B0003C88FA88398878880023029397F824308C
:1012C00001933B8C00932346FFF7CEFE00E000BF66
:1012D0001437BD4690BD00BFBC5D002080B588B00E
:1012E00000AF7B600346FB810B46BB811346FB725C
:1012F0004D4B9B88FA899A4200F291804A4BDB88D9
:10130000BA899A4200F28B80FB7A203B7A68D288B5
:1013100002FB03F37A689288D20892B211467A6887
:10132000928802F0070292B2002A14BF0122002222
:10133000D2B20A4402FB03F37B617B681A687B69C3
:101340001344BB610023FB8363E00023BB834EE0B7
:10135000BB8D4FF6FF72934218D1BB691B781946BB
:10136000BB8B03F00703802242FA03F30B40002BF0
:1013700031D0FA89BB8B134498B2BA89FB8B1344E2
:101380009BB23A8D1946FFF7BDFB24E0BB691B7881
:101390001946BB8B03F00703802242FA03F30B408C
:1013A000002B0CD0FA89BB8B134498B2BA89FB8B03
:1013B00013449BB23A8D1946FFF7A4FB0BE0FA8960
:1013C000BB8B134498B2BA89FB8B13449BB2BA8D82
:1013D0001946FFF797FBBB8B03F007039BB2072B64
:1013E00002D1BB690133BB61BB8B0133BB837B681B
:1013F0009B88BA8B9A42ABD37B689B8803F0070328
:101400009BB2002B02D0BB690133BB61FB8B013364
:10141000FB837B68DB88FA8B9A4296D300E000BF9F
:101420002037BD4680BD00BFBC5D002080B588B0C0
:1014300002AFBA607B600346FB810B46BB81FB8930
:10144000FB82BB89BB82214B9B88FA899A4238D8A0
:101450001E4BDB88BA899A4233D82DE0FB8A7A6822
:1014600092881344194A9288934206DDFB89FB82D5
:101470007B68DA88BB8A1344BB82BB8A7A68D288CD
:101480001344124AD288934203DDFB89FB82BB8955
:10149000BB82BB681A78B98AF88A3B8C0193BB8CF3
:1014A00000937B68FFF71AFFBB680133BB607B6862
:1014B0009A88FB8A1344FB82BB681B78002BCDD132
:1014C00000E000BF1837BD4680BD00BFBC5D0020F6
:1014D00090B5ADF50F7D02AF0446084607F1100147
:1014E00001ED020B07F50C71A1F508710A601946B0
:1014F00007F50C73A3F21A2322461A8007F50C7322
:10150000A3F5077302461A8007F50C73A3F22A238A
:101510000A461A800023A7F82E320023A7F82C329F
:1015200007F50C73A3F58C731846FF231A460021A8
:10153000EFF706FD07F50C73A3F506731846FF23B6
:101540001A460021EFF7FCFC07F58C73C7F81C3234
:1015500007F1100353E90201EFF768F90346C7F8F2
:101560002832934B9B8807F50C72A2F21A2212883C
:101570009A4200F218818E4BDB8807F50C72A2F5B7
:10158000077212889A4200F20E8107F50C73A3F2DB
:101590002A231B88002B7DD0D7F82802EFF7DCF830
:1015A00002460B4607F1100151E90201EEF786FFF2
:1015B00002460B4610461946EFF780F90346C7F876
:1015C000243207F50C73A3F22A231B8887F82332F1
:1015D0000CE0D7ED897AB2EE047A67EE877AC7ED30
:1015E000897A97F82332013B87F8233297F8233220
:1015F000002BEED1D7ED897AFDEEE77A17EE903A1F
:10160000C7F8283207F50C73A3F22A231B8887F842
:1016100023322CE0D7F82822664B83FB0213991063
:10162000D317C91A0B469B000B445B00D11ACAB2F0
:10163000B7F92E323032D1B207F50C72A2F506722C
:10164000D154B7F92E329BB201339BB2A7F82E3298
:10165000D7F82832574A82FB03129210DB17D31AAD
:10166000C7F8283297F82332013B87F8233297F8DE
:101670002332002BCED1B7F92E3207F50C72A2F52A
:1016800006722E21D154B7F92E329BB201339BB290
:10169000A7F82E3207F1100353E90201EFF7C6F85D
:1016A0000346C7F82832D7F82832C7F8183227E09F
:1016B000D7F828223F4B83FB02139910D317C91A7E
:1016C0000B469B000B445B00D11ACAB2B7F92E320D
:1016D0003032D1B207F50C72A2F50672D154B7F9C7
:1016E0002E329BB201339BB2A7F82E32D7F82832A4
:1016F000304A82FB03129210DB17D31AC7F8283244
:10170000D7F82832002BD3D1D7F81832002B2CD1A0
:10171000B7F92E3207F50C72A2F506723021D154BA
:10172000B7F92E329BB201339BB2A7F82E321CE0E0
:10173000B7F92E325A1EB7F92C3207F50C71A1F504
:101740000671895C07F50C72A2F58C72D154B7F959
:101750002C329BB201339BB2A7F82C32B7F92E3250
:101760009BB2013B9BB2A7F82E32B7F92E32002B69
:10177000DEDC07F50C73A3F5087307F50C72A2F510
:101780000772118807F50C72A2F21A221088B7F8B6
:1017900040220192B7F8442200921B68D7F81C221D
:1017A000FFF744FE00E000BF07F50D77BD4690BD92
:1017B000BC5D00206766666680B500AF01224FF40D
:1017C00080510D48F2F706FD6420FFF729F9002249
:1017D0004FF480510848F2F7FDFC6420FFF720F930
:1017E00001224FF480510448F2F7F4FC6420FFF723
:1017F00017F900BF80BD00BF0000024080B582B075
:1018000000AF0346FB7100224FF400410A48F2F793
:10181000E1FC002201210948F2F7DCFCFB791846C3
:10182000FFF7ECF8012201210448F2F7D3FC00BFD6
:101830000837BD4680BD00BF00000240000C0240DA
:1018400080B582B000AF0346FB7101224FF4004126
:101850000A48F2F7BFFC002201210948F2F7BAFC5E
:10186000FB791846FFF7CAF8012201210448F2F774
:10187000B1FC00BF0837BD4680BD00BF000002407C
:10188000000C024080B500AFAE20FFF7B7FF00208C
:10189000FFF7B4FF1020FFF7B1FFB020FFF7AEFF56
:1018A000DC20FFF7ABFF0020FFF7A8FF8120FFF748
:1018B000A5FF6F20FFF7A2FF2120FFF79FFFA020C9
:1018C000FFF79CFFC020FFF799FFA420FFF796FFCA
:1018D000A620FFF793FFA820FFF790FF3F20FFF718
:1018E0008DFFD320FFF78AFF6020FFF787FFD52009
:1018F000FFF784FF4120FFF781FFD920FFF77EFF2C
:101900002220FFF77BFFDB20FFF778FF3520FFF772
:1019100075FFAD20FFF772FF8A20FFF76FFF00BF52
:1019200080BD80B500AFFFF747FFFFF7ABFFC820D2
:10193000FFF776F8AF20FFF761FF00BF80BD80B5ED
:1019400084B000AF10237B8140233B81B020FFF7A0
:1019500055FF0023FB8124E0FB89C3F13F03FB809B
:10196000FB88DBB203F00F03DBB21846FFF746FF3C
:10197000FB881B099BB2DBB21033DBB21846FFF7C2
:101980003DFF0023BB8105E00020FFF759FFBB8925
:101990000133BB81BA897B899A42F5D3FB89013334
:1019A000FB81FA893B899A42D6D300BF00BF10372A
:1019B000BD4680BD80B483B000AF0346FB7197F98C
:1019C00007305B005BB223F055035AB2FB795B1022
:1019D0005BB203F055035BB213435BB2FB7197F943
:1019E00007309B005BB223F033035AB2FB799B10A4
:1019F0005BB203F033035BB213435BB2FB7197F945
:101A000007301B015AB2FB791B09DBB25BB21343EF
:101A10005BB2FB71FB7918460C37BD465DF8047B61
:101A2000704780B586B000AF786010237B8240237A
:101A30003B82B020FFF7E2FE0023FB8238E0FB8A06
:101A4000C3F13F03FB81FB89DBB203F00F03DBB281
:101A50001846FFF7D3FEFB891B099BB2DBB210339C
:101A6000DBB21846FFF7CAFE0023BB8219E0BA8A30
:101A7000FB8A798A01FB03F313441A467B681344FB
:101A80001B78BB81BB89DBB21846FFF793FF034687
:101A9000BB81BB89DBB21846FFF7D2FEBB8A01339C
:101AA000BB82BA8A7B8A9A42E1D3FB8A0133FB82EA
:101AB000FA8A3B8A9A42C2D300BF00BF1837BD469C
:101AC00080BD000080B584B002AFFEF78FFF0346F3
:101AD000002B02D04FF0FF3327E0FFF722FFFFF784
:101AE0002EFF4FF48063FB80FB88184603F0A0FBB9
:101AF00003461A460F4B1A600E4B1B68002B02D18F
:101B00004FF0FF3311E00B4B186800230093B42310
:101B100040228021FEF790FF064B1B681846FEF717
:101B2000E1FF0020FFF75EF9002318460837BD46A5
:101B300080BD00BFD45D002080B586B004AF002317
:101B40000293012301934FF6FF73009340238022F9
:101B500001210120FFF742FB00230293012301939F
:101B60004FF6FF7300934023502214215020FFF7BB
:101B70007BFA00230293012301934FF6FF73009336
:101B80001423802214210020FFF76EFAFF23019313
:101B900000230093B54BB64A05210520FFF746FC0C
:101BA000B44B1B78DBB21846EEF7C6FD0023019359
:101BB000FF2300930023AD4A41EC100B05211B20AD
:101BC000FFF786FCAB4B5B78DBB21846EEF7B4FD53
:101BD00000230193FF2300930023A44A41EC100B40
:101BE00005213920FFF774FCFF23019300230093A4
:101BF0009E4BA14A18210520FFF718FC9F4BDB885C
:101C00009BB21846EEF798FD00230193FF23009343
:101C10000023964A41EC100B18212A20FFF758FCAC
:101C2000FF23019300230093904B954A2521052023
:101C3000FFF7FCFB914BDB691846EEF79FFD002395
:101C40000193FF2300930123884A41EC100B2521C7
:101C50002A20FFF73DFCFF23019300230093834BD1
:101C6000884A32210520FFF7E1FB844B1B78DBB269
:101C7000062B53D801A252F823F000BF991C02088A
:101C8000AF1C0208071D0208C51C0208DB1C020865
:101C90001D1D0208F11C0208FF230193002300937D
:101CA000724B794A32212A20FFF7C0FB49E0FF231B
:101CB0000193002300936D4B744A32212A20FFF7D1
:101CC000B5FB3EE0FF23019300230093674B704A6E
:101CD00032212A20FFF7AAFB33E0FF2301930023E0
:101CE0000093624B6B4A32212A20FFF79FFB28E0CA
:101CF00000230193FF2300935C4B674A32212A2083
:101D0000FFF794FB1DE0FF23019300230093574B43
:101D1000624A32212A20FFF789FB12E0574B1B78D9
:101D2000DBB21846EEF708FD00230193FF23009372
:101D300000234E4A41EC100B32212A20FFF7C8FB4A
:101D400000BF574B9B79DBB2012B1CD1FF230193C2
:101D500000230093454B534A18215520FFF766FB9B
:101D6000464B5B79DBB21846EEF7E6FC00230193A5
:101D7000FF23009300234C4A41EC100B29215320F0
:101D8000FFF7A6FB30E03D4B5B78FB71444BDB7902
:101D9000DBB2012B0ED1394BDB78DBB2012B02D148
:101DA0003223FB7106E0354BDB78DBB2022B01D12D
:101DB0006423FB71FF230193002300932B4B3B4AC9
:101DC00018215520FFF732FBFB791846EEF7B4FCDB
:101DD00000230193FF2300930023334A41EC100BAF
:101DE00029215320FFF774FB224B1B79DBB2062B12
:101DF00031D801A252F823F0151E0208151E020860
:101E00002B1E0208411E0208411E0208151E020870
:101E1000151E0208FF23019300230093134B244A4D
:101E200005215F20FFF702FB16E0FF23019300234B
:101E300000930E4B1F4A05215F20FFF7F7FA0BE0D6
:101E4000FF23019300230093084B1B4A05215F20C9
:101E5000FFF7ECFA00E000BF184B1B681846FFF7CD
:101E6000E0FD00BF0837BD4680BD00BF7000002008
:101E7000A8610208044B0020B4610208344B002022
:101E8000C0610208C8610208D0610208D46102087A
:101E9000D8610208DC610208E0610208E46102081E
:101EA000244B0020EC61020878000020F461020855
:101EB000FC610208046202080C620208D45D002082
:101EC00080B58CB004AF00230293012301934FF639
:101ED000FF7300934023802201210120FFF77EF948
:101EE000FF230193002300936F4B704A05210520C7
:101EF000FFF79CFA6E4B9B79DBB2032B64D801A2EF
:101F000052F823F0151F02082B1F0208411F020878
:101F10006B1F0208FF23019300230093624B654A65
:101F200005213720FFF782FA4FE0FF2301930023BA
:101F300000935D4B604A05213720FFF777FA44E0B4
:101F4000FEF728FD024607F110035C49184603F02E
:101F5000A3FA07F11002FF23019300230093524BD1
:101F600005213720FFF762FA2FE0554B7B6007F120
:101F7000080300221A601A710023FB77514B5B792A
:101F8000012B01D10123FB774F4B1B79012B01D191
:101F90000223FB774C4B5B79012B01D10323FB77A9
:101FA000FA7F3B1D4949184603F076FA464B012259
:101FB0009A703A1DFF230193002300933A4B0521A9
:101FC0003720FFF733FA00E000BFFF23019300231F
:101FD0000093354B3E4A14210520FFF727FA3D4B6D
:101FE0001B8A9BB21846EEF7A7FB00230193FF2341
:101FF000009300232C4A41EC100B14213720FFF7EB
:1020000067FA344B5B8A9BB21846EEF795FB0023C8
:102010000193FF2300930023234A41EC100B14216A
:102020005A20FFF755FAFF230193002300931E4B1C
:10203000294A23210520FFF7F9F9264B9B8A9BB2F9
:102040001846EEF779FB00230193FF23009300234A
:10205000154A41EC100B23213720FFF739FA1D4BAD
:10206000DB8A9BB21846EEF767FB00230193FF2340
:10207000009300230C4A41EC100B23215A20FFF758
:1020800027FAFF23019300230093074B134A3221C1
:102090000520FFF7CBF9124B1B681846FFF7C1FC70
:1020A00000BF2037BD4680BD7000002014620208CA
:1020B000044B00201C620208246202082862020805
:1020C000574946490060002034610020346202080C
:1020D00040620208344B002050620208606202082D
:1020E000D45D0020F0B58DB004AF0023029301232E
:1020F00001934FF6FF7300934023802201210120BA
:10210000FFF76CF8584B9B79DBB2032B40F09680BD
:10211000564BDB7D012B40F09180FF230193002380
:102120000093534B534A05210520FFF77FF94F4B8E
:10213000DB7A19464D4B1B7B1C464C4B5B7B1A468E
:102140004A4B9B7B38460193009223460A464A49F4
:1021500003F0A2F93A46FF23019300230093474B73
:1021600007212820FFF762F9404B9B7F012B2ED1DE
:10217000FF230193002300933D4B414A1421052086
:10218000FFF754F9394B1B7E1D46384B5B7E1E46CC
:10219000364B9B7E1A46354BDB7E1946334B1B7FF5
:1021A0001C46324B5B7F38460393029401910092A8
:1021B00033462A46334903F06FF93A46FF23019329
:1021C000002300932D4B16212820FFF72FF9274BD2
:1021D00093F86130012B19D1FF2301930023009361
:1021E000234B294A23210520FFF720F93B46274AA4
:1021F0002749184603F050F93A46FF23019300237C
:1022000000931E4B25212820FFF710F9214B5B7806
:10221000012B1ED11F4B93F900301A463B461E4935
:10222000184603F039F93A46FF230193002300933F
:102230000F4B32210520FFF7F9F80AE0FF23019345
:10224000002300930A4B154A14210520FFF7EEF8EE
:1022500000E000BF124B1B681846FFF7E2FB00BF0F
:102260002437BD46F0BD00BF044B002000600020B5
:10227000700000207062020878620208800000206E
:10228000846202088C620208AC6202081F600020AF
:10229000B462020834610020B8620208C462020815
:1022A000D45D002090B595B004AF002302930123C4
:1022B00001934FF6FF7300934023802201210120F8
:1022C000FEF78CFF4E4B9B79DBB2032B40F08280F4
:1022D0004C4B93F86830012B7CD1FF2301930023F2
:1022E0000093494B494A05210520FFF79FF8454BCC
:1022F00093F862301946434B93F863301C46414BC8
:1023000093F864301A463F4B93F865303846019392
:10231000009223460A463E4903F0BEF83A46FF23A0
:102320000193002300933B4B07212820FFF77EF801
:10233000344BB3F866301A463B463749184603F02B
:10234000ABF83A46FF230193002300932E4B142150
:102350000520FFF76BF82B4B93F8CB30012B0FD1F7
:102360003B462E4A2E49184603F096F83A46FF237C
:10237000019300230093244B22210520FFF756F8F8
:10238000204B93F82F31012B2FD1FF2301930023F2
:1023900000931D4B234A31210520FFF747F83B46A8
:1023A000214A2249184603F077F83A46FF23019361
:1023B00000230093174B2E212820FFF737F8FF2327
:1023C000019300230093134B194A37212820FFF76C
:1023D0002DF80AE0FF230193002300930A4B154ACE
:1023E00014210520FFF722F800E000BF124B1B6804
:1023F0001846FFF716FB00BF4437BD4690BD00BF2F
:10240000044B00200060002070000020D46202080D
:102410007862020880000020DC620208AA600020C6
:10242000E4620208EC620208EE600020F462020836
:10243000FC600020FC620208D45D002080B584B0FE
:1024400004AF00230293012301934FF6FF7300931F
:102450004023802201210120FEF7C0FE8B4B1B7818
:10246000DBB2012B0AD100230193FF230093884B99
:10247000884A05210520FEF7D9FF09E0FF230193D3
:1024800000230093824B834A05210520FEF7CEFFEF
:102490007E4B1B78DBB2152B12D17F4B1B78DBB246
:1024A0001846EEF749F9FF23019300230093002318
:1024B000774A41EC100B05214620FFF709F811E09F
:1024C000754B1B78DBB21846EEF736F90023019303
:1024D000FF23009300236E4A41EC100B0521462098
:1024E000FEF7F6FF694B1B78DBB2022B0AD1002303
:1024F0000193FF230093664B684A14210520FEF7E1
:1025000095FF09E0FF23019300230093604B634A8A
:1025100014210520FEF78AFF5C4B1B78DBB2162BDB
:1025200012D15D4B5B78DBB21846EEF705F9FF235D
:102530000193002300930023554A41EC100B142112
:102540004620FEF7C5FF11E0534B5B78DBB218461F
:10255000EEF7F2F800230193FF23009300234C4A87
:1025600041EC100B14214620FEF7B2FF474B1B78BD
:10257000DBB2032B0AD100230193FF230093444BCA
:10258000474A23210520FEF751FF09E0FF2301936D
:10259000002300933E4B424A23210520FEF746FFCD
:1025A0003A4B1B78DBB2172B12D13B4B9B78DBB23B
:1025B0001846EEF7C1F8FF23019300230093002390
:1025C000334A41EC100B23214620FEF781FF11E036
:1025D000314B9B78DBB21846EEF7AEF8002301933F
:1025E000FF23009300232A4A41EC100B23214620AD
:1025F000FEF76EFF254B1B78DBB2042B0AD10023BC
:102600000193FF230093224B264A32210520FEF737
:102610000DFF09E0FF230193002300931C4B214A87
:1026200032210520FEF702FF184B1B78DBB2182B76
:1026300012D1194BDB78DBB21846EEF77DF8FF2399
:102640000193002300930023114A41EC100B322127
:102650004620FEF73DFF11E00F4BDB78DBB218465A
:10266000EEF76AF800230193FF2300930023084A42
:1026700041EC100B32214620FEF72AFF0A4B1B6863
:102680001846FFF7CEF900BFBD4680BD204B0020A5
:10269000700000200C630208044B0020186302083D
:1026A0002463020830630208D45D002000000000AB
:1026B00080B584B004AF00230293012301934FF649
:1026C000FF7300934023802201210120FEF786FD45
:1026D000A14B1B78DBB2052B0AD100230193FF230A
:1026E00000939E4B9E4A05210520FEF79FFE09E0C0
:1026F000FF23019300230093984B994A052105205D
:10270000FEF794FE944B1B78DBB2192B56D1954BF8
:102710001B79DBB2052B00F2A78001A252F823F04F
:10272000392702084F270208652702087B2702087D
:1027300091270208A727020800230193FF23009393
:10274000864B894A05214620FEF770FE8FE0002364
:102750000193FF230093814B844A05214620FEF715
:1027600065FE84E000230193FF2300937B4B804AA6
:1027700005214620FEF75AFE79E000230193FF234E
:102780000093764B7B4A05214620FEF74FFE6EE014
:1027900000230193FF230093704B774A05214620C5
:1027A000FEF744FE63E000230193FF2300936B4B8D
:1027B000724A05214620FEF739FE58E0694B1B7925
:1027C000DBB2052B52D801A252F823F0E52702080C
:1027D000FB27020811280208272802083D280208C2
:1027E00053280208FF230193002300935B4B5E4AAA
:1027F00005214620FEF71AFE39E0FF23019300234E
:102800000093564B594A05214620FEF70FFE2EE055
:10281000FF23019300230093504B554A0521462086
:10282000FEF704FE23E0FF230193002300934B4BAC
:10283000504A05214620FEF7F9FD18E0FF230193D9
:1028400000230093454B4C4A05214620FEF7EEFD40
:102850000DE0FF23019300230093404B474A0521DD
:102860004620FEF7E3FD02E000BF00E000BF3A4B68
:102870001B78DBB2062B0AD100230193FF230093C0
:10288000364B3F4A14210520FEF7D0FD25E0324BA0
:102890001B78DBB21A2B16D1324B1B79DBB2052B1E
:1028A00011D1FF230193002300932C4B344A1421B0
:1028B0000520FEF7BBFD284B1B78DBB2143BDAB2D8
:1028C000254B1A7009E0FF23019300230093234B4B
:1028D0002B4A14210520FEF7A9FD224B1B79DBB200
:1028E000052B18D11F4B1B79DBB2052B02D19FEDB5
:1028F000167B01E09FED167B00230193FF230093DD
:102900000023164AB0EE470AF0EE670A142146206B
:10291000FEF7DEFD48E0104B1B78DBB21A2B31D1FD
:10292000104B5B79DBB21846EDF706FFFF230193EE
:10293000002300930023094A41EC100B1421462088
:10294000FEF7C6FD30E000BF000000000000694057
:102950000000000000805B40204B00207000002041
:102960003C630208044B00204863020850630208DD
:102970000462020858630208606302086863020880
:1029800070630208874B5B79DBB21846EDF7D4FE23
:1029900000230193FF2300930023834A41EC100B93
:1029A00014214620FEF794FD804B1B78DBB2072BE9
:1029B0000AD100230193FF2300937B4B7C4A232100
:1029C0000520FEF733FD09E0FF2301930023009368
:1029D000754B774A23210520FEF728FD734B1B78A2
:1029E000DBB21B2B3CD16F4B9B79DBB2032B73D833
:1029F00001A252F823F000BF092A02081F2A020888
:102A0000352A02084B2A020800230193FF23009372
:102A1000654B684A23214620FEF708FD5FE000234E
:102A20000193FF230093604B634A23214620FEF766
:102A3000FDFC54E000230193FF2300935A4B5F4AAF
:102A400023214620FEF7F2FC49E000230193FF23F7
:102A50000093554B5A4A23214620FEF7E7FC3EE0FF
:102A6000504B9B79DBB2032B38D801A252F823F0EC
:102A7000812A0208972A0208AD2A0208C32A0208FE
:102A8000FF23019300230093474B4A4A232146200A
:102A9000FEF7CCFC23E0FF23019300230093424B7D
:102AA000454A23214620FEF7C1FC18E0FF2301938D
:102AB000002300933C4B414A23214620FEF7B6FCFD
:102AC0000DE0FF23019300230093374B3C4A232161
:102AD0004620FEF7ABFC02E000BF00E000BF334B36
:102AE0001B78DBB2082B0AD100230193FF2300934C
:102AF0002D4B344A32210520FEF798FC09E0FF23D4
:102B0000019300230093284B2E4A32210520FEF723
:102B10008DFC264B1B78DBB21C2B1DD1214BDB79A6
:102B2000DBB2002B02D0012B0BD033E0002301934A
:102B3000FF2300931C4B244A32214620FEF776FCEB
:102B400028E000230193FF230093174B1F4A3221F3
:102B50004620FEF76BFC1DE0124BDB79DBB2002B4D
:102B600002D0012B0BD015E0FF230193002300932B
:102B70000D4B154A32214620FEF758FC0AE0FF2390
:102B8000019300230093084B104A32214620FEF7A0
:102B90004DFC00BF0E4B1B681846FEF742FF00BFFE
:102BA000BD4680BD044B002070000020204B00205B
:102BB0007C6302081C62020824620208886302081F
:102BC0009063020898630208A4630208AC630208D9
:102BD000D45D002080B584B004AF002302930123AC
:102BE00001934FF6FF7300934023802201210120BF
:102BF000FEF7F4FA8B4B1B78DBB2092B0AD10023CA
:102C00000193FF230093884B884A05210520FEF796
:102C10000DFC09E0FF23019300230093824B834ABC
:102C200005210520FEF702FC7E4B1B78DBB21D2B35
:102C300012D17F4B1B7ADBB21846EDF77DFDFF23E7
:102C40000193002300930023774A41EC100B0521E8
:102C50004620FEF73DFC11E0754B1B7ADBB21846AF
:102C6000EDF76AFD00230193FF23009300236E4AD2
:102C700041EC100B05214620FEF72AFC694B1B781E
:102C8000DBB20A2B0AD100230193FF230093664B8A
:102C9000684A14210520FEF7C9FB09E0FF230193D0
:102CA00000230093604B634A14210520FEF7BEFB0E
:102CB0005C4B1B78DBB21E2B12D15D4B5B7ADBB217
:102CC0001846EDF739FDFF230193002300930023FD
:102CD000554A41EC100B14214620FEF7F9FB11E098
:102CE000534B5B7ADBB21846EDF726FD00230193C8
:102CF000FF23009300234C4A41EC100B1421462083
:102D0000FEF7E6FB474B1B78DBB20B2B0AD1002307
:102D10000193FF230093444B474A23210520FEF7EC
:102D200085FB09E0FF230193002300933E4B424AB9
:102D300023210520FEF77AFB3A4B1B78DBB21F2BD1
:102D400012D13B4B9B7ADBB21846EDF7F5FCFF2323
:102D50000193002300930023334A41EC100B2321FD
:102D60004620FEF7B5FB11E0314B9B7ADBB21846EB
:102D7000EDF7E2FC00230193FF23009300232A4A8E
:102D800041EC100B23214620FEF7A2FB254B1B78BC
:102D9000DBB20C2B0AD100230193FF230093224BBB
:102DA000264A32210520FEF741FB09E0FF2301936B
:102DB000002300931C4B214A32210520FEF736FBED
:102DC000184B1B78DBB2202B12D1194BDB7ADBB20C
:102DD0001846EDF7B1FCFF23019300230093002375
:102DE000114A41EC100B32214620FEF771FB11E035
:102DF0000F4BDB7ADBB21846EDF79EFC0023019304
:102E0000FF2300930023084A41EC100B3221462097
:102E1000FEF75EFB0A4B1B681846FEF702FE00BF7A
:102E2000BD4680BD204B002070000020B06302082A
:102E3000044B0020C0630208D0630208E06302086C
:102E4000D45D002080B584B004AF00230293012339
:102E500001934FF6FF73009340238022012101204C
:102E6000FEF7BCF99E4B1B78DBB20D2B0AD1002379
:102E70000193FF2300939B4B9B4A05210520FEF7FE
:102E8000D5FA09E0FF23019300230093954B964A5E
:102E900005210520FEF7CAFA914B1B78DBB2212BE6
:102EA0001DD1924B1B7BDBB2002B02D0012B0BD030
:102EB00033E000230193FF2300938A4B8C4A0521C2
:102EC0004620FEF7B3FA28E000230193FF23009386
:102ED000844B884A05214620FEF7A8FA1DE0834B63
:102EE0001B7BDBB2002B02D0012B0BD015E0FF23A4
:102EF0000193002300937B4B7D4A05214620FEF77A
:102F000095FA0AE0FF23019300230093754B794A59
:102F100005214620FEF78AFA00BF714B1B78DBB211
:102F20000E2B0AD100230193FF2300936D4B724AAD
:102F300014210520FEF77AFA09E0FF23019300230C
:102F40000093684B6C4A14210520FEF76FFA644B1E
:102F50001B78DBB2222B2CD1644B5B7BDBB2022BC8
:102F60001CD0022B52DC002B02D0012B0BD04DE0E9
:102F700000230193FF2300935A4B604A14214620FB
:102F8000FEF754FA45E000230193FF230093554BCD
:102F90005B4A14214620FEF749FA3AE000230193E8
:102FA000FF2300934F4B574A14214620FEF73EFA69
:102FB0002FE04E4B5B7BDBB2022B1CD0022B27DCBD
:102FC000002B02D0012B0BD022E0FF230193002322
:102FD0000093444B494A14214620FEF727FA18E093
:102FE000FF230193002300933E4B454A14214620C2
:102FF000FEF71CFA0DE0FF23019300230093394BE9
:10300000404A14214620FEF711FA02E000BF00E01A
:1030100000BF334B1B78DBB20F2B0AD10023019387
:10302000FF2300932F4B384A23210520FEF7FEF99A
:1030300009E0FF230193002300932A4B324A232106
:103040000520FEF7F3F9264B1B78DBB2232B12D1B8
:10305000264BDB899BB21846EDF76EFBFF230193ED
:103060000023009300231F4A41EC100B232146202C
:10307000FEF72EFA11E01D4BDB899BB21846EDF7E7
:103080005BFB00230193FF2300930023154A41ECCF
:10309000100B23214620FEF71BFA114B1B78DBB2E5
:1030A000102B0AD100230193FF2300930D4B174AE5
:1030B00032210520FEF7BAF909E0FF23019300232E
:1030C0000093084B114A32210520FEF7AFF9104B4F
:1030D0001B681846FEF7A5FC00BFBD4680BD00BFBB
:1030E000204B002070000020F0630208044B0020F9
:1030F000FC630208046402080C64020818640208F5
:103100001C6402082864020834640208406402084F
:10311000D45D002080B584B004AF00230293012366
:1031200001934FF6FF730093402380220121012079
:10313000FEF754F8744B1B78DBB2112B0AD1002335
:103140000193FF230093714B714A05210520FEF77F
:103150006DF909E0FF230193002300936B4B6C4A48
:1031600005210520FEF762F9674B1B78DBB2252BA2
:1031700012D1684B1B8A9BB21846EDF7DDFAFF238C
:103180000193002300930023604A41EC100B0521BA
:103190004620FEF79DF911E05E4B1B8A9BB2184654
:1031A000EDF7CAFA00230193FF2300930023574A47
:1031B00041EC100B05214620FEF78AF9524B1B7893
:1031C000DBB2122B0AD100230193FF2300934F4B54
:1031D000514A14210520FEF729F909E0FF23019344
:1031E00000230093494B4C4A14210520FEF71EF999
:1031F000454B1B78DBB2262B12D1464B9B8A9BB2E8
:103200001846EDF799FAFF2301930023009300235A
:103210003E4A41EC100B14214620FEF759F911E00B
:103220003C4B9B8A9BB21846EDF786FA002301932C
:10323000FF2300930023354A41EC100B1421462054
:10324000FEF746F9334B1B79DBB2052B53D12E4BDE
:103250001B78DBB2132B0AD100230193FF230093C9
:103260002A4B2E4A23210520FEF7E0F809E0FF2330
:10327000019300230093254B284A23210520FEF7C4
:10328000D5F8214B1B78DBB2272B1AD1214B1B7EA3
:10329000DBB2012B0AD100230193FF2300931B4BC8
:1032A0001F4A23214620FEF7C1F824E000230193A2
:1032B000FF230093154B1B4A23214620FEF7B6F847
:1032C00019E0144B1B7EDBB2012B0AD1FF230193C3
:1032D000002300930D4B124A23214620FEF7A6F847
:1032E00009E0FF23019300230093084B0D4A23219B
:1032F0004620FEF79BF80C4B1B681846FEF791FB27
:1033000000BFBD4680BD00BF204B002070000020E4
:1033100054640208044B0020606402086C640208D4
:10332000D4610208D0610208D45D002080B584B069
:1033300000AF0346FB71FB793B73002280210948F3
:10334000F0F748FF07F10C01642301220648F3F768
:10335000A1F8012280210348F0F73CFF00BF10379D
:10336000BD4680BD000C02402052002080B584B0D4
:1033700000AF78600023FB7203233B737B681B0A5A
:10338000DBB27B737B68DBB2BB73002280210D480C
:10339000F0F720FF07F10C01642303220A48F3F73A
:1033A00079F807F10B01642301220748F3F7B6F916
:1033B000012280210348F0F70DFFFB7A18461037F1
:1033C000BD4680BD000C02402052002080B584B074
:1033D00000AF78600B46FB7002233B737B681B0ACF
:1033E000DBB27B737B68DBB2BB73FB78FB730620BD
:1033F000FFF79CFF002280210948F0F7EBFE07F160
:103400000C01642304220748F3F744F801228021C9
:103410000348F0F7DFFE00BF1037BD4680BD00BF98
:10342000000C02402052002090B583B000AF002372
:10343000FB710020FFF79AFF0346FB71FB79AA2B73
:1034400040F0A6800120FFF791FF03461A467E4B0D
:103450001A700220FFF78AFF03461A467A4B5A7009
:103460000320FFF783FF03461A46774B9A70042028
:10347000FFF77CFF03461A46734BDA700520FFF70F
:1034800075FF03461A46704B1A710620FFF76EFF50
:1034900003461A466C4B5A710720FFF767FF034635
:1034A0001A46694B9A710820FFF760FF03461A46D7
:1034B000654BDA710920FFF759FF03461A46624B44
:1034C0001A720A20FFF752FF03461A465E4B5A72E1
:1034D0000B20FFF74BFF03461A465B4B9A720C20FA
:1034E000FFF744FF03461A46574BDA720D20FFF7E9
:1034F0003DFF03461A46544B1A730E20FFF736FF62
:1035000003461A46504B5A730F20FFF72FFF03460E
:103510001A46920013441A4691001A460B46134469
:103520009B009AB2484BDA811020FFF71FFF034639
:103530001A46920013441A4691001A460B46134449
:103540009B009CB21120FFF711FF034623449AB25F
:103550003D4B1A821220FFF709FF03461A469200DC
:1035600013441A4691001A460B4613449B009CB222
:103570001320FFF7FBFE034623449AB2324B9A8294
:103580001420FFF7F3FE03461A462F4B1A7657E036
:10359000AA210020FFF71AFF01210120FFF716FFE3
:1035A00001210220FFF712FF01210320FFF70EFF88
:1035B0000A210420FFF70AFF03210520FFF706FF79
:1035C000DC210620FFF702FF00210720FFF7FEFEA7
:1035D00000210820FFF7FAFE28210920FFF7F6FE58
:1035E0003C210A20FFF7F2FE28210B20FFF7EEFE18
:1035F0001E210C20FFF7EAFE00210D20FFF7E6FE5A
:1036000000210E20FFF7E2FE2D210F20FFF7DEFE46
:1036100000211020FFF7DAFE2A211120FFF7D6FE45
:1036200017211220FFF7D2FE00211320FFF7CEFE54
:1036300001211420FFF7CAFE00211520FFF7C6FE66
:1036400000BF0C37BD4690BD044B002080B400AFD6
:10365000174B00225A71164B0022DA75144B0022C8
:103660009A77134B002283F86120114B002283F8D4
:1036700068200F4B002283F8CB200D4B002283F8EB
:10368000ED200B4B002283F83121094B002283F8F7
:103690002F21084B00225A70064B00221A71054B4D
:1036A00000225A7100BFBD465DF8047B704700BF21
:1036B000006000203461002080B582B002AF114B61
:1036C00001221A7100F062FC00F048FC0E4B9B7A5C
:1036D000002B13D00B4B1B79012B0FD10A4B1B89ED
:1036E000D9B201230093094B0122BA2000F018FE41
:1036F000054B00229A72044B00221A8100BFBD467E
:1037000080BD00BF3461002000600020044B002019
:1037100080B500AF00F03AFC234B5B79002B02D15F
:10372000012000F0D1FC204BDB7D002B02D11220C8
:1037300000F0CAFC1C4B9B7F002B02D1142000F030
:10374000C3FC194B93F86130002B02D1112000F01B
:10375000BBFC154B93F86830002B02D1212000F000
:10376000B3FC114B93F8CB30002B04D00E4B93F8E5
:10377000ED30002B02D1222000F0A6FC0A4B93F87A
:103780003131002B02D1152000F09EFC064B93F83E
:103790002F31002B02D1232000F096FC162000F0E0
:1037A00093FC00BF80BD00BF0060002080B500AF6B
:1037B00000F0ECFB1D4B5B79002B02D1012000F0E7
:1037C00083FC1A4BDB7D002B02D1122000F07CFC25
:1037D000164B9B7F002B02D1142000F075FC134B7D
:1037E00093F86130002B02D1112000F06DFC0F4BDB
:1037F00093F86830002B02D1212000F065FC0B4BC0
:1038000093F8CB30002B04D0084B93F8ED30002B0D
:1038100002D1222000F058FC044B93F83131002BE8
:1038200002D1152000F050FC00BF80BD00600020D8
:1038300080B500AF00F0AAFB1F4B5B79002B02D1D3
:10384000012000F041FC1C4BDB7D002B02D112203B
:1038500000F03AFC184B9B7F002B02D1142000F0A3
:1038600033FC154B93F86130002B02D1112000F08E
:103870002BFC114B93F86830002B02D1212000F073
:1038800023FC0D4B93F8CB30002B04D00A4B93F85C
:10389000ED30002B02D1222000F016FC064B93F8ED
:1038A0003131002B02D1152000F00EFC162000F063
:1038B0000BFC00BF80BD00BF0060002080B58AB057
:1038C00002AF03463960FB711346BB71FB79232BB2
:1038D00050DC002B40F3CF82013B222B00F2CB8245
:1038E00001A252F823F000BFCB390208773E02084C
:1038F000773E0208773E0208773E0208773E0208CC
:10390000773E0208773E0208773E0208773E0208BB
:10391000773E0208773E0208773E0208773E0208AB
:10392000773E02087D3902088F3A0208213A0208E0
:10393000773E0208713A0208013E02081B3E020867
:10394000773E0208773E0208773E0208773E02087B
:10395000773E0208773E0208773E0208773E02086B
:10396000773E02089B390208193B0208DD3C020839
:103970006F3D0208F02B00F05C827CE2BB79002BEB
:1039800000F07B823B681B78012B0CBF01230023D6
:10399000DBB21A46A14B1A716FE2BB79002B00F023
:1039A0006E823B681B78012B0CBF01230023DBB226
:1039B0001A469A4B5A71994B5B79012B40F05F8202
:1039C000964B5A79954B1A7159E2BB79002B00F04E
:1039D00058823B681A78924B1B78DBB29A4216D019
:1039E0008E4B1B79012B09D13B6819780123009379
:1039F0008B4B0122BA2000F093FC42E2894B01225A
:103A00009A723B681B781A46864B1A8139E2844BBE
:103A10001B78DAB2834B1A71824B01225A7130E261
:103A2000BB790B2B40F22F823B681B681A467D4BFB
:103A3000C3F80B203B6804331B681A46794BC3F864
:103A40000F203B6808331B681A46764BC3F81320D7
:103A5000744BDB7A002B07D0724BDB7B002B03D03F
:103A6000704B0122DA750EE26E4B0022DA750AE223
:103A7000BB79052B40F209826A4B3A68183310680B
:103A8000186092889A80674B01229A77FDE1FF23A4
:103A9000FB770023BB770BE0BB7F3A6813441B78AE
:103AA0002C2B02D1BB7FFB7706E0BB7F0133BB77BA
:103AB000BA7FBB799A42EFD3FB7FFF2B00F0E781FF
:103AC000FB7F202B28BF2023BB73BB7B1A463968A2
:103AD000554801F0ADFD534ABB7B82F83F30BA79BF
:103AE000FB7FD31ADBB2013B7B777B7F202B01D995
:103AF00020237B77FB7F01333A6813447A7F194692
:103B00004A4801F095FD474A7B7F82F86030454B7B
:103B1000012283F86120BAE1BB79062B1AD13B68F8
:103B20001B681A463F4BC3F862203B6804331B787E
:103B30001BB21B021AB23B6805331B781BB213433E
:103B40001BB29AB2374BA3F86620364B012283F89A
:103B500068209EE1BB79062B40F29B810023BB606D
:103B600000237B8300237B7600233B760023FB75B9
:103B7000BB791A4639682E4801F05AFD294ABB79AB
:103B800082F8A930BB79072B0AD90722294938685E
:103B900001F036FD0346002B02D10723FB750CE034
:103BA000BB79062B09D906222349386801F028FD84
:103BB0000346002B01D10623FB75FB7D3B765AE0C3
:103BC0003B7E3A6813441B782E2B0ED17B7E032B51
:103BD00008D87B7E5A1C7A767A8BD2B220333B444B
:103BE00003F8182C00237B8342E03B7E3A681344A1
:103BF0001B783A2B22D17B7E032B08D87B7E5A1C64
:103C00007A767A8BD2B220333B4403F8182C002307
:103C10007B833B7E01333B7631E000BF3461002083
:103C2000044B0020006000201F6000204060002046
:103C30006960002078640208806402083B7E3A686C
:103C400013441B782F2B13D93B7E3A6813441B78FF
:103C5000392B0DD87B8B1A46920013445B009BB224
:103C60003A7E39680A44127813449BB2303B7B8316
:103C70003B7E01333B763A7EBB799A42A0D31CE06F
:103C80003B7E3A6813441B782F2B13D93B7E3A684E
:103C900013441B78392B0DD87B8B1A4692001344A2
:103CA0005B009BB23A7E39680A44127813449BB297
:103CB000303B7B833B7E01333B763A7EBB799A4235
:103CC000DED3BB687A4AC2F86230794A7B8BA2F8AD
:103CD0006630774B012283F86820DAE0FF23BB755A
:103CE00000237B750BE07B7D3A6813441B782C2BFB
:103CF00002D17B7DBB7506E07B7D01337B757A7DD0
:103D0000BB799A42EFD3BB7DFF2B00F0C480BB7D13
:103D1000202B28BF2023FB73FB7B1A46396865489C
:103D200001F086FC624AFB7B82F8CA30BA79BB7D1F
:103D3000D31ADBB2013B3B753B7D202B01D92023FD
:103D40003B75BB7D01333A6813443A7D19465A48A6
:103D500001F06EFC564A3B7D82F8EC30544B012258
:103D600083F8CB20524B012283F8ED2093E0BB79FE
:103D7000002B00F09280FF23FB74FF23BB74002311
:103D80007B7411E07B7C3A6813441B782F2B08D19D
:103D9000FB7CFF2B02D17B7CFB7402E07B7CBB7441
:103DA00006E07B7C01337B747A7CBB799A42E9D351
:103DB000FB7CFF2B71D0BB7CFF2B6ED0BA7CFB7CD5
:103DC00001339A4269DDBA7CFB7CD31ADBB2013B3A
:103DD0003B743B7C402B01D940233B74FB7C01337B
:103DE0003A6813443A7C1946344801F021FC304AC1
:103DF0003B7C82F82E312E4B012283F82F214CE0A0
:103E0000BB79002B4BD03B681A78294B83F83021C3
:103E1000274B012283F8312141E0BB79002B40D0B0
:103E20003B681B785AB2264B1A70254B01225A70F8
:103E300037E0BB79002B36D000224FF400612148D7
:103E4000F0F7C8F9204B0022C3F818223220F6F709
:103E500090F8FFF7FBFB01224FF400611948F0F7DF
:103E6000B9F9F0F7F1FB0346174AC2F818323220CD
:103E7000F6F77FF817E000BF16E000BF14E000BFC0
:103E800012E000BF10E000BF0EE000BF0CE000BF7A
:103E90000AE000BF08E000BF06E000BF04E000BF8A
:103EA00002E000BF00E000BF00BF2037BD4680BD7C
:103EB00000600020AA600020CC600020EE6000209E
:103EC0003461002000000240D85D002080B400AFC3
:103ED000034B1B781846BD465DF8047B704700BF56
:103EE0004E61002080B400AF034B1B781846BD46DE
:103EF0005DF8047B704700BFA263002080B400AF70
:103F0000034B1B781846BD465DF8047B704700BF25
:103F10004C61002080B400AF034B1B781846BD46AF
:103F20005DF8047B704700BFA063002080B400AF41
:103F3000034B1B781846BD465DF8047B704700BFF5
:103F40004D61002080B400AF034B1B781846BD467E
:103F50005DF8047B704700BFA163002080B400AF10
:103F6000074B00221A70074B00221A70064B0022E2
:103F70001A7001231846BD465DF8047B704700BFE8
:103F8000A0630020A1630020A263002080B400AFE2
:103F9000074B00221A70074B00221A70064B0022B2
:103FA0001A7001231846BD465DF8047B704700BFB8
:103FB0004C6100204D6100204E61002080B582B030
:103FC00000AF144B1B78012B1FD1F0F73DFB78603D
:103FD000114B1B68002B19D00F4B1B687A68D31A42
:103FE0004FF4FA72934211D30C4B1B78184600F031
:103FF00041F8084B00221A70084B00221A70064B39
:1040000000221A6000F0C8F800E000BF0837BD4683
:1040100080BD00BF4E610020506100204F61002034
:1040200080B582B000AF104B1B78012B17D1F0F791
:104030000BFB02460D4B1B68D31A7B607B6840F27A
:10404000DC5293420BD97968094801F0F9F8064B24
:1040500000221A70054B00221A6000F027F900BFF9
:104060000837BD4680BD00BFA2630020A4630020C6
:104070008864020880B485B000AF0346FB710F4B23
:104080001B7801335A4203F00F0302F00F0258BFAE
:104090005342FB730A4B1B78FA7B9A4208D0074BBA
:1040A0001B781946074AFB795354044AFB7B13706B
:1040B00000BF1437BD465DF8047B70474D6100209A
:1040C0004C6100203C61002080B584B000AF034605
:1040D000FB71FB791846FFF7CDFF144B1B78002BC3
:1040E0001FD1134B1A78134B1B789A4219D00F4BE0
:1040F00001221A700E4B1B781A460F4B9B5CFB7308
:104100000B4B1B7801335A4203F00F0302F00F02EE
:1041100058BF5342DAB2064B1A70FB7B184600F0C8
:1041200097F900BF1037BD4680BD00BF4E6100202B
:104130004C6100204D6100203C61002080B483B0C0
:1041400000AF7860114B1A78114B1B789A4201D15D
:10415000002314E00D4B1B781A460E4B9A5C7B68CB
:104160001A700A4B1B7801335A4203F00F0302F016
:104170000F0258BF5342DAB2044B1A70012318469B
:104180000C37BD465DF8047B704700BF4C610020D2
:104190004D6100203C61002080B582B000AF154B1E
:1041A0001B78012B22D0FB1D1846FFF7C7FF0346E3
:1041B000002B1CD0F0F748FA02460F4B1B68D31AAD
:1041C0001D2B03D80C4B1B68002B10D1094B01226F
:1041D0001A70FA79094B1A70F0F736FA0346064A54
:1041E0001360FB79184600F033F900E000BF083790
:1041F000BD4680BD4E610020506100204F6100200F
:1042000080B584B000AFF860B9607A60234B1A784B
:10421000234B1B789A4201D100233AE01F4B1B78B5
:104220001946204A622301FB03F313441A78FB6802
:104230001A701A4B1B7819461A4A622301FB03F3C2
:10424000134461331A787B681A707B681B78002BE3
:104250000ED0124B1B781A46622302FB03F3114A5D
:104260001344591C7B681B781A46B86801F0E0F9C2
:104270000A4B1B785A1C0C4B83FB0231D317C91A0B
:104280000B465B000B445B00D11ACAB2034B1A7099
:10429000012318461037BD4680BD00BFA063002033
:1042A000A163002054610020ABAAAA2A80B59CB06B
:1042B00002AF184B1B78012B28D007F16402391D7F
:1042C00007F165031846FFF79BFF0346002B1ED03E
:1042D000F0F7BAF90346104A13600E4B01221A7028
:1042E00097F8653087F8673097F8643087F866305C
:1042F0000A4B1B78D9B2381D97F8672097F86630BB
:1043000000930346BA2000F00BF800E000BF6837C6
:10431000BD4680BDA2630020A4630020044B0020A2
:1043200080B5A4B000AF3B600346FB710B46BB7188
:1043300013467B710023A7F88E30B7F88E305A1CD5
:10434000A7F88E2090333B44022203F8842CB7F860
:104350008E305A1CA7F88E20194697F898300133F2
:10436000DAB201F190033B4403F8842CB7F88E30A5
:104370005A1CA7F88E2090333B44FA7903F8842C1A
:10438000B7F88E305A1CA7F88E2090333B44BA7988
:1043900003F8842CB7F88E305A1CA7F88E2090337F
:1043A0003B447A7903F8842C002387F88D3017E09A
:1043B0003B68002B05D097F88D303A6813441A7883
:1043C00000E00022B7F88E30591CA7F88E10903309
:1043D0003B4403F8842C97F88D30013387F88D30F7
:1043E00097F88D2097F898309A42E1D397F8983053
:1043F0009BB203339AB207F10C03023311461846FD
:1044000000F036F9034687F88C30B7F88E305A1C26
:10441000A7F88E2090333B4497F88C2003F8842C27
:10442000B7F88E305A1CA7F88E2090333B440322F5
:1044300003F8842CB7F88E2007F10C01C823034839
:10444000F2F7F2FD00BF9037BD4680BD785A0020DC
:1044500080B584B002AF0346FB71074B1B78D9B21D
:10446000FA79002300930023BC20FFF759FF00BF17
:104470000837BD4680BD00BF044B002080B500AFAB
:104480000D4B93F81F32012B13D10B4B93F82032B5
:10449000062B094B002283F81F22084B1B78012BA7
:1044A00007D1064B00221A70054B00221A60FFF755
:1044B000FDFE00BF80BD00BFD85D0020A2630020CC
:1044C000A463002080B582B000AF264BDB78FB717F
:1044D000244B5B79BB71234B9B78013B7B71224B57
:1044E0003B60224B00221A70214B00221A70214B94
:1044F00000221A60FFF750FEFB79BC2B2ED17A798F
:10450000BB7939681846FFF7D9F9BB79102B02D06F
:10451000202B10D022E07B79002B1CD06420F5F7F3
:1045200028FD3B681B78002B02D0FFF7C5F812E08E
:10453000FFF73CF90FE07B79002B0ED06420F5F7F4
:1045400018FD3B681B78002B02D0FFF7E1F804E070
:10455000FFF76EF901E000BF00E000BF00BF0837C1
:10456000BD4680BDD85D0020DE5D00204E6100208C
:104570004F6100205061002080B5C2B000AF3A4BBF
:10458000B3F80A32023BA7F80431B7F80431364ACF
:1045900013445B7887F8003107F58473A3F58473BF
:1045A00018464FF480731A460021ECF7C9FC00232B
:1045B000A7F80631B7F806315A1CA7F806211A46A3
:1045C000294BD97807F58473A3F584739954B7F808
:1045D00006315A1CA7F806211A46234B197907F50C
:1045E0008473A3F584739954B7F806315A1CA7F85D
:1045F00006211A461C4B597907F58473A3F5847379
:104600009954194B9B78013B87F8033197F8033194
:10461000002B11D0B7F806313A46134497F803211E
:104620001249184601F004F897F803319AB2B7F826
:1046300006311344A7F80631B7F806213B46114668
:10464000184600F015F8034687F8023197F8003154
:1046500097F802219A4201D0002300E00123184676
:1046600007F58477BD4680BDD85D0020DE5D002063
:1046700080B485B000AF78600B467B800023FB6080
:1046800000237B810DE07B897A6813441B781A46EE
:10469000FB681344FB60FB68DBB2FB607B89013382
:1046A0007B817A897B889A42EDD3FB68DBB218461E
:1046B0001437BD465DF8047B704780B483B000AF0B
:1046C0000346FB71FB79092B03D8FB793033DBB24E
:1046D0000AE0FB79092B06D9FB790F2B03D8FB796C
:1046E0003733DBB200E0002318460C37BD465DF8D7
:1046F000047B704780B487B000AFF860B9607A601F
:10470000BB68002B01D10A230FE0FB684FF4FA527B
:1047100003FB02F2BB68B2FBF3F27B6802FB03F31C
:104720007B617B690A2B38BF0A2318461C37BD46BC
:104730005DF8047B704780B584B000AFF860B96065
:104740007A607A68B968F868FFF7D4FF03461846BC
:104750001037BD4680BD000080B584B000AF7860E2
:104760000B46FB700123BB720023FB730023BB814C
:1047700000237B7200233B720023FB7200BFBB7AD5
:10478000002B00F0B780FB78062B31D97B68013312
:104790001B78A52B02D10B23FB722CE07B68013325
:1047A0001B78A92B02D10923FB7224E07B6801331B
:1047B0001B78A62B04D07B6801331B78A72B14D160
:1047C0007B6804331B78A3F1300213469B0013442B
:1047D0005B001A467B6805331B78303B1344DBB221
:1047E0009B00DBB20933FB7205E00023BB7281E062
:1047F0000023BB727EE0FB78082B78D9FA78FB7A2D
:104800009A4271D3FB78013B7A6813441B78032BDF
:104810005ED10123FB730AE0FB7B7A6813441B78AB
:104820001A46BB891344BB81FB7B0133FB73FA7BC4
:10483000FB78033B9A42EFDBBB89DBB2BB81BB89D0
:104840001B099BB2DBB21846FFF737FF03467B72AA
:10485000BB89DBB203F00F03DBB21846FFF72DFF75
:1048600003463B72FB78033B7A6813441B787A7AE1
:104870009A422AD1FB78023B7A6813441B783A7A31
:104880009A4222D1214BDB79DBB2002B17D11F4B8F
:10489000DB7ADBB2002B12D11C4B1B7BDBB2002B73
:1048A0000DD1FB781A467968194800F0C1FEFB78F3
:1048B0009AB2184BA3F83E22144B01225A71164BA0
:1048C00000221A700023BB7214E00023BB7211E0B7
:1048D000124B1B689B680021184600F021FDFAF777
:1048E000DFFF0023BB7205E00023BB7202E0002360
:1048F000BB7200BF054B5B79DBB2002B14BF0123F9
:104900000023DBB218461037BD4680BD244B002083
:10491000614B0020604B0020A44D00200C000020C3
:1049200080B582B000AF814B93F81D32012B77D157
:104930007E4BB3F80A325A1C91B27C4AA2F80A1292
:1049400019467A4B1A78794B0B445A70774B93F887
:104950001E32002B09D1EFF777FE0346734AC2F8E7
:104960001032724B0522C3F81422704BB3F80A328E
:10497000032B36D100237B606C4BB3F80A32012B3A
:1049800003D96A4B9B7806337B607B68002B13D07E
:104990007B68B3F5027F0FD202224FF4165178687C
:1049A000FFF7C9FE0346614AC2F814327B689AB227
:1049B0005E4BA3F80C2233E05C4B002283F81D22EF
:1049C0005A4B0022A3F80C22584B0022A3F80A22CB
:1049D000564B0022C3F81422544B0022C3F8102275
:1049E0001EE0524BD3F81432002B19D04F4BB3F8C2
:1049F0000A32042B14D14D4BDB78BA2B03D04B4B2E
:104A0000DB78BC2B04D1494B012283F81E2207E03E
:104A1000464B0622A3F80C22444B002283F81E22A8
:104A2000424B1B78022B29D1404B93F81D32002BAF
:104A300024D13E4B012283F81D223C4B0022A3F8D7
:104A40000A223A4BB3F80A325A1C91B2374AA2F8FA
:104A50000A121946354B1A78344B0B445A70EFF74B
:104A6000F3FD0346314AC2F81032304B3022C3F80E
:104A700014222E4B022283F81E2252E02B4B1B786D
:104A8000032B2FD1294BB3F80C32002B07D0274B27
:104A9000B3F80A22254BB3F80C329A4204D2234BC6
:104AA00093F81E32012B1DD0204B0022C3F8102298
:104AB0001E4B0022C3F814221C4B002283F81D2237
:104AC0001A4B93F81E32002B04D1184B012283F8A5
:104AD0001C2226E0FFF750FD03461A46134B83F8CD
:104AE0001C221EE0114B93F81D32002B19D10F4BE5
:104AF0001B78062B03D00D4B1B78152B11D10B4BBC
:104B0000012283F81F22094B1A78084B83F82022D0
:104B1000064B0022C3F81422044B0022C3F81022D3
:104B2000FFE700BF0837BD4680BD00BFD85D00204D
:104B300080B586B000AF3B1D00221A605A609A60B3
:104B4000DA601A614FF400637B600123BB600123CC
:104B5000FB6000233B613B1D19460348EFF78AF8D1
:104B600000BF1837BD4680BD0000024080B584B04C
:104B700000AF78606B4800F0CBFBFF23FB736A4B00
:104B80009B79DBB2FA7B9A4209D0674B9B79DBB207
:104B9000022B01D0FFF7CCFF634B9B79FB73624B79
:104BA0009B79DBB2022B03D16420F5F7E2F9B8E080
:104BB0005D4B9B79DBB2032B17D04FF400615B4850
:104BC000EFF7F0FA0346012B0BD1FEF73FFD002271
:104BD0004FF400615548EFF7FDFA554B0022C3F83A
:104BE00018226420F5F7C5F99BE04F4B9B79DBB2A7
:104BF000032B26D14FF400614C48EFF7D3FA03465C
:104C0000012B1ED000224FF400614848EFF7E2FA72
:104C1000474B0022C3F818223220F5F7AAF9FEF715
:104C200015FD01224FF400614048EFF7D3FAEFF78A
:104C30000BFD03463E4AC2F818323220F5F799F9C7
:104C40006FE03B4BD3F81432002B28D0384BD3F80D
:104C50001032002B23D0EFF7F7FC0246344BD3F889
:104C60001032D21A324BD3F814329A4217D9304B41
:104C70000022C3F814222E4B0022C3F810222C4B22
:104C80000022A3F80A222A4B0022A3F80C22284B68
:104C9000002283F81D22264B002283F81E22244B7B
:104CA00093F81C32002B28D0214B002283F81C22C1
:104CB000EFF7CAFC03461E4AC2F824321C4B93F895
:104CC0001E32002B0AD11A4BB3F80A32DBB2194656
:104CD0001848FFF741FD0346BB7322E0FFF7F2FBE4
:104CE000134B0022A3F80A22114B0022A3F80C2236
:104CF0000F4B002283F81E2206E00D4B93F81F3263
:104D0000002B01D0FFF7BAFB00F016F800F0B2F864
:104D1000FFF754F9FFF784F900F0AAF90A20F5F734
:104D200028F92CE7B4640208044B0020000002407C
:104D3000D85D0020D95D002080B584B002AF484B1B
:104D40001B79012B40F08680454B5B79012B40F0AD
:104D50008180EFF779FC7860424B93F81C32002B8E
:104D600004D1404B93F81F32002B03D03E4A7B689E
:104D7000136072E03C4B1B68002B63D03A4B1B68FE
:104D80007A68D31A41F2883293425BD3344B5B7911
:104D9000002B08D1334BD3F818327A68D31A43F674
:104DA000972293424ED92E4B5B79002B1ED02D4B70
:104DB000D3F824327A68D31A40F6B732934215D822
:104DC0002A4B1B78042B06D8284B1B780133DAB208
:104DD000264B1A7006E0254B1B78042B02D9204B7A
:104DE00091221A70204A7B68136036E01C4B93F9BD
:104DF0000030B3F1FF3F03D1194B00225A702BE072
:104E0000FFF764F80346002B26D1FFF76BF8034643
:104E1000002B21D1144A7B681360114B9B78012B26
:104E20000CD1134B1B78D9B2002300930023162218
:104E3000BC20FFF775FA0A4B00229A700B4B002238
:104E40001A7009E0084B1B68002B06D1064A7B68E4
:104E5000136002E000BF00E000BF0837BD4680BD20
:104E600034610020D85D0020A8630020AC630020DE
:104E7000044B002080B582B000AF784B1B79012B2A
:104E800040F0E180754B5B79012B40F0DC80EFF75F
:104E9000DBFB3860724B93F81C32002B04D1704B53
:104EA00093F81F32002B03D06E4A3B681360D1E0A9
:104EB0000023FB716C4B5B79002B01D10123FB714B
:104EC000694BDB7D002B01D10123FB71664B9B7F7E
:104ED000002B01D10123FB71634B93F86130002B50
:104EE00001D10123FB71604B93F86830002B01D195
:104EF0000123FB715C4B93F8CB30002B04D05A4B51
:104F000093F8ED30002B01D10123FB71564B93F840
:104F10003131002B01D10123FB71534B93F82F3119
:104F2000002B01D10123FB71FB7983F00103DBB27C
:104F3000002B40F08A804A4BD3F818323A68D31AD3
:104F40004EF6602293422CD9474B5B79002B0CD054
:104F5000424B1B79002B08D0404B5B79002B04D0CF
:104F6000414B93F82F31002B71D1FEF76FFB0022DC
:104F70004FF400613D48EFF72DF9394B0022C3F89B
:104F800018226420F4F7F5FF01224FF4006137483E
:104F9000EFF720F9EFF758FB0346314AC2F8183211
:104FA00055E0304B1B68002B07D02E4B1B683A682E
:104FB000D31A42F2107293424BD32A4A3B681360D1
:104FC000294B5B79002B02D10120FFF77DF8264B9E
:104FD000DB7D002B02D11320FFF776F8224B9B7F5D
:104FE000002B02D11420FFF76FF81F4B93F86130AC
:104FF000002B02D11120FFF767F81B4B93F86830A4
:10500000002B02D12120FFF75FF8174B93F8CB302C
:10501000002B04D0144B93F8ED30002B02D122204A
:10502000FFF752F8104B93F83131002B02D11520C5
:10503000FFF74AF80C4B93F82F31002B0AD12320AD
:10504000FFF742F806E000BF04E000BF02E000BF47
:1050500000E000BF0837BD4680BD00BF34610020BE
:10506000D85D0020B06300200060002000000240F6
:1050700090B585B002AF674BD3F81832002B03D13F
:10508000654B00221A60C2E0EFF7DEFA7860634BEE
:105090001B79012B07D1614B5B79012B03D15E4B4F
:1050A00000221A60B3E05C4B1B68002B07D15B4BFE
:1050B0005B79012B03D0584A7B681360A7E0584BFB
:1050C0005B79002B16D1534BD3F818327A68D31A78
:1050D000534AD28801324FF47A7101FB02F29342B3
:1050E00008D94F4BDB8801339AB24D4BDA8001204F
:1050F000FFF7AEF9484B1B687A68D31A4CF250326E
:1051000093421ED9444A7B681360FEF79FFA00223F
:105110004FF400614348EFF75DF83E4B0022C3F8BF
:1051200018226420F4F725FF01224FF400613D4866
:10513000EFF750F8EFF788FA0346364AC2F818320C
:1051400065E0344BD3F818327A68D31A47F23052FC
:1051500093425CD9344B1B68002B07D0324B1B6841
:105160007A68D31A41F28832934250D3FEF7C6FED2
:1051700003461C46FEF7DAFE03469C4247D1FEF783
:10518000A5FE0346002B42D1FEF7C4FE03461C4693
:10519000FEF7D8FE03469C4239D1FEF7A3FE034634
:1051A000002B34D11B4B93F81C32002B2FD1194B01
:1051B00093F81F32002B2AD1184B1B79002B26D1D4
:1051C000164B1B79002B0FD10123FB70174B1B785B
:1051D000D9B2FB1C012200921022BA20FFF7A0F8DE
:1051E000114A7B68136012E00C4B5B79002B0ED1E7
:1051F0000123BB700D4B1B78D9B2BB1C012200925E
:105200002022BA20FFF78CF8074A7B6813600C371E
:10521000BD4690BDD85D0020B463002034610020FD
:105220000060002000000240B8630020044B002012
:10523000024B01461868EBF7C3BF00BF0C0000200B
:105240000FB407B5064904AB086853F8042B81680E
:10525000019300F07DFB03B05DF804EB04B07047F0
:105260000C000020036A70B5846805460E460BB931
:10527000EBF7ECFD636EDB0705D4A389980502D438
:10528000A06DEBF72EFFA389190702D52369002B28
:1052900035D12146284600F05FF980B34FF0FF3545
:1052A000636EDA0705D4A3899B0502D4A06DEBF7E2
:1052B00019FF284670BD002B04DAA269934217DB60
:1052C0000A2915D023685A1C22601970A36816F8A1
:1052D000011F013BA3600029EDD1002B11DA22460A
:1052E0000A21284600F0FAF80130D7D00A25D7E77E
:1052F0002246284600F0F2F80130E7D1CEE7013E21
:10530000E4E723685A1C22600A221A70EEE70000C4
:10531000024B01461868FFF7A5BF00BF0C00002034
:10532000B1FA81F252094FF48063520000F000B8E4
:105330002DE9F7431D46574B1F6804460E4690461D
:1053400027B13B6A13B93846EBF780FDB8F1020F7D
:1053500006D0B8F1010F00F29A80002DC0F29780BC
:10536000636ED90705D4A3899A0502D4A06DEBF723
:10537000B8FE21463846ECF731F8616B41B104F1D3
:105380004403994202D03846EBF7AEFE0023636334
:105390000023A3616360A3891B0603D521693846F6
:1053A000EBF7A2FEA38923F44A6323F00303B8F1C9
:1053B000020FA38161D001AB6A462146384600F056
:1053C0006FFDA3891843A0812DBB009D2846FFF7E0
:1053D0002FFF0646002852D1DDF80090A94540D1A4
:1053E0004FF0FF35B4F90C3043F00202A2810022E5
:1053F000A26004F147022260226101226261626EB2
:10540000D60704D4980502D4A06DEBF76BFE2846AE
:1054100003B0BDE8F083002ED8D03B6A13B93846FC
:10542000EBF714FDB8F1010F08BFA389266004BF94
:1054300043F00103A381B4F90C3013F00802C4E96E
:1054400004651ED0D90741BF00226D42A260A5614C
:1054500058BFA560626ED20701D49B0513D5002505
:10546000D5E74846FFF7E4FE06460028B8D0A389F2
:1054700043F08003A3814D46CFE70025B2E7A9465C
:10548000F5E7A260E6E7A06DEBF72CFEE7E74FF04B
:10549000FF35BCE70C0000200EB410B59DB01FAB6B
:1054A000029006906FF000410A48079104910A4962
:1054B00053F8042B0591002402A9006801931B9462
:1054C00000F024F9029B1C701DB0BDE8104003B031
:1054D000704700BF0C0000200802FFFFF8B50E4621
:1054E0001446054618B1036A0BB9EBF7AFFCA36984
:1054F000A360A3891A0701D5236943B92146284629
:1055000000F02AF818B14FF0FF373846F8BD23688D
:105510002269981A6369F6B28342374605DC214650
:105520002846EBF75BFF0028EDD1A368013BA360A1
:1055300023685A1C22601E706269431C9A4204D080
:10554000A389DB07E1D50A2EDFD121462846EBF7F8
:1055500045FF0028D9D0D6E738B5284B054618684E
:105560000C4618B1036A0BB9EBF770FCB4F90C30B8
:105570001A0721D4D80607D409222A6043F0400331
:10558000A3814FF0FF3030E0590712D5616B41B174
:1055900004F14403994202D02846EBF7A5FD00230D
:1055A00063630022B4F90C3062602269226023F048
:1055B000240343F00803A38122693AB99A0501D56F
:1055C000180603D52146284600F08EFCB4F90C30AD
:1055D00013F001020AD00022A26062695242A26165
:1055E000226942B913F08000C8D138BD990758BF6D
:1055F0006269A260F4E70020F7E700BF0C0000201A
:1056000010B56AB10139841810F8012B11F8013F67
:105610009A4203D1A04201D0002AF5D1D01A10BD80
:105620001046FCE7014B1868704700BF0C000020D3
:105630000A44914200F1FF3300D1704710B511F8D0
:10564000014B03F8014F9142F9D110BD2DE9F0470C
:105650008E681F46BE4282460C469046334653D85B
:10566000B1F90C0010F4906F2BD0656923680969BB
:1056700005EB4505A3EB010905EBD5757B1C6D100A
:105680004B44AB422A4684BF1D462A46430527D5D4
:1056900011465046EBF794FD064658B321694A4639
:1056A000FFF7C6FFA38923F4906343F08003A3812F
:1056B000266165614E44A5EB09052660A5603E465E
:1056C0003B461F4620683A46414600F046FCA36828
:1056D0009B1BA36023683B4423600020BDE8F08748
:1056E000504600F075FC06460028E1D1216950467D
:1056F000EBF7FAFC0C23CAF80030A38943F040030F
:10570000A3814FF0FF30E9E73E46DBE72DE9F047A4
:105710001F468B891B069CB006460D46144610D5C5
:105720000B6973B94021EBF74BFD2860286130B954
:105730000C2333604FF0FF301CB0BDE8F0874023EE
:105740006B610023099320238DF8293003973023C0
:10575000654F8DF82A304FF001082346994613F81B
:10576000012B0AB1252AF9D1B9EB040A0BD0534613
:10577000224629463046FFF769FF013000F0A48039
:10578000099A5244099299F80030002B00F09C804D
:1057900000234FF0FF32CDE9052309F101090493FD
:1057A00007938DF853301A934C464F4814F8011B59
:1057B0000522EBF76DFA049BD0B9D80644BF20222E
:1057C0008DF85320190744BF2B228DF8532099F8E8
:1057D00000202A2A13D0079A4C4600204FF00A0CCA
:1057E000214611F8013B303B092B49D968B913E038
:1057F000C01B08FA00F018430490A146D4E7039AAE
:10580000111D12680391002A01DB079204E0524245
:1058100043F002030792049323782E2B0AD1637876
:105820002A2B32D1039B1A1D1B68039243EAE373B0
:1058300002340593DFF8C090217803224846EBF745
:1058400027FA38B1049BA0EB0900402282401343A1
:105850000134049314F8011B24488DF82810062203
:10586000EBF716FA002835D0214818BB039B073305
:1058700023F0070308330393099B034409936CE760
:105880000CFB02320C460120AAE7002301340593E9
:1058900019464FF00A0C204610F8012B303A092A1D
:1058A00003D9002BC6D00591C4E70CFB01210446A7
:1058B0000123F0E703AB00932A460E4B04A93046C0
:1058C000AFF30080421CD7D1AB895B063FF532AF06
:1058D000099831E703AB00932A46064B04A93046EA
:1058E00000F0B8F9EEE700BF248F02082E8F0208FF
:1058F000000000004D5602082A8F02089368013B01
:10590000002B10B4936008DA9469A34201DB0A29E2
:1059100003D15DF8044BFFF7E1BD1368581C10601C
:10592000197008465DF8044B7047F8B506460F46F7
:105930001446D518AC4201D1002007E014F8011B31
:105940003A463046FFF7DAFF431CF3D1F8BD0000BA
:105950002DE9F0470D469CB014461F46064618B187
:10596000036A0BB9EBF772FA6B6ED90705D4AB89F2
:105970009A0502D4A86DEBF7B4FBAB891B0701D5E0
:105980002B699BB929463046FFF7E6FD70B16B6E77
:10599000DC0704D54FF0FF301CB0BDE8F087AB89C1
:1059A0009805F7D4A86DEBF79DFBF3E70023099367
:1059B00020238DF82930039730236A4F8DF82A3041
:1059C0004FF001082346994613F8012B0AB1252A06
:1059D000F9D1B9EB040A0BD053462246294630468A
:1059E000FFF7A3FF013000F0A480099A5244099206
:1059F00099F80030002B00F09C8000234FF0FF321C
:105A0000CDE9052309F10109049307938DF853307B
:105A10001A934C46534814F8011B0522EBF738F94A
:105A2000049BD0B9D90644BF20228DF853201A0711
:105A300044BF2B228DF8532099F800202A2A13D036
:105A4000079A4C4600204FF00A0C214611F8013B02
:105A5000303B092B49D968B913E0C01B08FA00F0A4
:105A600018430490A146D4E7039A111D12680391CC
:105A7000002A01DB079204E0524243F0020307923E
:105A8000049323782E2B0AD163782A2B32D1039BDF
:105A90001A1D1B68039243EAE37302340593DFF88F
:105AA000D490217803224846EBF7F2F838B1049BF2
:105AB000A0EB09004022824013430134049314F800
:105AC000011B29488DF828100622EBF7E1F8002881
:105AD0003ED0264818BB039B073323F00703083347
:105AE0000393099B034409936CE70CFB02320C46B9
:105AF0000120AAE700230134059319464FF00A0C50
:105B0000204610F8012B303A092A03D9002BC6D0C1
:105B10000591C4E70CFB012104460123F0E703AB28
:105B200000932A46124B04A93046AFF30080431C71
:105B3000D7D16B6ED90705D4AB899A0502D4A86D6D
:105B4000EBF7D0FAAB895B063FF524AF099823E762
:105B500003AB00932A46064B04A9304600F07AF8BE
:105B6000E5E700BF248F02082E8F02080000000026
:105B70002B5902082A8F02082DE9F047164698464D
:105B80008A680B69DDF820909342B8BF13463360F2
:105B900091F8432007460C460AB10133336023686D
:105BA000990642BF336802333360256815F0060555
:105BB00006D104F1190AE36832689B1AAB4226DC6D
:105BC00094F843302268003B18BF012392062BD47F
:105BD00004F1430241463846C84701301ED02368CD
:105BE000226903F00603042B02BFE5683368ED1A4F
:105BF000A3680CBF25EAE57500259342C4BF9B1A34
:105C0000ED1800261A34B5421AD1002008E001230D
:105C1000524641463846C847013003D14FF0FF3065
:105C2000BDE8F0870135C6E7E1185A1C302081F83D
:105C30004300224494F8451082F843100233C7E72A
:105C40000123224641463846C8470130E6D0013696
:105C5000D9E700002DE9F0430D7E85B0782D904600
:105C60000C9E07460C46994601F1430207D8622D67
:105C70000AD8002D00F0D780582D00F0BC8004F128
:105C8000420684F842503BE0A5F16303152BF6D899
:105C900001A151F823F000BFF15C0208055D020884
:105CA0007F5C02087F5C02087F5C02087F5C020860
:105CB000055D02087F5C02087F5C02087F5C0208C9
:105CC0007F5C02080D5E02082F5D0208BF5D0208BE
:105CD0007F5C02087F5C02082F5E02087F5C02087E
:105CE0002F5D02087F5C02087F5C0208C75D020826
:105CF00033681A1D1B68326004F1420684F8423092
:105D00000123A1E033682068191D3160060601D522
:105D10001D6803E04506FBD5B3F90050002D03DAFA
:105D20002D236D4284F843305B480A2311E021683B
:105D30003368080653F8045B02D4490648BFADB285
:105D40003360237E54486F2B5CD10823002184F8F4
:105D500043106668A660002E05DB21682E4321F003
:105D60000401216050D01646B5FBF3F103FB115C32
:105D700010F80CC006F801CDAC4663450D46F3D9CA
:105D8000082B0BD12368DB0708D52369616899428A
:105D9000DEBF302306F8013C06F1FF36921B22617C
:105DA000CDF80090434603AA21463846FFF7E4FEAB
:105DB00001304ED14FF0FF3005B0BDE8F0832368CD
:105DC00043F0200323603548782584F84550236844
:105DD000316813F0800F51F8045B03D113F0400FCA
:105DE00018BFADB23160D90744BF43F02003236030
:105DF0001DB11023AAE72848E7E7236823F0200312
:105E00002360F6E70A23A1E71646B9E73368256859
:105E10006169181D30602E061B6801D5196002E00B
:105E20006806FBD51980002323611646B8E733685E
:105E30001A1D32601E68626800213046EAF728FFAA
:105E400008B1801B606063682361002384F84330DD
:105E5000A6E72369324641463846C8470130A9D0F3
:105E600023689B0713D4E068039B9842B8BF184689
:105E7000A2E70123324641463846C847013099D04F
:105E80000135E36803995B1AAB42F2DCEBE70025CE
:105E900004F11906F5E700BF358F0208468F0208A6
:105EA00070B50C46B1F90E10002996B015461E4685
:105EB0000ADAA18911F0800113D14FF48062002029
:105EC00031602A6016B070BD6A4600F05FF80028A5
:105ED000EFDB019901F47041A1F50053594259419A
:105EE000EBE700214022EAE78B8973B59E07054660
:105EF0000C4607D504F14703236023610123636146
:105F000002B070BD01AB6A46FFF7CAFF009E28468B
:105F10003146EBF755F9B4F90C3038B99A05EFD49E
:105F200023F0030343F00203A381E3E743F080037C
:105F3000A381019B2060C4E90406002BE0D0B4F9E2
:105F40000E10284600F034F80028D9D0A38923F099
:105F5000030343F00103A381D2E7884210B501EBAC
:105F6000020402D98442234607D8431EA14207D027
:105F700011F8012B03F8012FF8E70244824200D107
:105F800010BD13F8011D02F8011DF7E738B5074DE4
:105F900000230446084611462B60FAF794FA431C86
:105FA00002D12B6803B1236038BD00BFE00100209F
:105FB00038B5064D0023044608462B60FAF793FADD
:105FC000431C02D12B6803B1236038BDE0010020DF
:105FD0002DE9F041074614460D4621B9BDE8F041D0
:105FE0001146EBF7EDB82AB9EBF77EF825462846BF
:105FF000BDE8F08100F01AF88442064602D8B4EBFE
:10600000500FF4D821463846EBF7DAF8804608B945
:106010004546ECE7B4422246294628BF3246FFF700
:1060200007FB29463846EBF75FF8F1E751F8043CE7
:10603000181F002BBCBF0B58C0187047F8B500BF25
:10604000F8BC08BC9E467047F8B500BFF8BC08BC59
:046050009E467047B1
:1060540049444C450000000064656661756C7454E5
:1060640061736B005C60020865BB010800000000FE
:10607400000000000002000000000000000000001A
:1060840053657269616C5461736B0000846002082B
:10609400C1BD0108FEFF0000000000000004000074
:1060A40000000000000000005377697463685461C5
:1060B400736B0000AC6002086DC4010800000000AE
:1060C400000000008000000000000000000000004C
:1060D4004C63645461736B00D460020861D5010899
:1060E40000000000000000000004000000000000A8
:1060F4000000000053656E736F725461736B00008F
:10610400F860020819D60108000000000000000031
:1061140000020000000000000000000057696669EA
:10612400556172745461736B0000000020610208B1
:106134006D4B0208FEFF000000000000000200009A
:106144000000000000000000504F57524159554EC6
:10615400495F424F4F545F55504C4F41445F524545
:1061640051554553545F303100000000504F575291
:106174004159554E495F424F4F545F55504C4F4122
:10618400445F524551554553545F3031000000007F
:106194005B585D005B7E5D005B4F5D005B475D00AF
:1061A4005B3F5D0049443A2020202820202029001C
:1061B40054656D703A20202027430000416D702003
:1061C4003A000000537461743A0000004F464600E0
:1061D4004F4E00004F4350004F56500046414E0072
:1061E400424F4F5354000000426F6F73740000001D
:1061F40044696D2825290000322E304B0000000030
:10620400322E354B00000000332E304B00000000CE
:10621400434F4D4D2E203A0052532D343835000053
:10622400444D5800575F444D58202573000000002A
:1062340057494649202825642900000046414E312B
:106244002F323A202020202F0000000046414E33F8
:106254002F343A202020202F00000000462F572002
:106264005645523A20312E342E3600004950202013
:106274003A00000025642E25642E25642E25640032
:106284004D4143203A000000253032583A2530323F
:10629400583A253032583A253032583A2530325857
:1062A4003A25303258000000535349443A00000064
:1062B40025730000525353493A25642064426D000B
:1062C40057694669204E6F7420436F6E6669670094
:1062D400424950203A000000506F72743A2564001D
:1062E400557365723A257300434944203A0000000F
:1062F400252E3134730000004D515454204E6F74D8
:1063040020436F6E66696700444556204944203A2D
:106314000000000047524F555020203A0000000072
:10632400574946492063683A00000000426F6F7382
:106334007420203A000000004D4F44454C20203A80
:1063440000000000322E304B5F4D0000322E304BE7
:106354005F430000332E304B5F4D0000332E304B33
:106364005F430000322E304B5F4A00004143285601
:106374002920203A00000000434F4D4D2E20203AA2
:1063840000000000575F444D58000000574946493B
:10639400000000005061636B6574203A0000000047
:1063A4004153434949000000484558004C454420A6
:1063B4004F4E203A20202020274300004C45442003
:1063C4004F46463A202020202743000046414E20D5
:1063D4004F4E203A202020202743000046414E20E3
:1063E4004F46463A20202020274300005357495463
:1063F4004348203A00000000505553480000000074
:10640400544F47474C4500004578742E7374723AD4
:10641400000000004D4355004558545F414C494E1F
:10642400450000004558545F4F4E4C590000000091
:10643400534D50532856293A00000000457869749A
:1064440020776974686F7574207361766500000045
:1064540044555459203125203A0000002020203191
:10646400303025203A000000536D6F6F7468203A75
:10647400000000006D7174743A2F2F007463703A39
:106484002F2F000053455420636F6D6D616E64209F
:1064940074696D656F7574212028656C617073650E
:1064A400643A20256C75206D73290D0A00000000E4
:1064B400576966695461736B2073746172740D005B
:1064C40000000000000000000102030406070809A0
:1064D4000000000001020304000001A0000000000D
:1064E4000000000000000000001010101010000058
:1064F40010000000006C484800000000000000008C
:10650400001414287C287C285050000000103840C7
:106514004038487010100000002052240810244A0B
:10652400040000000000001820205448340000003B
:1065340000081414080000000000000000080810FF
:106544001010101010080800002020101010101057
:106554001020200000107C102828000000000000FB
:106564000000101010FE10101000000000000000C9
:10657400000000181030200000000000007C000023
:1065840000000000000000000000003030000000A7
:10659400000404080810102020400000003844447F
:1065A400444444443800000000301010101010100F
:1065B4007C00000000384404081020447C000000E3
:1065C400003844041804044438000000000C141477
:1065D40024447E040E000000003C202038040444BF
:1065E40038000000001C2040784444443800000077
:1065F400007C4404080808101000000000384444DB
:10660400384444443800000000384444443C0408FE
:106614007000000000000030300000303000000046
:1066240000000018180000183020000000000C10B2
:10663400608060100C000000000000007C007C0002
:10664400000000000000C02018041820C000000052
:106654000000182404081000300000003844444CA2
:1066640054544C40443800000030102828287C44FE
:10667400EE00000000F8444478444444F80000006C
:10668400003C4440404040443800000000F048448E
:1066940044444448F000000000FC4450705040441E
:1066A400FC000000007E2228382820207000000012
:1066B400003C4440404E44443800000000EE444452
:1066C4007C444444EE000000007C101010101010B4
:1066D4007C000000003C08080848484830000000DE
:1066E40000EE444850704844E6000000007020204A
:1066F400202024247C00000000EE6C6C545444449C
:10670400EE00000000EE64645454544CEC000000AD
:1067140000384444444444443800000000782424AD
:106724002438202070000000003844444444444489
:10673400381C000000F8444444784844E200000057
:1067440000344C40380404645800000000FE9210E9
:10675400101010103800000000EE44444444444437
:106764003800000000EE44442828281010000000DF
:1067740000EE4444545454542800000000C64428F5
:1067840010102844C600000000EE44282810101001
:1067940038000000007C4408101020447C000000F5
:1067A40000382020202020202020380000402020F5
:1067B4002010100808080000003808080808080815
:1067C40008083800001010284400000000000000F1
:1067D4000000000000000000000000FE001008009F
:1067E400000000000000000000000038443C444465
:1067F4003E00000000C0405864444444F8000000D7
:106804000000003C4440404438000000000C0434C4
:106814004C4444443E00000000000038447C4040A6
:106824003C000000001C207C202020207C00000074
:10683400000000364C4444443C04380000C0405836
:1068440064444444EE000000001000701010101066
:106854007C00000000100078080808080808700090
:1068640000C0405C48705048DC000000003010104C
:10687400101010107C000000000000E85454545420
:10688400FE000000000000D864444444EE00000010
:10689400000000384444444438000000000000D89C
:1068A400644444447840E000000000364C444444CE
:1068B4003C040E000000006C302020207C0000000E
:1068C4000000003C44380444780000000000207CB0
:1068D400202020221C000000000000CC4444444C32
:1068E40036000000000000EE444428281000000098
:1068F400000000EE4454545428000000000000CC72
:1069040048303048CC000000000000EE4424281831
:10691400101078000000007C481020447C00000027
:106924000008101010102010101008000010101093
:10693400101010101010000000201010101008107B
:106944001010200000000000002458000000000087
:106954000000000000000000000000000000000033
:106964000000000000000000000000000000000023
:1069740000000000000000000000070007000700FE
:1069840007000700070007000200020000000000E3
:1069940007000700000000000000000000000000E5
:1069A400000000001CE01CE01CE008400840084017
:1069B40000000000000000000000000000000000D3
:1069C40000000000000000000CC00CC00CC00CC093
:1069D4000CC03FF03FF00CC00CC03FF03FF00CC0C7
:1069E4000CC00CC00CC00CC0000000000000000073
:1069F4000300030007E00FE0186018001F000FC039
:106A040000E0186018601FC01F800300030003002B
:106A1400000000000000000000001C002200220012
:106A240022001C6001E00F803C0031C002200220E3
:106A3400022001C00000000000000000000000006F
:106A440000000000000003E00FE00C000C00060052
:106A54000F301FF019E018C01FF007B0000000004D
:106A6400000000000000000000000000038003801C
:106A7400038001000100010000000000000000008C
:106A84000000000000000000000000000000000002
:106A9400000000C000C001800180018003000300E9
:106AA400030003000300030001800180018000C093
:106AB40000C000000000000000000C000C000600F4
:106AC40006000600030003000300030003000300A4
:106AD4000600060006000C000C0000000000000088
:106AE40000000300030003001B601FE00780078011
:106AF4000FC00CC0000000000000000000000000F7
:106B0400000000000000000000000000000003007E
:106B14000300030003003FF03FF003000300030001
:106B2400030000000000000000000000000000005E
:106B34000000000000000000000000000000000051
:106B440000000000000003800300030006000600AC
:106B5400040000000000000000000000000000002D
:106B64000000000000003FE03FE0000000000000E3
:106B74000000000000000000000000000000000011
:106B84000000000000000000000000000000000001
:106B94000000000000000380038003800000000068
:106BA40000000000000000000060006000C000C0A1
:106BB40000C00180018003000300060006000C00F1
:106BC4000C000C0018001800000000000000000079
:106BD40000000F801FC018C030603060306030602B
:106BE40030603060306018C01FC00F8000000000AB
:106BF4000000000000000000000003001F001F0050
:106C04000300030003000300030003000300030068
:106C14001FE01FE000000000000000000000000072
:106C240000000F801FC038E03060006000C00180A9
:106C3400030006000C0018003FE03FE000000000E5
:106C4400000000000000000000000F803FC030E0A2
:106C5400006000E007C007C000E00060006060E082
:106C64007FC03F8000000000000000000000000022
:106C7400000001C003C003C006C00CC00CC018C093
:106C840030C03FE03FE000C003E003E0000000004C
:106C9400000000000000000000001FC01FC018001A
:106CA40018001F801FC018E000600060006030E022
:106CB4003FC01F8000000000000000000000000032
:106CC400000003E00FE01E001800380037803FC0CA
:106CD40038E03060306018E01FC00780000000001A
:106CE400000000000000000000003FE03FE03060D2
:106CF400006000C000C000C001800180018003006A
:106D04000300030000000000000000000000000079
:106D140000000F801FC038E0306038E01FC01FC083
:106D240038E03060306038E01FC00F8000000000A1
:106D3400000000000000000000000F001FC038C069
:106D44003060306038E01FE00F6000E000C003C036
:106D54003F803E0000000000000000000000000032
:106D64000000000000000000000003800380038096
:106D74000000000000000380038003800000000086
:106D840000000000000000000000000000000000FF
:106D9400000001C001C001C0000000000000038029
:106DA40003000600060004000000000000000000CC
:106DB400000000000000003000F003C007001C00C9
:106DC40078001C00070003C000F000300000000041
:106DD40000000000000000000000000000000000AF
:106DE40000007FF07FF0000000007FF07FF00000E3
:106DF400000000000000000000000000000000008F
:106E040000000000000030003C000F00038000E0A0
:106E1400007800E003800F003C0030000000000018
:106E24000000000000000000000000000F801FC0F0
:106E340018601860006001C00380030000000000B7
:106E44000700070000000000000000000000000030
:106E5400000003800C8008401040104011C0124014
:106E64001240124011C010000800084007800000C2
:106E74000000000000000000000000001F801F80D0
:106E8400038006C006C00CC00C601FE01FE0303059
:106E9400787878780000000000000000000000000E
:106EA400000000003F803FC01860186018E01FC059
:106EB4001FE01870183018303FF03FE00000000069
:106EC40000000000000000000000000007B00FF008
:106ED4001C703830300030003000300038301C7006
:106EE4000FE007C0000000000000000000000000E8
:106EF400000000007F807FC030E0307030303030E0
:106F040030303030307030E07FC07F8000000000CF
:106F14000000000000000000000000003FF03FF00F
:106F24001830183019801F801F80198018301830CD
:106F34003FF03FF0000000000000000000000000EF
:106F4400000000003FF03FF01830183019801F8017
:106F54001F801980180018003F003F000000000047
:106F640000000000000000000000000007B01FF057
:106F7400187030303000300031F831F830301830CB
:106F84001FF007C000000000000000000000000027
:106F9400000000003CF03CF01860186018601FE02E
:106FA4001FE01860186018603CF03CF0000000001E
:106FB4000000000000000000000000001FE01FE0CF
:106FC40003000300030003000300030003000300A5
:106FD4001FE01FE0000000000000000000000000AF
:106FE4000000000003F803F8006000600060006027
:106FF40030603060306030E03FC00F80000000003F
:107004000000000000000000000000003EF83EF810
:1070140018E019801B001F001D8018C018C01860DC
:107024003E783E3800000000000000000000000030
:10703400000000003F003F000C000C000C000C009E
:107044000C000C300C300C303FF03FF0000000001E
:10705400000000000000000000000000787878784C
:1070640038703CF034B037B037B033303330303070
:107074007CF87CF800000000000000000000000024
:107084000000000039F03DF01C601E601E601B60B3
:107094001B6019E019E018E03EE03E6000000000CB
:1070A40000000000000000000000000007800FC086
:1070B4001CE03870303030303030303038701CE004
:1070C4000FC0078000000000000000000000000066
:1070D400000000003FC03FE01870183018301870EE
:1070E4001FE01FC0180018003F003F000000000010
:1070F40000000000000000000000000007800FC036
:107104001CE03870303030303030303038701CE0B3
:107114000FC0078007B00FF00CE000000000000073
:10712400000000003FC03FE01870183018701FE0E6
:107134001FC018E0186018703E383E1800000000A8
:107144000000000000000000000000000FB01FF06D
:107154003870303038001F8007E0007030303870ED
:107164003FE037C000000000000000000000000005
:10717400000000003FF03FF0333033303330030081
:1071840003000300030003000FC00FC00000000051
:107194000000000000000000000000003CF03CF093
:1071A40018601860186018601860186018601CE097
:1071B4000FC0078000000000000000000000000075
:1071C4000000000078F078F03060306018C018C01B
:1071D4000D800D800D8007000700070000000000EF
:1071E4000000000000000000000000007C7C7C7CAB
:1071F400301833983398339836D816D01C701C70D6
:107204001C701830000000000000000000000000A6
:107214000000000078F078F0306018C00D8007009E
:1072240007000D8018C0306078F078F0000000008E
:107234000000000000000000000000003CF03CF0F2
:1072440018600CC0078007800300030003000300DC
:107254000FC00FC00000000000000000000000008C
:10726400000000001FE01FE0186018C00180030048
:10727400030006000C6018601FE01FE0000000001F
:107284000000000000000000000003C003C0030071
:1072940003000300030003000300030003000300D2
:1072A40003000300030003C003C00000000000004B
:1072B400180018000C000C000C0006000600030067
:1072C40003000180018000C000C000C000600060B5
:1072D400000000000000000000000F000F00030089
:1072E4000300030003000300030003000300030082
:1072F4000300030003000F000F0000000000000063
:107304000000020007000D8018C03060202000003B
:107314000000000000000000000000000000000069
:107324000000000000000000000000000000000059
:107334000000000000000000000000000000000049
:10734400000000000000000000000000FFFCFFFC43
:1073540000000400030000800000000000000000A2
:107364000000000000000000000000000000000019
:107374000000000000000000000000000000000009
:1073840000000FC01FE000600FE01FE0386030E035
:107394003FF01F700000000000000000000000002B
:1073A4000000700070003000300037803FE038602B
:1073B40030303030303038607FE0778000000000BB
:1073C40000000000000000000000000000000000B9
:1073D400000007B01FF01830303030003000383073
:1073E4001FF00FC0000000000000000000000000BB
:1073F4000000007000700030003007B01FF01870FB
:1074040030303030303038701FF807B800000000DA
:107414000000000000000000000000000000000068
:10742400000007801FE018603FF03FF03000183084
:107434001FF007C000000000000000000000000072
:10744400000003F007F0060006001FE01FE006003E
:1074540006000600060006001FE01FE00000000012
:107464000000000000000000000000000000000018
:10747400000007B81FF81870303030303030187002
:107484001FF007B0003000700FE00FC000000000D4
:10749400000038003800180018001BC01FE01C60F2
:1074A40018601860186018603CF03CF000000000A0
:1074B40000000000000000000000030003000000C2
:1074C40000001F001F00030003000300030003006B
:1074D4001FE01FE0000000000000000000000000AA
:1074E400000003000300000000001FC01FC000C014
:1074F40000C000C000C000C000C000C000C001C087
:107504003F803F00000000000000380038001800F1
:1075140018001BE01BE01B001E001E001B0019804E
:1075240039F039F000000000000000000000000005
:1075340000001F001F0003000300030003000300FA
:1075440003000300030003001FE01FE0000000002D
:107554000000000000000000000000000000000027
:1075640000007EE07FF0333033303330333033305B
:107574007BB87BB8000000000000000000000000A1
:10758400000000000000000000003BC03FE01C6061
:1075940018601860186018603CF03CF000000000AF
:1075A40000000000000000000000000000000000D7
:1075B400000007801FE01860303030303030186031
:1075C4001FE0078000000000000000000000000031
:1075D4000000000000000000000077807FE03860B9
:1075E40030303030303038603FE0378030003000A9
:1075F4007C007C000000000000000000000000008F
:10760400000007B81FF81870303030303030187070
:107614001FF007B00030003000F800F80000000050
:10762400000000000000000000003CE03DF00F30CE
:107634000E000C000C000C003FC03FC00000000016
:107644000000000000000000000000000000000036
:10765400000007E01FE018601E000FC001E0186082
:107664001FE01F8000000000000000000000000078
:10767400000000000C000C000C003FE03FE00C0098
:107684000C000C000C000C300FF007C000000000D0
:1076940000000000000000000000000000000000E6
:1076A400000038E038E0186018601860186018E0CE
:1076B4001FF00F7000000000000000000000000038
:1076C4000000000000000000000078F078F0306056
:1076D40018C018C00D800D800700070000000000CE
:1076E4000000000000000000000000000000000096
:1076F400000078F078F03260326037E01DC01DC0C1
:1077040018C018C0000000000000000000000000C5
:10771400000000000000000000003CF03CF00CC041
:107724000780030007800CC03CF03CF00000000020
:107734000000000000000000000000000000000045
:10774400000078F078F0306018C018C00D800F8009
:107754000700060006000C007F007F000000000008
:10776400000000000000000000001FE01FE018C03F
:107774000180030006000C601FE01FE00000000011
:107784000000000000000000000001C003C003006E
:10779400030003000300030007000E0007000300BA
:1077A40003000300030003C001C000000000000048
:1077B40000000300030003000300030003000300B0
:1077C400030003000300030003000300030003009D
:1077D400030000000000000000001C001E00060062
:1077E40006000600060006000700038007000600E6
:1077F4000600060006001E001C0000000000000039
:107804000000000000000000000000000E003F30F7
:1078140033F001E000000000000000000000000060
:107824000000000000000000000000000000000054
:107834002020202000200000505000000000000004
:107844002850F850F850A00020306030106020001C
:1078540020201860101000000038206050780000CC
:1078640020202000000000001020202020201000F4
:1078740040202020202040002070205000000000E4
:10788400002020F82020000000000000102020002C
:107894000000007000000000000000000020000054
:1078A40010202020404080002050505050200000E4
:1078B4006020202020F8000020501020407000009C
:1078C4006010201010600000103050781038000054
:1078D4007040601010600000304060505060000044
:1078E4007050102020200000205020505020000014
:1078F40030505030106000000000200000200000D4
:107904000000100010200000001020C02010000013
:1079140000700070000000000040201820400000AB
:1079240020501020002000003048485848403800BB
:107934006020507088D80000F048704848F000007B
:107944007050404040300000F048484848F0000083
:10795400F848604048F80000F848604040E0000003
:107964007040405850300000E848784848E800002B
:10797400702020202070000038101050502000008B
:10798400D850607050D80000E040404048F80000F3
:10799400D8D8D8A888D80000D868685858E8000013
:1079A4003048484848300000F048487040E0000043
:1079B4003048484848301800F048487048E800000B
:1079C4007050201050700000F8A820202070000093
:1079D400D848484848300000D88848505030000003
:1079E400D888A8A8A8500000D850202050D800005B
:1079F400D888502020700000784810204878000073
:107A04003020202020203000804040202020100002
:107A14006020202020206000202050000000000072
:107A240000000000000000F820100000000000002A
:107A34000000301070780000C040704848F000002A
:107A440000007040407000001808384848380000B2
:107A54000000707040300000102070202070000082
:107A64000000384848380830C040704848E80000F2
:107A74002000602020700000200070101010107092
:107A8400C040587050D800006020202020700000B2
:107A94000000D0A8A8A800000000F04848C80000D2
:107AA40000003048483000000000F048487040E0D2
:107AB400000038484838081800007820207000007A
:107AC40000003020106000000040F040483000000A
:107AD4000000D848483800000000C8483030000092
:107AE4000000D8A8A850000000004830304800002A
:107AF4000000D85050202060000078502878000002
:107B04001020206020201000202020202020200091
:107B140040202030202040000000002850000000B9
:107B24000000000000000000000000000000000051
:107B34000000000000000000000000000000000041
:107B44000000000000000000000000000000000031
:107B54000000000000000000000000000000000021
:107B64000000000000000000000000000000000011
:107B74000000000000000000000000000000000001
:107B840000000000000000000000000000000000F1
:107B940000000000000000000000000000000000E1
:107BA40000000000000000000000000000000000D1
:107BB40000000000000000000000000000000000C1
:107BC40000000000000000000000000000000000B1
:107BD40000000000000000000000000000000000A1
:107BE4000000000000000000000000000000000091
:107BF40000000000000000000000000003030180FA
:107C04000000000000000000000000000603030064
:107C1400000000000FC0007E000000000606070000
:107C2400000FFFC07FF807FFE0FE01FE0C0E060008
:107C3400000FFFC1FFFC0FFFF1FE03FF1C0C060049
:107C4400001FFF87FFFE1FFFF1FE03FF3C1C0E0019
:107C5400001FFF87FFFF3FCFF1FC07FF383C1C00EC
:107C640000003F8FF0FF3FC7F1FC0FFF78383C0066
:107C740000003F8FE0FF7FFF01FC1FFFF03878001A
:107C840000007F9FE0FF3FFF01FC1FFFF0707000CA
:107C940000007F1FC0FF1FFFC3FC3FFFE0F0F000A8
:107CA40000007F1FC0FF07FFE3F87F3FE1E0F00023
:107CB40000007F1FC1FE02FFE3F87F3FE1E1E00027
:107CC4000000FF1FE3FC7E1FE3F8FE3FC3E1E0007A
:107CD40000007F1FFFFC7F1FC3F9FC3FC3C3E0000C
:107CE4000000FF0FFFF87FFF87F1FC3FC7C7C0000C
:107CF4000000FE07FFE03FFF07F3F83FCF87C00017
:107D040000007C01FF801FFE07F3F01FDF8FC0001F
:107D1400000000007C0003E00000001F1F8F8000B3
:107D240000000000000000000000003F3F1F800032
:107D340000000000000000000000007F3F3F000042
:107D44000000000000000000000000FE7F3F000073
:107D54000000000000000000000000FCFE7E0000A7
:107D64000000000000000000000001FCFEFE000016
:107D74000000000000000000000001FDFCFC000009
:107D84000000000000000000000003F9F9FC0000FE
:107D94000000000000000000000007FBFBFC0000E6
:107DA4000000000000000000000007FFF3F80000DE
:107DB400000000000000000000000FF7F7F80000CA
:107DC400000000000000000000001FFFFFF800009A
:107DD400000000000000000000001FFFFFF0000092
:107DE400000000000000000000000FFFFFE00000A2
:107DF400000000000000000000000000000000007F
:107E0400000000000000000000000000000000006E
:107E1400000000000000000000000000000000005E
:107E2400000000000000000000000000000000004E
:107E3400000000000000000000000000000000003E
:107E4400000000000000000000000000000000002E
:107E5400000000000000000000000000000000001E
:107E6400000000000000000000000000000000000E
:107E740000000000000000000000000000000000FE
:107E840000000000000000000000000000000000EE
:107E940000000000000000000000000000000000DE
:107EA40000000000000000000000000000000000CE
:107EB40000000000000000000000000000000000BE
:107EC40000000000000000000000000000000000AE
:107ED400000000000000000000000000000000009E
:107EE400000000000000000000000000000000008E
:107EF400000000000000000000000000000000007E
:107F0400000000000000000000000000000000006D
:107F1400000000000000000000000000000000005D
:107F2400000000000000000000000000000000004D
:107F3400000000000000000000000000000000003D
:107F4400000000000000000000000000000000002D
:107F5400000000000000000000000000000000001D
:107F6400000000000000000000000000000000000D
:107F740000000000000000000000000000000000FD
:107F840000000000000000000000000000000000ED
:107F940000000000000000000000000000000000DD
:107FA40000000000000000000000000000000000CD
:107FB40000000000000000000000000000000000BD
:107FC40000000000000000000000000000000000AD
:107FD400000000000000000000000000000000009D
:107FE400000000000000000000000000000000008D
:107FF400000000000000000000000000000000007D
:10800400000000000000000000000000000000006C
:10801400000000000000000000000000000000005C
:10802400000000000000000000000000000000004C
:10803400000000000000000000000000000000003C
:10804400000000000000000000000000000000002C
:10805400000000000000000000000000000000001C
:10806400000000000000000000000000000000000C
:1080740000000000000000000000000000000000FC
:1080840000000000000000000000000000000000EC
:1080940000000000000000000000000000000000DC
:1080A40000000000000000000000000000000000CC
:1080B40000000000000000000000000000000000BC
:1080C40000000000000000000000000000000000AC
:1080D400000000000000000000000000000000009C
:1080E400000000000000000000000000000000008C
:1080F400000000000000000000000000000000007C
:10810400000000000000000000000000000000006B
:10811400000000000000000000000000000000005B
:10812400000000000000000000000000000000004B
:10813400000000000000000000000000000000003B
:10814400000000000000000000000000000000002B
:10815400000000000000000000000000000000001B
:10816400000000000000000000000000000000000B
:1081740000000000000000000000000000000000FB
:1081840000000000000000000000000000000000EB
:1081940000000000000000000000000000000000DB
:1081A40000000000000000000000000000000000CB
:1081B40000000000000000000000000000000000BB
:1081C40000000000000000000000000000000000AB
:1081D400000000000000000000000000000000009B
:1081E400000000000000000000000000000000008B
:1081F400000000000000000000000000000000007B
:10820400000000000000000000000000000000006A
:10821400000000000000000000000000000000005A
:10822400000000000000000000000000000000004A
:10823400000000000000000000000000000000003A
:10824400000000000000000000000000000000002A
:10825400000000000000000000000000000000001A
:10826400000000000000000000000000000000000A
:1082740000000000000000000000000000000000FA
:1082840000000000000000000000000000000000EA
:1082940000000000000000000000000000000000DA
:1082A40000000000000000000000000000000000CA
:1082B40000000000000000000000000000000000BA
:1082C40000000000000000000000000000000000AA
:1082D400000000000000000000000000000000009A
:1082E400000000000000000000000000000000008A
:1082F400000000000000000000000000000000007A
:108304000000000000000000000000000000000069
:108314000000000000000000000000000000000059
:108324000000000000000000000000000000000049
:108334000000000000000000000000000000000039
:108344000000000000000000000000000000000029
:108354000000000000000000000000000000000019
:108364000000000000000000000000000000000009
:1083740000000000000000000000000000000000F9
:1083840000000000000000000000000000000000E9
:1083940000000000000000000000000000000000D9
:1083A40000000000000000000000000000000000C9
:1083B40000000000000000000000000000000000B9
:1083C40000000000000000000000000000000000A9
:1083D4000000000000000000000000000000000099
:1083E4000000000000000000000000000000000089
:1083F4000000000000000000000000000000000079
:108404000000000000000000000000000000000068
:108414000000000000000000000000000000000058
:108424000000000000000000000000000000000048
:108434000000000000000000000000000000000038
:108444000000000000000000000000000000000028
:108454000000000000000000000000000000000018
:108464000000000000000000000000000000000008
:1084740000000000000000000000000000000000F8
:1084840000000000000000000000000000000000E8
:1084940000000000000000000000000000000000D8
:1084A40000000000000000000000000000000000C8
:1084B40000000000000000000000000000000000B8
:1084C40000000000000000000000000000000000A8
:1084D4000000000000000000000000000000000098
:1084E4000000000000000000000000000000000088
:1084F4000000000000000000000000000000000078
:108504000000000000000000000000000000000067
:108514000000000000000000000000000000000057
:108524000000000000000000000000000000000047
:108534000000000000000000000000000000000037
:108544000000000000000000000000000000000027
:108554000000000000000000000000000000000017
:108564000000000000000000000000000000000007
:1085740000000000000000000000000000000000F7
:1085840000000000000000000000000000000000E7
:1085940000000000000000000000000000000000D7
:1085A40000000000000000000000000000000000C7
:1085B40000000000000000000000000000000000B7
:1085C40000000000000000000000000000000000A7
:1085D4000000000000000000000000000000000097
:1085E4000000000000000000000000000000000087
:1085F4000000000000000000000000000000000077
:108604000000000000000000000000000000000066
:108614000000000000000000000000000000000056
:108624000000000000000000000000000000000046
:108634000000000000000000000000000000000036
:1086440000003F87F0E3C7F00C1800F8001FFC009F
:1086540000007F87F1FFEFF81C3807FC001FFC00C7
:1086640000007F07E1FFE7F03C780F9E001FFC004D
:1086740000007E07E18FE7E03CF81F1F000FF000C9
:1086840000007E07F987EFE07CF83F3F001FF00011
:1086940000007E07FF0FCFC07DF87E3F001FF00073
:1086A4000000FC07E70FCFC0FFF87E3F001FE0008B
:1086B4000000FC07C607FFC0FFF8FE7F003FE00094
:1086C4000000FC0FCC07FF81FFF8FC7E013FC000D7
:1086D4000001FC0FCC0FFF83FFF8FC7E1FFFC000DE
:1086E4000003FC0FD81FBF07FFF1FCFC7FFFC00095
:1086F4000006FC0FF03F3F06FFF1F8FCFF7F80000F
:10870400000CFE0FF03F3F0CFBF1F8F9FE7F8000F8
:108714000018FE0FE07E7E08F3F1F1F3FCFF800009
:108724000038FE0FC07E7E18F3F0F1F3FCFF00006A
:108734000078FE0F803FFE39E7F8F3C7F8FF00002A
:1087440000F9FE0F801FFE78C7F87F87F9FF00004D
:10875400000000000000000000000007F9FE000017
:10876400000000000000000000000007F1FE00000F
:10877400000000000000000000000007F3FE0000FD
:10878400000000000000000000000007FFFE0000E1
:10879400000000000000000000000003FFFE0000D5
:1087A400000000000000000000000000FFFE0000C8
:1087B40000000000000000000000000000000000B5
:1087C40000000000000000000000000000000000A5
:1087D4000000000000000000000000000000000095
:1087E4000000000000000000000000000000000085
:1087F4000000000000000000000000000000000075
:108804000000000000000000000000000000000064
:108814000000000000000000000000000000000054
:108824000000000000000000000000000000000044
:108834000000000000000000000000000000000034
:108844000000000000000000000000000000000024
:108854000000000000000000000000000000000014
:108864000000000000000000000000000000000004
:1088740000000000000000000000000000000000F4
:1088840000000000000000000000000000000000E4
:1088940000000000000000000000000000000000D4
:1088A40000000000000000000000000000000000C4
:1088B40000000000000000000000000000000000B4
:1088C40000000000000000000000000000000000A4
:1088D4000000000000000000000000000000000094
:1088E4000000000000000000000000000000000084
:1088F4000000000000000000000000000000000074
:108904000000000000000000000000000000000063
:108914000000000000000000000000000000000053
:108924000000000000000000000000000000000043
:108934000000000000000000000000000000000033
:108944000000000000000000000000000000000023
:108954000000000000000000000000000000000013
:108964000000000000000000000000000000000003
:1089740000000000000000000000000000000000F3
:1089840000000000000000000000000000000000E3
:1089940000000000000000000000000000000000D3
:1089A40000000000000000000000000000000000C3
:1089B40000000000000000000000000000000000B3
:1089C40000000000000000000000000000000000A3
:1089D4000000000000000000000000000000000093
:1089E4000000000000000000000000000000000083
:1089F4000000000000000000000000000000000073
:108A04000000000000000000000000000000000062
:108A14000000000000000000000000000000000052
:108A24000000000000000000000000000000000042
:108A34000000000000000000000000000000000032
:108A44000000000000000000000000000000000022
:108A54000000000000000000000000000000000012
:108A64000000000000000000000000000000000002
:108A740000000000000000000000000000000000F2
:108A840000000000000000000000000000000000E2
:108A940000000000000000000000000000000000D2
:108AA40000000000000000000000000000000000C2
:108AB40000000000000000000000000000000000B2
:108AC40000000000000000000000000000000000A2
:108AD4000000000000000000000000000000000092
:108AE4000000000000000000000000000000000082
:108AF4000000000000000000000000000000000072
:108B04000000000000000000000000000000000061
:108B14000000000000000000000000000000000051
:108B24000000000000000000000000000000000041
:108B34000000000000000000000000000000000031
:108B44000000000000000000000000000000000021
:108B54000000000000000000000000000000000011
:108B64000000000000000000000000000000000001
:108B740000000000000000000000000000000000F1
:108B840000000000000000000000000000000000E1
:108B940000000000000000000000000000000000D1
:108BA40000000000000000000000000000000000C1
:108BB40000000000000000000000000000000000B1
:108BC40000000000000000000000000000000000A1
:108BD4000000000000000000000000000000000091
:108BE4000000000000000000000000000000000081
:108BF4000000000000000000000000000000000071
:108C04000000000000000000000000000000000060
:108C14000000000000000000000000000000000050
:108C24000000000000000000000000000000000040
:108C34000000000000000000000000000000000030
:108C44000000000000000000000000000000000020
:108C54000000000000000000000000000000000010
:108C64000000000000000000000000000000000000
:108C740000000000000000000000000000000000F0
:108C840000000000000000000000000000000000E0
:108C940000000000000000000000000000000000D0
:108CA40000000000000000000000000000000000C0
:108CB40000000000000000000000000000000000B0
:108CC40000000000000000000000000000000000A0
:108CD4000000000000000000000000000000000090
:108CE4000000000000000000000000000000000080
:108CF4000000000000000000000000000000000070
:108D0400000000000000000000000000000000005F
:108D1400000000000000000000000000000000004F
:108D2400000000000000000000000000000000003F
:108D3400000000000000000000000000000000002F
:108D4400000000000000000000000000000000001F
:108D5400000000000000000000000000000000000F
:108D640000000000000000000000000000000000FF
:108D740000000000000000000000000000000000EF
:108D840000000000000000000000000000000000DF
:108D940000000000000000000000000000000000CF
:108DA40000000000000000000000000000000000BF
:108DB40000000000000000000000000000000000AF
:108DC400000000000000000000000000000000009F
:108DD400000000000000000000000000000000008F
:108DE400000000000000000000000000000000007F
:108DF400000000000000000000000000000000006F
:108E0400000000000000000000000000000000005E
:108E1400000000000000000000000000000000004E
:108E2400000000000000000000000000000000003E
:108E3400000000000000000000000000000000002E
:108E4400000000000000000000000000000000001E
:108E5400000000000000000000000000000000000E
:108E640000000000000000000000000000000000FE
:108E740000000000000000000000000000000000EE
:108E840000000000000000000000000000000000DE
:108E940000000000000000000000000000000000CE
:108EA40000000000000000000000000000000000BE
:108EB40000000000000000000000000000000000AE
:108EC400000000000000000000000000000000009E
:108ED400000000000000000000000000000000008E
:108EE400000000000000000000000000000000007E
:108EF400000000000000000000000000000000006E
:108F0400000000000000000000000000000000005D
:108F1400000000000000000000000000000000004D
:108F2400232D302B2000686C4C006566674546474E
:108F340000303132333435363738394142434445D1
:108F44004600303132333435363738396162636440
:048F5400656600004E
:088F5800347AFE7F01000000E5
:048F600045020108BD
:048F640021020108DD
:108F68000000000003000000A40000201000002002
:108F780000000000A40000200C0100207401002063
:108F880000000000000000000000000000000000D9
:108F980000000000000000000000000000000000C9
:108FA80000000000000000000000000000000000B9
:108FB8000000000000000000000000000024F40091
:108FC8001000000001000000AAAAAAAA0101FFFFE0
:108FD800E064020807000C00546902080E0014003F
:088FE8002C78020805000800C6
:0400000508020519CF
:00000001FF
