:020000040801F1
:100000000000022071100208290C0208310C0208BD
:10001000390C0208410C0208490C020800000000DB
:10002000000000000000000000000000C1AD010859
:10003000510C02080000000011B0010879B001085D
:10004000C1100208C1100208C1100208C110020844
:10005000C1100208C1100208C1100208C110020834
:10006000C1100208C1100208C1100208C110020824
:10007000C1100208C1100208C1100208C110020814
:10008000C1100208C1100208C1100208C110020804
:10009000C1100208C1100208C1100208C1100208F4
:1000A000C1100208C1100208C1100208610C020848
:1000B000750C0208C1100208890C02089D0C020888
:1000C000B10C0208C1100208C1100208C1100208D8
:1000D000C1100208C50C0208450D0208C110020833
:1000E000C1100208C1100208C1100208C1100208A4
:1000F000C1100208C1100208C1100208C110020894
:10010000C1100208C1100208C1100208C110020883
:10011000C1100208C1100208B10D0208C110020886
:10012000C1100208C1100208C1100208C110020863
:10013000C1100208C1100208C1100208C110020853
:10014000C1100208C1100208C1100208C110020843
:10015000C1100208C1100208C1100208C50D020832
:10016000C1100208C1100208C1100208C110020823
:10017000C1100208C1100208C110020800000000EE
:08018000C1100208C1100208C1
:1002200010B5054C237833B9044B13B10448AFF330
:1002300000800123237010BD880000200000000012
:10024000406F020808B5034B1BB103490348AFF3E5
:10025000008008BD000000008C000020406F0208F4
:1002600070B54FF0FF0C4CF4E06C1CEA11541DBF4C
:100270001CEA135594EA0C0F95EA0C0F00F0DEF817
:100280002C4481EA030621EA4C5123EA4C5350EAFC
:10029000013518BF52EA033541F4801143F480134D
:1002A00038D0A0FB02CE4FF00005E1FB02E506F0DE
:1002B0000042E0FB03E54FF00006E1FB03569CF033
:1002C000000F18BF4EF0010EA4F1FF04B6F5007F39
:1002D00064F5407404D25FEA4E0E6D4146EB0606AB
:1002E00042EAC62141EA55514FEAC52040EA5E5034
:1002F0004FEACE2EB4F1FD0C88BFBCF5E06F1ED8DE
:10030000BEF1004F08BF5FEA500E50F1000041EB14
:10031000045170BD06F0004646EA010140EA0200C1
:1003200081EA0301B4EB5C04C2BFD4EB0C0541EAE3
:10033000045170BD41F480114FF0000E013C00F3F8
:10034000AB8014F1360FDEBF002001F0004170BD1C
:10035000C4F10004203C35DA0C341BDC04F1140435
:10036000C4F1200500FA05F320FA04F001FA05F2C1
:1003700040EA020001F0004221F0004110EBD3708E
:1003800021FA04F642EB06015EEA430E08BF20EABA
:10039000D37070BDC4F10C04C4F1200500FA04F35D
:1003A00020FA05F001FA04F240EA020001F00041EF
:1003B00010EBD37041F100015EEA430E08BF20EA62
:1003C000D37070BDC4F1200500FA05F24EEA020EAA
:1003D00020FA04F301FA05F243EA020321FA04F0D9
:1003E00001F0004121FA04F220EA020000EBD37090
:1003F0005EEA430E08BF20EAD37070BD94F0000F90
:100400000FD101F00046400041EB010111F4801FC3
:1004100008BF013CF7D041EA060195F0000F18BF74
:10042000704703F00046520043EB030313F4801FB0
:1004300008BF013DF7D043EA0603704794EA0C0F6A
:100440000CEA135518BF95EA0C0F0CD050EA410680
:1004500018BF52EA4306D1D181EA030101F00041FD
:100460004FF0000070BD50EA410606BF1046194625
:1004700052EA430619D094EA0C0F02D150EA013631
:1004800013D195EA0C0F05D152EA03361CBF104672
:1004900019460AD181EA030101F0004141F0FE4111
:1004A00041F470014FF0000070BD41F0FE4141F495
:1004B000780170BD81F0004102E000BF83F000438D
:1004C00030B54FEA41044FEA430594EA050F08BFEF
:1004D00090EA020F1FBF54EA000C55EA020C7FEAB3
:1004E000645C7FEA655C00F0E2804FEA5454D4EB30
:1004F0005555B8BF6D420CDD2C4480EA020281EAFA
:10050000030382EA000083EA010180EA020281EA31
:100510000303362D88BF30BD11F0004F4FEA013183
:100520004FF4801C4CEA113102D0404261EB410192
:1005300013F0004F4FEA03334CEA133302D0524218
:1005400063EB430394EA050F00F0A780A4F10104D4
:10055000D5F1200E0DDB02FA0EFC22FA05F280180E
:1005600041F1000103FA0EF2801843FA05F35941F4
:100570000EE0A5F120050EF1200E012A03FA0EFC73
:1005800028BF4CF0020C43FA05F3C01851EBE3719D
:1005900001F0004507D54FF0000EDCF1000C7EEBBA
:1005A00000006EEB0101B1F5801F1BD3B1F5001FF8
:1005B0000CD349085FEA30004FEA3C0C04F1010417
:1005C0004FEA445212F5800F80F09A80BCF1004F40
:1005D00008BF5FEA500C50F1000041EB045141EAC2
:1005E000050130BD5FEA4C0C404141EB0101013C8B
:1005F00028BFB1F5801FE9D291F0000F04BF01467A
:100600000020B1FA81F308BF2033A3F10B03B3F14B
:1006100020020CDA0C3208DD02F1140CC2F10C02DB
:1006200001FA0CF021FA02F10CE002F11402D8BF39
:10063000C2F1200C01FA02F120FA0CFCDCBF41EA05
:100640000C019040E41AA2BF01EB0451294330BDD4
:100650006FEA04041F3C1CDA0C340EDC04F11404B1
:10066000C4F1200220FA04F001FA02F340EA030088
:1006700021FA04F345EA030130BDC4F10C04C4F1CE
:10068000200220FA02F001FA04F340EA03002946AE
:1006900030BD21FA04F0294630BD94F0000F83F4F8
:1006A000801306BF81F480110134013D4EE77FEADB
:1006B000645C18BF7FEA655C29D094EA050F08BF27
:1006C00090EA020F05D054EA000C04BF1946104608
:1006D00030BD91EA030F1EBF0021002030BD5FEA4C
:1006E000545C05D14000494128BF41F0004130BD74
:1006F00014F580043CBF01F5801130BD01F00045C8
:1007000045F0FE4141F470014FF0000030BD7FEA3A
:10071000645C1ABF194610467FEA655C1CBF0B4635
:10072000024650EA013406BF52EA033591EA030F4C
:1007300041F4002130BD00BF90F0000F04BF002144
:10074000704730B54FF4806404F132044FF0000577
:100750004FF0000150E700BF90F0000F04BF0021F0
:10076000704730B54FF4806404F1320410F0004556
:1007700048BF40424FF000013EE700BF42004FEA51
:10078000E2014FEA31014FEA02701FBF12F07F43CE
:1007900093F07F4F81F06051704732F07F4208BF85
:1007A000704793F07F4F04BF41F40021704730B58C
:1007B0004FF4607401F0004521F000411CE700BFD8
:1007C00050EA010208BF704730B54FF000050AE05B
:1007D00050EA010208BF704730B511F0004502D55C
:1007E000404261EB41014FF4806404F132045FEA5E
:1007F000915C3FF4D8AE4FF003025FEADC0C18BF07
:1008000003325FEADC0C18BF033202EBDC02C2F1F8
:10081000200300FA03FC20FA02F001FA03FE40EA8A
:100820000E0021FA02F11444BDE600BF4FEA410276
:1008300012F5001215D211D56FF47873B3EB625232
:1008400012D94FEAC12343F0004343EA505311F059
:10085000004F23FA02F018BF404270474FF00000EB
:10086000704750EA013005D111F0004008BF6FF029
:10087000004070474FF00000704700BF4A0011D29F
:1008800012F5001211D20DD56FF47873B3EB6252EA
:100890000ED44FEAC12343F0004343EA505323FAF6
:1008A00002F070474FF00000704750EA013002D16B
:1008B0004FF0FF3070474FF0000070474FEA4102A1
:1008C000B2F1E04324BFB3F5001CDCF1FE5C0DD9AE
:1008D00001F0004C4FEAC0024CEA5070B2F1004FF8
:1008E00040EB830008BF20F00100704711F0804FFB
:1008F00021D113F13872BCBF01F00040704741F4C0
:1009000080114FEA5252C2F11802C2F1200C10FAC3
:100910000CF320FA02F018BF40F001004FEAC123A7
:100920004FEAD32303FA0CFC40EA0C0023FA02F34B
:100930004FEA4303CCE77FEA625307D150EA013321
:100940001EBF4FF0FE4040F44000704701F00040F1
:1009500040F0FE4040F40000704700BF53B94AB970
:10096000002908BF00281CBF4FF0FF314FF0FF30B7
:1009700000F088B9ADF1080C6DE904CE00F006F87E
:10098000DDF804E0DDE9022304B070472DE9F0470B
:10099000089D0F4604468C46002B48D18A421646D5
:1009A00061D9B2FA82F34BB1C3F1200201FA03FC20
:1009B00020FA02F29E4042EA0C0C9C404FEA164E8E
:1009C000B7B2BCFBFEF1220C0EFB11CC42EA0C428A
:1009D00001FB07F0904209D9B21801F1FF3C80F009
:1009E000EE80904240F2EB8002393244121AA4B2F7
:1009F000B2FBFEF00EFB102244EA024400FB07F7B4
:100A0000A74209D9341900F1FF3280F0DA80A742F9
:100A100040F2D7803444023840EA0140E41B002110
:100A20001DB1DC400023C5E90043BDE8F0878B42DF
:100A300006D90DB1C5E9000100210846BDE8F087DF
:100A4000B3FA83F1002948D1BB4202D3824200F2BB
:100A50000781841A67EB030201209446002DE4D03D
:100A6000C5E9004CE1E7002A00F09280B2FA82F377
:100A7000002B40F0A8808A1A4FEA164E1FFA86FC17
:100A80000121200CB2FBFEF70EFB172240EA0242C6
:100A90000CFB07F0904207D9B21807F1FF3802D2D9
:100AA000904200F2E2804746121AA4B2B2FBFEF076
:100AB0000EFB102244EA02440CFB00FCA44507D9BB
:100AC000341900F1FF3202D2A44500F2CB80104667
:100AD000A4EB0C0440EA0740A2E7C1F120068B40DA
:100AE00022FA06FC4CEA030C07FA01F420FA06F39A
:100AF000F7404FEA1C49234300FA01F81FFA8CFE25
:100B0000B7FBF9F01C0C09FB107744EA074400FB23
:100B10000EF7A74202FA01F20AD91CEB040400F115
:100B2000FF3A80F09B80A74240F2988002386444EC
:100B3000E41B9FB2B4FBF9F309FB134447EA0444F6
:100B400003FB0EFEA64509D91CEB040403F1FF3795
:100B500080F08280A6457FD9023B644443EA00408E
:100B6000A4EB0E04A0FB02E7BC427346B94663D374
:100B700060D05DB1B8EB030264EB090404FA06F639
:100B800022FA01F31E43CC40C5E9006400214CE782
:100B90006208480842EAC1710B0C43EA00438AB27A
:100BA00042EA0342B3FBF6F1E407B4463746B646E1
:100BB0001F23B0FBF6F0D21B41EA004161E761461A
:100BC00014E7104628E7C3F1200120FA01F29E4005
:100BD00027FA01F19F403A434FEA164E1FFA86FC6E
:100BE000B1FBFEF70EFB1710110C41EA004107FBA9
:100BF0000CF8884504FA03F43AD9711807F1FF306C
:100C000001D288451FD8A1EB0801B1FBFEF808FB13
:100C10000CF70EFB181192B242EA0142BA422FD2EF
:100C2000B21808F1FF31C6D2BA42C4D2A8F102010B
:100C30003244C0E7F0459CD2BEEB020367EB0C07E1
:100C40000138B94695E7A6EB08084144B81EB1FB48
:100C5000FEF808FB0CF7DCE73B467FE7504667E70A
:100C60000846FBE63444023832E7023F32441BE7D1
:100C7000A1EB08013846B1FBFEF808FB0CF7C8E70A
:100C8000414698E7704700BF0000000000000000E8
:100C900001F0FF01102A2BDB10F0070F08D010F82D
:100CA000013B013A8B422DD010F0070F42B3F6D131
:100CB000F0B441EA012141EA014122F007047FF04A
:100CC00000070023F0E80256083C85EA010586EAA1
:100CD000010685FA47F5A3FA87F586FA47F6A5FADD
:100CE00087F68EB9EED1F0BC01F0FF0102F00702E9
:100CF00032B110F8013B013A83EA010313B1F8D194
:100D00000020704701387047002D06BF3546033874
:100D1000073815F0010F07D1013015F4807F02BFAD
:100D2000013015F4C03F0130F0BC0138704700BFFE
:100D3000002310B50446C0E90033C0E904338360E2
:100D400081814366C2818361194608225C3000F0CC
:100D5000F7F80D4B63620D4BA3620D4BE3620D4B35
:100D600023630D4B24629C4206D003F16802944237
:100D700002D0D0339C4205D104F15800BDE81040A8
:100D800000F0AEB910BD00BFB90E0108DB0E0108BE
:100D9000130F0108390F0108A4000020024A03497B
:100DA000034800F06BB800BF00000020DD1301080D
:100DB0001000002041680C4B994210B5044601D048
:100DC00000F00CFBA168094B994202D0204600F0CC
:100DD00005FBE168064B994204D02046BDE810406F
:100DE00000F0FCBA10BD00BFA40000200C010020E0
:100DF000740100200C4B0D4A0D4810B504211A60F7
:100E00000022FFF795FF0A4B01221C46092103F13E
:100E10006800FFF78DFF04F1D0000222BDE810400A
:100E20001221FFF785BF00BFDC0100209D0D0108E6
:100E3000A4000020014800F054B900BFE5010020E3
:100E4000014800F04FB900BFE501002010B504468D
:100E5000FFF7F0FF236A1BB1BDE81040FFF7F0BFBA
:100E6000044B2362044B1B68002BF5D1FFF7C2FF34
:100E7000F2E700BFB50D0108DC0100202DE9F843C1
:100E80000746884614460026D4E90195B9F10109C0
:100E900005D52468002CF7D13046BDE8F883AB892E
:100EA000012B07D9B5F90E30013303D02946384656
:100EB000C04706436835E9E710B50C46B1F90E1096
:100EC00000F0C6F80028ABBF636DA3891B1823F49C
:100ED0008053ACBF6365A38110BD2DE9F0411F466F
:100EE0008B89DB0505460C46164605D5B1F90E1073
:100EF0000223002200F09AF8A389B4F90E1023F41B
:100F00008053A38132463B462846BDE8F04100F0BD
:100F1000B1B810B50C46B1F90E1000F087F8B4F96D
:100F20000C30421C0BBF23F4805343F48053A38145
:100F3000A38118BF606510BDB1F90E1000F008B8AC
:100F400002440346934200D1704703F8011BF9E7BE
:100F500038B5064D0023044608462B6010F053F8C0
:100F6000431C02D12B6803B1236038BDE00100208F
:100F70002D4B1B68834270B5044653D0C3691BB325
:100F8000DB6863B10025E369DB685959B1B9043501
:100F9000802DF8D1E3692046D96800F0A5F8E3690F
:100FA000196811B1204600F09FF8E3699D685DB1B2
:100FB000294620462D6800F097F8F8E70E6820468D
:100FC00000F092F83146E1E7616911B1204600F086
:100FD0008BF8E16911B1204600F086F8216B11B160
:100FE000204600F081F8616B11B1204600F07CF8DA
:100FF000A16B11B1204600F077F8A16C11B1204629
:1010000000F072F8616C11B1204600F06DF8E16AF1
:1010100011B1204600F068F8236A1BB12046BDE8F4
:101020007040184770BD00BF0C00002038B5074D58
:1010300004460846114600222A601A4610F00AF8B3
:10104000431C02D12B6803B1236038BDE0010020AE
:1010500038B5074D04460846114600222A601A4654
:101060000FF098FF431C02D12B6803B1236038BDF9
:10107000E001002038B5074D04460846114600221D
:101080002A601A460FF0A3FF431C02D12B6803B15C
:10109000236038BDE001002070B50D4B0D4D5B1B8A
:1010A0009C100026A64209D115F04AFF0A4D0B4BB1
:1010B0005B1B9C100026A64205D170BD55F8043B71
:1010C00098470136EEE755F8043B98470136F2E7BA
:1010D0006C9E02086C9E02086C9E0208709E0208BC
:1010E000704770477047000038B50546002941D069
:1010F00051F8043C0C1F002BB8BFE41800F0E0F8D6
:101100001D4A136833B9636014602846BDE838404F
:1011100000F0DCB8A34208D9206821188B4201BF37
:1011200019685B6809182160EDE71A465B680BB126
:10113000A342FAD911685018A0420BD1206801448B
:10114000501883421160E0D118685B68536008440E
:101150001060DAE702D90C232B60D6E7206821184B
:101160008B4204BF19685B68636004BF0918216083
:101170005460CAE738BD00BFEC01002070B50F4EC7
:101180000C463168054611B900F050F9306021462F
:10119000284600F04BF9431C03D14FF0FF342046A2
:1011A00070BDC41C24F00304A042F8D0211A2846C4
:1011B00000F03CF90130F2D1EFE700BFE801002078
:1011C0002DE9F843CD1C25F0030508350C2D38BF5B
:1011D0000C25002D064601DBA94204D90C233360FF
:1011E0000020BDE8F883DFF8D48000F069F8D8F873
:1011F00000301C4644BB29463046FFF7BFFF431C66
:10120000044658D1D8F800402746002F43D1002C7F
:101210004BD023683946304604EB030900F006F949
:10122000814542D121686D1A29463046FFF7A6FF55
:1012300001303AD023682B442360D8F800305A6834
:1012400062BBC8F800700FE02268521B20D40B2A42
:1012500017D96119A342256018BF5960636808BF98
:10126000C8F8001062514B60304600F02FF804F1CE
:101270000B00231D20F00700C21A1CBF1B1AA3502D
:10128000AFE76268A3420CBFC8F800205A60EBE7E2
:1012900023466468AEE73C467F68B6E71A465B685B
:1012A000A342FBD100235360DEE70C2333603046BA
:1012B00000F00CF894E70560D6E700BFEC010020D1
:1012C0000148FFF70EBF00BFE40100200148FFF70F
:1012D00009BF00BFE4010020B1F90C202DE9F04165
:1012E000160705460C4651D44B68002B02DC0B6CEC
:1012F000002B49DDE66A002E46D0002312F480520E
:101300002F682B6031D0626DA389590705D56368BA
:10131000D21A636B0BB1236CD21A0023E66A216ADE
:101320002846B047421CB4F90C3006D129681D2963
:1013300046D8294ACA40D60742D500226260D9045D
:101340002269226004D5421C01D12B6803B9606573
:10135000616B2F60C1B104F14403994202D0284669
:10136000FFF7C2FE002363630EE0216A01232846D3
:10137000B0470246501CC7D12B68002BC4D01D2B90
:1013800001D0162B1AD12F6000201EE00F69002F0C
:10139000FAD093070E6808BF4B690F6018BF00238F
:1013A000A6EB07088B60B8F1000FEDDD216AA66A95
:1013B00043463A462846B047002808DCB4F90C30CA
:1013C00043F04003A3814FF0FF30BDE8F0810744B4
:1013D000A8EB0008E7E700BF0100402038B50B6923
:1013E00005460C4613B90025284638BD18B1036AD6
:1013F0000BB9FFF72BFDB4F90C30002BF3D0626E64
:10140000D00704D4990502D4A06DFFF76AFE2846E0
:101410002146FFF761FF636EDA070546E4D4A3892E
:101420009B05E1D4A06DFFF75DFEDDE738B5064D05
:101430000023044608462B600FF076FD431C02D1C2
:101440002B6803B1236038BDE001002080B400AFF9
:10145000074BD3F88830064A43F47003C2F888304B
:10146000034B044A9A6000BFBD465DF8047B704799
:1014700000ED00E00000010880B582B000AF7860A8
:101480007B68002B01D1012341E07B6893F83D305C
:10149000DBB2002B06D17B68002283F83C20786801
:1014A0000DF07EFF7B68022283F83D207B681A687E
:1014B0007B6804331946104600F076FE7B680122F3
:1014C00083F846207B68012283F83E207B68012256
:1014D00083F83F207B68012283F840207B6801224B
:1014E00083F841207B68012283F842207B68012237
:1014F00083F843207B68012283F844207B68012223
:1015000083F845207B68012283F83D20002318469C
:101510000837BD4680BD000080B485B000AF78605C
:101520007B6893F83D30DBB2012B01D001234EE004
:101530007B68022283F83D207B681B68DA687B6841
:101540001B6842F00102DA607B681B68234A934201
:1015500022D07B681B68B3F1804F1DD07B681B686D
:101560001F4A934218D07B681B681E4A934213D0CF
:101570007B681B681C4A93420ED07B681B681B4A21
:10158000934209D07B681B68194A934204D07B6858
:101590001B68184A934211D17B681B689B6803F053
:1015A0000703FB60FB68062B10D07B681B681A687A
:1015B0007B681B6842F001021A6007E07B681B68C9
:1015C0001A687B681B6842F001021A600023184603
:1015D0001437BD465DF8047B704700BF0000014032
:1015E0000004004000080040000C004000040140DE
:1015F000004001400018004080B582B000AF786024
:101600007B68002B01D1012341E07B6893F83D30DA
:10161000DBB2002B06D17B68002283F83C2078687F
:1016200000F039F87B68022283F83D207B681A6855
:101630007B6804331946104600F0B6FD7B68012232
:1016400083F846207B68012283F83E207B680122D4
:1016500083F83F207B68012283F840207B680122C9
:1016600083F841207B68012283F842207B680122B5
:1016700083F843207B68012283F844207B680122A1
:1016800083F845207B68012283F83D20002318461B
:101690000837BD4680BD80B483B000AF786000BF1E
:1016A0000C37BD465DF8047B7047000080B584B000
:1016B00000AF786039603B68002B09D17B6893F8F4
:1016C0003E30DBB2012B14BF01230023DBB222E04A
:1016D0003B68042B09D17B6893F83F30DBB2012BC8
:1016E00014BF01230023DBB215E03B68082B09D1AE
:1016F0007B6893F84030DBB2012B14BF0123002339
:10170000DBB208E07B6893F84130DBB2012B14BFF9
:1017100001230023DBB2002B01D001237CE03B68D6
:10172000002B04D17B68022283F83E2013E03B6843
:10173000042B04D17B68022283F83F200BE03B6836
:10174000082B04D17B68022283F8402003E07B68E9
:10175000022283F841207B681B6801223968184601
:1017600001F03CF97B681B682D4A934204D07B68EA
:101770001B682C4A934201D1012300E00023002B77
:1017800007D07B681B685A6C7B681B6842F4004278
:101790005A647B681B68224A934222D07B681B688C
:1017A000B3F1804F1DD07B681B681F4A934218D04D
:1017B0007B681B681D4A934213D07B681B681C4AD8
:1017C00093420ED07B681B68164A934209D07B680F
:1017D0001B68184A934204D07B681B68164A9342E0
:1017E00011D17B681B689B6803F00703FB60FB68F3
:1017F000062B10D07B681B681A687B681B6842F058
:1018000001021A6007E07B681B681A687B681B6826
:1018100042F001021A60002318461037BD4680BD11
:1018200000000140000401400004004000080040A6
:10183000000C0040004001400018004080B582B01C
:1018400000AF78607B68002B01D1012341E07B6809
:1018500093F83D30DBB2002B06D17B68002283F881
:101860003C20786800F039F87B68022283F83D203C
:101870007B681A687B6804331946104600F094FCB4
:101880007B68012283F846207B68012283F83E2092
:101890007B68012283F83F207B68012283F8402087
:1018A0007B68012283F841207B68012283F8422073
:1018B0007B68012283F843207B68012283F844205F
:1018C0007B68012283F845207B68012283F83D2054
:1018D000002318460837BD4680BD80B483B000AFF2
:1018E000786000BF0C37BD465DF8047B7047000090
:1018F00080B584B000AF786039600023FB733B682B
:10190000002B04D17B6893F83E30DBB213E03B68D8
:10191000042B04D17B6893F83F30DBB20BE03B68CB
:10192000082B04D17B6893F84030DBB203E07B687E
:1019300093F84130DBB2BB733B68002B04D17B686A
:1019400093F84230DBB213E03B68042B04D17B6890
:1019500093F84330DBB20BE03B68082B04D17B6883
:1019600093F84430DBB203E07B6893F84530DBB298
:101970007B73BB7B012B02D17B7B012B01D001232D
:10198000CCE03B68002B04D17B68022283F83E2028
:1019900013E03B68042B04D17B68022283F83F20CC
:1019A0000BE03B68082B04D17B68022283F84020BF
:1019B00003E07B68022283F841203B68002B04D1BE
:1019C0007B68022283F8422013E03B68042B04D199
:1019D0007B68022283F843200BE03B68082B04D18C
:1019E0007B68022283F8442003E07B68022283F8AC
:1019F00045203B680C2B41D801A252F823F000BFD0
:101A0000351A01087D1A01087D1A01087D1A01089E
:101A1000471A01087D1A01087D1A01087D1A01087C
:101A2000591A01087D1A01087D1A01087D1A01085A
:101A30006B1A01087B681B68DA687B681B6842F0D8
:101A40000202DA601DE07B681B68DA687B681B684D
:101A500042F00402DA6014E07B681B68DA687B6895
:101A60001B6842F00802DA600BE07B681B68DA68EA
:101A70007B681B6842F01002DA6002E00123FB730E
:101A800000BFFB7B002B48D17B681B6801223968B3
:101A9000184600F0A3FF7B681B68224A934222D0BD
:101AA0007B681B68B3F1804F1DD07B681B681E4AA2
:101AB000934218D07B681B681C4A934213D07B6802
:101AC0001B681B4A93420ED07B681B68194A9342DD
:101AD00009D07B681B68184A934204D07B681B6856
:101AE000164A934211D17B681B689B6803F0070379
:101AF000BB60BB68062B10D07B681B681A687B68CC
:101B00001B6842F001021A6007E07B681B681A68D4
:101B10007B681B6842F001021A60FB7B1846103795
:101B2000BD4680BD000001400004004000080040A8
:101B3000000C00400004014000400140001800403B
:101B400080B584B000AF78607B681B68DB68FB60A1
:101B50007B681B681B69BB60BB6803F00203002B3A
:101B600020D0FB6803F00203002B1BD07B681B68AE
:101B70006FF002021A617B6801221A777B681B688A
:101B80009B6903F00303002B03D0786809F08EFCF7
:101B900005E0786800F0E9FA786800F0F0FA7B6810
:101BA00000221A77BB6803F00403002B20D0FB68E7
:101BB00003F00403002B1BD07B681B686FF004024A
:101BC0001A617B6802221A777B681B689B6903F4A1
:101BD0004073002B03D0786809F068FC05E0786852
:101BE00000F0C3FA786800F0CAFA7B6800221A771E
:101BF000BB6803F00803002B20D0FB6803F0080348
:101C0000002B1BD07B681B686FF008021A617B6891
:101C100004221A777B681B68DB6903F00303002B3F
:101C200003D0786809F042FC05E0786800F09DFA7E
:101C3000786800F0A4FA7B6800221A77BB6803F08A
:101C40001003002B20D0FB6803F01003002B1BD0E7
:101C50007B681B686FF010021A617B6808221A7794
:101C60007B681B68DB6903F44073002B03D0786842
:101C700009F01CFC05E0786800F077FA786800F05D
:101C80007EFA7B6800221A77BB6803F00103002B01
:101C90000CD0FB6803F00103002B07D07B681B68A6
:101CA0006FF001021A61786809F03CFCBB6803F030
:101CB0008003002B0CD0FB6803F08003002B07D0BF
:101CC0007B681B686FF080021A61786800F032FF51
:101CD000BB6803F04003002B0CD0FB6803F040030B
:101CE000002B07D07B681B686FF040021A61786890
:101CF00000F04FFABB6803F02003002B0CD0FB6808
:101D000003F02003002B07D07B681B686FF02002D4
:101D10001A61786800F004FF00BF1037BD4680BD2F
:101D200080B586B000AFF860B9607A600023FB75BB
:101D3000FB6893F83C30012B01D1022388E0FB685B
:101D4000012283F83C207B68002B1BD1FB681868BC
:101D5000BB681968BB685A68BB68DB6800F07AFC2E
:101D6000FB681B689A69FB681B6822F00C029A6189
:101D7000FB681B689969BB689A68FB681B680A4323
:101D80009A6160E07B68042B1CD1FB681868BB6813
:101D90001968BB685A68BB68DB6800F0FEFCFB682A
:101DA0001B689A69FB681B6822F440629A61FB68B1
:101DB0001B689969BB689B681A02FB681B680A4329
:101DC0009A6140E07B68082B1BD1FB681868BB68F0
:101DD0001968BB685A68BB68DB6800F04BFDFB689C
:101DE0001B68DA69FB681B6822F00C02DA61FB6889
:101DF0001B68D969BB689A68FB681B680A43DA618B
:101E000021E07B680C2B1CD1FB681868BB68196843
:101E1000BB685A68BB68DB6800F068FDFB681B683C
:101E2000DA69FB681B6822F44062DA61FB681B68B0
:101E3000D969BB689B681A02FB681B680A43DA61B0
:101E400001E00123FB75FB68002283F83C20FB7D49
:101E500018461837BD4680BD80B586B000AFF86023
:101E6000B9607A600023FB75FB6893F83C30012B66
:101E700001D10223AEE0FB68012283F83C207B689D
:101E80000C2B00F29F8001A252F823F0C11E010822
:101E9000C51F0108C51F0108C51F0108011F010852
:101EA000C51F0108C51F0108C51F0108431F010800
:101EB000C51F0108C51F0108C51F0108831F0108B0
:101EC000FB681B68B968184600F014FAFB681B68C9
:101ED0009A69FB681B6842F008029A61FB681B68FC
:101EE0009A69FB681B6822F004029A61FB681B6810
:101EF0009969BB681A69FB681B680A439A6164E0C8
:101F0000FB681B68B968184600F064FAFB681B6838
:101F10009A69FB681B6842F400629A61FB681B685F
:101F20009A69FB681B6822F480629A61FB681B68EF
:101F30009969BB681B691A02FB681B680A439A61AE
:101F400043E0FB681B68B968184600F0B9FAFB6803
:101F50001B68DA69FB681B6842F00802DA61FB68FB
:101F60001B68DA69FB681B6822F00402DA61FB680F
:101F70001B68D969BB681A69FB681B680A43DA6188
:101F800023E0FB681B68B968184600F00DFBFB688E
:101F90001B68DA69FB681B6842F40062DA61FB685F
:101FA0001B68DA69FB681B6822F48062DA61FB68EF
:101FB0001B68D969BB681B691A02FB681B680A4366
:101FC000DA6102E00123FB7500BFFB68002283F8A1
:101FD0003C20FB7D18461837BD4680BD80B584B0D7
:101FE00000AF786039600023FB737B6893F83C3066
:101FF000012B01D10223B4E07B68012283F83C204D
:102000007B68022283F83D207B681B689B68BB606D
:10201000BB6823F07703BB60BB6823F47F43BB60DE
:102020007B681B68BA689A603B681B68B3F5005F01
:102030003ED0B3F5005F00F28780B3F5805F00F01B
:102040008680B3F5805F7FD8702B1AD0702B7BD839
:10205000602B50D0602B77D8502B3CD0502B73D8AE
:10206000402B58D0402B6FD8302B64D0302B6BD8FE
:10207000202B60D0202B67D8002B5CD0102B5AD09F
:1020800062E07B6818683B6899683B685A683B68FF
:10209000DB6800F083FC7B681B689B68BB60BB68E7
:1020A00043F07703BB607B681B68BA689A604FE0B7
:1020B0007B6818683B6899683B685A683B68DB68CE
:1020C00000F06CFC7B681B689A687B681B6842F4B4
:1020D00080429A603CE07B6818683B6859683B68BE
:1020E000DB681A4600F02AFB7B681B685021184603
:1020F00000F039FC2CE07B6818683B6859683B6845
:10210000DB681A4600F086FB7B681B686021184676
:1021100000F029FC1CE07B6818683B6859683B6844
:10212000DB681A4600F00AFB7B681B6840211846F2
:1021300000F019FC0CE07B681A683B681B681946C4
:10214000104600F010FC03E00123FB7300E000BF29
:102150007B68012283F83D207B68002283F83C20C5
:10216000FB7B18461037BD4680BD80B483B000AFFE
:10217000786000BF0C37BD465DF8047B704780B4C3
:1021800083B000AF786000BF0C37BD465DF8047BBC
:10219000704780B483B000AF786000BF0C37BD4695
:1021A0005DF8047B7047000080B485B000AF7860B4
:1021B00039607B681B68FB607B68434A934213D09D
:1021C0007B68B3F1804F0FD07B68404A93420BD0BD
:1021D0007B683F4A934207D07B683E4A934203D0D4
:1021E0007B683D4A934208D1FB6823F07003FB6093
:1021F0003B685B68FA681343FB607B68324A934232
:102200002BD07B68B3F1804F27D07B682F4A934255
:1022100023D07B682E4A93421FD07B682D4A93427D
:102220001BD07B682C4A934217D07B682B4A934281
:1022300013D07B682A4A93420FD07B68294A934285
:102240000BD07B68284A934207D07B68274A934289
:1022500003D07B68264A934208D1FB6823F440737D
:10226000FB603B68DB68FA681343FB60FB6823F0A4
:1022700080023B685B691343FB603B689A687B683C
:10228000DA623B681A687B689A627B680E4A9342FE
:1022900003D07B68104A934203D13B681A697B687C
:1022A0001A637B681B6843F004027B681A607B68D2
:1022B00001225A617B68FA681A6000BF1437BD4674
:1022C0005DF8047B704700BF00000140000400403F
:1022D00000080040000C00400004014000400140A4
:1022E000004401400048014000180040001C00402C
:1022F0000020004080B487B000AF786039607B6810
:102300001B6A7B617B681B6A23F001027B681A628F
:102310007B685B683B617B689B69FB60FB6823F0C3
:102320007003FB60FB6823F00303FB603B681B68E2
:10233000FA681343FB607B6923F002037B613B680F
:102340009B687A6913437B617B68204A934203D080
:102350007B681F4A93420CD17B6923F008037B61A1
:102360003B68DB687A6913437B617B6923F0040374
:102370007B617B68154A934203D07B68144A934281
:1023800011D13B6923F480733B613B6923F40073F3
:102390003B613B685B693A6913433B613B689B69FE
:1023A0003A6913433B617B683A695A607B68FA6813
:1023B0009A613B685A687B685A637B687A691A62DB
:1023C00000BF1C37BD465DF8047B7047000001402C
:1023D0000004014080B487B000AF786039607B684A
:1023E0001B6A7B617B681B6A23F010027B681A62A0
:1023F0007B685B683B617B689B69FB60FB6823F4DF
:10240000E043FB60FB6823F44073FB603B681B68A0
:102410001B02FA681343FB607B6923F020037B6196
:102420003B689B681B017A6913437B617B68224A86
:10243000934203D07B68214A93420DD17B6923F0FC
:1024400080037B613B68DB681B017A6913437B6116
:102450007B6923F040037B617B68174A934203D07A
:102460007B68164A934213D13B6923F480633B6136
:102470003B6923F400633B613B685B699B003A69FD
:1024800013433B613B689B699B003A6913433B6183
:102490007B683A695A607B68FA689A613B685A6857
:1024A0007B689A637B687A691A6200BF1C37BD46F5
:1024B0005DF8047B704700BF00000140000401404C
:1024C00080B487B000AF786039607B681B6A7B613D
:1024D0007B681B6A23F480727B681A627B685B6886
:1024E0003B617B68DB69FB60FB6823F07003FB608A
:1024F000FB6823F00303FB603B681B68FA68134327
:10250000FB607B6923F400737B613B689B681B0263
:102510007A6913437B617B68214A934203D07B68CD
:10252000204A93420DD17B6923F400637B613B68B1
:10253000DB681B027A6913437B617B6923F4806348
:102540007B617B68164A934203D07B68154A9342AD
:1025500013D13B6923F480533B613B6923F400535F
:102560003B613B685B691B013A6913433B613B6814
:102570009B691B013A6913433B617B683A695A6066
:102580007B68FA68DA613B685A687B68DA637B6863
:102590007A691A6200BF1C37BD465DF8047B70473C
:1025A000000001400004014080B487B000AF7860B3
:1025B00039607B681B6A3B617B681B6A23F480522D
:1025C0007B681A627B685B687B617B68DB69FB60A8
:1025D000FB6823F4E043FB60FB6823F44073FB607B
:1025E0003B681B681B02FA681343FB603B6923F4DA
:1025F00000533B613B689B681B033A6913433B6193
:102600007B68124A934203D07B68114A934209D1F6
:102610007B6923F480437B613B685B699B017A693A
:1026200013437B617B687A695A607B68FA68DA6178
:102630003B685A687B681A647B683A691A6200BF13
:102640001C37BD465DF8047B704700BF00000140A9
:102650000004014080B487B000AFF860B9607A60D0
:102660003B60FB681B6A3B61FB681B6A23F001024D
:10267000FB681A62FB689B697B61FB68284A93428E
:102680001BD0FB68B3F1804F17D0FB68254A9342FB
:1026900013D0FB68244A93420FD0FB68234A93422D
:1026A0000BD0FB68224A934207D0FB68214A934231
:1026B00003D0FB68204A934201D1012300E00023AC
:1026C000002B08D07B6923F003037B617A697B6868
:1026D00013437B6103E07B6943F001037B617B690A
:1026E00023F0F0037B613B681B01DBB27A69134383
:1026F0007B613B6923F00A033B61BB6803F00A037B
:102700003A6913433B61FB687A699A61FB683A69ED
:102710001A6200BF1C37BD465DF8047B704700BFDE
:10272000000001400004004000080040000C004090
:1027300000040140004001400018004080B487B010
:1027400000AFF860B9607A60FB681B6A7B61FB6868
:102750001B6A23F00102FB681A62FB689B693B61FC
:102760003B6923F0F0033B617B681B013A6913432B
:102770003B617B6923F00A037B617A69BB68134381
:102780007B61FB683A699A61FB687A691A6200BFEB
:102790001C37BD465DF8047B704780B487B000AF3E
:1027A000F860B9607A603B60FB681B6A7B61FB681C
:1027B0001B6A23F01002FB681A62FB689B693B618D
:1027C0003B6923F440733B617B681B023A69134306
:1027D0003B613B6923F470433B613B681B039BB245
:1027E0003A6913433B617B6923F0A0037B61BB68BB
:1027F0001B0103F0A0037A6913437B61FB683A690C
:102800009A61FB687A691A6200BF1C37BD465DF8A1
:10281000047B704780B487B000AFF860B9607A601D
:10282000FB681B6A7B61FB681B6A23F01002FB6874
:102830001A62FB689B693B613B6923F470433B610F
:102840007B681B033A6913433B617B6923F0A00358
:102850007B61BB681B017A6913437B61FB683A6942
:102860009A61FB687A691A6200BF1C37BD465DF841
:10287000047B704780B487B000AFF860B9607A60BD
:102880003B60FB681B6A7B61FB681B6A23F48072F8
:10289000FB681A62FB68DB693B613B6923F0030359
:1028A0003B613A697B6813433B613B6923F0F0036A
:1028B0003B613B681B01DBB23A6913433B617B69B7
:1028C00023F420637B61BB681B0203F420637A69F5
:1028D00013437B61FB683A69DA61FB687A691A62C3
:1028E00000BF1C37BD465DF8047B704780B487B0DD
:1028F00000AFF860B9607A603B60FB681B6A7B617F
:10290000FB681B6A23F48052FB681A62FB68DB6970
:102910003B613B6923F440733B617B681B023A696E
:1029200013433B613B6923F470433B613B681B03EA
:102930009BB23A6913433B617B6923F420437B617B
:10294000BB681B0303F420437A6913437B61FB6874
:102950003A69DA61FB687A691A6200BF1C37BD46C2
:102960005DF8047B704780B485B000AF7860396053
:102970007B689B68FB60FB6823F07003FB603A6830
:10298000FB68134343F00703FB607B68FA689A60B7
:1029900000BF1437BD465DF8047B704780B487B034
:1029A00000AFF860B9607A603B60FB689B687B6150
:1029B0007B6923F47F437B613B681A027B681A437F
:1029C000BB6813437A6913437B61FB687A699A6039
:1029D00000BF1C37BD465DF8047B704780B487B0EC
:1029E00000AFF860B9607A60BB6803F01F03012292
:1029F00002FA03F37B61FB681A6A7B69DB431A40C6
:102A0000FB681A62FB681A6ABB6803F01F037968E7
:102A100001FA03F31A43FB681A6200BF1C37BD4674
:102A20005DF8047B7047000080B485B000AF78602B
:102A300039607B6893F83C30012B01D102235AE0C6
:102A40007B68012283F83C207B68022283F83D20CA
:102A50007B681B685B68FB607B681B689B68BB606E
:102A6000FB6823F07003FB603B681B68FA68134344
:102A7000FB607B681B68FA685A607B681B68214AA8
:102A8000934222D07B681B68B3F1804F1DD07B68D6
:102A90001B681D4A934218D07B681B681B4A9342EF
:102AA00013D07B681B681A4A93420ED07B681B6860
:102AB000184A934209D07B681B68174A934204D096
:102AC0007B681B68154A93420CD1BB6823F08003D6
:102AD000BB603B685B68BA681343BB607B681B687C
:102AE000BA689A607B68012283F83D207B680022E7
:102AF00083F83C20002318461437BD465DF8047B5C
:102B0000704700BF00000140000400400008004082
:102B1000000C00400004014000400140001800404B
:102B200080B483B000AF786000BF0C37BD465DF85D
:102B3000047B704780B483B000AF786000BF0C376F
:102B4000BD465DF8047B704780B584B000AF786007
:102B50000023FB737B68002B01D1012333E07B68EA
:102B60001B6C002B09D178680BF0FEFF7B680022FC
:102B70005A647B68002283F83C207B681B6C03F05E
:102B80001003002B18D17B681B6C23F4885323F0AF
:102B9000020343F002027B681A64786800F0A4FA2A
:102BA0007B6800225A647B681B6C23F0030343F0AC
:102BB00001027B681A6401E00123FB737B68002239
:102BC00083F83C20FB7B18461037BD4680BD0000D3
:102BD00080B485B000AF78600023BB607B6893F859
:102BE0003C30012B01D10223B2E07B68012283F843
:102BF0003C207B681B689B6803F00103012B18D005
:102C00007B681B689A687B681B6842F001029A60C7
:102C1000524B1B68524AA2FB03239A0C13465B00DB
:102C20001344BB6002E0BB68013BBB60BB68002B88
:102C3000F9D17B681B689B6803F00103012B7AD1F3
:102C40007B681B6C23F4E06323F0010343F4807280
:102C50007B681A647B681B685B6803F48063002BE5
:102C600007D07B681B6C23F4405343F480527B688D
:102C70001A647B681B6C03F48053B3F5805F06D144
:102C80007B685B6C23F006027B685A6402E07B6819
:102C900000225A647B68002283F83C20314BFB60A1
:102CA0007B681B686FF022021A60FB685B6803F0A8
:102CB0001F03002B2AD17B681B682B4A934215D037
:102CC0007B681B68294A934205D1264B5B6803F059
:102CD0001F03002B0AD07B681B68254A934236D11C
:102CE000204B5B6803F01003002B30D17B681B681E
:102CF0009B6803F04053002B29D17B681B689A68BE
:102D00007B681B6842F080429A6020E07B681B6809
:102D1000154A93421BD17B681B689B6803F04053A4
:102D2000002B14D17B681B689A687B681B6842F093
:102D300080429A600BE07B681B6C43F010027B685A
:102D40001A647B685B6C43F001027B685A64002361
:102D500018461437BD465DF8047B70475C000020C0
:102D600083DE1B430023014000200140002101407D
:102D70000022014080B584B000AF78603960002344
:102D8000FB607B681B689B6803F48063B3F5806F0E
:102D900013D17B681B689B6803F48073B3F5807F55
:102DA0000BD17B681B6C43F020027B681A647B6844
:102DB000002283F83C20012363E001F051FCF8601D
:102DC00021E03B68B3F1FF3F1DD03B68002B07D0EB
:102DD00001F046FC0246FB68D31A3A689A4212D2C6
:102DE0007B681B681B6803F00203022B0BD07B6817
:102DF0001B6C43F004027B681A647B68002283F832
:102E00003C2003233DE07B681B681B6803F0020342
:102E1000022BD6D17B681B686FF012021A607B68A8
:102E20001B6C43F400727B681A647B681B689B68A8
:102E300003F04053002B23D17B681B7E002B1FD156
:102E40007B681B68DB6A03F47003002B06D07B6889
:102E50001B689B6803F48063002B11D17B681B6C9B
:102E600023F480727B681A647B681B6C03F48053C4
:102E7000002B05D17B681B6C43F001027B681A6450
:102E8000002318461037BD4680BD80B483B000AF24
:102E900078607B681B68DB6C18460C37BD465DF8B4
:102EA000047B704780B485B000AF78603960002340
:102EB000BB607B6893F83C30012B01D1022305E114
:102EC0007B68012283F83C203B681B68092B25D9CD
:102ED0007B681B68D9683B681B689BB21A4613461F
:102EE0005B0013441E3B072202FA03F3DA437B68BC
:102EF0001B680A40DA607B681B68D9683B689A687F
:102F00003B681B689BB2184603465B0003441E3BAC
:102F10009A407B681B680A43DA6022E07B681B6882
:102F200019693B681B689BB21A4613465B00134441
:102F3000072202FA03F3DA437B681B680A401A612E
:102F40007B681B6819693B689A683B681B689BB281
:102F5000184603465B0003449A407B681B680A439B
:102F60001A613B685B68062B24D87B681B68596B29
:102F70003B685A6813469B001344053B1F2202FA24
:102F800003F3DA437B681B680A405A637B681B685B
:102F9000596B3B681B689BB218463B685A681346DE
:102FA0009B001344053B00FA03F27B681B680A434D
:102FB0005A634CE03B685B680C2B24D87B681B6829
:102FC000196B3B685A6813469B001344233B1F222E
:102FD00002FA03F3DA437B681B680A401A637B68D2
:102FE0001B68196B3B681B689BB218463B685A68A4
:102FF00013469B001344233B00FA03F27B681B68D3
:103000000A431A6323E07B681B68D96A3B685A68E5
:1030100013469B001344413B1F2202FA03F3DA4399
:103020007B681B680A40DA627B681B68D96A3B6868
:103030001B689BB218463B685A6813469B001344B2
:10304000413B00FA03F27B681B680A43DA62224BB9
:10305000FB607B681B68214A934209D13B681B686F
:10306000122B05D1FB685B6843F48002FB685A6051
:103070007B681B68194A934223D13B681B68102B5D
:1030800003D03B681B68112B1BD1FB685B6843F4C2
:103090000002FB685A603B681B68102B11D1104B73
:1030A0001B68104AA2FB03239A0C13469B0013448F
:1030B0005B00BB6002E0BB68013BBB60BB68002BF0
:1030C000F9D17B68002283F83C200023184614378E
:1030D000BD465DF8047B704700230140002001409D
:1030E0005C00002083DE1B4380B485B000AF7860B5
:1030F000794BFB60FB685B6823F44032FB685A60E5
:10310000FB685A687B685B681A43FB685A607B6897
:103110001B685A687B681B6822F480725A607B685F
:103120001B6859687B681B691A027B681B680A4325
:103130005A607B681B685A687B681B6822F0407283
:103140005A607B681B6859687B689A687B681B6853
:103150000A435A607B681B689A687B681B6822F484
:1031600000629A607B681B6899687B68DA687B6894
:103170001B680A439A607B689B6A584A934222D034
:103180007B681B689A687B681B6822F070629A6093
:103190007B681B6899687B689A6A7B681B680A432E
:1031A0009A607B681B689A687B681B6822F04052B3
:1031B0009A607B681B6899687B68DA6A7B681B6821
:1031C0000A439A600FE07B681B689A687B681B68FB
:1031D00022F070629A607B681B689A687B681B6843
:1031E00022F040529A607B681B689A687B681B6873
:1031F00022F002029A607B681B6899687B681B7EDC
:103200005A007B681B680A439A607B6893F82030F9
:10321000002B1BD07B681B685A687B681B6842F4D4
:1032200000625A607B681B685A687B681B6822F4DE
:1032300060425A607B681B6859687B685B6A013B27
:103240005A037B681B680A435A6007E07B681B6867
:103250005A687B681B6822F400625A607B681B68AE
:10326000DA6A7B681B6822F47002DA627B681B688A
:10327000D96A7B68DB69013B1A057B681B680A43D6
:10328000DA627B681B689A687B681B6822F40072AC
:103290009A607B681B6899687B6893F830305A02A3
:1032A0007B681B680A439A607B681B689A687B6826
:1032B0001B6822F480629A607B681B6899687B684F
:1032C0005B699A027B681B680A439A6000BF1437E7
:1032D000BD465DF8047B7047002301400100000FEC
:1032E00080B586B000AF78607B68002B01D10123E8
:1032F00067E27B681B6803F00103002B75D0884BE5
:103300009B6803F00C03042B0CD0854B9B6803F0E7
:103310000C03082B12D1824B5B6803F48003B3F5D6
:10332000800F0BD17E4B1B6803F40033002B5BD066
:103330007B685B68002B57D1012342E27B685B68A6
:10334000B3F5803F06D1764B1B68754A43F4803352
:1033500013601DE07B685B68B3F5A02F0CD1704B48
:103360001B686F4A43F4802313606D4B1B686C4AE3
:1033700043F4803313600BE0694B1B68684A23F405
:1033800080331360664B1B68654A23F48023136007
:103390007B685B68002B13D001F062F9386108E0AC
:1033A00001F05EF902463B69D31A642B01D903236D
:1033B00007E25B4B1B6803F40033002BF0D014E0F2
:1033C00001F04EF9386108E001F04AF902463B6924
:1033D000D31A642B01D90323F3E1514B1B6803F487
:1033E0000033002BF0D100E000BF7B681B6803F0C6
:1033F0000203002B63D04A4B9B6803F00C03002BA5
:103400000BD0474B9B6803F00C03082B1CD1444B9B
:103410005B6803F48003002B16D1414B1B6803F05B
:103420000203002B05D07B68DB68012B01D0012350
:10343000C7E13B4B1B6823F0F8027B681B69DB008C
:10344000374913430B603AE07B68DB68002B20D0E0
:10345000344B01221A6001F003F9386108E001F0F1
:10346000FFF802463B69D31A022B01D90323A8E1D6
:103470002B4B1B6803F00203002BF0D0284B1B687A
:1034800023F0F8027B681B69DB00254913430B60BE
:1034900015E0244B00221A6001F0E2F8386108E0E0
:1034A00001F0DEF802463B69D31A022B01D903234F
:1034B00087E11B4B1B6803F00203002BF0D17B68F4
:1034C0001B6803F00803002B36D07B685B69002B78
:1034D00016D0154B01221A6001F0C2F8386108E0DD
:1034E00001F0BEF802463B69D31A022B01D903232F
:1034F00067E10B4B5B6F03F00203002BF0D01BE086
:10350000094B00221A6001F0ABF838610EE001F0BF
:10351000A7F802463B69D31A022B07D9032350E1CF
:103520000038024000004742800E4742884B5B6FE4
:1035300003F00203002BEAD17B681B6803F004034D
:10354000002B00F097800023FB75814B1B6C03F070
:103550008053002B0FD10023BB607D4B1B6C7C4A3A
:1035600043F0805313647A4B1B6C03F08053BB60B1
:10357000BB680123FB75774B1B6803F48073002B3A
:1035800018D1744B1B68734A43F48073136001F0C5
:1035900067F8386108E001F063F802463B69D31A26
:1035A000022B01D903230CE16A4B1B6803F48073DF
:1035B000002BF0D07B689B68012B06D1644B1B6FFE
:1035C000634A43F0010313671CE07B689B68052B8B
:1035D0000CD15F4B1B6F5E4A43F0040313675C4BD7
:1035E0001B6F5B4A43F0010313670BE0584B1B6FE3
:1035F000574A23F001031367554B1B6F544A23F0BE
:10360000040313677B689B68002B15D001F028F832
:1036100038610AE001F024F802463B69D31A41F20E
:103620008832934201D90323CBE0494B1B6F03F04F
:103630000203002BEED014E001F012F838610AE02A
:1036400001F00EF802463B69D31A41F288329342E8
:1036500001D90323B5E03E4B1B6F03F00203002B9F
:10366000EED1FB7D012B05D1394B1B6C384A23F081
:10367000805313647B689B69002B00F0A180344B5E
:103680009B6803F00C03082B5CD07B689B69022BC2
:1036900041D1314B00221A6000F0E2FF386108E0AE
:1036A00000F0DEFF02463B69D31A022B01D9032347
:1036B00087E0274B1B6803F00073002BF0D17B6879
:1036C000DA697B681B6A1A437B685B6A9B011A4351
:1036D0007B689B6A5B08013B1B041A437B68DB6ABF
:1036E0001B061B4913434B601B4B01221A6000F061
:1036F000B7FF386108E000F0B3FF02463B69D31A18
:10370000022B01D903235CE0114B1B6803F000730B
:10371000002BF0D054E0104B00221A6000F0A0FF04
:10372000386108E000F09CFF02463B69D31A022B87
:1037300001D9032345E0064B1B6803F00073002BFF
:10374000F0D13DE07B689B69012B07D1012338E074
:103750000038024000700040600047421B4B5B682D
:10376000FB607B689B69012B28D0FB6803F4800217
:103770007B68DB699A4221D1FB6803F03F027B68DA
:103780001B6A9A421AD1FA6847F6C07313407A68E6
:10379000526A9201934211D1FB6803F440327B6874
:1037A0009B6A5B08013B1B049A4207D1FB6803F04C
:1037B00070627B68DB6A1B069A4201D0012300E03D
:1037C000002318461837BD4680BD00BF00380240B0
:1037D00080B584B000AF786039607B68002B01D180
:1037E0000123CCE0684B1B6803F007033A689A4258
:1037F0000CD9654B3A68D2B21A70634B1B6803F060
:1038000007033A689A4201D00123B8E07B681B683D
:1038100003F00203002B20D07B681B6803F0040335
:10382000002B05D0594B9B68584A43F4E0539360F2
:103830007B681B6803F00803002B05D0534B9B6883
:10384000524A43F460439360504B9B6823F0F0026C
:103850007B689B684D4913438B607B681B6803F052
:103860000103002B44D07B685B68012B07D1474BD9
:103870001B6803F40033002B19D101237FE07B6820
:103880005B68022B03D07B685B68032B07D13F4B3F
:103890001B6803F00073002B09D101236FE03B4B41
:1038A0001B6803F00203002B01D1012367E0374BB3
:1038B0009B6823F003027B685B68344913438B6089
:1038C00000F0CEFEF8600AE000F0CAFE0246FB6897
:1038D000D31A41F28832934201D903234FE02B4B94
:1038E0009B6803F00C027B685B689B009A42EBD1FB
:1038F000254B1B6803F007033A689A420CD2224B0F
:103900003A68D2B21A70204B1B6803F007033A687A
:103910009A4201D0012332E07B681B6803F0040364
:10392000002B08D0194B9B6823F4E0527B68DB68BE
:10393000164913438B607B681B6803F00803002B58
:1039400009D0124B9B6823F460427B681B69DB0043
:103950000E4913438B6000F021F802460B4B9B6825
:103960001B0903F00F030A49CB5C22FA03F3094A4F
:103970001360094B1B6818460DF05AFA00231846CD
:103980001037BD4680BD00BF003C024000380240F9
:10399000CC7302085C000020600000202DE9B04FCD
:1039A00094B000AF00237B640023FB6400233B64DE
:1039B0000023BB64794B9B6803F00C03082B0DD0EC
:1039C000082B00F2E180002B02D0042B03D0DBE0B7
:1039D000734BBB64DBE0734BBB64D8E06F4B5B683D
:1039E00003F03F037B646D4B5B6803F48003002BA3
:1039F00063D06A4B5B689B090022BB63FA63BB6BB5
:103A0000C3F308033B6300237B63D7E90C452246DD
:103A10002B464FF000004FF00001590141EAD261FE
:103A2000500102460B462146511A3961294663EB83
:103A300001037B614FF000024FF00003D7E904ABB4
:103A400059468B01514643EA916351468A015146DA
:103A5000B2EB0108594663EB01094FF000024FF049
:103A600000034FEAC90343EA58734FEAC80290467D
:103A70009946234618EB0303BB602B4649EB03032F
:103A8000FB604FF000024FF00003D7E902452946E2
:103A90004B02214643EAD15321464A0210461946B9
:103AA0007B6C0022BB62FA62D7E90A23FCF756FF5F
:103AB00002460B461346FB6458E0384B5B689B0993
:103AC000002218461146C0F308033B6200237B62C4
:103AD000D7E9088942464B464FF000004FF00001FD
:103AE000590141EAD261500102460B464146B2EB10
:103AF000010A494663EB010B4FF000024FF000034F
:103B00004FEA8B1343EA9A634FEA8A12B2EB0A0434
:103B100063EB0B054FF000024FF00003EB0043EAAC
:103B20005473E20014461D464346E3183B604B467F
:103B300045EB03037B604FF000024FF00003D7E931
:103B4000004529468B02214643EA915321468A02C9
:103B5000104619467B6C0022BB61FA61D7E9062347
:103B6000FCF7FCFE02460B461346FB640B4B5B68FE
:103B70001B0C03F0030301335B003B64FA6C3B6CEA
:103B8000B2FBF3F3BB6402E0054BBB6400BFBB6C4C
:103B900018465037BD46BDE8B08F00BF0038024020
:103BA0000024F40000127A0080B400AF034B1B68BD
:103BB0001846BD465DF8047B704700BF5C000020DE
:103BC00080B500AFFFF7F0FF0246054B9B689B0AEC
:103BD00003F007030349CB5C22FA03F3184680BDC8
:103BE00000380240DC73020880B500AFFFF7DCFF4D
:103BF0000246054B9B685B0B03F007030349CB5C54
:103C000022FA03F3184680BD00380240DC73020834
:103C100080B483B000AF786039607B680F221A608F
:103C2000124B9B6803F003027B685A600F4B9B6842
:103C300003F0F0027B689A600C4B9B6803F4E0523F
:103C40007B68DA60094B9B68DB0803F4E0527B6811
:103C50001A61074B1B6803F007023B681A6000BF3C
:103C60000C37BD465DF8047B704700BF003802404A
:103C7000003C024080B489B000AF78603960002316
:103C80007B6100233B610023BB610023FB616BE18F
:103C90000122FB6902FA03F37B613B681B687A69C6
:103CA00013403B613A697B699A4240F05A813B6814
:103CB0005B6803F00303012B05D03B685B6803F0EE
:103CC0000303022B30D17B689B68BB61FB695B00FF
:103CD000032202FA03F3DB43BA691340BB613B687A
:103CE000DA68FB695B0002FA03F3BA691343BB614C
:103CF0007B68BA699A607B685B68BB610122FB697B
:103D000002FA03F3DB43BA691340BB613B685B68AB
:103D10001B0903F00102FB6902FA03F3BA691343BA
:103D2000BB617B68BA695A603B685B6803F0030358
:103D3000032B17D07B68DB68BB61FB695B00032248
:103D400002FA03F3DB43BA691340BB613B689A682C
:103D5000FB695B0002FA03F3BA691343BB617B683A
:103D6000BA69DA603B685B6803F00303022B23D176
:103D7000FB69DA087B68083253F82230BB61FB69C3
:103D800003F007039B000F2202FA03F3DB43BA6937
:103D90001340BB613B681A69FB6903F007039B0092
:103DA00002FA03F3BA691343BB61FB69DA087B6863
:103DB0000832B96943F822107B681B68BB61FB6954
:103DC0005B00032202FA03F3DB43BA691340BB61D1
:103DD0003B685B6803F00302FB695B0002FA03F3D4
:103DE000BA691343BB617B68BA691A603B685B6858
:103DF00003F44033002B00F0B4800023FB60604BE1
:103E00005B6C5F4A43F4804353645D4B5B6C03F42B
:103E10008043FB60FB685B4AFB699B08023352F8F6
:103E20002330BB61FB6903F003039B000F2202FAFE
:103E300003F3DB43BA691340BB617B68524A934288
:103E40002BD07B68514A934225D07B68504A9342DD
:103E50001FD07B684F4A934219D07B684E4A9342E9
:103E600013D07B684D4A93420DD07B684C4A9342F5
:103E700007D07B684B4A934201D107230EE0082309
:103E80000CE006230AE0052308E0042306E00323F0
:103E900004E0022302E0012300E00023FA6902F0BB
:103EA000030292009340BA691343BB613549FB6931
:103EB0009B080233BA6941F823203B4B9B68BB61E6
:103EC0003B69DB43BA691340BB613B685B6803F441
:103ED0008013002B03D0BA693B691343BB61324A9C
:103EE000BB699360304BDB68BB613B69DB43BA69FC
:103EF0001340BB613B685B6803F40013002B03D0E5
:103F0000BA693B691343BB61274ABB69D360264B3F
:103F10005B68BB613B69DB43BA691340BB613B68CB
:103F20005B6803F40033002B03D0BA693B69134389
:103F3000BB611D4ABB6953601B4B1B68BB613B697E
:103F4000DB43BA691340BB613B685B6803F48033B1
:103F5000002B03D0BA693B691343BB61124ABB69AA
:103F60001360FB690133FB61FB690F2B7FF690AE99
:103F700000BF00BF2437BD465DF8047B704700BF1B
:103F800000380240003801400000024000040240B6
:103F900000080240000C02400010024000140240E1
:103FA00000180240001C0240003C014080B487B071
:103FB00000AF7860396000233B610023FB60002381
:103FC000BB6000237B61CDE001227B6902FA03F331
:103FD0003B613A683B691340FB60FA683B699A426F
:103FE00040F0BD80654A7B699B08023352F823305C
:103FF000BB607B6903F003039B000F2202FA03F30B
:10400000BA681340BB607B685D4A93422BD07B68E3
:104010005C4A934225D07B685B4A93421FD07B6801
:104020005A4A934219D07B68594A934213D07B680D
:10403000584A93420DD07B68574A934207D07B6819
:10404000564A934201D107230EE008230CE00623D1
:104050000AE0052308E0042306E0032304E002232A
:1040600002E0012300E000237A6902F003029200DB
:104070009340BA689A4232D1494B1A68FB68DB43D5
:10408000474913400B60464B5A68FB68DB43444981
:1040900013404B60424BDA68FB68DB4340491340F6
:1040A000CB603F4B9A68FB68DB433D4913408B6014
:1040B0007B6903F003039B000F2202FA03F3BB604A
:1040C0002E4A7B699B08023352F82310BB68DA43FF
:1040D0002A487B699B080A40023340F823207B680A
:1040E0001A687B695B00032101FA03F3DB431A4082
:1040F0007B681A607B69DA087B68083253F8221003
:104100007B6903F007039B000F2202FA03F3DB43F2
:104110007A69D20819407B68083243F822107B681C
:10412000DA687B695B00032101FA03F3DB431A4081
:104130007B68DA607B685A6801217B6901FA03F3C6
:10414000DB431A407B685A607B689A687B695B0036
:10415000032101FA03F3DB431A407B689A607B6911
:1041600001337B617B690F2B7FF62EAF00BF00BF51
:104170001C37BD465DF8047B704700BF0038014026
:10418000000002400004024000080240000C02400F
:10419000001002400014024000180240001C0240BF
:1041A000003C014080B485B000AF78600B467B8056
:1041B0007B681A697B881340002B02D00123FB73B4
:1041C00001E00023FB73FB7B18461437BD465DF806
:1041D000047B704780B483B000AF78600B467B806F
:1041E00013467B707B78002B03D07A887B689A61BA
:1041F00003E07B881A047B689A6100BF0C37BD46D8
:104200005DF8047B704780B485B000AF78600B46E2
:104210007B807B685B69FB607A88FB6813401A04CB
:10422000FB68D9437B880B401A437B689A6100BFC7
:104230001437BD465DF8047B704780B584B000AF8D
:1042400078607B689B6DFB6000F00AFAB8607B6861
:1042500093F83530DBB2022B08D07B6880225A6598
:104260007B68002283F83420012352E07B681B68BE
:104270001A687B681B6822F016021A607B681B684C
:104280005A697B681B6822F080025A617B681B6C4C
:10429000002B03D17B689B6C002B07D07B681B68CD
:1042A0001A687B681B6822F008021A607B681B682A
:1042B0001A687B681B6822F001021A6013E000F0A4
:1042C000CFF90246BB68D31A052B0CD97B68202294
:1042D0005A657B68032283F835207B68002283F8C7
:1042E0003420032315E07B681B681B6803F001037F
:1042F000002BE4D17B68DB6D3F229A40FB689A601B
:104300007B68012283F835207B68002283F8342003
:10431000002318461037BD4680BD80B483B000AF7F
:1043200078607B6893F83530DBB2022B04D07B6871
:1043300080225A6501230CE07B68052283F8352032
:104340007B681B681A687B681B6822F001021A6090
:10435000002318460C37BD465DF8047B704780B4D7
:1043600083B000AF78607B6893F83530DBB21846D5
:104370000C37BD465DF8047B704780B483B000AF56
:1043800078607B685B6D18460C37BD465DF8047B32
:104390007047000080B485B000AF78607B6803F0A0
:1043A0000703FB600C4BDB68BB60BA684FF6FF038A
:1043B0001340BB60FB681A02BB68134343F0BF6342
:1043C00043F40033BB60044ABB68D36000BF1437BA
:1043D000BD465DF8047B704700ED00E080B400AF9F
:1043E000044BDB681B0A03F007031846BD465DF863
:1043F000047B704700ED00E080B483B000AF03465B
:10440000FB7197F90730002B0BDBFB7903F01F02E0
:10441000074997F907305B09012000FA02F241F8D9
:10442000232000BF0C37BD465DF8047B704700BFFA
:1044300000E100E080B483B000AF0346FB7197F960
:104440000730002B12DBFB7903F01F020A4997F9B2
:1044500007305B09012000FA02F2203341F82320E3
:10446000BFF34F8F00BFBFF36F8F00BF00BF0C378C
:10447000BD465DF8047B704700E100E080B483B086
:1044800000AF03463960FB7197F90730002B0ADB58
:104490003B68DAB20C4997F907301201D2B20B44EB
:1044A00083F800230AE03B68DAB20849FB7903F09D
:1044B0000F03043B1201D2B20B441A7600BF0C3733
:1044C000BD465DF8047B704700E100E000ED00E0D0
:1044D00080B489B000AFF860B9607A60FB6803F01F
:1044E0000703FB61FB69C3F10703042B28BF042307
:1044F000BB61FB690433062B02D9FB69033B00E077
:1045000000237B614FF0FF32BB6902FA03F3DA4309
:10451000BB681A407B699A404FF0FF317B6901FA12
:1045200003F3D9437B680B40134318462437BD4639
:104530005DF8047B7047000080B400AFBFF34F8F7D
:1045400000BF064BDB6803F4E0620449044B1343ED
:10455000CB60BFF34F8F00BF00BFFDE700ED00E071
:104560000400FA0580B582B000AF78607868FFF784
:1045700011FF00BF0837BD4680BD80B586B000AFD3
:104580000346B9607A60FB7300237B61FFF726FF67
:1045900078617A68B9687869FFF79AFF024697F9F7
:1045A0000F3011461846FFF769FF00BF1837BD46A8
:1045B00080BD80B582B000AF0346FB7197F907302C
:1045C0001846FFF719FF00BF0837BD4680BD80B50C
:1045D00082B000AF0346FB7197F907301846FFF72A
:1045E00029FF00BF0837BD4680BD80B500AFFFF78B
:1045F000A3FF000080B500AF0E4B1B680D4A43F4CB
:10460000007313600B4B1B680A4A43F4806313600A
:10461000084B1B68074A43F4807313600320FFF7BD
:10462000A1FF00200CF004FC0CF0D6FB0023184680
:1046300080BD00BF003C024080B400AF064B1B7839
:104640001A46064B1B681344044A136000BFBD465C
:104650005DF8047B704700BF64000020F00100207B
:1046600080B400AF034B1B681846BD465DF8047B61
:10467000704700BFF001002080B584B000AF7860C3
:10468000FFF7EEFFB8607B68FB60FB68B3F1FF3FAC
:1046900005D00A4B1B781A46FB681344FB6000BF29
:1046A000FFF7DEFF0246BB68D31AFA689A42F7D8D2
:1046B00000BF00BF1037BD4680BD00BF64000020B2
:1046C00080B582B000AF78607B68002B01D10123F8
:1046D0000EE07B685B79DBB2002B05D17B680022A2
:1046E0001A7178680AF098FA7B6801225A710023DF
:1046F00018460837BD4680BD80B584B000AF7860ED
:104700007B68002B01D101232BE17B6893F83D30BE
:10471000DBB2002B06D17B68002283F83C2078684E
:104720000AF0CAFA7B68242283F83D207B681B6864
:104730001A687B681B6822F001021A607B681B689C
:104740001A687B681B6842F400421A607B681B6829
:104750001A687B681B6822F400421A60FFF730FA7F
:10476000F8607B685B68814A934207D8FB68804A9F
:10477000934294BF01230023DBB206E0FB687D4A2D
:10478000934294BF01230023DBB2002B01D001230D
:10479000E7E0FB68784AA2FB03239B0CBB607B68C5
:1047A0001B685B6823F03F017B681B68BA680A439B
:1047B0005A607B681B681B6A23F03F017B685B685B
:1047C0006A4A934202D8BB68013309E0BB684FF4E0
:1047D000967202FB03F3694AA2FB03239B09013390
:1047E0007A6812680B4313627B681B68DB6923F4E9
:1047F0004F4222F0FF027B685B685C498B4219D80C
:10480000FB68591E7B685B685B00B1FBF3F3591CC6
:1048100040F6FC730B40002B0AD0FB68591E7B68E6
:104820005B685B00B1FBF3F30133C3F30B0351E0AF
:1048300004234FE07B689B68002B11D1FB68581E56
:104840007B6859680B465B000B44B0FBF3F3013304
:10485000C3F30B03002B0CBF01230023DBB212E0D8
:10486000FB68581E7B6859680B469B000B449900F7
:104870000B44B0FBF3F30133C3F30B03002B0CBF6A
:1048800001230023DBB2002B01D0012322E07B684F
:104890009B68002B0ED1FB68581E7B6859680B463D
:1048A0005B000B44B0FBF3F30133C3F30B0343F49E
:1048B00000430FE0FB68581E7B6859680B469B005D
:1048C0000B4499000B44B0FBF3F30133C3F30B0328
:1048D00043F44043796809681343CB617B681B68E4
:1048E0001B6823F0C0017B68DA697B681B6A1A4386
:1048F0007B681B680A431A607B681B689B6823F40B
:10490000034323F0FF037A6811697A68D268114380
:104910007A6812680B4393607B681B68DB6823F03E
:10492000FF017B685A697B689B691A437B681B6837
:104930000A43DA607B681B681A687B681B6842F070
:1049400001021A607B6800221A647B68202283F8C7
:104950003D207B6800221A637B68002283F83E209A
:10496000002318461037BD4680BD00BFA086010059
:104970007F841E00FF083D0083DE1B43D34D621081
:1049800080B483B000AF78607B681B685B6903F01C
:104990008003802B03D17B681B6800221A6100BF53
:1049A0000C37BD465DF8047B704780B588B000AF1A
:1049B00078600023BB617B681B685B687B617B68F8
:1049C000DB6A3B617B6893F83E30FB737B6893F84E
:1049D0003D30BB73FB7B102B03D0FB7B402B40F0A7
:1049E000C1807B681B689B69BB617B681B685B69D6
:1049F000FB61FB6903F00103002B0DD13B69B3F5AB
:104A00002A0F03D03B69B3F12A4F01D1012300E003
:104A10000023012B00F03281FB6903F00103002B1E
:104A20000CD07B695B0A03F00103002B06D0786889
:104A300001F098FC786800F09BFD92E0FB69DB08D0
:104A400003F00103002B09D07B695B0A03F001032B
:104A5000002B03D0786800F011FE82E0FB695B0850
:104A600003F00103002B09D07B695B0A03F001030B
:104A7000002B03D0786800F02BFE72E0BB699B0826
:104A800003F00103002B3BD07B681B685B6803F4D9
:104A90000063B3F5006F00F0F380FB69DB0903F0FE
:104AA0000103002B0FD07B699B0A03F00103002B4D
:104AB00009D0FB699B0803F00103002B03D1786840
:104AC00000F0F3F94DE0FB699B0803F00103002BB4
:104AD00000F0D6807B695B0A03F00103002B00F035
:104AE000CF80BB7B212B03D1786800F07AFAC7E036
:104AF000FB7B402B40F0C480786800F0E8FABFE010
:104B00007B681B685B6803F40063B3F5006F00F01B
:104B1000B780FB699B0903F00103002B0FD07B6971
:104B20009B0A03F00103002B09D0FB699B0803F0EB
:104B30000103002B03D1786800F061FB11E0FB69F1
:104B40009B0803F00103002B00F09A807B695B0A4D
:104B500003F00103002B00F09380786800F017FC4D
:104B60008EE08DE07B681B6C002B04D07B681B689B
:104B70005B69FB6107E07B681B689B69BB617B68C5
:104B80001B685B69FB61FB695B0803F00103002B99
:104B900012D07B695B0A03F00103002B0CD07B6809
:104BA0001B6C002B03D07B681B689B69BB61B969D8
:104BB000786800F0DCFF66E0FB691B0903F0010385
:104BC000002B09D07B695B0A03F00103002B03D0A3
:104BD000786801F017F856E0BB7B212B02D0BB7B35
:104BE000292B25D1FB69DB0903F00103002B0FD032
:104BF0007B699B0A03F00103002B09D0FB699B082A
:104C000003F00103002B03D1786800F0F2FE39E0D5
:104C1000FB699B0803F00103002B33D07B695B0A1F
:104C200003F00103002B2DD0786800F01FFF29E06E
:104C3000FB699B0903F00103002B0FD07B699B0AE2
:104C400003F00103002B09D0FB699B0803F001036B
:104C5000002B03D1786800F02AFF14E0FB699B0861
:104C600003F00103002B0ED07B695B0A03F0010304
:104C7000002B08D0786800F058FF04E000BF02E085
:104C800000BF00E000BF2037BD4680BD80B58AB0C0
:104C900000AF78607B681B685B693B627B681B6860
:104CA0005B68FB6100237B627B6893F83E30FB7698
:104CB0003B6A1B0A03F00103002B0ED0FB691B0AA1
:104CC00003F00103002B08D07B6A43F001037B62F1
:104CD0007B681B686FF480725A613B6A5B0A03F061
:104CE0000103002B0ED0FB691B0A03F00103002B0C
:104CF00008D07B6A43F002037B627B681B686FF419
:104D000000725A613B6A9B0A03F00103002B3FD0FB
:104D1000FB691B0A03F00103002B39D0FB7EBB7635
:104D20007B685B8D9BB27B617B6893F83D30FB7445
:104D30007B681B6BFB60BB7E202B12D17B69002B39
:104D40000FD1FB7C212B08D0FB7C292B05D0FB7CD1
:104D5000282B06D1FB68212B03D1786801F082F85B
:104D600016E07B681B686FF480625A617B6A43F0CF
:104D700004037B62FB7E102B02D0FB7E402B07D10D
:104D80007B681B681A687B681B6842F400721A60B3
:104D90003B6ADB0A03F00103002B0ED0FB691B0A00
:104DA00003F00103002B08D07B6A43F008037B6209
:104DB0007B681B686FF400625A617B6A002B08D025
:104DC0007B681A6C7B6A1A437B681A64786801F006
:104DD000BDF800BF2837BD4680BD80B483B000AFAA
:104DE000786000BF0C37BD465DF8047B704780B427
:104DF00083B000AF786000BF0C37BD465DF8047B20
:104E0000704780B483B000AF786000BF0C37BD46F8
:104E10005DF8047B704780B483B000AF786000BF5A
:104E20000C37BD465DF8047B704780B483B000AF9B
:104E300078600B46FB7013463B8000BF0C37BD46C5
:104E40005DF8047B704780B483B000AF786000BF2A
:104E50000C37BD465DF8047B704780B483B000AF6B
:104E6000786000BF0C37BD465DF8047B704780B4A6
:104E700083B000AF786000BF0C37BD465DF8047B9F
:104E8000704780B483B000AF786000BF0C37BD4678
:104E90005DF8047B704780B483B000AF786000BFDA
:104EA0000C37BD465DF8047B704780B584B000AF19
:104EB00078607B6893F83D30FB737B6893F83E30F5
:104EC000BB737B68DB6ABB607B681B8D002B50D19A
:104ED000FB7B212B4DD1BB68082B1DD0BB68202B41
:104EE0001AD0BB6813F5803F16D07B681B685A68E0
:104EF0007B681B6822F4E0625A607B6811221A63A7
:104F00007B68002283F83E207B68202283F83D20C6
:104F10007868FFF762FF60E07B681B685A687B680F
:104F20001B6822F4E0625A607B681B681A687B6821
:104F30001B6842F400721A607B6800221A637B6867
:104F4000202283F83D207B6893F83E30DBB2402B73
:104F500007D17B68002283F83E207868FFF77DFF49
:104F60003BE07B68002283F83E207868FFF735FF3E
:104F700033E0FB7B212B05D0BB7B402B2DD1FB7B72
:104F8000222B2AD17B685B8D9BB2002B08D17B68DA
:104F90001B685A687B681B6822F480625A601CE0B8
:104FA0007B6893F83E30DBB2402B03D1786800F089
:104FB0008EF812E07B685B6A1A787B681B681A615E
:104FC0007B685B6A5A1C7B685A627B685B8D9BB20C
:104FD000013B9AB27B685A85FFE700BF1037BD4698
:104FE00080BD80B584B000AF78607B68DB6AFB6011
:104FF0007B6893F83D30DBB2212B64D17B685B8DFD
:105000009BB2002B12D07B685B6A1A787B681B68A6
:105010001A617B685B6A5A1C7B685A627B685B8D8D
:105020009BB2013B9AB27B685A854CE0FB68082B27
:105030001DD0FB68202B1AD0FB6813F5803F16D0DB
:105040007B681B685A687B681B6822F4E0625A60C0
:105050007B6811221A637B68002283F83E207B68FC
:10506000202283F83D207868FFF7B7FE2BE07B68AD
:105070001B685A687B681B6822F4E0625A607B6890
:105080001B681A687B681B6842F400721A607B68B0
:1050900000221A637B68202283F83D207B6893F806
:1050A0003E30DBB2402B07D17B68002283F83E20E4
:1050B0007868FFF7D2FE06E07B68002283F83E2086
:1050C0007868FFF78AFE00BF1037BD4680BD80B507
:1050D00084B000AF78607B6893F83D30FB737B68E9
:1050E0001B6D002B1DD17B68DB6C012B0BD17B680A
:1050F0009B6CDAB27B681B681A617B681B6D9A1C1B
:105100007B681A6577E07B689B6C9BB21B12DAB2F6
:105110007B681B681A617B681B6D5A1C7B681A656B
:1051200069E07B681B6D012B0BD17B689B6CDAB24D
:105130007B681B681A617B681B6D5A1C7B681A654B
:1051400059E07B681B6D022B52D1FB7B222B0DD1CA
:105150007B681B681A687B681B6842F480721A605F
:105160007B681B6D5A1C7B681A6544E07B685B8D0D
:105170009BB2002B15D0FB7B212B12D17B685B6A85
:105180001A787B681B681A617B685B6A5A1C7B68AB
:105190005A627B685B8D9BB2013B9AB27B685A85F1
:1051A00029E07B685B8D9BB2002B24D1FB7B212BFC
:1051B00021D17B681B685A687B681B6822F4E06217
:1051C0005A607B681B681A687B681B6842F400722F
:1051D0001A607B6800221A637B68202283F83D20D6
:1051E0007B68002283F83E207868FFF736FE02E0F5
:1051F0007868FFF7C5FB00BF1037BD4680BD80B59E
:1052000084B000AF78607B6893F83D30DBB2222B2E
:1052100040F0B9807B68DB6AFB607B685B8D9BB28A
:10522000BB60BB68032B21D97B681B681A697B684C
:105230005B6AD2B21A707B685B6A5A1C7B685A62DE
:105240007B685B8D9BB2013B9AB27B685A857B6819
:105250005B8D9BB2032B40F096807B681B685A687D
:105260007B681B6822F480625A608CE07B68DB6A92
:10527000022B7FD0BB68012B02D0BB68002B79D1F9
:10528000786801F03DF80346002B4CD17B681B6821
:105290001A687B681B6822F480621A607B681B684E
:1052A0005A687B681B6822F4E0625A607B681B685E
:1052B0001A697B685B6AD2B21A707B685B6A5A1C97
:1052C0007B685A627B685B8D9BB2013B9AB27B68BC
:1052D0005A857B68202283F83D207B6893F83E3016
:1052E000DBB2402B0AD17B68002283F83E207B682A
:1052F00000221A637868FFF7BAFD44E07B68002259
:1053000083F83E20FB68082B02D0FB68202B03D1DA
:105310007B6800221A6302E07B6812221A637868B5
:10532000FFF765FD2FE07B681B685A687B681B6888
:1053300022F4E0625A607B681B681A697B685B6ACA
:10534000D2B21A707B685B6A5A1C7B685A627B68AF
:105350005B8D9BB2013B9AB27B685A857B682022A9
:1053600083F83D207B68002283F83E207868FFF7B1
:1053700088FD08E07B681B685A687B681B6822F41C
:1053800080625A60FFE700BF1037BD4680BD80B520
:1053900084B000AF78607B68DB6AFB607B685B8D04
:1053A0009BB2042B1BD17B681B685A687B681B6807
:1053B00022F480625A607B681B681A697B685B6AAA
:1053C000D2B21A707B685B6A5A1C7B685A627B682F
:1053D0005B8D9BB2013B9AB27B685A85C4E07B68C7
:1053E0005B8D9BB2032B29D17B681B685A687B6855
:1053F0001B6822F480625A60FB68042B0AD0FB68A9
:10540000022B07D07B681B681A687B681B6822F434
:1054100080621A607B681B681A697B685B6AD2B21B
:105420001A707B685B6A5A1C7B685A627B685B8D6A
:105430009BB2013B9AB27B685A8595E07B685B8D95
:105440009BB2022B7DD1FB68012B02D0FB68102B95
:1054500008D17B681B681A687B681B6822F480622D
:105460001A6016E0FB68042B02D0FB68022B08D1FF
:105470007B681B681A687B681B6842F480621A604C
:1054800007E07B681B681A687B681B6842F400723F
:105490001A607B681B681A697B685B6AD2B21A70F3
:1054A0007B685B6A5A1C7B685A627B685B8D9BB227
:1054B000013B9AB27B685A857B681B681A697B68D6
:1054C0005B6AD2B21A707B685B6A5A1C7B685A624C
:1054D0007B685B8D9BB2013B9AB27B685A857B6887
:1054E0001B685A687B681B6822F440725A607B68AC
:1054F000202283F83D207B6893F83E30DBB2402BBE
:105500000AD17B68002283F83E207B6800221A6360
:105510007868FFF7ACFC27E07B68002283F83E2028
:10552000FB68082B02D0FB68202B03D17B6800228C
:105530001A6302E07B6812221A637868FFF757FC4F
:1055400012E07B681B681A697B685B6AD2B21A70CA
:105550007B685B6A5A1C7B685A627B685B8D9BB276
:10556000013B9AB27B685A8500BF1037BD4680BDAB
:1055700080B483B000AF78607B6893F83E30DBB2D4
:10558000402B17D17B681B6D002B09D17B685B6CAE
:10559000DBB21A467B681B6802F0FE021A6167E004
:1055A0007B685B6CDBB243F00103DAB27B681B689B
:1055B0001A615DE07B681B69B3F5804F33D17B686E
:1055C00093F83D30DBB2212B09D17B685B6CDBB2F9
:1055D0001A467B681B6802F0FE021A6108E07B68CD
:1055E0005B6CDBB243F00103DAB27B681B681A61C3
:1055F0007B685B6B002B04D07B685B6BDB6B002BE9
:1056000008D17B689B6B002B32D07B689B6BDB6B7C
:10561000002B2DD07B681B685A687B681B6842F49E
:1056200000625A6024E07B681B6D002B0ED17B6802
:105630005B6C9BB2DB11DBB203F00603DBB263F001
:105640000F03DAB27B681B681A6111E07B681B6D7F
:10565000012B0DD17B685B6C9BB2DB11DBB203F0DD
:105660000603DBB263F00E03DAB27B681B681A61D3
:1056700000BF0C37BD465DF8047B704780B483B033
:1056800000AF78607B685B6CDAB27B681B681A617C
:105690007B685B6B002B04D07B685B6BDB6B002B48
:1056A00008D17B689B6B002B0CD07B689B6BDB6B02
:1056B000002B07D07B681B685A687B681B6842F424
:1056C00000625A6000BF0C37BD465DF8047B70472E
:1056D00080B491B000AF78607B6893F83E3087F873
:1056E0003F307B68DB6ABB637B681B6B7B637B68DB
:1056F00093F83D30DBB2222B40F069817B681B6D53
:10570000002B0FD197F83F30402B0BD100233B6388
:105710007B681B685B693B637B681B689B693B63B9
:105720003B6B60E17B681B6D002B1DD17B681B69A7
:10573000B3F5404F18D10023FB627B681B685B699F
:10574000FB627B681B689B69FB62FB6A7B681B686A
:105750001A687B681B6842F480721A607B681B6D54
:105760005A1C7B681A653EE17B685B8D9BB2002BFF
:1057700013D10023BB627B681B685B69BB627B68DB
:105780001B689B69BB62BB6A7B681B681A687B6885
:105790001B6842F400721A6015E17B685B8D9BB256
:1057A000012B40F08A80BB6B13F5803F37D17B68BB
:1057B0001B681A687B681B6822F480621A607B6829
:1057C0001B685B6803F40063B3F5006F13D17B685B
:1057D0001B681A687B681B6822F480621A600023C9
:1057E0007B627B681B685B697B627B681B689B696B
:1057F0007B627B6AE7E000233B627B681B685B6936
:105800003B627B681B689B693B623B6A7B681B68E9
:105810001A687B681B6842F400721A60D3E0BB6BA5
:10582000082B2ED0BB6B202B2BD07B6B122B02D1E5
:10583000BB6B012B25D1BB6B042B0ED0BB6B022B9A
:105840000BD0BB6B102B08D07B681B681A687B6879
:105850001B6822F480621A6007E07B681B681A6884
:105860007B681B6842F480621A600023FB617B68DE
:105870001B685B69FB617B681B689B69FB61FB695B
:10588000A1E07B681B681A687B681B6822F4806251
:105890001A600023BB617B681B685B69BB617B6826
:1058A0001B689B69BB61BB697B681B681A687B6866
:1058B0001B6842F400721A6085E07B685B8D9BB2C6
:1058C000022B4DD1BB6B042B16D0BB6B022B13D01C
:1058D000BB6B102B10D07B681B681A687B681B6839
:1058E00022F480621A607B681B681A687B681B68F8
:1058F00042F400621A6007E07B681B681A687B68E4
:105900001B6842F480621A607B681B685B6803F462
:105910000063B3F5006F17D1BB6B13F5803F0BD05D
:10592000BB6B012B08D0BB6B082B05D0BB6B102BBE
:1059300002D0BB6B202B07D17B681B685A687B6841
:105940001B6842F480525A6000237B617B681B68AD
:105950005B697B617B681B689B697B617B6932E06B
:105960007B681B681A687B681B6842F480621A6057
:105970007B681B685B6803F40063B3F5006F17D1A5
:10598000BB6B13F5803F0BD0BB6B012B08D0BB6BFF
:10599000082B05D0BB6B102B02D0BB6B202B07D183
:1059A0007B681B685A687B681B6842F480525A60A7
:1059B00000233B617B681B685B693B617B681B68FC
:1059C0009B693B613B697B6800221A650BE0002301
:1059D000FB607B681B685B69FB607B681B689B697D
:1059E000FB60FB68FFE700BF4437BD465DF8047B02
:1059F000704780B584B000AF78607B6893F83D3025
:105A0000FB737B685B8D9BB2002B2BD07B685B6A42
:105A10001A787B681B681A617B685B6A5A1C7B6812
:105A20005A627B685B8D9BB2013B9AB27B685A8558
:105A30007B685B8D9BB2002B14D1FB7B292B11D192
:105A40007B681B685A687B681B6822F480625A6016
:105A50007B6821221A637B68282283F83D207868BE
:105A6000FFF7CFF900BF1037BD4680BD80B483B0CB
:105A700000AF78607B685B8D9BB2002B11D07B6898
:105A80005B6A1A787B681B681A617B685B6A5A1CC0
:105A90007B685A627B685B8D9BB2013B9AB27B68E4
:105AA0005A8500BF0C37BD465DF8047B704780B552
:105AB00084B000AF78607B6893F83D30FB737B68FF
:105AC0005B8D9BB2002B2CD07B681B681A697B68AE
:105AD0005B6AD2B21A707B685B6A5A1C7B685A6236
:105AE0007B685B8D9BB2013B9AB27B685A857B6871
:105AF0005B8D9BB2002B14D1FB7B2A2B11D17B68D1
:105B00001B685A687B681B6822F480625A607B6855
:105B100022221A637B68282283F83D207868FFF7E9
:105B20007AF900BF1037BD4680BD80B483B000AFA6
:105B300078607B685B8D9BB2002B12D07B681B6802
:105B40001A697B685B6AD2B21A707B685B6A5A1CFE
:105B50007B685A627B685B8D9BB2013B9AB27B6823
:105B60005A8500BF0C37BD465DF8047B704780B591
:105B700084B000AF786039600023FB737B6893F8D2
:105B80003D30DBB203F02803282B27D17B681B684C
:105B90005A687B681B6822F480625A603B689B08E5
:105BA00003F00103002B01D10123FB733B68DB09E8
:105BB00003F00103002B03D17B68DB68BB8102E0AB
:105BC0007B689B69BB817B68002283F83C20BA8993
:105BD000FB7B19467868FFF728F90EE00023BB60CD
:105BE0007B681B685B69BB607B681B689B69BB60EB
:105BF000BB687B68002283F83C2000BF1037BD469D
:105C000080BD000080B584B000AF78607B6893F8F9
:105C10003D30FB737B681B685A687B681B6822F405
:105C2000E0625A600023BB607B681B685B69BB60F5
:105C30007B681B681A687B681B6842F001021A6067
:105C4000BB687B681B681A687B681B6822F48062EB
:105C50001A607B681B685B6803F40063B3F5006F30
:105C600072D1FB7B222B02D0FB7B2A2B35D17B68A8
:105C70009B6B1B685B689AB27B685A857B685B8DFF
:105C80009BB2002B05D07B681B6C43F004027B6841
:105C90001A647B681B685A687B681B6822F4006280
:105CA0005A607B689B6B1846FEF759FB0346012B35
:105CB00049D07B689B6B694A1A657B689B6B184669
:105CC000FEF72BFB0346002B3DD07B689B6B1B6DC7
:105CD0007A68926B1046984735E07B685B6B1B686F
:105CE0005B689AB27B685A857B685B8D9BB2002BA0
:105CF00005D07B681B6C43F004027B681A647B68E8
:105D00001B685A687B681B6822F400625A607B68D3
:105D10005B6B1846FEF723FB0346012B14D07B6810
:105D20005B6B4E4A1A657B685B6B1846FEF7F5FAAB
:105D30000346002B08D07B685B6B1B6D7A68526B47
:105D40001046984700E000BF7B685B8D9BB2002B3C
:105D50003ED07B681B685B6903F00403042B12D1FF
:105D60007B681B681A697B685B6AD2B21A707B68B1
:105D70005B6A5A1C7B685A627B685B8D9BB2013BF5
:105D80009AB27B685A857B681B685B6903F04003A5
:105D9000402B12D17B681B681A697B685B6AD2B2A0
:105DA0001A707B685B6A5A1C7B685A627B685B8DE1
:105DB0009BB2013B9AB27B685A857B685B8D9BB234
:105DC000002B05D07B681B6C43F004027B681A64CF
:105DD0007B681B6C002B03D0786800F0B7F839E0C3
:105DE000FB7B2A2B09D17B6800221A637B6828225F
:105DF00083F83D207868FFF70EF87B6893F83D3014
:105E0000DBB2282B11D17B68154ADA627B6800224D
:105E10001A637B68202283F83D207B68002283F888
:105E20003E207868FFF70FF814E07B681B6B222B8D
:105E300002D0FB7B222B0DD17B6800221A637B688A
:105E4000202283F83D207B68002283F83E2078687A
:105E5000FEF7E1FF00BF1037BD4680BDB16101080C
:105E60000000FFFF80B584B000AF78607B6893F8D6
:105E70003D30FB737B68DB6ABB60BB68082B02D0DC
:105E8000BB68202B29D1FB7B282B26D17B682E4A8F
:105E9000DA627B681B685A687B681B6822F4E062E0
:105EA0005A607B681B686FF480625A617B681B686C
:105EB0001A687B681B6822F480621A607B68002283
:105EC0001A637B68202283F83D207B68002283F8D8
:105ED0003E207868FEF7B7FF31E0FB7B212B29D10C
:105EE0007B68194ADA627B6821221A637B68202268
:105EF00083F83D207B68002283F83E207B681B6886
:105F00005A687B681B6822F4E0625A607B681B68F1
:105F10006FF480625A617B681B681A687B681B6833
:105F200022F480621A607868FEF72AFD7868FEF72E
:105F300068FF04E07B681B686FF480625A6100BFF1
:105F40001037BD4680BD00BF0000FFFF80B584B0A4
:105F500000AF78607B6893F83D30FB737B6893F803
:105F60003E30BB73BB7B102B02D0BB7B402B0AD1D6
:105F7000FB7B222B07D17B681B681A687B681B6838
:105F800022F400621A60FB7B03F02803282B07D160
:105F90007B6800221A637B68282283F83D2015E085
:105FA0007B681B685B6803F40063B3F5006F0AD07D
:105FB000FB7B602B07D07B68202283F83D207B6829
:105FC000002283F83E207B6800221A637B681B68EE
:105FD0005B6803F40063B3F5006F62D17B681B68F4
:105FE0005A687B681B6822F400625A607B685B6BAE
:105FF00093F83530DBB2012B20D07B685B6B6A4AAB
:106000001A657B685B6B1846FEF787F90346002B21
:1060100000F089807B681B681A687B681B6822F027
:1060200001021A607B68202283F83D207B685B6B4D
:106030001B6D7A68526B1046984774E07B689B6BC7
:10604000594A1A657B689B6B1846FEF766F903464A
:10605000002B68D07B681B685B6903F04003402B12
:106060000BD17B681B681A697B685B6AD2B21A70B5
:106070007B685B6A5A1C7B685A627B681B681A687B
:106080007B681B6822F001021A607B68202283F87B
:106090003D207B689B6B1B6D7A68926B104698471E
:1060A00041E07B6893F83D30DBB2602B25D17B6803
:1060B000202283F83D207B6800221A647B681B68DD
:1060C0005B6903F04003402B0BD17B681B681A69A6
:1060D0007B685B6AD2B21A707B685B6A5A1C7B6809
:1060E0005A627B681B681A687B681B6822F0010291
:1060F0001A607868FEF7CFFE15E07B681B685B6965
:1061000003F04003402B0BD17B681B681A697B6846
:106110005B6AD2B21A707B685B6A5A1C7B685A62EF
:106120007868FEF7AEFE7B681B6CBB60BB6803F053
:106130000103002B0ED1BB6803F00203002B09D131
:10614000BB6803F00403002B04D1BB6803F0080311
:10615000002B07D07B681B685A687B681B6822F499
:10616000E0625A607B6893F83D30FB737B681B6C80
:1061700003F00403042B13D1FB7B282B10D17B6885
:106180000A4ADA627B6800221A637B68202283F85D
:106190003D207B68002283F83E207868FEF753FE9E
:1061A00000BF1037BD4680BDB16101080000FFFF90
:1061B00080B586B000AF78600023FB607B689B6B86
:1061C0007B617B6993F83D30FB744B4B1B68DB08AC
:1061D0004A4AA2FB03231A0A13469B001344DA001F
:1061E000D31AFB60FB68002B06D17B691B6C43F064
:1061F00020027B691A640AE0FB68013BFB607B6953
:106200001B681B6803F40073B3F5007FEAD07B6959
:106210005B6B002B03D07B695B6B0022DA637B69CD
:106220009B6B002B03D07B699B6B0022DA637B693D
:106230001B681A687B691B6822F480621A607B699C
:1062400000225A857B695B6B002B03D07B695B6BFB
:1062500000221A657B699B6B002B03D07B699B6BCB
:1062600000221A657B691B681A687B691B6822F02B
:1062700001021A607B6993F83D30DBB2602B0ED1CE
:106280007B69202283F83D207B69002283F83E2031
:106290007B6900221A647869FEF7FDFD27E0FB7C2C
:1062A00003F02803282B17D17B691B681A687B69C8
:1062B0001B6842F001021A607B691B681A687B69DF
:1062C0001B6842F480621A607B6900221A637B6952
:1062D000282283F83D2007E07B69202283F83D20B7
:1062E0007B69002283F83E207869FEF7CAFD00BF73
:1062F0001837BD4680BD00BF5C00002089B5F8148A
:1063000080B485B000AF78600023FB60134B1B683E
:10631000DB08134AA2FB03231A0A13469B0013440B
:10632000FB60FB68013BFB60FB68002B07D17B68CF
:106330001B6C43F020027B681A64012308E07B6831
:106340001B681B6803F40073B3F5007FE9D00023DA
:1063500018461437BD465DF8047B70475C0000208A
:1063600089B5F81480B483B000AF78607B68DB6ACD
:10637000B3F52A0F03D17B680122DA6207E07B685C
:10638000DB6AB3F12A4F02D17B680822DA6200BFD0
:106390000C37BD465DF8047B704780B582B000AF16
:1063A00078607B68002B01D101237BE07B685B6A0E
:1063B000002B08D17B685B68B3F5827F09D07B68CE
:1063C0000022DA6105E07B6800221A617B68002206
:1063D0005A617B6800229A627B6893F85130DBB285
:1063E000002B06D17B68002283F85020786808F0E3
:1063F0005DFD7B68022283F851207B681B681A6868
:106400007B681B6822F040021A607B685B6803F4BB
:1064100082727B689B6803F404431A437B68DB68E1
:1064200003F400631A437B681B6903F002031A43F9
:106430007B685B6903F001031A437B689B6903F483
:1064400000731A437B68DB6903F038031A437B68E7
:106450001B6A03F0800342EA03017B689B6A03F432
:1064600000527B681B680A431A607B689B691B0C9F
:1064700003F004017B685B6A03F010027B681B6811
:106480000A435A607B681B68DA697B681B6822F4E0
:106490000062DA617B6800225A657B68012283F81A
:1064A0005120002318460837BD4680BD80B588B00E
:1064B00000AFF860B9603B601346FB80FEF7D0F890
:1064C000F861FB887B83FB6893F85130DBB2012BCA
:1064D00001D002232AE1BB68002B02D0FB88002BED
:1064E00001D1012322E1FB6893F85030012B01D147
:1064F00002231BE1FB68012283F85020FB68032282
:1065000083F85120FB6800225A65FB68BA681A6359
:10651000FB68FA889A86FB68FA88DA86FB680022AC
:106520009A63FB6800229A87FB680022DA87FB687F
:1065300000225A64FB6800221A64FB689B68B3F56A
:10654000004F0FD1FB681B681A68FB681B6822F0BC
:1065500040021A60FB681B681A68FB681B6842F4FB
:1065600080421A60FB681B681B6803F04003402BE5
:1065700007D0FB681B681A68FB681B6842F0400282
:106580001A60FB68DB68B3F5006F52D1FB685B688B
:10659000002B02D07B8B012B45D1FB681B6B1A882B
:1065A000FB681B68DA60FB681B6B9A1CFB681A634C
:1065B000FB68DB8E9BB2013B9AB2FB68DA8632E065
:1065C000FB681B689B6803F00203022B12D1FB6877
:1065D0001B6B1A88FB681B68DA60FB681B6B9A1CD4
:1065E000FB681A63FB68DB8E9BB2013B9AB2FB68C7
:1065F000DA8618E0FEF734F80246FB69D31A3A68E7
:106600009A4203D83B68B3F1FF3F02D13B68002BAD
:1066100009D1FB68012283F85120FB68002283F82E
:106620005020032382E0FB68DB8E9BB2002BC7D196
:1066300053E0FB685B68002B02D07B8B012B47D1BA
:10664000FB681A6BFB681B680C3312781A70FB68C6
:106650001B6B5A1CFB681A63FB68DB8E9BB2013B09
:106660009AB2FB68DA8633E0FB681B689B6803F02C
:106670000203022B13D1FB681A6BFB681B680C33F7
:1066800012781A70FB681B6B5A1CFB681A63FB6854
:10669000DB8E9BB2013B9AB2FB68DA8618E0FDF70D
:1066A000DFFF0246FB69D31A3A689A4203D83B6877
:1066B000B3F1FF3F02D13B68002B09D1FB680122F7
:1066C00083F85120FB68002283F8502003232DE03B
:1066D000FB68DB8E9BB2002BC6D1FA693968F8687B
:1066E00000F0D8FB0346002B02D0FB6820225A653D
:1066F000FB689B68002B0AD100237B61FB681B6849
:10670000DB687B61FB681B689B687B617B69FB685E
:10671000012283F85120FB68002283F85020FB6897
:106720005B6D002B01D0012300E0002318462037C9
:10673000BD4680BD80B588B002AFF860B9603B60EF
:106740001346FB80FB6893F85130DBB2012B01D07C
:10675000022304E1BB68002B02D0FB88002B01D18F
:106760000123FCE0FB685B68B3F5827F12D1FB6814
:106770009B68002B0ED1FB68042283F85120FA8815
:106780003B6800931346BA68B968F86800F0EBF804
:106790000346E4E0FDF764FF7861FB6893F850304E
:1067A000012B01D10223DAE0FB68012283F850209B
:1067B000FB68042283F85120FB6800225A65FB68BD
:1067C000BA689A63FB68FA889A87FB68FA88DA875E
:1067D000FB6800221A63FB6800229A86FB6800228D
:1067E000DA86FB6800221A64FB6800225A64FB68A0
:1067F0009B68B3F5004F0FD1FB681B681A68FB68F4
:106800001B6822F040021A60FB681B681A68FB686C
:106810001B6822F480421A60FB681B681B6803F047
:106820004003402B07D0FB681B681A68FB681B6895
:1068300042F040021A60FB68DB68002B70D135E043
:10684000FB681B689B6803F00103012B15D1FB68F3
:106850001B6803F10C02FB689B6B1278D2B21A70B2
:10686000FB689B6B5A1CFB689A63FB68DB8F9BB2CF
:10687000013B9AB2FB68DA8718E0FDF7F1FE0246A9
:106880007B69D31A3A689A4203D83B68B3F1FF3F59
:1068900002D13B68002B09D1FB68012283F851200B
:1068A000FB68002283F85020032358E0FB68DB8F4D
:1068B0009BB2002BC4D138E0FB681B689B6803F0D7
:1068C0000103012B13D1FB681B68DA68FB689B6B23
:1068D00092B21A80FB689B6B9A1CFB689A63FB68F8
:1068E000DB8F9BB2013B9AB2FB68DA8718E0FDF7B9
:1068F000B7FE02467B69D31A3A689A4203D83B68CE
:10690000B3F1FF3F02D13B68002B09D1FB680122A4
:1069100083F85120FB68002283F8502003231EE0F7
:10692000FB68DB8F9BB2002BC6D17A693968F868A7
:1069300000F04AFA0346002B02D0FB6820225A6579
:10694000FB68012283F85120FB68002283F8502065
:10695000FB685B6D002B01D0012300E0002318468B
:106960001837BD4680BD80B58AB000AFF860B96009
:106970007A607B8001237B62FDF772FE3862FB68E0
:1069800093F85130FB77FB685B68BB617B88FB82C7
:10699000FB7F012B0CD0BB69B3F5827F06D1FB686E
:1069A0009B68002B02D1FB7F042B01D002237FE1E7
:1069B000BB68002B05D07B68002B02D07B88002BA6
:1069C00001D1012374E1FB6893F85030012B01D110
:1069D00002236DE1FB68012283F85020FB6893F8E5
:1069E0005130DBB2042B03D0FB68052283F8512021
:1069F000FB6800225A65FB687A689A63FB687A88AC
:106A0000DA87FB687A889A87FB68BA681A63FB683A
:106A10007A88DA86FB687A889A86FB6800221A648C
:106A2000FB6800225A64FB681B681B6803F0400384
:106A3000402B07D0FB681B681A68FB681B6842F094
:106A400040021A60FB68DB68B3F5006F7ED1FB681B
:106A50005B68002B02D0FB8A012B6CD1FB681B6B9F
:106A60001A88FB681B68DA60FB681B6B9A1CFB6862
:106A70001A63FB68DB8E9BB2013B9AB2FB68DA8635
:106A800059E0FB681B689B6803F00203022B1BD1D3
:106A9000FB68DB8E9BB2002B16D07B6A012B13D1D7
:106AA000FB681B6B1A88FB681B68DA60FB681B6B52
:106AB0009A1CFB681A63FB68DB8E9BB2013B9AB29F
:106AC000FB68DA8600237B62FB681B689B6803F027
:106AD0000103012B19D1FB68DB8F9BB2002B14D073
:106AE000FB681B68DA68FB689B6B92B21A80FB68D4
:106AF0009B6B9A1CFB689A63FB68DB8F9BB2013B24
:106B00009AB2FB68DA8701237B62FDF7A9FD024692
:106B10003B6AD31A3A6B9A420DD83B6BB3F1FF3FF5
:106B200009D0FB68012283F85120FB68002283F81A
:106B300050200323BCE0FB68DB8E9BB2002BA0D16E
:106B4000FB68DB8F9BB2002B9BD182E0FB685B680C
:106B5000002B02D0FB8A012B71D1FB681A6BFB68FA
:106B60001B680C3312781A70FB681B6B5A1CFB688D
:106B70001A63FB68DB8E9BB2013B9AB2FB68DA8634
:106B80005DE0FB681B689B6803F00203022B1CD1CD
:106B9000FB68DB8E9BB2002B17D07B6A012B14D1D4
:106BA000FB681A6BFB681B680C3312781A70FB6861
:106BB0001B6B5A1CFB681A63FB68DB8E9BB2013BA4
:106BC0009AB2FB68DA8600237B62FB681B689B68CD
:106BD00003F00103012B19D1FB68DB8F9BB2002B63
:106BE00014D0FB681B68DA68FB689B6BD2B21A7022
:106BF000FB689B6B5A1CFB689A63FB68DB8F9BB23C
:106C0000013B9AB2FB68DA8701237B62FDF728FD1E
:106C100002463B6AD31A3A6B9A4203D83B6BB3F1F4
:106C2000FF3F02D13B6B002B09D1FB68012283F8A7
:106C30005120FB68002283F85020032338E0FB68D2
:106C4000DB8E9BB2002B9CD1FB68DB8F9BB2002BB1
:106C500097D13A6A396BF86800F01CF90346002BAB
:106C600008D0FB6820225A65FB68002283F8502078
:106C700001231DE0FB689B68002B0AD100233B61C8
:106C8000FB681B68DB683B61FB681B689B683B61BA
:106C90003B69FB68012283F85120FB68002283F8DE
:106CA0005020FB685B6D002B01D0012300E0002326
:106CB00018462837BD4680BD80B588B000AFF86063
:106CC000B9603B601346FB71FDF7CAFC0246BB6A24
:106CD0009B1A3A681344FB61FDF7C2FCB861394B5B
:106CE0001B685B011B0DFA6902FB03F37B6155E036
:106CF0003B68B3F1FF3F51D0FDF7B2FC0246BB69E0
:106D0000D31AFA699A4202D9FB69002B3DD1FB687C
:106D10001B685A68FB681B6822F0E0025A60FB6837
:106D20005B68B3F5827F11D1FB689B68B3F5004FB8
:106D300004D0FB689B68B3F5806F07D1FB681B68C4
:106D40001A68FB681B6822F040021A60FB689B6AA5
:106D5000B3F5005F0FD1FB681B681A68FB681B68FE
:106D600022F400521A60FB681B681A68FB681B68F3
:106D700042F400521A60FB68012283F85120FB683C
:106D8000002283F85020032318E07B69002B02D1F6
:106D90000023FB6102E07B69013B7B61FB681B68B0
:106DA0009A68BB681340BA689A420CBF012300235B
:106DB000DBB21A46FB799A429AD100231846203753
:106DC000BD4680BD5C00002080B586B002AFF86093
:106DD000B9607A60FB685B68B3F5827F11D1FB68AC
:106DE0009B68B3F5004F04D0FB689B68B3F5806FD8
:106DF00007D1FB681B681A68FB681B6822F0400219
:106E00001A60FB685B68B3F5827F2AD1FB689B68D8
:106E1000B3F5806F12D07B680093BB68002280219D
:106E2000F868FFF749FF0346002B2DD0FB685B6D28
:106E300043F02002FB685A65032326E07B68009339
:106E4000BB6800220121F868FFF736FF0346002BDC
:106E50001AD0FB685B6D43F02002FB685A65032380
:106E600013E07B680093BB6800220121F868FFF7FC
:106E700023FF0346002B07D0FB685B6D43F0200225
:106E8000FB685A65032300E0002318461037BD460F
:106E900080BD000080B588B002AFF860B9607A604C
:106EA0007B680093BB6801220221F868FFF704FFAA
:106EB0000346002B07D0FB685B6D43F02002FB68A4
:106EC0005A65032332E01B4B1B681B4AA2FB0323BA
:106ED0005B0D4FF47A7202FB03F37B61FB685B6826
:106EE000B3F5827F12D17B680093BB6800228021BA
:106EF000F868FFF7E1FE0346002B16D0FB685B6DD8
:106F000043F02002FB685A6503230FE07B69002BE6
:106F10000AD07B69013B7B61FB681B689B6803F0BF
:106F20008003802BF2D000E000BF00231846183702
:106F3000BD4680BD5C000020819F5E1680B582B09A
:106F400000AF78607B68002B01D1012342E07B68B1
:106F500093F84130DBB2002B06D17B68002283F826
:106F60004020786808F0ECFB7B68242283F84120FD
:106F70007B681B68DA687B681B6822F40052DA6061
:106F8000786800F07BFF7B681B681A697B681B6868
:106F900022F490421A617B681B685A697B681B68FF
:106FA00022F02A025A617B681B68DA687B681B68DA
:106FB00042F40052DA607B6800225A647B68202227
:106FC00083F841207B68202283F842207B680022DE
:106FD0005A63002318460837BD4680BD80B582B08D
:106FE00000AF78607B68002B01D1012324E07B682F
:106FF000242283F841207B681B68DA687B681B6861
:1070000022F40052DA60786808F064FC7B680022A1
:107010005A647B68002283F841207B68002283F851
:1070200042207B6800221A637B6800225A637B68D7
:10703000002283F84020002318460837BD4680BD53
:1070400080B58AB002AFF860B9603B601346FB8040
:1070500000237B61FB6893F84130DBB2202B75D1B4
:10706000BB68002B02D0FB88002B01D101236EE00E
:10707000FB6800225A64FB68212283F84120FDF757
:10708000EFFA7861FB68FA889A84FB68FA88DA84F8
:10709000FB689B68B3F5805F08D1FB681B69002B18
:1070A00004D10023FB61BB68BB6103E0BB68FB61EB
:1070B0000023BB612EE03B6800937B6900228021A6
:1070C000F86800F0ADFC0346002B05D0FB682022D9
:1070D00083F8412003233AE0FB69002B0BD1BB6905
:1070E0001B881A46FB681B68C2F308025A60BB691A
:1070F0000233BB6107E0FB691A78FB681B685A60C2
:10710000FB690133FB61FB68DB8C9BB2013B9AB2EC
:10711000FB68DA84FB68DB8C9BB2002BCBD13B682D
:1071200000937B6900224021F86800F079FC034657
:10713000002B05D0FB68202283F84120032306E0C2
:10714000FB68202283F84120002300E00223184638
:107150002037BD4680BD80B485B000AFF860B9600F
:107160001346FB80FB6893F84130DBB2202B21D122
:10717000BB68002B02D0FB88002B01D101231AE051
:10718000FB68BA681A62FB68FA889A84FB68FA8816
:10719000DA84FB6800225A64FB68212283F84120CC
:1071A000FB681B68DA68FB681B6842F08002DA60E3
:1071B000002300E0022318461437BD465DF8047B27
:1071C000704780B584B000AFF860B9601346FB80AB
:1071D000FB6893F84230DBB2202B12D1BB68002B46
:1071E00002D0FB88002B01D101230BE0FB680022B9
:1071F0001A63FB881A46B968F86800F06AFC03460F
:1072000000E0022318461037BD4680BD80B5A0B00F
:1072100000AF78607B681B680C33FB65FB6D53E83F
:10722000003FBB65BB6D23F4F073FB677B681B6895
:107230000C33FA6FBA667B66796EBA6E41E800234A
:107240003B663B6E002BE5D17B681B681433BB6447
:10725000BB6C53E8003F7B647B6C23F00103BB678E
:107260007B681B681433BA6F7A653B65396D7A6D3C
:1072700041E80023FB64FB6C002BE5D17B681B6BB2
:10728000012B19D17B681B680C337B637B6B53E844
:10729000003F3B633B6B23F010037B677B681B68FD
:1072A0000C337A6F3A64FB63F96B3A6C41E8002364
:1072B000BB63BB6B002BE5D17B681B685B6903F08C
:1072C0008003802B36D17B681B6814333B623B6A9A
:1072D00053E8003FFB61FB6923F080033B677B6859
:1072E0001B6814333A6FFA62BB62B96AFA6A41E802
:1072F00000237B627B6A002BE5D17B689B6B002BB4
:1073000018D07B689B6B00221A657B689B6B1846C4
:10731000FCF793FF0346002B0CD07B689B6B184651
:10732000FDF72BF80346202B04D17B6810225A640A
:10733000032352E07B681B685B6903F04003402B2A
:1073400036D17B681B681433FB60FB6853E8003F51
:10735000BB60BB6823F04003FB667B681B6814338B
:10736000FA6EBA617B617969BA6941E800233B61D1
:107370003B69002BE5D17B68DB6B002B18D07B6869
:10738000DB6B00221A657B68DB6B1846FCF755FF48
:107390000346002B0CD07B68DB6B1846FCF7EDFF37
:1073A0000346202B04D17B6810225A64032314E087
:1073B0007B680022DA847B680022DA857B68002201
:1073C0005A647B68202283F842207B68202283F85D
:1073D00041207B6800221A63002318468037BD468F
:1073E00080BD80B58EB000AF78607B681B680C33C1
:1073F0003B623B6A53E8003FFB61FB6923F0C0033B
:107400007B637B681B680C337A6BFA62BB62B96A78
:10741000FA6A41E800237B627B6A002BE5D17B6836
:107420001B685B6903F08003802B36D17B681B6887
:107430001433FB60FB6853E8003FBB60BB6823F07C
:1074400080033B637B681B6814333A6BBA617B61D2
:107450007969BA6941E800233B613B69002BE5D1BA
:107460007B689B6B002B18D07B689B6B00221A6596
:107470007B689B6B1846FCF7E0FE0346002B0CD0A4
:107480007B689B6B1846FCF778FF0346202B04D1E2
:107490007B6810225A64032307E07B680022DA84A9
:1074A0007B68202283F84120002318463837BD46E8
:1074B00080BD000080B5BAB000AF78607B681B6803
:1074C0001B68C7F8E4307B681B68DB68C7F8E030EE
:1074D0007B681B685B69C7F8DC300023C7F8D830CD
:1074E0000023C7F8D430D7F8E43003F00F03C7F80F
:1074F000D830D7F8D830002B0FD1D7F8E43003F0CC
:107500002003002B09D0D7F8E03003F02003002B34
:1075100003D0786800F0F3FB73E2D7F8D830002B83
:1075200000F0DE80D7F8DC3003F00103002B06D139
:10753000D7F8E03003F49073002B00F0D180D7F837
:10754000E43003F00103002B0BD0D7F8E03003F454
:107550008073002B05D07B685B6C43F001027B6875
:107560005A64D7F8E43003F00403002B0BD0D7F8AB
:10757000DC3003F00103002B05D07B685B6C43F02B
:1075800002027B685A64D7F8E43003F00203002B50
:107590000BD0D7F8DC3003F00103002B05D07B685B
:1075A0005B6C43F004027B685A64D7F8E43003F064
:1075B0000803002B11D0D7F8E03003F02003002B94
:1075C00005D1D7F8DC3003F00103002B05D07B6830
:1075D0005B6C43F008027B685A647B685B6C002B31
:1075E00000F00A82D7F8E43003F02003002B08D023
:1075F000D7F8E03003F02003002B02D0786800F0C9
:107600007EFB7B681B685B6903F04003402B0CBF6B
:1076100001230023DBB2C7F8D4307B685B6C03F036
:107620000803002B03D1D7F8D430002B4FD0786853
:1076300000F089FA7B681B685B6903F04003402B0C
:1076400041D17B681B681433C7F89C30D7F89C3055
:1076500053E8003FC7F89830D7F8983023F040033C
:10766000C7F8D0307B681B681433D7F8D020C7F830
:10767000A820C7F8A430D7F8A410D7F8A82041E86C
:107680000023C7F8A030D7F8A030002BD9D17B68F1
:10769000DB6B002B13D07B68DB6B8A4A1A657B6837
:1076A000DB6B1846FCF739FE0346002B16D07B68CF
:1076B000DB6B1B6D7A68D26B104698470EE07868DA
:1076C00008F008FE0AE0786808F004FE06E0786832
:1076D00008F000FE7B6800225A648DE100BF8BE158
:1076E0007B681B6B012B40F06781D7F8E43003F017
:1076F0001003002B00F06081D7F8E03003F0100396
:10770000002B00F059810023BB607B681B681B685D
:10771000BB607B681B685B68BB60BB687B681B6881
:107720005B6903F04003402B40F0CE807B68DB6B4D
:107730001B685B68A7F8BE30B7F8BE30002B00F0BE
:10774000A9807B689B8DB7F8BE209A4280F0A2800A
:107750007B68B7F8BE20DA857B68DB6BDB69B3F545
:10776000807F00F088807B681B680C33C7F8883006
:10777000D7F8883053E8003FC7F88430D7F8843012
:1077800023F48073C7F8B8307B681B680C33D7F8D4
:10779000B820C7F89420C7F89030D7F89010D7F8E1
:1077A000942041E80023C7F88C30D7F88C30002BA8
:1077B000D9D17B681B6814337B677B6F53E8003F2C
:1077C0003B673B6F23F00103C7F8B4307B681B684D
:1077D0001433D7F8B420C7F88020FB67F96FD7F8C7
:1077E000802041E80023BB67BB6F002BE1D17B68A1
:1077F0001B6814333B663B6E53E8003FFB65FB6D33
:1078000023F04003C7F8B0307B681B681433D7F807
:10781000B020FA66BB66B96EFA6E41E800237B665B
:107820007B6E002BE3D17B68202283F842207B68AB
:1078300000221A637B681B680C33FB64FB6C53E803
:10784000003FBB64BB6C23F01003C7F8AC307B680F
:107850001B680C33D7F8AC20BA657B65796DBA6DBF
:1078600041E800233B653B6D002BE3D17B68DB6B7C
:107870001846FCF7E2FC7B6802225A637B689A8D0B
:107880007B68DB8D9BB2D31A9BB21946786800F0F7
:10789000BBF8B3E07B689B8DB7F8BE209A4240F0FE
:1078A000AD807B68DB6BDB69B3F5807F40F0A68041
:1078B0007B6802225A637B689B8D1946786800F0CA
:1078C000A3F89BE00D7C01087B689A8D7B68DB8DBB
:1078D0009BB2D31AA7F8CE307B68DB8D9BB2002B0E
:1078E00000F08E80B7F8CE30002B00F089807B68E6
:1078F0001B680C33BB63BB6B53E8003F7B637B6B44
:1079000023F49073C7F8C8307B681B680C33D7F832
:10791000C8207A643B64396C7A6C41E80023FB63CD
:10792000FB6B002BE3D17B681B6814337B627B6AA3
:1079300053E8003F3B623B6A23F00103C7F8C430C1
:107940007B681B681433D7F8C4203A63FB62F96A7A
:107950003A6B41E80023BB62BB6A002BE3D17B6832
:10796000202283F842207B6800221A637B681B6810
:107970000C333B613B6953E8003FFB60FB6823F03D
:107980001003C7F8C0307B681B680C33D7F8C020E1
:10799000FA61BB61B969FA6941E800237B617B69DF
:1079A000002BE3D17B6802225A63B7F8CE30194628
:1079B000786800F029F823E0D7F8E43003F080037A
:1079C000002B09D0D7F8E03003F08003002B03D060
:1079D000786800F02CF914E0D7F8E43003F04003A5
:1079E000002B0ED0D7F8E03003F04003002B08D076
:1079F000786800F06CF904E000BF02E000BF00E02E
:107A000000BFE837BD4680BD80B483B000AF78606A
:107A10000B467B8000BF0C37BD465DF8047B70478A
:107A200080B586B000AFF860B9603B601346FB716B
:107A30003BE03B6AB3F1FF3F37D0FCF711FE024653
:107A40003B68D31A3A6A9A4202D33B6A002B01D1AF
:107A500003233AE0FB681B68DB6803F00403002B98
:107A600023D0BB68802B20D0BB68402B1DD0FB6887
:107A70001B681B6803F00803082B16D100237B61E9
:107A8000FB681B681B687B61FB681B685B687B612C
:107A90007B69F86800F057F8FB6808225A64FB68B5
:107AA000002283F8402001230FE0FB681B681A685E
:107AB000BB681340BA689A420CBF01230023DBB2B3
:107AC0001A46FB799A42B4D0002318461837BD46AF
:107AD00080BD80B485B000AFF860B9601346FB800C
:107AE000FB68BA689A62FB68FA889A85FB68FA882C
:107AF000DA85FB6800225A64FB68222283F8422060
:107B0000FB681B69002B07D0FB681B68DA68FB6801
:107B10001B6842F48072DA60FB681B685A69FB6874
:107B20001B6842F001025A61FB681B68DA68FB6857
:107B30001B6842F02002DA60002318461437BD4665
:107B40005DF8047B704780B495B000AF78607B68C7
:107B50001B680C337B637B6B53E8003F3B633B6BE1
:107B600023F49073FB647B681B680C33FA6C3A64F3
:107B7000FB63F96B3A6C41E80023BB63BB6B002BE2
:107B8000E5D17B681B6814333B623B6A53E8003FD6
:107B9000FB61FB6923F00103BB647B681B68143342
:107BA000BA6CFA62BB62B96AFA6A41E800237B6286
:107BB0007B6A002BE5D17B681B6B012B19D17B689D
:107BC0001B680C33FB60FB6853E8003FBB60BB687D
:107BD00023F010037B647B681B680C337A6CBA61FA
:107BE0007B617969BA6941E800233B613B69002BFD
:107BF000E5D17B68202283F842207B6800221A634B
:107C000000BF5437BD465DF8047B704780B584B033
:107C100000AF78607B689B6BFB60FB680022DA85B5
:107C2000F86808F057FB00BF1037BD4680BD80B430
:107C300085B000AF78607B6893F84130DBB2212BD0
:107C40003ED17B689B68B3F5805F14D17B681B696C
:107C5000002B10D17B681B6AFB60FB681B881A46EF
:107C60007B681B68C2F308025A607B681B6A9A1C17
:107C70007B681A6208E07B681B6A591C7A6811628B
:107C80001A787B681B685A607B68DB8C9BB2013B6F
:107C90009BB27A681946D184002B0FD17B681B6890
:107CA000DA687B681B6822F08002DA607B681B68F8
:107CB000DA687B681B6842F04002DA60002300E06B
:107CC000022318461437BD465DF8047B704780B523
:107CD00082B000AF78607B681B68DA687B681B68DD
:107CE00022F04002DA607B68202283F84120786825
:107CF00008F0DAFA002318460837BD4680BD80B583
:107D00008CB000AF78600023FB620023BB627B680D
:107D100093F84230DBB2222B40F0AA807B689B684C
:107D2000B3F5805F15D17B681B69002B11D17B688F
:107D30009B6ABB627B681B685B689BB2C3F30803EA
:107D40009AB2BB6A1A807B689B6A9A1C7B689A62AB
:107D500024E07B689B6AFB627B689B68B3F5805F6D
:107D600007D07B689B68002B0AD17B681B69002BBE
:107D700006D17B681B685B68DAB2FB6A1A7008E0A0
:107D80007B681B685B68DBB203F07F03DAB2FB6AD7
:107D90001A707B689B6A5A1C7B689A627B68DB8DD1
:107DA0009BB2013B9BB27A681946D185002B5DD10D
:107DB0007B681B68DA687B681B6822F02002DA6047
:107DC0007B681B68DA687B681B6822F48072DA6063
:107DD0007B681B685A697B681B6822F001025A6144
:107DE0007B68202283F842207B6800225A637B68EC
:107DF0001B6B012B35D17B6800221A637B681B68E3
:107E00000C337B617B6953E8003F3B613B6923F0A6
:107E100010037B627B681B680C337A6A3A62FB61F1
:107E2000F9693A6A41E80023BB61BB69002BE5D1DF
:107E30007B681B681B6803F01003102B0AD100231A
:107E4000FB607B681B681B68FB607B681B685B686A
:107E5000FB60FB687B689B8D19467868FFF7D4FD53
:107E600002E0786808F0C4F9002302E0002300E093
:107E7000022318463037BD4680BD00002DE9B04FC3
:107E8000C0B000AFC7F8F400D7F8F4301B681B6926
:107E900023F44050D7F8F430D968D7F8F4301A6892
:107EA00040EA01031361D7F8F4309A68D7F8F43048
:107EB0001B691A43D7F8F4305B691A43D7F8F430DA
:107EC000DB691343C7F8F830D7F8F4301B68DB6878
:107ED00023F4164121F00C01D7F8F4301A68D7F8D2
:107EE000F8300B43D360D7F8F4301B685B6923F498
:107EF0004070D7F8F4309969D7F8F4301A6840EA3E
:107F000001035361D7F8F4301A688F4B9A4205D0B9
:107F1000D7F8F4301A688D4B9A4204D1FBF764FE0F
:107F2000C7F8FC0003E0FBF74BFEC7F8FC00D7F8EE
:107F3000F430DB69B3F5004F40F00C81D7F8FC302A
:107F40000022C7F8E830C7F8EC20D7E93A452246C6
:107F50002B469118B9655B41FB65D7E9162321468D
:107F600012EB0108294643EB01094FF000024FF0E4
:107F700000034FEAC90343EA58734FEAC802904628
:107F80009946234618EB0303C7F8E0302B4649EB2C
:107F90000303C7F8E430D7F8F4305B680022C7F871
:107FA000D830C7F8DC20D7E936120B46DB183B6522
:107FB000134642EB03037B65D7E91423D7E9380165
:107FC000F8F7CCFC02460B46614BA3FB02235B098E
:107FD0001C01D7F8FC300022C7F8D030C7F8D420F5
:107FE000D7E9348942464B469118B9645B41FB643A
:107FF000D7E91223414612EB010A494643EB010B34
:108000004FF000024FF000034FEACB0343EA5A73EC
:108010004FEACA0292469B4643461AEB0303C7F84F
:10802000C8304B464BEB0303C7F8CC30D7F8F430DD
:108030005B680022C7F8C030C7F8C420D7E9301207
:108040000B46DB183B64134642EB03037B64D7E922
:108050001023D7E93201F8F781FC02460B4611469E
:108060003B4BA3FB01235B09642202FB03F3CB1A06
:10807000DB0003F13202364BA3FB02235B095B00FA
:1080800003F4F8731C44D7F8FC300022C7F8B8306A
:10809000C7F8BC20D7E92E8942464B469118B963F0
:1080A0005B41FB63D7E90E234146511839634946CA
:1080B0004B417B634FF000024FF00003D7E90CAB5C
:1080C0005946CB00514643EA51735146CA00104607
:1080D0001946034642469B18C7F8B0304B460A463D
:1080E00042EB0303C7F8B430D7F8F4305B680022E2
:1080F000C7F8A830C7F8AC20D7E92A120B46DB181E
:10810000BB62134642EB0303FB62D7E90A23D7E9BC
:108110002C01F8F723FC02460B460D4BA3FB021380
:108120005B09642101FB03F3D31ADB003233084AF5
:10813000A2FB03235B0903F00702D7F8F4301B68A6
:1081400022449A6006E100BF001001400014014083
:108150001F85EB51D7F8FC300022C7F8A030C7F8D4
:10816000A420D7E9288942464B46911839625B41E1
:108170007B62D7E9082341465418494643EB010581
:108180004FF000024FF00003EB0043EA5473E200AB
:1081900014461D464346E318C7F898304B4645EB56
:1081A0000303C7F89C30D7F8F4305B680022C7F8A7
:1081B0009030C7F894204FF000024FF00003D7E949
:1081C000244529468B00214643EA917321468A00C3
:1081D000D7E92601F8F7C2FB02460B46604BA3FB2A
:1081E00002235B091C01D7F8FC300022C7F8883055
:1081F000C7F88C20D7E9228942464B469118B961CD
:108200005B41FB61D7E90623414651183961494674
:108210004B417B614FF000024FF00003D7E904AB04
:108220005946CB00514643EA51735146CA001046A5
:108230001946034642469B18C7F880304B460A460B
:1082400042EB0303C7F88430D7F8F4305B680022B0
:10825000BB67FA674FF000024FF00003D7E91E89B1
:1082600049468B00414643EA917341468A00D7E96B
:108270002001F8F773FB02460B461146384BA3FB6F
:1082800001235B09642202FB03F3CB1A1B01323387
:10829000334AA2FB03235B0903F0F0031C44D7F825
:1082A000FC3000223B677A67D7E91C8942464B467F
:1082B0009118B9605B41FB60D7E902234146511830
:1082C000396049464B417B604FF000024FF000039C
:1082D000D7E900AB5946CB00514643EA51735146AA
:1082E000CA0010461946034642469B18BB664B46D9
:1082F0000A4642EB0303FB66D7F8F4305B680022C2
:108300003B667A664FF000024FF00003D7E9188908
:1083100049468B00414643EA917341468A00D7E9BA
:108320001A01F8F71BFB02460B460D4BA3FB021389
:108330005B09642101FB03F3D31A1B013233084AA2
:10834000A2FB03235B0903F00F02D7F8F4301B688C
:1083500022449A6000BF07F58077BD46BDE8B08F24
:108360001F85EB5180B483B000AF78607B6803F168
:1083700008027B685A607B684FF0FF329A607B6826
:1083800003F108027B68DA607B6803F108027B680E
:108390001A617B6800221A6000BF0C37BD465DF889
:1083A000047B704780B483B000AF78607B680022A4
:1083B0001A6100BF0C37BD465DF8047B704780B47E
:1083C00085B000AF786039607B685B68FB603B68B4
:1083D000FA685A60FB689A683B689A60FB689B6819
:1083E0003A685A60FB683A689A603B687A681A6132
:1083F0007B681B685A1C7B681A6000BF1437BD4637
:108400005DF8047B704780B485B000AF7860396058
:108410003B681B68BB60BB68B3F1FF3F03D17B685F
:108420001B69FB600CE07B680833FB6002E0FB68C3
:108430005B68FB60FB685B681B68BA689A42F6D2AF
:10844000FB685A683B685A603B685B683A689A60A8
:108450003B68FA689A60FB683A685A603B687A68D9
:108460001A617B681B685A1C7B681A6000BF14374E
:10847000BD465DF8047B704780B485B000AF78607E
:108480007B681B69FB607B685B687A6892689A60AE
:108490007B689B687A6852685A60FB685B687A6898
:1084A0009A4203D17B689A68FB685A607B68002215
:1084B0001A61FB681B685A1EFB681A60FB681B6820
:1084C00018461437BD465DF8047B704780B584B00C
:1084D00000AF786039607B68FB60FB68002B0BD1D4
:1084E0004FF0500383F31188BFF36F8FBFF34F8FAB
:1084F000BB6000BF00BFFDE702F02EFDFB681A68FD
:10850000FB68DB6BF968096C01FB03F31A44FB6839
:108510009A60FB6800229A63FB681A68FB685A60DD
:10852000FB681A68FB68DB6B013BF968096C01FBAF
:1085300003F31A44FB68DA60FB68FF2283F84420E7
:10854000FB68FF2283F845203B68002B14D1FB68B1
:108550001B69002B1AD0FB681033184601F02AFA69
:108560000346002B12D00D4B4FF080521A60BFF320
:108570004F8FBFF36F8F09E0FB6810331846FFF78A
:10858000F1FEFB6824331846FFF7ECFE02F016FDFF
:10859000012318461037BD4680BD00BF04ED00E042
:1085A00080B58EB002AFF860B9607A603B60FB685E
:1085B000002B0BD14FF0500383F31188BFF36F8F63
:1085C000BFF34F8FBB6200BF00BFFDE73B68002BCE
:1085D0000BD14FF0500383F31188BFF36F8FBFF3BC
:1085E0004F8F7B6200BF00BFFDE77B68002B02D08E
:1085F000BB68002B01D0012300E00023002B0BD12E
:108600004FF0500383F31188BFF36F8FBFF34F8F89
:108610003B6200BF00BFFDE77B68002B02D1BB6857
:10862000002B01D1012300E00023002B0BD14FF0E0
:10863000500383F31188BFF36F8FBFF34F8FFB613C
:1086400000BF00BFFDE748237B617B69482B0BD04F
:108650004FF0500383F31188BFF36F8FBFF34F8F39
:10866000BB6100BF00BFFDE77B693B68FB62FB6A43
:10867000002B0DD0FB6A012283F8462097F83820A2
:10868000FB6A009313467A68B968F86800F040F80E
:10869000FB6A18463037BD4680BD80B58AB002AF50
:1086A000F860B9601346FB71FB68002B0BD14FF0EB
:1086B000500383F31188BFF36F8FBFF34F8F3B617C
:1086C00000BF00BFFDE7FB68BA6802FB03F3FB6174
:1086D000FB694833184602F01DF9B861BB69002BED
:1086E00011D0BB697B617B6948337B61BB69002228
:1086F00083F84620FA79BB69009313467A69B96812
:10870000F86800F005F8BB6918462037BD4680BD03
:1087100080B584B000AFF860B9607A60FB70BB6868
:10872000002B03D1BB69BA691A6002E0BB697A68A1
:108730001A60BB69FA68DA63BB69BA681A64012116
:10874000B869FFF7C3FE00BF1037BD4680BD80B5D6
:1087500082B000AF78607B68002B0ED07B6800226F
:108760009A607B6800221A607B680022DA6000232E
:1087700000220021786800F037F800BF0837BD46B6
:1087800080BD80B586B000AF0346FB7101237B61DD
:1087900000233B61FB791A4639697869FFF77DFF51
:1087A000F860F868FFF7D3FFFB6818461837BD4636
:1087B00080BD80B588B002AF03463960FB710123EC
:1087C0007B6100233B61FB7900933B6800223969A0
:1087D0007869FFF7E5FEF860F868FFF7B8FFFB6817
:1087E00018461837BD4680BD80B58EB000AFF86022
:1087F000B9607A603B6000237B63FB683B633B6B43
:10880000002B0BD14FF0500383F31188BFF36F8F10
:10881000BFF34F8FBB6200BF00BFFDE7BB68002BFB
:1088200003D13B6B1B6C002B01D1012300E0002323
:10883000002B0BD14FF0500383F31188BFF36F8FE0
:10884000BFF34F8F7B6200BF00BFFDE73B68022B89
:1088500003D13B6BDB6B012B01D1012300E0002333
:10886000002B0BD14FF0500383F31188BFF36F8FB0
:10887000BFF34F8F3B6200BF00BFFDE701F062FA1C
:108880000346002B02D17B68002B01D1012300E0BD
:108890000023002B0BD14FF0500383F31188BFF35B
:1088A0006F8FBFF34F8FFB6100BF00BFFDE702F08A
:1088B00053FB3B6B9A6B3B6BDB6B9A4202D33B687F
:1088C000022B29D13A68B968386B00F0C9FAF8620E
:1088D0003B6B5B6A002B10D03B6B2433184601F0D6
:1088E00069F80346002B13D03F4B4FF080521A60BB
:1088F000BFF34F8FBFF36F8F0AE0FB6A002B07D0E7
:10890000394B4FF080521A60BFF34F8FBFF36F8F18
:1089100002F054FB012363E07B68002B03D102F0DB
:108920004DFB00235CE07B6B002B06D107F11403A9
:10893000184601F0A3F801237B6302F03FFB00F02F
:1089400025FE02F009FB3B6B93F844305BB2B3F1B8
:10895000FF3F03D13B6B002283F844203B6B93F82D
:1089600045305BB2B3F1FF3F03D13B6B002283F88C
:10897000452002F023FB3A1D07F114031146184667
:1089800001F092F80346002B24D1386B00F060FB15
:108990000346002B18D03B6B10337A6811461846FB
:1089A00000F0E2FF386B00F0EBFA00F0FDFD03464B
:1089B000002B7FF47CAF0C4B4FF080521A60BFF35A
:1089C0004F8FBFF36F8F72E7386B00F0D9FA00F06A
:1089D000EBFD6CE7386B00F0D3FA00F0E5FD002307
:1089E00018463837BD4680BD04ED00E080B58EB036
:1089F00000AF786039607B683B633B6B002B0BD129
:108A00004FF0500383F31188BFF36F8FBFF34F8F85
:108A10003B6200BF00BFFDE73B6B1B6C002B0BD024
:108A20004FF0500383F31188BFF36F8FBFF34F8F65
:108A3000FB6100BF00BFFDE73B6B1B68002B03D150
:108A40003B6B9B68002B01D1012300E00023002B2E
:108A50000BD14FF0500383F31188BFF36F8FBFF337
:108A60004F8FBB6100BF00BFFDE702F055FBEFF386
:108A700011824FF0500383F31188BFF36F8FBFF360
:108A80004F8F7A613B617B69FB623B6B9B6BBB6287
:108A90003B6BDB6BBA6A9A422BD23B6B93F8453047
:108AA00087F82730BB6A5A1C3B6B9A6397F92730CB
:108AB000B3F1FF3F12D13B6B5B6A002B16D03B6BCF
:108AC0002433184600F076FF0346002B0ED03B6897
:108AD000002B0BD03B6801221A6007E097F8273083
:108AE0000133DBB25AB23B6B83F8452001237B6331
:108AF00001E000237B63FB6AFB60FB6883F3118862
:108B000000BF7B6B18463837BD4680BD80B58EB040
:108B100000AF7860396000237B637B68FB620023D1
:108B20003B63FB6A002B0BD14FF0500383F311889A
:108B3000BFF36F8FBFF34F8F3B6200BF00BFFDE7F6
:108B4000FB6A1B6C002B0BD04FF0500383F3118892
:108B5000BFF36F8FBFF34F8FFB6100BF00BFFDE717
:108B600001F0F0F80346002B02D13B68002B01D145
:108B7000012300E00023002B0BD14FF0500383F3BF
:108B80001188BFF36F8FBFF34F8FBB6100BF00BF72
:108B9000FDE702F0E1F9FB6A9B6BBB62BB6A002B4D
:108BA00024D0BB6A5A1EFB6A9A63FB6A1B68002BBF
:108BB00004D101F073FA0246FB6A9A60FB6A1B69F2
:108BC000002B0FD0FB6A1033184600F0F3FE03466B
:108BD000002B07D0544B4FF080521A60BFF34F8FD9
:108BE000BFF36F8F02F0EAF9012398E03B68002B96
:108BF00012D13B6B002B0BD04FF0500383F3118845
:108C0000BFF36F8FBFF34F8F7B6100BF00BFFDE7E6
:108C100002F0D4F9002382E07B6B002B06D107F130
:108C20000C03184600F02AFF01237B6302F0C6F90B
:108C300000F0ACFC02F090F9FB6A93F844305BB2B0
:108C4000B3F1FF3F03D1FB6A002283F84420FB6AA3
:108C500093F845305BB2B3F1FF3F03D1FB6A0022CA
:108C600083F8452002F0AAF93A4607F10C031146B1
:108C7000184600F019FF0346002B32D1F86A00F0C5
:108C8000D1F90346002B26D0FB6A1B68002B09D1C3
:108C900002F062F9FB6A9B68184601F071F83863CC
:108CA00002F08CF9FB6A24333A681146184600F04A
:108CB0005BFEF86A00F064F900F076FC0346002BD6
:108CC0007FF467AF184B4FF080521A60BFF34F8F9D
:108CD000BFF36F8F5DE7F86A00F052F900F064FCB3
:108CE00057E7F86A00F04CF900F05EFCF86A00F013
:108CF00099F90346002B3FF44CAF3B6B002B0DD092
:108D000002F02AF9F86A00F093F87862FB6A9B682F
:108D1000796A184601F032F902F050F9002318463A
:108D20003837BD4680BD00BF04ED00E080B58EB091
:108D300000AFF860B9607A60FB683B633B6B002B67
:108D40000BD14FF0500383F31188BFF36F8FBFF344
:108D50004F8F3B6200BF00BFFDE7BB68002B03D114
:108D60003B6B1B6C002B01D1012300E00023002B87
:108D70000BD14FF0500383F31188BFF36F8FBFF314
:108D80004F8FFB6100BF00BFFDE702F0C5F9EFF3B5
:108D900011824FF0500383F31188BFF36F8FBFF33D
:108DA0004F8FBA617B61BB69FB623B6B9B6BBB62A4
:108DB000BB6A002B2FD03B6B93F8443087F82730E9
:108DC000B968386B00F0B6F8BB6A5A1E3B6B9A6301
:108DD00097F92730B3F1FF3F12D13B6B1B69002B92
:108DE00016D03B6B1033184600F0E4FD0346002B11
:108DF0000ED07B68002B0BD07B6801221A6007E045
:108E000097F827300133DBB25AB23B6B83F844202A
:108E100001237B6301E000237B63FB6A3B613B69C9
:108E200083F3118800BF7B6B18463837BD4680BD81
:108E300080B485B000AF78607B685B6A002B06D099
:108E40007B681B6B1B68C3F10703FB6001E0002319
:108E5000FB60FB6818461437BD465DF8047B70471D
:108E600080B586B000AFF860B9607A6000237B619E
:108E7000FB689B6B3B61FB681B6C002B0DD1FB6897
:108E80001B68002B4DD1FB689B68184600F0EEFF75
:108E90007861FB6800229A6043E07B68002B19D15F
:108EA000FB685868FB681B6C1A46B9680DF042FBFA
:108EB000FB685A68FB681B6C1A44FB685A60FB68C5
:108EC0005A68FB689B689A422BD3FB681A68FB6858
:108ED0005A6026E0FB68D868FB681B6C1A46B968C4
:108EE0000DF028FBFB68DA68FB681B6C5B421A44D8
:108EF000FB68DA60FB68DA68FB681B689A4207D295
:108F0000FB689A68FB681B6C5B421A44FB68DA607A
:108F10007B68022B05D13B69002B02D03B69013BEA
:108F20003B613B695A1CFB689A637B69184618379A
:108F3000BD4680BD80B582B000AF786039607B6887
:108F40001B6C002B18D07B68DA687B681B6C1A449A
:108F50007B68DA607B68DA687B689B689A4203D337
:108F60007B681A687B68DA607B68D9687B681B6CF1
:108F70001A4638680DF0DEFA00BF0837BD4680BDDE
:108F800080B584B000AF786001F0E6FF7B6893F8AD
:108F90004530FB7311E07B685B6A002B12D07B6865
:108FA0002433184600F006FD0346002B01D000F0E4
:108FB000DFFDFB7B013BDBB2FB7397F90F30002B2E
:108FC000E9DC00E000BF7B68FF2283F8452001F068
:108FD000F5FF01F0C1FF7B6893F84430BB7311E0EB
:108FE0007B681B69002B12D07B681033184600F099
:108FF000E1FC0346002B01D000F0BAFDBB7B013B36
:10900000DBB2BB7397F90E30002BE9DC00E000BF48
:109010007B68FF2283F8442001F0D0FF00BF1037A7
:10902000BD4680BD80B584B000AF786001F094FF8C
:109030007B689B6B002B02D10123FB6001E00023C6
:10904000FB6001F0BBFFFB6818461037BD4680BDD2
:1090500080B584B000AF786001F07EFF7B689A6BCA
:109060007B68DB6B9A4202D10123FB6001E00023A5
:10907000FB6001F0A3FFFB6818461037BD4680BDBA
:1090800080B58EB004AFF860B9607A603B607B6BEE
:10909000002B0BD14FF0500383F31188BFF36F8F78
:1090A000BFF34F8F3B6200BF00BFFDE7BB6B002BE0
:1090B0000BD14FF0500383F31188BFF36F8FBFF3D1
:1090C0004F8FFB6100BF00BFFDE74FF4BC733B61F6
:1090D0003B69B3F5BC7F0BD04FF0500383F311888D
:1090E000BFF36F8FBFF34F8FBB6100BF00BFFDE7C2
:1090F0003B69BB6B002B1ED07B6B002B1BD0BB6B6B
:109100007B627B6A7A6B1A637B6A022283F8752121
:10911000002303937B6A029307F1140301933B6BD3
:1091200000933B687A68B968F86800F051F8786A8B
:1091300000F022F901E000237B617B6918462837A3
:10914000BD4680BD80B58CB004AFF860B9603B60AF
:109150001346FB80FB889B00184601F0DBFB78611F
:109160007B69002B0FD04FF4BC7001F0D3FBF8618A
:10917000FB69002B03D0FB697A691A6305E0786903
:1091800001F09CFC01E00023FB61FB69002B17D080
:10919000FB69002283F87521FA8800230393FB6999
:1091A0000293FB6A0193BB6A00933B68B968F86855
:1091B00000F00EF8F86900F0DFF80123BB6102E06F
:1091C0004FF0FF33BB61BB6918462037BD4680BDF9
:1091D00080B588B000AFF860B9607A603B603B6BE7
:1091E000186B7B689B001A46A521F7F7A9FE3B6B1D
:1091F0001A6B7B6803F18043013B9B001344BB6106
:10920000BB6923F00703BB61BB6903F00703002BB5
:109210000BD04FF0500383F31188BFF36F8FBFF370
:109220004F8F7B6100BF00BFFDE7BB68002B1FD0E5
:109230000023FB6112E0BA68FB69134419783A6BAA
:10924000FB69134434330A461A70BA68FB69134445
:109250001B78002B06D0FB690133FB61FB690F2BE8
:10926000E9D900E000BF3B6B002283F8432003E014
:109270003B6B002283F83420BB6A062B01D90623FE
:10928000BB623B6BBA6ADA623B6BBA6A5A643B6B8D
:1092900000229A643B6B04331846FFF783F83B6B5C
:1092A00018331846FFF77EF83B6B3A6B1A61BB6ABE
:1092B000C3F107023B6B9A613B6B3A6B5A623B6BA3
:1092C0000022DA643B6B0022C3F870213B6B002262
:1092D00083F874213B6B50334FF490720021184691
:1092E000F7F72EFE3B6B214A5A653B6B204A9A6585
:1092F0003B6B204ADA65396B4FF001024FF00003F7
:10930000C1E93A233B6B43F20E32A3F8F0203B6BEA
:109310004AF6CD32A3F8F2203B6B41F23422A3F897
:10932000F4203B6B4EF26D62A3F8F6203B6B4DF6DA
:10933000EC62A3F8F8203B6B0522A3F8FA203B6B04
:109340000B22A3F8FC203A68F968B86901F0D6FC52
:1093500002463B6B1A60FB6A002B02D0FB6A3A6B39
:109360001A6000BF2037BD4680BD00BFA4000020AA
:109370000C0100207401002080B582B000AF78603D
:1093800001F0EAFD2A4B1B680133294A1360294B7F
:109390001B68002B09D1274A7B681360244B1B688C
:1093A000012B10D100F00AFC0DE0234B1B68002BB1
:1093B00009D1204B1B68DA6A7B68DB6A9A4202D8C3
:1093C0001C4A7B6813601D4B1B6801331B4A1360EA
:1093D0007B68DB6A01229A40194B1B681343184AC9
:1093E00013607B68DA6A13469B0013449B00154A9E
:1093F0001A447B68043319461046FEF7E0FF01F07B
:10940000DDFD0D4B1B68002B0ED00A4B1B68DA6A82
:109410007B68DB6A9A4207D20B4B4FF080521A608E
:10942000BFF34F8FBFF36F8F00BF0837BD4680BDBE
:10943000F4020020F40100200003002010030020AB
:10944000FC020020F801002004ED00E080B584B0AB
:1094500000AF78600023FB607B68002B18D0144BB2
:109460001B68002B0BD04FF0500383F31188BFF320
:109470006F8FBFF34F8FBB6000BF00BFFDE700F0F1
:1094800085F80021786801F025F800F08DF8F86083
:10949000FB68002B07D1074B4FF080521A60BFF3D7
:1094A0004F8FBFF36F8F00BF1037BD4680BD00BF29
:1094B0001C03002004ED00E080B58AB004AF002357
:1094C000BB6000237B603A46391D07F1080318464C
:1094D00002F0FEFE39687B68BA68029201930023AD
:1094E000009300230A4621492148FFF7C9FD03469E
:1094F000204A13601F4B1B68002B02D001237B61A5
:1095000001E000237B617B69012B1BD14FF05003ED
:1095100083F31188BFF36F8FBFF34F8F3B6100BFA1
:10952000154B1B685033154A1360154B4FF0FF3233
:109530001A60144B01221A60134B00221A6001F0CA
:1095400067FC0FE07B69B3F1FF3F0BD14FF0500395
:1095500083F31188BFF36F8FBFF34F8FFB6000BFA2
:1095600000BFFDE700BF1837BD4680BD586F020839
:10957000899B010818030020F40100200C00002042
:109580001403002000030020F802002080B400AF84
:10959000044B1B680133034A136000BFBD465DF8EE
:1095A000047B70471C03002080B584B000AF00230B
:1095B000FB600023BB60424B1B68002B0BD14FF0BC
:1095C000500383F31188BFF36F8FBFF34F8F3B605E
:1095D00000BF00BFFDE701F0BFFC394B1B68013B3A
:1095E000374A1360364B1B68002B61D1354B1B6823
:1095F000002B5DD02EE0344BDB68DB68FB60FB6842
:1096000018331846FEF738FFFB6804331846FEF798
:1096100033FFFB68DB6A01229A402C4B1B68134323
:109620002A4A1360FB68DA6A13469B0013449B00C6
:10963000274A1A44FB68043319461046FEF7BFFE5A
:10964000FB68DA6A234B1B68DB6A9A4202D3224B1F
:1096500001221A601C4B1B68002BCCD1FB68002B2D
:1096600001D000F04FFB1D4B1B687B607B68002B1B
:1096700010D000F037F80346002B02D0164B012221
:109680001A607B68013B7B607B68002BF1D1134B38
:1096900000221A60104B1B68002B09D00123BB600D
:1096A0000F4B4FF080521A60BFF34F8FBFF36F8F95
:1096B00001F084FCBB6818461037BD4680BD00BF72
:1096C0001C030020F4020020B4020020FC02002051
:1096D000F8010020F401002008030020040300200A
:1096E00004ED00E080B586B000AF00237B614F4BF6
:1096F0001B68002B40F08F804D4B1B6801333B6192
:109700004B4A3B6913603B69002B21D1494B1B68D5
:109710001B68002B0BD04FF0500383F31188BFF36D
:109720006F8FBFF34F8F3B6000BF00BFFDE7414B22
:109730001B68FB60404B1B683E4A13603E4AFB6857
:1097400013603E4B1B6801333C4A136000F0DAFAA9
:109750003B4B1B683A699A4248D3364B1B681B68DF
:10976000002B04D1364B4FF0FF321A603EE0314BF4
:109770001B68DB68DB68BB60BB685B687B603A6961
:109780007B689A4203D22E4A7B6813602EE0BB6846
:1097900004331846FEF770FEBB689B6A002B04D0AA
:1097A000BB6818331846FEF767FEBB68DB6A012208
:1097B0009A40244B1B681343224A1360BB68DA6A41
:1097C00013469B0013449B001F4A1A44BB68043392
:1097D00019461046FEF7F3FDBB68DA6A1B4B1B689F
:1097E000DB6A9A42B9D301237B61B6E7174B1B684A
:1097F000DA6A154913469B0013449B000B441B680F
:10980000012B01D901237B61114B1B68002B07D071
:1098100001237B6104E00F4B1B6801330D4A136089
:109820007B6918461837BD4680BD00BF1C03002069
:10983000F8020020AC020020B00200200C0300203F
:1098400014030020FC020020F8010020F401002095
:10985000080300200403002080B588B000AF3C4B13
:109860001B68002B03D03B4B01221A606CE0394B84
:1098700000221A60384B1B681B6BFB614FF0A5334D
:10988000BB61FB691B68BA699A4211D1FB69043359
:109890001B68BA699A420BD1FB6908331B68BA6925
:1098A0009A4205D1FB690C331B68BA699A4208D009
:1098B000294B1A68284B1B6834331946104602F0AE
:1098C000F4FC264B1B68FB60FB68B3FA83F3FB7266
:1098D000FB7AC3F11F037B6121497A6913469B0020
:1098E00013449B000B441B68002B0BD14FF050031B
:1098F00083F31188BFF36F8FBFF34F8F7B6000BF7F
:1099000000BFFDE77A6913469B0013449B00144A8D
:1099100013443B613B695B685A683B695A603B6929
:109920005A683B6908339A4204D13B695B685A68BC
:109930003B695A603B695B68DB68074A1360064B0A
:109940001B685033074A136000BF2037BD4680BDF7
:109950001C03002008030020F4010020FC0200206A
:10996000F80100200C00002080B584B000AF7860C2
:1099700039607B68002B0BD14FF0500383F31188C3
:10998000BFF36F8FBFF34F8FFB6000BF00BFFDE7DA
:10999000074B1B68183319467868FEF734FD012120
:1099A000386800F097FD00BF1037BD4680BD00BF8E
:1099B000F401002080B586B000AF78607B68DB687A
:1099C000DB683B613B69002B0BD14FF0500383F305
:1099D0001188BFF36F8FBFF34F8FFB6000BF00BFD5
:1099E000FDE73B6918331846FEF746FD1D4B1B6823
:1099F000002B1CD13B6904331846FEF73DFD3B6943
:109A0000DB6A01229A40184B1B681343164A136005
:109A10003B69DA6A13469B0013449B00134A1A44BD
:109A20003B69043319461046FEF7C9FC05E03B6963
:109A3000183319460E48FEF7C2FC3B69DA6A0D4B33
:109A40001B68DB6A9A4205D901237B610A4B01221C
:109A50001A6001E000237B617B6918461837BD4618
:109A600080BD00BF1C030020FC020020F801002084
:109A7000B4020020F40100200803002080B483B069
:109A800000AF7860064B1A687B681A60054B1A684D
:109A90007B685A6000BF0C37BD465DF8047B704799
:109AA0000C030020F802002080B588B000AF786079
:109AB00039607B68002B0BD14FF0500383F3118882
:109AC000BFF36F8FBFF34F8F3B6100BF00BFFDE758
:109AD0003B68002B0BD14FF0500383F31188BFF389
:109AE0006F8FBFF34F8FFB6000BF00BFFDE701F03A
:109AF00033FA1D4B1B68BB617B685B68BA69D31A7C
:109B00007B613B681B68B3F1FF3F02D10023FB611F
:109B100023E07B681A68154B1B689A4207D07B6864
:109B20005B68BA699A4202D30123FB6115E03B6886
:109B30001B687A699A420BD23B681A687B69D21A11
:109B40003B681A607868FFF799FF0023FB6104E027
:109B50003B6800221A600123FB6101F02FFAFB69C8
:109B600018462037BD4680BDF80200200C030020B7
:109B700080B400AF034B01221A6000BFBD465DF800
:109B8000047B70470803002080B582B000AF786086
:109B900000F054F8074B1B68012B07D9064B4FF018
:109BA00080521A60BFF34F8FBFF36F8F02F076FBC6
:109BB000EEE700BFF801002004ED00E080B582B0C0
:109BC00000AF00237B600CE07A6813469B001344CF
:109BD0009B00124A13441846FEF7C4FB7B6801330E
:109BE0007B607B68062BEFD90D48FEF7BBFB0D4869
:109BF000FEF7B8FB0C48FEF7B5FB0C48FEF7B2FBCE
:109C00000B48FEF7AFFB0B4B054A1A600A4B054A9F
:109C10001A6000BF0837BD4680BD00BFF8010020B4
:109C20008402002098020020B4020020C802002014
:109C3000E0020020AC020020B002002080B582B01B
:109C400000AF19E001F088F9104BDB68DB687B603E
:109C50007B6804331846FEF70FFC0D4B1B68013B75
:109C60000B4A13600B4B1B68013B0A4A136001F05F
:109C7000A5F9786800F010F8064B1B68002BE1D1BD
:109C800000BF00BF0837BD4680BD00BFC80200202E
:109C9000F4020020DC02002080B584B000AF7860C0
:109CA0007B6850331846F7F763F97B6893F8753192
:109CB000002B08D17B681B6B184600F0FFFE78680C
:109CC00000F0FCFE19E07B6893F87531012B03D19D
:109CD000786800F0F3FE10E07B6893F87531022B92
:109CE0000BD04FF0500383F31188BFF36F8FBFF396
:109CF0004F8FFB6000BF00BFFDE700BF1037BD46C0
:109D000080BD000080B483B000AF0C4B1B681B68A3
:109D1000002B04D10A4B4FF0FF321A6008E0074BCA
:109D20001B68DB68DB687B607B685B68044A1360E8
:109D300000BF0C37BD465DF8047B7047AC020020C5
:109D40001403002080B483B000AF0B4B1B68002BC2
:109D500002D101237B6008E0084B1B68002B02D175
:109D600002237B6001E000237B607B6818460C3790
:109D7000BD465DF8047B7047000300201C030020F3
:109D800080B584B000AF78607B68BB600023FB6067
:109D90007B68002B5ED0BB68DA6A314B1B68DB6ADC
:109DA0009A424ED2BB689B69002B06DB2C4B1B688A
:109DB000DB6AC3F10702BB689A61BB685969BB687B
:109DC000DA6A13469B0013449B00264A13449942C7
:109DD0002FD1BB6804331846FEF74EFB0346002B19
:109DE0000AD1BB68DB6A012202FA03F3DA431E4B95
:109DF0001B6813401C4A1360194B1B68DA6ABB6866
:109E0000DA62BB68DB6A01229A40174B1B68134376
:109E1000154A1360BB68DA6A13469B0013449B0023
:109E2000104A1A44BB68043319461046FEF7C7FAB5
:109E300004E00B4B1B68DA6ABB68DA620123FB6043
:109E400008E0BB685A6C064B1B68DB6A9A4201D279
:109E50000123FB60FB6818461037BD4680BD00BF7C
:109E6000F4010020F8010020FC02002080B586B03B
:109E700000AF78607B683B6100237B617B68002BCF
:109E800070D03B4B1B683A699A420BD04FF050039D
:109E900083F31188BFF36F8FBFF34F8FFB6000BF59
:109EA00000BFFDE73B699B6C002B0BD14FF05003CB
:109EB00083F31188BFF36F8FBFF34F8FBB6000BF79
:109EC00000BFFDE73B699B6C5A1E3B699A643B6986
:109ED000DA6A3B695B6C9A4244D03B699B6C002B0D
:109EE00040D13B6904331846FEF7C6FA0346002BFF
:109EF00015D13B69DA6A1F4913469B0013449B0046
:109F00000B441B68002B0AD13B69DB6A012202FA71
:109F100003F3DA43184B1B681340174A13603B697D
:109F20005A6C3B69DA623B69DB6AC3F107023B6941
:109F30009A613B69DB6A01229A400F4B1B6813430D
:109F40000D4A13603B69DA6A13469B0013449B0079
:109F5000084A1A443B69043319461046FEF72FFAA3
:109F600001237B617B6918461837BD4680BD00BF61
:109F7000F4010020F8010020FC02002080B588B028
:109F800000AF786039607B68BB6101237B617B68CF
:109F9000002B79D0BB699B6C002B0BD14FF0500389
:109FA00083F31188BFF36F8FBFF34F8FFB6000BF48
:109FB00000BFFDE7BB695B6C3A689A4202D93B6817
:109FC000FB6102E0BB695B6CFB61BB69DB6AFA6940
:109FD0009A4259D0BB699B6C7A699A4254D12C4BF6
:109FE0001B68BA699A420BD14FF0500383F3118872
:109FF000BFF36F8FBFF34F8FBB6000BF00BFFDE7A4
:10A00000BB69DB6A3B61BB69FA69DA62BB699B6960
:10A01000002B04DBFB69C3F10702BB699A61BB69D2
:10A0200059693A6913469B0013449B00194A13442B
:10A03000994229D1BB6904331846FEF71DFA03463D
:10A04000002B0AD1BB69DB6A012202FA03F3DA436F
:10A05000114B1B681340104A1360BB69DB6A012275
:10A060009A400D4B1B6813430B4A1360BB69DA6AB5
:10A0700013469B0013449B00064A1A44BB690433F1
:10A0800019461046FEF79BF900BF2037BD4680BD3C
:10A09000F4010020F8010020FC02002080B400AF91
:10A0A000074B1B68002B04D0054B1B689A6C0132D0
:10A0B0009A64034B1B681846BD465DF8047B7047E5
:10A0C000F401002080B586B000AFF860B9607A6016
:10A0D0003B6000F041FF294B1B6893F87431DBB201
:10A0E000022B1CD0254B1B68D3F87011FA68D243A1
:10A0F0000A40C3F87021214B1B68012283F87421A8
:10A100003B68002B0BD00121386800F0E3F91C4BB1
:10A110004FF080521A60BFF34F8FBFF36F8F00F084
:10A120004DFF00F019FF7B68002B05D0134B1B6817
:10A13000D3F870217B681A60104B1B6893F8743158
:10A14000DBB2022B02D000237B610AE00B4B1B68C1
:10A15000D3F87011BA68D2430A40C3F870210123C2
:10A160007B61064B1B68002283F8742100F026FFF8
:10A170007B6918461837BD4680BD00BFF40100203A
:10A1800004ED00E080B58AB000AFF860B9603B60D4
:10A190001346FB7101237B62FB68002B0BD14FF050
:10A1A000500383F31188BFF36F8FBFF34F8FBB61F1
:10A1B00000BF00BFFDE7FB683B6200F0CDFE3B68DF
:10A1C000002B04D03B6AD3F870213B681A603B6ACD
:10A1D00093F87431FB773B6A022283F87421FB7990
:10A1E000042B2ED801A252F823F000BF67A2010869
:10A1F00001A2010813A2010823A201082DA201084F
:10A200003B6AD3F87021BB681A433B6AC3F87021DC
:10A210002CE03B6AD3F870315A1C3B6AC3F87021BA
:10A2200024E03B6ABA68C3F870211FE0FB7F022B71
:10A2300004D03B6ABA68C3F8702117E000237B6240
:10A2400014E03B6AD3F87031B3F1FF3F0DD04FF00B
:10A25000500383F31188BFF36F8FBFF34F8F7B6180
:10A2600000BF00BFFDE700BF00E000BFFB7F012B88
:10A270003AD13B6A04331846FEF7FEF83B6ADB6AC4
:10A2800001229A401C4B1B6813431B4A13603B6A14
:10A29000DA6A13469B0013449B00184A1A443B6A2F
:10A2A000043319461046FEF78AF83B6A9B6A002B76
:10A2B0000BD04FF0500383F31188BFF36F8FBFF3C0
:10A2C0004F8F3B6100BF00BFFDE73B6ADA6A0C4B72
:10A2D0001B68DB6A9A4207D90A4B4FF080521A601A
:10A2E000BFF34F8FBFF36F8F00F068FE7B6A184695
:10A2F0002837BD4680BD00BFFC020020F8010020C9
:10A30000F401002004ED00E080B58EB000AFF860ED
:10A31000B9603B601346FB7101237B63FB68002B34
:10A320000BD14FF0500383F31188BFF36F8FBFF34E
:10A330004F8F7B6200BF00BFFDE700F0EDFEFB68C2
:10A340003B63EFF311824FF0500383F31188BFF3A7
:10A350006F8FBFF34F8F3A62FB613B6AFB623B68D2
:10A36000002B04D03B6BD3F870213B681A603B6B29
:10A3700093F8743187F82B303B6B022283F87421F9
:10A38000FB79042B2ED801A252F823F009A401086E
:10A39000A1A30108B3A30108C3A30108CDA3010829
:10A3A0003B6BD3F87021BB681A433B6BC3F8702139
:10A3B0002DE03B6BD3F870315A1C3B6BC3F8702116
:10A3C00025E03B6BBA68C3F8702120E097F82B308A
:10A3D000022B04D03B6BBA68C3F8702117E000234E
:10A3E0007B6314E03B6BD3F87031B3F1FF3F0DD0CA
:10A3F0004FF0500383F31188BFF36F8FBFF34F8F7C
:10A40000BB6100BF00BFFDE700BF00E000BF97F8E1
:10A410002B30012B46D13B6B9B6A002B0BD04FF0AE
:10A42000500383F31188BFF36F8FBFF34F8F7B61AE
:10A4300000BF00BFFDE7214B1B68002B1CD13B6B0D
:10A4400004331846FEF718F83B6BDB6A01229A408A
:10A450001B4B1B6813431A4A13603B6BDA6A1346A3
:10A460009B0013449B00174A1A443B6B0433194664
:10A470001046FDF7A4FF05E03B6B18331946124860
:10A48000FDF79DFF3B6BDA6A104B1B68DB6A9A4253
:10A4900008D93B6C002B02D03B6C01221A600C4B9C
:10A4A00001221A60FB6A3B613B6983F3118800BF9C
:10A4B0007B6B18463837BD4680BD00BF1C030020AB
:10A4C000FC020020F8010020B4020020F40100206A
:10A4D0000803002080B584B000AF78603960294B54
:10A4E0001B68FB60284B1B6804331846FDF7C4FF4C
:10A4F0000346002B0BD1244B1B68DB6A012202FAB6
:10A5000003F3DA43214B1B681340204A13607B6836
:10A51000B3F1FF3F0AD13B68002B07D01A4B1B68F1
:10A52000043319461A48FDF74AFF26E0FA687B68AB
:10A530001344BB60144B1B68BA685A60BA68FB6866
:10A540009A4209D2134B1A680F4B1B680433194601
:10A550001046FDF758FF10E00F4B1A680A4B1B68B6
:10A56000043319461046FDF74EFF0C4B1B68BA68C2
:10A570009A4202D2094ABB68136000BF1037BD4639
:10A5800080BD00BFF8020020F4010020FC02002082
:10A59000E0020020B0020020AC02002014030020E2
:10A5A00080B485B000AF0346FB800023FB60B7F9A1
:10A5B0000630842B05D0B7F90620FB68134403331B
:10A5C000FB60FB6818461437BD465DF8047B704796
:10A5D00080B483B000AFEFF305837B607B68002B12
:10A5E00014BF01230023DBB218460C37BD465DF8CB
:10A5F000047B704780B500AFFEF75EFF002318466E
:10A6000080BDF0B589B004AF786039607B685B6964
:10A61000002B20D07B689B69002B1CD07B685C687A
:10A620007B681D687B681E697B68B3F90830184633
:10A63000FFF7B6FF01467B685B697A689269029210
:10A64000019300913B68324629462046FEF718FDEB
:10A650000346FB601CE07B685C687B681D687B6868
:10A660001B699EB27B68B3F908301846FFF798FF64
:10A67000024607F10C03019300923B6832462946DB
:10A680002046FEF75FFD0346012B01D0002300E0CA
:10A69000FB6818461437BD46F0BD80B584B000AFE6
:10A6A00078607B68FB60FB68002B01D0FB6800E0F2
:10A6B00001231846FEF7CAFE002318461037BD4690
:10A6C00080BD000080B586B002AF7860396000239D
:10A6D000FB600023BB60FFF77BFF0346002B1CD011
:10A6E000396807F1080207F10C03009313460122B1
:10A6F0007868FFF709FE0346012B02D04FF00043B4
:10A7000019E0FB68002B15D00D4B4FF080521A60FA
:10A71000BFF34F8FBFF36F8F0CE0396807F1080369
:10A7200001227868FFF72EFD0346012B02D04FF07F
:10A73000004300E0BB6818461037BD4680BD00BF2F
:10A7400004ED00E090B589B000AFF860B9607A60C0
:10A7500000237B610023FB617B68B3F1FF3F03D1E2
:10A760004FF0FF33FB6109E07B68002B06D07B686C
:10A77000FB61FB69002B01D10123FB61FFF728FF7F
:10A780000346002B02D082233B611BE0B96807F12E
:10A7900010031A1DFB690020FFF794FC0346012BF0
:10A7A00008D0FB69002B02D100233B610AE0402363
:10A7B0003B6107E07B69002B02DA86233B6101E005
:10A7C00008233B61FB681C4607F1100393E8070070
:10A7D00084E80700F8682437BD4690BD80B582B094
:10A7E00000AF78607B685B68002B07D07B685B6894
:10A7F00019460120FDF7DDFF034603E00120FDF7C8
:10A80000C0FF034618460837BD4680BD80B584B0FA
:10A8100000AF786039600023BB607B68002B01D1FA
:10A8200080233AE00023FB603B68B3F1FF3F03D194
:10A830004FF0FF33FB6009E03B68002B06D03B681C
:10A84000FB60FB68002B01D10123FB60FFF7C0FE1A
:10A850000346002B17D007F108031A460021786839
:10A86000FEF764FA0346012B01D0FF2315E0BB6815
:10A87000002B11D00B4B4FF080521A60BFF34F8F5B
:10A88000BFF36F8F08E0F9687868FEF73FF9034679
:10A89000012B01D0FF2300E0002318461037BD46EE
:10A8A00080BD00BF04ED00E080B584B000AF7860EB
:10A8B0000023FB600023BB60FFF78AFE0346002BEA
:10A8C00016D007F1080319467868FEF78FF803469B
:10A8D000012B01D0FF2317E0BB68002B13D00C4BDA
:10A8E0004FF080521A60BFF34F8FBFF36F8F0AE0B3
:10A8F0000023002200217868FDF776FF0346012B34
:10A9000001D0FF23FB60FB6818461037BD4680BDB1
:10A9100004ED00E080B58AB000AF78600023FB61F1
:10A92000FEF734FE5F4B1B68002B01D100F02AF9C3
:10A930005D4B1A687B681340002B40F095807B6864
:10A94000002B1ED008227B6813447B607B6803F0D9
:10A950000703002B15D07B6823F0070308337B60C7
:10A960007B6803F00703002B0BD04FF0500383F3F9
:10A970001188BFF36F8FBFF34F8F7B6100BF00BFA4
:10A98000FDE77B68002B6FD0484B1B687A689A42C2
:10A990006AD8474B3B62464B1B687B6204E07B6A8C
:10A9A0003B627B6A1B687B627B6A5B687A689A425F
:10A9B00003D97B6A1B68002BF1D13A4B1B687A6A7A
:10A9C0009A4251D03B6A1B6808221344FB617B6AA0
:10A9D0001A683B6A1A607B6A5A687B68D21A082335
:10A9E0005B009A4220D97A6A7B681344BB61BB69D9
:10A9F00003F00703002B0BD04FF0500383F31188B3
:10AA0000BFF36F8FBFF34F8F3B6100BF00BFFDE708
:10AA10007B6A5A687B68D21ABB695A607B6A7A681B
:10AA20005A60B86900F010F9204B1A687B6A5B68BD
:10AA3000D31A1E4A13601D4B1A681E4B1B689A429C
:10AA400003D21A4B1B681B4A13607B6A5A68164B69
:10AA50001B681A437B6A5A607B6A00221A60164B95
:10AA60001B680133144A1360FEF79EFDFB69002B3F
:10AA700001D101F025FCFB6903F00703002B0BD08B
:10AA80004FF0500383F31188BFF36F8FBFF34F8FE5
:10AA9000FB6000BF00BFFDE7FB6918462837BD46D5
:10AAA00080BD00BFE04A0020F44A0020E44A0020B4
:10AAB000D84A0020E84A0020EC4A002080B586B041
:10AAC00000AF78607B687B617B68002B4FD00823E8
:10AAD0005B427A6913447B617B693B613B695A68DD
:10AAE000254B1B681340002B0BD14FF0500383F311
:10AAF0001188BFF36F8FBFF34F8FFB6000BF00BFA4
:10AB0000FDE73B691B68002B0BD04FF0500383F32C
:10AB10001188BFF36F8FBFF34F8FBB6000BF00BFC3
:10AB2000FDE73B695A68144B1B681340002B1ED08D
:10AB30003B691B68002B1AD13B695A680E4B1B6896
:10AB4000DB431A403B695A60FEF720FD3B695A68B7
:10AB50000A4B1B681344094A1360386900F074F803
:10AB6000074B1B680133064A1360FEF71DFD00BF4B
:10AB70001837BD4680BD00BFF44A0020E44A0020DB
:10AB8000F04A002080B485B000AF44F2B873BB60D7
:10AB9000274BFB60FB6803F00703002B0CD0FB681E
:10ABA0000733FB60FB6823F00703FB60BA68FB68B0
:10ABB000D31A1F4A1344BB60FB687B601D4A7B6845
:10ABC00013601C4B00225A607B68BA681344FB6018
:10ABD0000822FB689B1AFB60FB6823F00703FB60FD
:10ABE000FB68154A1360144B1B6800225A60124B15
:10ABF0001B6800221A607B683B603B68FA68D21AC7
:10AC00003B685A600C4B1A683B681A603B685B688B
:10AC10000A4A13603B685B68094A1360094B4FF0AE
:10AC200000421A6000BF1437BD465DF8047B7047D0
:10AC300020030020D84A0020E04A0020E84A0020F3
:10AC4000E44A0020F44A002080B485B000AF786068
:10AC5000284BFB6002E0FB681B68FB60FB681B681D
:10AC60007A689A42F7D8FB68BB60FB685B68BA6891
:10AC700013447A689A4208D1FB685A687B685B681B
:10AC80001A44FB685A60FB687B607B68BB607B682A
:10AC90005B68BA681A44FB681B689A4218D1FB6863
:10ACA0001A68154B1B689A420DD07B685A68FB687E
:10ACB0001B685B681A447B685A60FB681B681A68EB
:10ACC0007B681A6008E00C4B1A687B681A6003E026
:10ACD000FB681A687B681A60FA687B689A4202D03F
:10ACE000FB687A681A6000BF1437BD465DF8047BC4
:10ACF000704700BFD84A0020E04A002080B485B0E9
:10AD000000AFF860B9607A60FB68043BFB60FB68E9
:10AD10004FF080721A60FB68043BFB60BB6823F055
:10AD20000102FB681A60FB68043BFB600C4AFB688D
:10AD30001A60FB68143BFB607A68FB681A60FB686A
:10AD4000043BFB60FB686FF002021A60FB68203B6B
:10AD5000FB60FB6818461437BD465DF8047B7047FE
:10AD600065AD010880B485B000AF00237B60134B54
:10AD70001B68B3F1FF3F0BD04FF0500383F31188F2
:10AD8000BFF36F8FBFF34F8FFB6000BF00BFFDE7C6
:10AD90004FF0500383F31188BFF36F8FBFF34F8FD2
:10ADA000BB6000BF00BF7B68002BFCD000BF00BFB2
:10ADB0001437BD465DF8047B704700BF6800002073
:10ADC000074B19680868B0E8F04F80F30988BFF3B3
:10ADD0006F8F4FF0000080F311887047AFF3008051
:10ADE000F401002000BF00BF08480068006880F33D
:10ADF00008884FF0000080F3148862B661B6BFF394
:10AE00004F8FBFF36F8F00DF00BF00BF08ED00E082
:10AE100080B586B000AF474B1B68474A93420BD1C1
:10AE20004FF0500383F31188BFF36F8FBFF34F8F41
:10AE3000FB6000BF00BFFDE73E4B1B683F4A9342EB
:10AE40000BD14FF0500383F31188BFF36F8FBFF323
:10AE50004F8F3B6100BF00BFFDE7394B7B617B69D2
:10AE60001B78DBB27B607B69FF221A707B691B78E1
:10AE7000DBB2FB70FB78DBB203F05003DAB2314B8C
:10AE80001A70314B07221A6009E02F4B1B68013BF7
:10AE90002D4A1360FB78DBB25B00DBB2FB70FB7802
:10AEA000DBB203F08003802BEFD0274B1B68C3F18C
:10AEB0000703042B0BD04FF0500383F31188BFF32B
:10AEC0006F8FBFF34F8FBB6000BF00BFFDE71E4B0E
:10AED0001B681B021C4A13601B4B1B6803F4E063D6
:10AEE000194A13607B68DAB27B691A70174B1B68CA
:10AEF000164A43F470031360144B1B68134A43F063
:10AF00007043136000F0DAF8114B00221A6000F071
:10AF1000F9F8104B1B680F4A43F040431360FFF7EA
:10AF200063FFFEF799FCFFF71DFF00231846183753
:10AF3000BD4680BD00ED00E071C20F4170C20F41FF
:10AF400000E400E0F84A0020FC4A002020ED00E088
:10AF50006800002034EF00E080B483B000AF4FF011
:10AF6000500383F31188BFF36F8FBFF34F8F7B6064
:10AF700000BF104B1B6801330E4A13600D4B1B685A
:10AF8000012B10D10C4B1B68DBB2002B0BD04FF008
:10AF9000500383F31188BFF36F8FBFF34F8F3B6074
:10AFA00000BF00BFFDE700BF0C37BD465DF8047B66
:10AFB000704700BF6800002004ED00E080B483B05B
:10AFC00000AF124B1B68002B0BD14FF0500383F3E3
:10AFD0001188BFF36F8FBFF34F8F7B6000BF00BF3F
:10AFE000FDE70A4B1B68013B084A1360074B1B68CF
:10AFF000002B05D100233B603B6883F3118800BF21
:10B0000000BF0C37BD465DF8047B70476800002028
:10B01000EFF30980BFF36F8F154B1A681EF0100F06
:10B0200008BF20ED108A20E9F04F106009B44FF0FE
:10B03000500080F31188BFF34F8FBFF36F8FFEF77F
:10B040000BFC4FF0000080F3118809BC19680868F8
:10B05000B0E8F04F1EF0100F08BFB0EC108A80F37C
:10B060000988BFF36F8F7047AFF30080AFF30080A4
:10B07000F401002000BF00BF80B582B000AF4FF0E8
:10B08000500383F31188BFF36F8FBFF34F8F7B6043
:10B0900000BFFEF727FB0346002B03D0064B4FF003
:10B0A00080521A6000233B603B6883F3118800BF25
:10B0B00000BF0837BD4680BD04ED00E080B400AF9E
:10B0C0000B4B00221A600B4B00221A600A4B1B68C4
:10B0D0000A4AA2FB03239B09094A013B1360044B64
:10B0E00007221A6000BFBD465DF8047B704700BFB1
:10B0F00010E000E018E000E05C000020D34D62109A
:10B1000014E000E0DFF80C00016841F47001016018
:10B11000704700BF88ED00E080B485B000AFEFF36A
:10B120000583FB60FB680F2B15D9184AFB68134495
:10B130001B78FB72164B1B78FA7A9A420BD24FF0AF
:10B14000500383F31188BFF36F8FBFF34F8F7B6082
:10B1500000BF00BFFDE70F4B1B6803F4E0620E4B1E
:10B160001B689A420BD94FF0500383F31188BFF349
:10B170006F8FBFF34F8F3B6000BF00BFFDE700BF85
:10B180001437BD465DF8047B704700BFF0E300E074
:10B19000F84A00200CED00E0FC4A002080B582B0A7
:10B1A00000AF7860391D4FF0FF3301220648FBF7EE
:10B1B00047FF0346002B02D04FF0FF3300E07B68CF
:10B1C00018460837BD4680BDC05A002080B500AF84
:10B1D000F9F710FA00F000F900F07AFA03F052FCE7
:10B1E00003F03CFD03F0C0FD03F0F4FD04F006F8AD
:10B1F00004F004FA04F02CFA04F078FA03F0B0FF3B
:10B2000003F018FF04F07EF803F01AFE07F030FA9E
:10B2100003F0EEFC062008F07DFE0120F9F72CFA81
:10B2200008F0F6FE0120F9F727FA0021022003F0CA
:10B2300081FB012201215748F8F7CCFF002000F0E4
:10B2400049FD554B9B79DBB2012B02D104F090FBF9
:10B2500001E004F0FDF901224FF480414F48F8F776
:10B26000B9FF4D4B5B7BDBB2022B26D0022B34DCCB
:10B27000002B02D0012B10D02FE0012204214848DE
:10B28000F8F7A8FF012208214548F8F7A3FF01229B
:10B2900001214048F8F79EFF20E0012204214048A8
:10B2A000F8F798FF002208213D48F8F793FF0122A4
:10B2B00001213848F8F78EFF10E0002204213848B9
:10B2C000F8F788FF002208213548F8F783FF0122AC
:10B2D00001213048F8F77EFF00E000BF3148F6F763
:10B2E0001BF92D4B9B79DBB2032B08D101222E4990
:10B2F0002E48FBF766FF2E4B274A1A600DE0264BBF
:10B300009B79DBB2022B08D104F08CFB05F0DAFE4E
:10B31000012228492548FBF754FF012226492748E6
:10B32000FBF74FFF012226492648FBF74AFF002181
:10B330002548F6F7DDFA04212348F6F7D9FA082163
:10B340002148F6F7D5FA0C211F48F6F7D1FA00216B
:10B350001E48F6F7ABF904211C48F6F7A7F90020C0
:10B3600006F016FB1A4807F032F94FF47A70F9F735
:10B3700083F9002006F00CFB164807F028F94FF47B
:10B380007A70F9F779F900F0BDFFFFF733F900BFE4
:10B39000FDE700BF00040240044B0020000802400B
:10B3A0000010024070530020D85D0020785A002021
:10B3B00000600020A05B0020604B0020C05A0020ED
:10B3C0006B4D0020085B002028530020B85300205C
:10B3D0002C8A02082C94020880B594B000AF07F1C3
:10B3E0002003302200211846F5F7AAFD07F10C03CF
:10B3F00000221A605A609A60DA601A610023BB600A
:10B40000284B1B6C274A43F080531364254B1B6C5D
:10B4100003F08053BB60BB6800237B60224B1B683A
:10B42000214A43F4804313601F4B1B6803F480439D
:10B430007B607B6802233B620123FB6210233B633A
:10B440000223BB630023FB6308233B64A8237B64C4
:10B450000223BB640423FB6407F120031846F7F7BB
:10B460003FFF0346002B01D000F02CF90F23FB60B7
:10B4700002233B6100237B614FF4A053BB614FF477
:10B480008053FB6107F10C0305211846F8F7A0F97A
:10B490000346002B01D000F015F900BF5037BD4620
:10B4A00080BD00BF003802400070004080B483B00F
:10B4B00000AF78607B681B68184A934227D17B688D
:10B4C0001B7F012B05D1164B5B8901339AB2144BBC
:10B4D0005A817B681B7F022B05D1114B9B8901335D
:10B4E0009AB20F4B9A817B681B7F042B05D10C4BC2
:10B4F000DB8901339AB20A4BDA817B681B7F082B08
:10B5000005D1074B1B8A01339AB2054B1A8200BF43
:10B510000C37BD465DF8047B704700BF000001405A
:10B52000A44D002080B582B000AF78607B681B68B6
:10B530005E4A934201D1F9F77FF87B681B68B3F14B
:10B54000804F40F0AE805A4B9B79DBB2012B2AD161
:10B55000584B5B8AB3F57A7F1FD3574B5B79DBB2CD
:10B56000002B1AD0544B5B79DBB23C2B15D8524BD5
:10B570005B79DBB2013BDAB24F4B5A714E4B5B79D0
:10B58000DBB2002B03D14A4B00229A7101E04A4BF7
:10B590005B79484B00225A8205E0464B5B8A0133B7
:10B5A0009AB2444B5A82434B1B78012B15D1414B25
:10B5B0005B88B3F5967F0AD33E4B00225A803F4BFF
:10B5C0000022A3F83C223B4B00221A7005E0394BC5
:10B5D0005B8801339AB2374B5A80364B5B79012B2B
:10B5E00018D1344BDB88B3F5967F0DD3314B002255
:10B5F000DA80324B002283F81422314B00221A7079
:10B600002C4B00225A7105E02A4BDB8801339AB299
:10B61000284BDA80274B1B89B3F57A7F3BD3254B28
:10B620005B895B089BB21A461201D31A9B009AB23F
:10B63000214B1A821F4B00225A811E4B9B895B08AB
:10B640009BB21A461201D31A9B009AB21A4B5A8225
:10B65000184B00229A81174BDB895B089BB21A4674
:10B660001201D31A9B009AB2134B9A82114B0022FB
:10B67000DA81104B1B8A5B089BB21A461201D31A5F
:10B680009B009AB20C4BDA820A4B00221A82094BB9
:10B6900000221A8105E0074B1B8901339AB2054B42
:10B6A0001A8100BF0837BD4680BD00BF00100040B2
:10B6B000244B0020A44D0020344B0020604B002080
:10B6C000544B002080B400AF72B600BF00BFFDE74E
:10B6D00080B58CB000AF07F11C0300221A605A60DD
:10B6E0009A60DA601A610023BB61934B1B6B924A2C
:10B6F00043F010031363904B1B6B03F01003BB610B
:10B70000BB6900237B618C4B1B6B8B4A43F00403AA
:10B710001363894B1B6B03F004037B617B6900237C
:10B720003B61854B1B6B844A43F080031363824B60
:10B730001B6B03F080033B613B690023FB607E4B86
:10B740001B6B7D4A43F0010313637B4B1B6B03F0C0
:10B750000103FB60FB680023BB60774B1B6B764AE1
:10B7600043F002031363744B1B6B03F00203BB60D3
:10B77000BB6800237B60704B1B6B6F4A43F0080370
:10B7800013636D4B1B6B03F008037B607B68002227
:10B790003C216A48F8F71EFD00224FF480416848BA
:10B7A000F8F718FD002249F603116648F8F712FD74
:10B7B000002201216448F8F70DFD00224CF29F3170
:10B7C0006248F8F707FD3C23FB6101233B6201233C
:10B7D0007B620023BB6207F11C0319465748F8F748
:10B7E00049FA4FF40053FB6100233B6202237B6262
:10B7F00007F11C0319465248F8F73CFA4FF480430E
:10B80000FB6101233B6201237B620023BB6207F1E2
:10B810001C0319464A48F8F72DFA0A23FB61032353
:10B820003B6200237B6207F11C0319464448F8F78A
:10B8300021FA40F20313FB6101233B6200237B6288
:10B840000023BB6207F11C0319463E48F8F712FAC1
:10B850000123FB6101233B6201237B620323BB6263
:10B8600007F11C0319463848F8F704FA41F20603B9
:10B87000FB6100233B6201237B6207F11C03194635
:10B880003148F8F7F7F94FF4C073FB6100233B62CE
:10B8900001237B6207F11C0319462848F8F7EAF9EF
:10B8A0004CF29E33FB6101233B6201237B62002348
:10B8B000BB6207F11C0319462448F8F7DBF94FF483
:10B8C0000063FB6101233B6201237B6207F11C03E0
:10B8D00019461C48F8F7CEF94FF48053FB61012359
:10B8E0003B6201237B620223BB6207F11C03194602
:10B8F0001448F8F7BFF94FF40043FB6101233B62A2
:10B9000001237B620023BB6207F11C0319460D482B
:10B91000F8F7B0F90123FB6101233B6201237B624D
:10B920000323BB6207F11C0319460848F8F7A2F984
:10B9300000BF3037BD4680BD0038024000100240D5
:10B94000000802400000024000040240000C0240D7
:10B9500080B483B000AF0346FB710E4B1B78DBB2A3
:10B96000012B0ED10C4B1B78DBB2FA799A4208D12D
:10B970000A4B1B78DAB20A4B1B789A4201D1012399
:10B9800000E00023DBB218460C37BD465DF8047BAF
:10B99000704700BF554B00206C000020574B002023
:10B9A000D84D002080B483B000AF0346FB710A4B32
:10B9B0001B78DBB2012B07D1084B1B78DBB2FA797D
:10B9C0009A4201D1012300E00023DBB218460C3774
:10B9D000BD465DF8047B7047584B00206D00002089
:10B9E00080B485B000AF0346FB71FB79002B01D119
:10B9F00000231BE0FB79632B03D90F4B9B8A9BB27F
:10BA000014E00D4B1B8A9BB21A46FB7902FB03F331
:10BA1000FB60094B9B8A9BB21A46FB68934203D991
:10BA2000054B9B8A9BB2FB60FB689BB218461437A0
:10BA3000BD465DF8047B7047044B002080B586B09E
:10BA400000AFF8607A603B600B467B81F8F708FE38
:10BA50007861FB681A697B891340002B04D07B68EE
:10BA600000221A70002321E07B681B78002B0AD18A
:10BA70007B6801221A703B687A691A603B6A7A69AE
:10BA80001A60012312E03B681B687A69D31AB3F588
:10BA9000167F0AD33B6A1B687A69D31A4F2B04D9E5
:10BAA0003B6A7A691A60012300E0002318461837C0
:10BAB000BD4680BD80B582B000AF03460A46FB712B
:10BAC0001346BB71FA79BB799A4239D01E4B0022DA
:10BAD0005A70FB79022B08D0BB79022B05D0FB7979
:10BAE000032B02D0BB79032B08D1FB79022B01D1A8
:10BAF00005F0FEFABB79184603F0C8FFBB79012BAD
:10BB00000DD11248FBF76AFA0346002B01D103F06E
:10BB10002FFF01220E490D48FBF753FB11E0FB7983
:10BB2000012B0ED10948FBF759FA0346002B01D12E
:10BB300003F08EFD012206490448FBF742FB00E0BA
:10BB400000BF0837BD4680BD344B0020C05A0020DE
:10BB5000604B002080B582B000AF0346FB71FB79DB
:10BB6000012B15D1184B1B8A9AB2174B5B8A9BB2DB
:10BB70009A4207D2144B1B8A9BB201339AB2124BE2
:10BB80001A8215E0104B5B8A9AB20F4B1A820FE0B3
:10BB90000D4B1B8A9BB2012B07D90B4B1B8A9BB207
:10BBA000013B9AB2084B1A8202E0074B01221A822B
:10BBB000054B1B8A9BB21946022002F0BBFE00BF58
:10BBC0000837BD4680BD00BF044B002080B582B061
:10BBD00000AF0346FB71FB79012B16D11C4B9B8AEE
:10BBE0009BB20A331A4AD28A92B2934205D3184BB7
:10BBF000DB8A9AB2164B9A821EE0154B9B8A9BB247
:10BC00000A339AB2124B9A8216E0114B9B8A9BB26E
:10BC10001A460F4B5B8A9BB20A339A4207D90C4BE8
:10BC20009B8A9BB20A3B9AB2094B9A8204E0084B6A
:10BC30005B8A9AB2064B9A826420FFF7D1FE0346D4
:10BC40001946022002F076FE00BF0837BD4680BDCF
:10BC5000044B002080B400AF1D4B1B79DBB2062BD8
:10BC600030D801A252F823F085BC010885BC010838
:10BC7000C5BC010895BC010895BC0108A5BC01081C
:10BC8000B5BC0108124B4FF42F629A82104B1C2254
:10BC90001A8218E00E4B40F6F6129A820C4B1922CB
:10BCA0001A8210E00A4B40F692129A82084B182230
:10BCB0001A8208E0064B4FF416629A82044B18224F
:10BCC0001A8200E000BF00BFBD465DF8047B7047EC
:10BCD000044B002080B582B000AF0346FB71FB79B6
:10BCE000012B01D1FFF7B6FF3220FFF779FE0346A3
:10BCF0001A464C4B5A824B4B1B79DBB2062B00F297
:10BD00008B8001A252F823F025BD01084FBD010828
:10BD100019BE01086DBD010897BD0108C5BD010828
:10BD2000EFBD01083F4B41F61462DA813D4B41F211
:10BD30004462DA823B4BDB899BB21946012002F058
:10BD4000F9FD002220213848F8F744FA65E0354B28
:10BD500041F61462DA81334B41F24462DA82314BAC
:10BD6000DB899BB2184604F093FD56E02D4B41F25F
:10BD7000EC32DA812B4B40F63C72DA82294BDB89BC
:10BD80009BB21946012002F0D5FD01222021264850
:10BD9000F8F720FA41E0234B41F2EC32DA81214BF3
:10BDA00040F63C72DA821F4BDB899BB2184604F0E6
:10BDB0006FFD4FF47A70F8F75FFC0021022002F06B
:10BDC000B9FD2AE0174B41F6B642DA81154B40F631
:10BDD0009212DA82134BDB899BB21946012002F0E2
:10BDE000A9FD012220211048F8F7F4F915E00D4BC8
:10BDF00041F6B642DA810B4B4FF41662DA82094BF8
:10BE0000DB899BB21946012002F094FD012220211A
:10BE10000548F8F7DFF900E000BF00BF0837BD466E
:10BE200080BD00BF044B00200010024080B500AF71
:10BE30001E4B1B8A9BB21E4AA2FB03235B099BB2CB
:10BE4000DBB21946102008F0B5F8184B1B8A9BB2DC
:10BE5000174AA2FB03125209642101FB02F29B1A4A
:10BE60009BB2DBB21946112008F0A4F80F4B9B8A55
:10BE70009BB20F4AA2FB03235B099BB2DBB21946BC
:10BE8000122008F097F8094B9B8A9BB2084AA2FB44
:10BE900003125209642101FB02F29B1A9BB2DBB22E
:10BEA0001946132008F086F800BF80BD044B00201F
:10BEB0001F85EB5180B584B000AF0346FB80FB8843
:10BEC000002B13D1012201212248F8F783F9224BDC
:10BED0001B6800229A63214B00221A80204B00220B
:10BEE0001A60204B4FF00002DA612EE01B4B1B88DA
:10BEF000002B19D11C4B1B68002B06D0F8F7B0FBA8
:10BF00000246194B1B68D31A00E00023FB60FB6854
:10BF1000FF2B02D8FB68D9B200E0FF21FB884FF469
:10BF20002F720D2003F016FB0B4B1B68FA889A63E7
:10BF30000A4AFB881380F8F793FB0346084A13600C
:10BF4000002201210348F8F745F900BF1037BD462C
:10BF500080BD00BF00040240B8530020B84D00204F
:10BF6000D44D0020344B0020C04D002080B584B05B
:10BF700000AF0346FB710F4B1B78FB73FB79184630
:10BF800004F0AAFD0B4B1B78DBB2FA7B9A420CD073
:10BF9000084B1B78DAB2084B1A70084AFB79137009
:10BFA000F8F75EFB0346064A136000BF1037BD4634
:10BFB00080BD00BF564B0020D84D00206E000020F1
:10BFC000CC4D002080B582B000AF0346FB71FB79F9
:10BFD0001846FFF7BDFC0346002B13D1FB7918462A
:10BFE000FFF7E0FC0346002B0CD1F8F739FB0246C3
:10BFF000064B1B68D31A952B05D9FB791846FFF71A
:10C00000B5FF00E000BF0837BD4680BDCC4D002025
:10C0100080B500AF0F4B1B78DBB2002B14D104F0BE
:10C020007FFC0346002B11D0F8F71AFB02460A4B9F
:10C030001B68D31AC72B0BD9F8F712FB0346064A25
:10C04000136004F0EDFC04E000BF02E000BF00E07C
:10C0500000BF80BD544B0020D04D002080B500AF04
:10C060000020FFF727FF0120FFF780FFF8F7F8FA1D
:10C070000346084A1360084B00221A60074B00224F
:10C080001A60074B00221A60064B01221A7000BF8B
:10C0900080BD00BFC84D0020BC4D0020C04D002019
:10C0A000D04D0020DC4D002080B500AF0120FFF70F
:10C0B00089FFFFF7ADFF0120FFF74AFC0346002B85
:10C0C00005D10120FFF76EFC0346002B01D00123B0
:10C0D00000E00023DBB2184680BD000080B582B0CE
:10C0E00000AFF8F7BDFA0246104B1B68D31A7B600D
:10C0F0007B68632B01D8002314E00020FFF762FF68
:10C10000FFF786FF0020FFF723FC0346002B05D135
:10C110000020FFF747FC0346002B01D0012300E07D
:10C120000023DBB218460837BD4680BDBC4D002059
:10C1300080B500AF094B1B68002B01D100230BE039
:10C14000F8F78EFA0246054B1B68D31AB3F52F7F1A
:10C1500001D3012300E00023184680BDC04D00201C
:10C1600080B582B000AF274B1B88BB80264B1B8855
:10C17000002B25D0254B1A88234B1B889A421CD2B2
:10C18000234B1B8A9AB2214B1B881344FB801E4B06
:10C190001B88FA889A4202D91B4B1B88FB80FB88BC
:10C1A0001846FFF787FE194B1A88174B1B889A42CF
:10C1B00024D3154B00221A8020E0134B00221A8052
:10C1C000124B1B88002B0FD1114B1B8A9BB2BA88D4
:10C1D0009A4209D90C4ABB8813800D4B1B8A9BB22B
:10C1E0001846FFF767FE0AE0084B1B88BA889A4298
:10C1F00005D0BB881846FFF75DFE00E000BF08379A
:10C20000BD4680BDBA4D0020DA4D0020B84D00205B
:10C21000044B002080B400AF064B01221A70064B7D
:10C2200000221A60054B00221A8000BFBD465DF84F
:10C23000047B7047D94D0020C44D0020DA4D00200A
:10C2400080B500AF114B1B79DBB2042B01D0012369
:10C2500019E00F4B1B78032B01D0002313E00D4B8B
:10C260001B88002B01D100230DE004F059FB03468D
:10C27000002B06D0084B1B78DBB2002B01D1012329
:10C2800000E00023DBB2184680BD00BF044B002055
:10C29000DC4D0020BA4D0020544B002080B400AF8C
:10C2A00000BFBD465DF8047B704780B483B000AF2B
:10C2B0007860396000BF0C37BD465DF8047B70477D
:10C2C00080B400AF00BFBD465DF8047B704700003E
:10C2D00080B485B000AFF860B9607A60FB68074A47
:10C2E0001A60BB68064A1A607B6880221A6000BF29
:10C2F0001437BD465DF8047B704700BF004E002038
:10C30000784F0020B0B5ACB000AF0023C7F8A8301C
:10C310000023C7F8AC3007F1A8031846FEF75EFA11
:10C3200003463B4A13603B4B07F18C041D460FCD7F
:10C330000FC495E8070084E8070007F18C0300218B
:10C340001846FEF75EF90346334A1360334B07F194
:10C3500070041D460FCD0FC495E8070084E8070060
:10C3600007F1700300211846FEF74BF903462C4AEB
:10C3700013602C4B07F154041D460FCD0FC495E8F4
:10C38000070084E8070007F1540300211846FEF770
:10C3900038F90346244A1360244B07F138041D463C
:10C3A0000FCD0FC495E8070084E8070007F13803B4
:10C3B00000211846FEF725F903461D4A13601D4B60
:10C3C00007F11C041D460FCD0FC495E8070084E853
:10C3D000070007F11C0300211846FEF712F9034677
:10C3E000154A1360154B3C461D460FCD0FC495E80A
:10C3F000070084E807003B4600211846FEF701F9D4
:10C4000003460F4A136000BFB037BD46B0BD00BF42
:10C41000F84D00206C6F0208E04D0020946F020878
:10C42000E44D0020BC6F0208E84D0020E06F0208D8
:10C43000EC4D002008700208F04D00203470020816
:10C44000F44D002080B584B000AF78600023FB730A
:10C450000023BB60BB68002B17D0F8F701F9024638
:10C46000BB68D31A914A93420FD9914B00229A711B
:10C47000904B5B78DBB21846FFF7B2FA03461946D9
:10C48000022002F057FA0023BB60FB7B884A9279B6
:10C49000D2B2934231D0864B9B79DBB2002B14BFD2
:10C4A00001230023FB73824B9B79DBB2002B21D14C
:10C4B0007F4BDB79DBB2012B0ED17E4B0122DA7090
:10C4C0007C4B32225A703220FFF78AFA0346194613
:10C4D000022002F02FFA0AE0764B5B78DBB21846B6
:10C4E000FFF77EFA03461946022002F023FA0023E2
:10C4F000BB6002E0F8F7B4F8B8606F4B1B79DBB2B1
:10C50000012B04D06C4B1B79DBB2042B10D16B4B8D
:10C510001B78DBB2002B0BD1654B1B7BDBB2002BF6
:10C5200006D1FFF78DFE0346002B01D004F01CFA64
:10C53000604BDB889BB2604A927AD2B2934204D2BB
:10C540005B4B9B79DBB2012B1FD1594B01221A7235
:10C55000012210215A48F7F73DFE9620FEF79DF87C
:10C56000012208215648F7F735FE9620FEF795F888
:10C57000012204215248F7F72DFE9620FEF78DF890
:10C58000012202214E48F7F725FE4A4BDB889BB279
:10C59000494AD27AD2B293421BD8454B9B79DBB23F
:10C5A000002B16D1424B00221A720022102144485F
:10C5B000F7F710FE002208214148F7F70BFE002292
:10C5C00004213F48F7F706FE002202213C48F7F716
:10C5D00001FE384BDB889BB2374A527AD2B2934283
:10C5E0001BD3344B05221A70314B0122DA72304BC7
:10C5F0000022DA712E4B00229A712E4B0022DA7043
:10C600002C4B00225A702B4B00221A83FFF702FE9C
:10C610000021022002F08EF940E0264BDB889BB21D
:10C62000254A127AD2B2934202D8214B0022DA7202
:10C630001F4B9B79DBB2012B03D11E4B02221A70D8
:10C640002CE01B4B1B7ADBB2012B1BD1194B1B8A35
:10C650009BB2B3F57A6F11D9164B5B8A9BB2B3F5D7
:10C660007A6F0BD9134B9B8A9BB2B3F57A6F05D9BE
:10C67000104BDB8A9BB2B3F57A6F03D80D4B0622C1
:10C680001A700BE00B4B5B78DBB2002B03D1094B2C
:10C6900000221A7002E0074B01221A70102109488B
:10C6A000F7F7B1FDC820FDF7F8FFD3E6D04E09003B
:10C6B000244B0020344B0020044B0020004B002072
:10C6C000000C02400010024080B582B000AF002391
:10C6D000FB71B14B9B78A53B042B00F2898101A231
:10C6E00052F823F0F9C601089FC701089DC8010848
:10C6F000F1C90108ADC90108A74B5B791A46920040
:10C7000013441A4691001A460B4613449B00DAB2B2
:10C71000A14B9B79194689000B445B00DBB21344A3
:10C72000DAB29D4BDB791344DBB23033FB719B4BA8
:10C730009B79DBB2002B2AD1FB79642B0ED8984A67
:10C74000FB795370964B5B78DBB21846FFF748F9DC
:10C7500003461946022002F0EDF84BE1FB79914ABD
:10C76000A2FB03125209642101FB02F29B1ADBB205
:10C770000133DAB28A4B5A71884B01229A718A4B83
:10C78000DB8A9BB21946022002F0D4F832E1FB7931
:10C79000642B00F22F81824AFB7953702AE17E4B91
:10C7A0005B791A46920013445B00DAB27A4B9B79AC
:10C7B0001344DBB2103BDAB2774B83F80A227A4B90
:10C7C0005B78DAB2744B93F80A329A4264D8764BAB
:10C7D0005B78DBB29B0002336F4A13445B781A46E6
:10C7E000920013441A4691001A460B4613449B00CC
:10C7F000DAB26D4B5B78DBB29B00033366490B44C6
:10C800005B78194689000B445B00DBB21344DAB253
:10C81000654B5B78DBB201339B005F490B445B786F
:10C820001344DBB23033FB715C4B9B79DBB2002BE2
:10C830002AD1FB79642B0ED8594AFB795370584B97
:10C840005B78DBB21846FFF7CBF8034619460220A7
:10C8500002F070F8D0E0FB79524AA2FB03125209B1
:10C86000642101FB02F29B1ADBB20133DAB24C4BBA
:10C870005A714A4B01229A714B4BDB8A9BB2194683
:10C88000022002F057F8B7E0FB79642B00F2B48085
:10C89000434AFB795370AFE000BFADE03E4B5B799C
:10C8A0001A46920013445B00DAB23B4B9B79134467
:10C8B000DBB2103BDAB2384B83F809223A4B1B78D3
:10C8C000DAB2354B93F809329A4263D8364B1B786B
:10C8D000DBB29B000233304A13445B781A46920065
:10C8E00013441A4691001A460B4613449B00DAB2D1
:10C8F0002D4B1B78DBB29B00033327490B445B783D
:10C90000194689000B445B00DBB21344DAB2264BB4
:10C910001B78DBB201339B001F490B445B78134447
:10C92000DBB23033FB711D4B9B79DBB2002B2AD17C
:10C93000FB79642B0ED81A4AFB795370184B5B783D
:10C94000DBB21846FFF74CF803461946022001F007
:10C95000F1FF53E0FB79134AA2FB03125209642151
:10C9600001FB02F29B1ADBB20133DAB20C4B5A71B3
:10C970000A4B01229A710C4BDB8A9BB219460220AA
:10C9800001F0D8FF3AE0FB79642B37D8044AFB79F1
:10C99000537033E000BF31E0604B0020244B002097
:10C9A000344B00201F85EB51044B0020174B5B7963
:10C9B0001A46920013445B00DAB2144B9B7913447D
:10C9C000DBB2103BDAB2114B83F80922104B1B7813
:10C9D000DAB20E4B93F809329A4211D10D4B1B6813
:10C9E0009B680021184609F01DFC03F031FD07E0AB
:10C9F00000BF06E000BF04E000BF02E000BF00E0AF
:10CA000000BF00BF0837BD4680BD00BF604B00209F
:10CA1000044B00200C00002080B58AB000AF786184
:10CA20008F4B1B78DBB2012B08D18D4B00221A7083
:10CA3000A521152007F0BEFAF7F7D7FD894B9B79A2
:10CA4000DBB2032B16D110E0874B1B684FF0FF3190
:10CA50001846FDF7DBFE0346002B06D1FFF734FE38
:10CA6000814B1B681846FDF71FFF08F013FF0346B4
:10CA7000012BE9D004F0F8FC01F0F4FC7B4BDB7AED
:10CA8000DBB2012B02D17A4B00221A80754B9B79C5
:10CA9000DBB2012B05D0734B9B79DBB2022B40F04C
:10CAA0006B81724BDB7ADBB2002B40F065816F4B00
:10CAB000DB79DBB2002B40F05F816A4B1B7EDBB27F
:10CAC000012B40F047816A4B1B88BB834FF07E539C
:10CAD0003B62684B1B8B9AB2654B1B889A4207D905
:10CAE000644B1B8B9AB2624B1B88D31AFB8406E003
:10CAF0005F4B1A885F4B1B8B9BB2D31AFB84594B3D
:10CB00001B8A9BB2002B00F0C780564B1B8A9BB23E
:10CB1000FA8CB2FBF3F37B837B8B022B38D8554B1B
:10CB20001B8B9BB2002B30D0514B1B881A464D4BB0
:10CB30001B8A9BB21946322301FB03F39A4221DC84
:10CB40004B4B1B881946474B1B8A9BB21A46134610
:10CB50009B0013449A001344994210DC444B1B88F9
:10CB60001946404B1B8A9BB21A4613469B0013443E
:10CB70005B00994201DD404B05E0404B03E04FF084
:10CB80007C5300E03E4B3B6286E03E4B3B6283E0E1
:10CB90007B8B0A2B39D8374B1B8B9BB2002B31D0A8
:10CBA000334B1B881A462F4B1B8A9BB219463223E4
:10CBB00001FB03F39A4222DC2D4B1B881946294BBB
:10CBC0001B8A9BB21A4613469B0013449A001344D7
:10CBD000994212DC264B1B881946224B1B8A9BB2BA
:10CBE0001A4613469B0013445B00994202DD4FF046
:10CBF0007C5305E04FF07A5302E0214B00E0204BDC
:10CC00003B6249E01F4B3B6246E07B8B142B0BD809
:10CC1000184B1B8B9BB2002B03D04FF07E533B6213
:10CC20003AE0194B3B6237E07B8B322B0AD8114B31
:10CC30001B8B9BB2002B02D0124B3B622CE0134BA0
:10CC40003B6229E07B8B502B24D80A4B1B8B9BB279
:10CC5000002B02D00C4B3B621EE00D4B3B621BE0F5
:10CC600049540020044B0020F84D0020244B0020A4
:10CC700078510020344B00209A99993E0AD7A33D61
:10CC8000CDCC4C3F000040400000A0400000E04000
:10CC9000000020414F4B3B624F4B1B8A9BB207EE7B
:10CCA000903AB8EEE77AD7ED087A67EE277AFCEE8D
:10CCB000E77A17EE903AFB83FB8B002B01D101231F
:10CCC000FB83464B1B8B9AB2454B1B889A4217D964
:10CCD000424B1B8B9BB21A46414B1B88D21AFB8BD3
:10CCE0009A4205DA3D4B1B8B9AB23D4B1A8025E0E8
:10CCF0003B4B1A88FB8B13449AB2394B1A801DE0C8
:10CD0000364B1B8B9AB2364B1B889A4216D2344B49
:10CD10001B881A46314B1B8B9BB2D21AFB8B9A4253
:10CD200005DA2E4B1B8B9AB22D4B1A8006E02C4B4A
:10CD30001A88FB8BD31A9AB2294B1A80284B1B886E
:10CD4000BA8B9A4218D0264B1B881946022001F054
:10CD5000F1FD11E0214B1B8B9AB2214B1B889A42AB
:10CD60000AD01E4B1B8B9AB21D4B1A801C4B1B8882
:10CD70001946022001F0DEFD174B9B79DBB2032B35
:10CD800018D0184B5B79DBB2012B13D1164B1B6803
:10CD90004FF0FF311846FDF739FD0346002B09D14E
:10CDA000FFF792FC0F4B00225A710F4B1B6818467D
:10CDB000FDF77AFD084B9B79DBB2032B06D13B468E
:10CDC0000A2201211846FDF7BDFC29E60A20FDF7DD
:10CDD00064FC25E600002041044B0020344B002079
:10CDE00078510020244B0020F84D002080B58CB0F5
:10CDF00002AF7860002387F82730002387F82630B9
:10CE0000002387F82530002387F820300023FB77A4
:10CE10000023BB6100237B6100233B610023FB6097
:10CE2000AC4B1B7BDBB2002B03D0012B00F0C2808C
:10CE3000C3E04FF4FA630093322300224FF4005111
:10CE4000A54801F009FA034687F8273097F82730FC
:10CE5000022B51D1A14B1B78DBB2032B3CD09F4B53
:10CE60001B78DBB2042B37D09C4B1B78DBB2052B35
:10CE700032D09B4BDB79DBB2012B12D1984B0022D5
:10CE8000DA71964B0022DA70944B00225A70944B60
:10CE900000229A71FFF7BEF90021022001F04AFD3D
:10CEA00087E08F4B0122DA7101224FF480418A48DA
:10CEB000F7F790F9894B0122DA70884B32225A70C9
:10CEC000874B00229A713220FEF78AFD03461946ED
:10CED000022001F02FFD6CE0814B0022DA717F4BC4
:10CEE0000022DA707D4B00225A70FFF793F900217F
:10CEF000022001F01FFD5FE097F82730012B53D18E
:10CF0000774BDB79DBB2012B56D1744BDB78DBB28C
:10CF10000133DAB2714BDA70704BDB78DBB2032B82
:10CF20002CD0032B42DC012B02D0022B0FD03DE092
:10CF30006A4B32225A706A4B00229A713220FEF7F5
:10CF40004FFD03461946022001F0F4FC31E0634B2B
:10CF500064225A70624B00229A716420FEF740FDF1
:10CF600003461946022001F0E5FC5A4B1B79DBB25F
:10CF7000052B1DD1594B0022DA7019E0554BDB7897
:10CF8000DAB2564B5A71534BDB8A9BB219460220D8
:10CF900001F0D0FC514B00225A70504B0022DA7045
:10CFA0004F4B01229A7104E000BF05E000BF03E08F
:10CFB00000BF01E000BF00E000BF4A4B1B78DBB2BE
:10CFC000082B00F27D8701A252F823F0F1CF01086F
:10CFD0004BD00108F5D001087FD1010809D2010822
:10CFE00053D4010853D7010899D9010831DC01084D
:10CFF0004FF4FA630093142300224FF480713A48EF
:10D0000001F02AF9034687F8273097F82730012BDB
:10D010000CD1344B9B78DBB2002B02D1314B012277
:10D020001A70304B00229A7000F06BBF97F82730CF
:10D03000022B07D12B4B04221A702C4B01221A70A1
:10D0400000F05FBF00BF00F05CBF4FF4FA630093D5
:10D05000142300224FF48071234801F0FDF80346A9
:10D0600087F8273097F82730012B02D11D4B00227B
:10D070001A70184B9B79DBB2032B40F023874FF4D7
:10D08000FA630093142300220421194801F0E4F804
:10D09000034687F826304FF4FA63009314230022E6
:10D0A0008021114801F0D8F8034687F8253097F819
:10D0B0002630012B04D10B4B03221A7000F004BF61
:10D0C00097F82530012B40F0FF86064B02221A709C
:10D0D00000F0FABE044B002000080240344B002050
:10D0E000244B0020004B002000100240204B002069
:10D0F000000402404FF4FA630093142300224FF41B
:10D100008071B44801F0A8F8034687F8273097F8F3
:10D110002730012B02D1B04B00221A70AF4B9B7904
:10D12000DBB2032B40F0D2864FF4FA630093142352
:10D1300000220421AA4801F08FF8034687F8263020
:10D140004FF4FA630093142300228021A14801F0D8
:10D1500083F8034687F8253097F82630012B04D151
:10D160009D4B01221A7000F0B3BE97F82530012BB9
:10D1700040F0AE86984B03221A7000F0A9BE4FF41F
:10D18000FA630093142300224FF48071914801F058
:10D1900063F8034687F8273097F82730012B02D130
:10D1A0008D4B00221A708D4B9B79DBB2032B40F024
:10D1B0009B864FF4FA6300931423002204218848CD
:10D1C00001F04AF8034687F826304FF4FA630093DB
:10D1D0001423002280217F4801F03EF8034687F89F
:10D1E000253097F82630012B04D17B4B02221A7090
:10D1F00000F07CBE97F82530012B40F07786764B07
:10D2000001221A7000F072BE4FF4FA6300931423E7
:10D2100000224FF480716F4801F01EF8034687F832
:10D22000273097F82730022B22D16C4B1B78DBB2CA
:10D230001946012006F0BEFE684B5B78DBB219464A
:10D24000022006F0B7FE654B9B78DBB2194603203F
:10D2500006F0B0FE614BDB78DBB21946042006F025
:10D26000A9FE5D4B01229A705B4B00221A700BE005
:10D2700097F82730012B06D1574B05221A70594BCE
:10D2800005221A7000E000BF4FF4FA6300931423E4
:10D2900000220221524800F0DFFF034687F82730C2
:10D2A00097F82730012B13D14E4B1B78DBB2132B91
:10D2B00007D84C4B1B78DBB21433DAB2494B1A70E7
:10D2C00006E0484B1B78DBB2143BDAB2454B1A70D0
:10D2D0004FF4FA6300931423002280213D4800F0AC
:10D2E000BBFF034687F8273097F82730012B48D13A
:10D2F0003C4B1B78DBB2132B10D83A4B1B78DBB2BC
:10D30000012B03D8374B04221A703AE0354B1B78B7
:10D31000DBB2013BDAB2334B1A7032E0314B1B788F
:10D32000DBB2153B032B2BD801A252F823F000BF30
:10D3300041D3010851D3010861D3010871D3010819
:10D34000264B1B78DBB20133DAB2244B1A7018E09B
:10D35000224B5B78DBB20133DAB2204B5A7010E01B
:10D360001E4B9B78DBB20133DAB21C4B9A7008E09B
:10D370001A4BDB78DBB20133DAB2184BDA7000E01B
:10D3800000BF4FF4FA6300931423002204211448D1
:10D3900000F062FF034687F8273097F82730012B0B
:10D3A00040F0A6850F4B1B78DBB2132B1CD80D4B1E
:10D3B0001B78DBB2032B04D90A4B01221A7000F050
:10D3C00097BD084B1B78DBB20133DAB2054B1A70FC
:10D3D00000F08EBD00100240004B0020044B0020E6
:10D3E00000040240204B0020AF4B1B78DBB2153B02
:10D3F000032B2BD801A252F823F000BF0DD4010853
:10D400001DD401082DD401083DD40108A74B1B7879
:10D41000DBB2013BDAB2A54B1A7018E0A34B5B7884
:10D42000DBB2013BDAB2A14B5A7010E09F4B9B7804
:10D43000DBB2013BDAB29D4B9A7008E09B4BDB7884
:10D44000DBB2013BDAB2994BDA7000E000BF00F0CA
:10D450004FBD4FF4FA630093142300224FF4807100
:10D46000934800F0F9FE034687F8273097F82730F5
:10D47000022B2FD18F4B5B7BDBB2012B07D101201D
:10D48000FEF728FCFEF7D2FC8A4B00225A73874B2A
:10D490001B79DBB21946052006F08CFD834B5B79C6
:10D4A000DBB21946062006F085FD804B9B79DBB286
:10D4B0001946072006F07EFD7C4BDB79DBB219466E
:10D4C000082006F077FD7C4B01229A707A4B0022EF
:10D4D0001A700BE097F82730012B06D1764B062205
:10D4E0001A70714B09221A7000E000BF4FF4FA6302
:10D4F0000093142300220221704800F0ADFE034681
:10D5000087F8273097F82730012B13D1664B1B780B
:10D51000DBB2132B07D8644B1B78DBB21433DAB2BF
:10D52000614B1A7006E0604B1B78DBB2143BDAB239
:10D530005D4B1A704FF4FA6300931423002280218C
:10D540005B4800F089FE034687F8273097F82730BC
:10D55000012B6FD1544B1B78DBB2132B10D8524BDD
:10D560001B78DBB2052B03D84F4B08221A7061E001
:10D570004D4B1B78DBB2013BDAB24B4B1A7059E0D2
:10D58000494B1B78DBB2193B032B50D801A252F850
:10D5900023F000BFA5D50108E3D50108EBD50108AC
:10D5A00027D60108414B1B7987F823303F4B1B7965
:10D5B000DBB2042B03D93D4B00221A7106E03B4B32
:10D5C0001B79DBB20133DAB2384B1A71374B1B7956
:10D5D000DBB297F823209A422BD0364B01225A73A4
:10D5E00027E0324B6E225A7124E0304B9B7987F84A
:10D5F00024302E4B9B79DBB2022B03D92B4B00221C
:10D600009A7106E0294B9B79DBB20133DAB2274BE2
:10D610009A71264B9B79DAB297F824301146184656
:10D62000FEF748FA06E0214B0122DA7102E000BF62
:10D6300000E000BF4FF4FA6300931423002204219A
:10D640001E4800F009FE034687F8273097F8273078
:10D65000012B40F04F84144B1B78DBB2132B12D8F4
:10D66000114B1B78DBB2072B04D90F4B05221A7024
:10D6700000F040BC0C4B1B78DBB20133DAB20A4B32
:10D680001A7000F037BC084B1B78DBB2193B032B38
:10D690005BD801A252F823F0C1D60108FFD60108D9
:10D6A00007D7010843D70108204B0020044B002076
:10D6B00000100240244B0020004B002000040240D8
:10D6C000AA4B1B7987F82130A84B1B79DBB2002BC2
:10D6D00003D1A64B05221A7106E0A44B1B79DBB2DD
:10D6E000013BDAB2A14B1A71A04B1B79DBB297F860
:10D6F00021209A422BD09E4B01225A7327E09B4B4C
:10D70000DC225A7124E0994B9B7987F82230974BA1
:10D710009B79DBB2002B03D1944B03229A7106E074
:10D72000924B9B79DBB2013BDAB2904B9A718F4BF3
:10D730009B79DAB297F8223011461846FEF7BAF90B
:10D7400006E08A4B0022DA7102E000BFD2E300BF9C
:10D75000D0E34FF4FA630093142300224FF4807156
:10D76000844800F079FD034687F8273097F8273082
:10D77000022B22D17D4B1B7ADBB21946092006F021
:10D7800019FC7A4B5B7ADBB219460A2006F012FCD0
:10D79000764B9B7ADBB219460B2006F00BFC734BE1
:10D7A000DB7ADBB219460C2006F004FC724B012236
:10D7B0009A70714B00221A700BE097F82730012BFA
:10D7C00006D16D4B07221A706C4B0D221A7000E0C7
:10D7D00000BF4FF4FA63009314230022022168482B
:10D7E00000F03AFD034687F8273097F82730012BE1
:10D7F00013D1624B1B78DBB2132B07D85F4B1B781E
:10D80000DBB21433DAB25D4B1A7006E05B4B1B7867
:10D81000DBB2143BDAB2594B1A704FF4FA6300933F
:10D82000142300228021534800F016FD034687F898
:10D83000273097F82730012B47D1504B1B78DBB2AC
:10D84000132B10D84D4B1B78DBB2092B03D84B4B55
:10D850000C221A7039E0494B1B78DBB2013BDAB27B
:10D86000464B1A7031E0454B1B78DBB21D3B032B56
:10D870002AD801A252F823F089D8010899D80108C2
:10D88000A9D80108B9D80108384B1B7ADBB201339B
:10D89000DAB2364B1A7218E0344B5B7ADBB20133E2
:10D8A000DAB2324B5A7210E0304B9B7ADBB2013362
:10D8B000DAB22E4B9A7208E02C4BDB7ADBB20133E2
:10D8C000DAB22A4BDA7200E000BF4FF4FA63009339
:10D8D0001423002204212A4800F0BEFC034687F8E6
:10D8E000273097F82730012B40F00683234B1B7815
:10D8F000DBB2132B10D8214B1B78DBB20B2B03D9D7
:10D900001E4B09221A70F7E21C4B1B78DBB2013365
:10D91000DAB21A4B1A70EFE2184B1B78DBB21D3BE0
:10D92000032B37D801A252F823F000BF3DD90108DC
:10D930004DD901085DD9010885D901080B4B1B7A27
:10D94000DBB2013BDAB2094B1A7224E0074B5B7A77
:10D95000DBB2013BDAB2054B5A721CE0034B9B7AF7
:10D96000DBB2013BDAB2014B9A7214E0044B0020A7
:10D97000244B002000100240004B0020204B0020D0
:10D9800000040240A34BDB7ADBB2013BDAB2A14BCD
:10D99000DA7200E000BFAFE24FF4FA6300931423A1
:10D9A00000224FF480719C4800F056FC034687F833
:10D9B000273097F82730022B21D1964B1B7BDBB207
:10D9C00019460D2006F0F6FA924B5B7BDBB2194646
:10D9D0000E2006F0EFFA8F4BDB899BB28F4AA2FB39
:10D9E00003235B099BB2DBB219460F2006F0E2FA73
:10D9F0008B4B01229A708A4B00221A700BE097F829
:10DA00002730012B06D1864B08221A70854B112234
:10DA10001A7000E000BF4FF4FA6300931423002251
:10DA20000221814800F018FC034687F8273097F858
:10DA30002730012B1ED17B4B1B78DBB2132B12D866
:10DA4000784B1B78DBB21433DAB2764B1A70754B15
:10DA50001B78DBB2242B0DD1714B00221A70714B55
:10DA600010221A7006E06F4B1B78DBB2143BDAB25F
:10DA70006C4B1A704FF4FA63009314230022802138
:10DA8000654800F0E9FB034687F8273097F8273010
:10DA9000012B57D1634B1B78DBB2132B10D8614B92
:10DAA0001B78DBB20D2B03D85E4B10221A7049E0B5
:10DAB0005C4B1B78DBB2013BDAB25A4B1A7041E087
:10DAC000584B1B78DBB2232B1BD0232B39DC212BAB
:10DAD00002D0222B04D034E04E4B01221A7331E0E5
:10DAE0004C4B5B7BDBB2012B03D94A4B00225A73B0
:10DAF00028E0484B5B7BDBB20133DAB2454B5A730B
:10DB000020E0444BDB899BB2B3F5FA5F04D3414B71
:10DB10004FF4FA52DA8115E03E4BDB899BB2643355
:10DB20009AB23C4BDA813B4BDB899BB21946012010
:10DB300000F000FF374BDB899BB2184602F0A8FECD
:10DB400000E000BF4FF4FA63009314230022042185
:10DB5000354800F081FB034687F8273097F82730D7
:10DB6000012B40F0CB812F4B1B78DBB2132B10D84D
:10DB70002C4B1B78DBB20F2B03D92A4B0D221A70CA
:10DB8000BCE1284B1B78DBB20133DAB2254B1A70AB
:10DB9000B4E1244B1B78DBB2232B1BD0232B45DCB9
:10DBA000212B02D0222B04D040E01A4B00221A7302
:10DBB0003DE0184B5B7BDBB2002B03D1154B0222FF
:10DBC0005A7334E0134B5B7BDBB2013BDAB2114B8F
:10DBD0005A732CE00F4BDB899BB2B3F5FA6F04D874
:10DBE0000C4B4FF4FA62DA8121E00A4BDB899BB2DD
:10DBF000643B9AB2074BDA81064BDB899BB219462C
:10DC0000012000F097FE034BDB899BB2184602F01F
:10DC10003FFE0CE0044B0020001002401F85EB513A
:10DC2000004B0020204B00200004024000BF65E1B3
:10DC3000A84B1B78DBB2252B09D0A64B1B78DBB297
:10DC4000262B04D0002387F820300023FB774FF4E5
:10DC5000FA630093142300224FF480719E4800F071
:10DC6000FBFA034687F8273097F82730022B13D1A9
:10DC7000FEF7DCF8994B1B7EDBB21946142006F048
:10DC800099F90021022000F055FE954B01229A706F
:10DC9000934B00221A700BE097F82730012B06D126
:10DCA0008F4B04221A708B4B01221A7000E000BFC8
:10DCB0004FF4FA630093142300220221894800F0F4
:10DCC000CBFA034687F8273097F82730012B13D17A
:10DCD000804B1B78DBB2132B07D87E4B1B78DBB253
:10DCE0001433DAB27B4B1A7006E07A4B1B78DBB246
:10DCF000143BDAB2774B1A70764B1B78DBB2252BCC
:10DD000004D0744B1B78DBB2262B0FD107F118011E
:10DD100007F1200207F1140300930B4680216E489F
:10DD2000FDF78CFE034687F827300BE04FF4FA63CB
:10DD30000093142300228021674800F08DFA0346E7
:10DD400087F8273097F82730012B40D1614B1B789B
:10DD5000DBB2132B19D85F4B1B78DBB2112B0CD81D
:10DD60005E4B1B79DBB2052B03D15A4B13221A7081
:10DD70002DE0584B12221A7029E0564B1B78DBB26B
:10DD8000013BDAB2534B1A7021E0524B1B78DBB2E5
:10DD9000272B0ED0272B19DC252B02D0262B04D0C5
:10DDA00014E00120FDF7D6FE11E00120FDF70EFF83
:10DDB0000DE04A4B1B7EDBB2012B03D1474B002207
:10DDC0001A7604E0454B01221A7600E000BF414B71
:10DDD0001B78DBB2252B04D03E4B1B78DBB2262B05
:10DDE0000FD107F1100107F11F0207F10C03009397
:10DDF0000B4604213B48FDF721FE034687F82730F8
:10DE00000BE04FF4FA6300931423002204213548F9
:10DE100000F022FA034687F8273097F82730012BC5
:10DE20006ED12C4B1B78DBB2132B26D82B4B1B79D6
:10DE3000DBB2052B10D1274B1B78DBB2122B03D999
:10DE4000244B11221A705BE0224B1B78DBB20133AA
:10DE5000DAB2204B1A7053E01E4B1B78DBB2112B49
:10DE600003D91C4B11221A704AE01A4B1B78DBB203
:10DE70000133DAB2174B1A7042E0164B1B78DBB253
:10DE8000272B0ED0272B19DC252B02D0262B04D0D4
:10DE900014E00020FDF75EFE11E00020FDF796FE85
:10DEA0000DE00E4B1B7EDBB2012B03D10B4B00228E
:10DEB0001A7604E0094B01221A7600E000BF1FE049
:10DEC00000BF1EE000BF1CE000BF1AE000BF18E06A
:10DED00000BF16E0204B002000100240044B002041
:10DEE000004B00200004024000BF0AE000BF08E031
:10DEF00000BF06E000BF04E000BF02E000BF00E09A
:10DF000000BF0120FCF7C9FBFEF78ABF80B582B0D5
:10DF100000AF78602A4B1B78DBB2082B4AD801A2ED
:10DF200052F823F049DF010855DF010861DF0108DD
:10DF30006DDF010879DF010885DF010891DF010845
:10DF40009DDF0108A9DF0108002003F021FD04F096
:10DF5000C9FB30E0002003F01BFD04F09FFD2AE028
:10DF6000002003F015FD04F0B1FE24E0002003F0D2
:10DF70000FFD04F08BFF1EE0002003F009FD05F00B
:10DF800051F818E0002003F003FD05F085F912E0D8
:10DF9000002003F0FDFC05F011FC0CE0002003F074
:10DFA000F7FC05F043FD06E0002003F0F1FC05F06E
:10DFB000A5FE00E000BFC820FCF76FFBAAE700BF8A
:10DFC000004B00200000000080B586B000AF7860F4
:10DFD00000233B610023FB604FF00003BB60002384
:10DFE000FB754BE09848F4F7F3FD01219648F4F7F0
:10DFF000C1FE9548F4F749FF03469AB2934B5A8104
:10E00000924B5B899BB203F47E6307EE903AF8EE85
:10E01000677A97ED027A77EE277AC7ED027A8A4817
:10E02000F4F7D6FD01218848F4F7A4FE8648F4F7FA
:10E030002CFF03469AB2854B9A81844B9B899BB2F5
:10E0400003F47E63FA681344FB607F48F4F7C0FD75
:10E0500001217D48F4F78EFE7B48F4F716FF034656
:10E060009AB27A4BDA81794BDB899BB203F47E63F7
:10E070003A6913443B61FB7D0133FB75FB7D092B42
:10E08000B0D9734B1B79DBB2002B21D1D7ED027ACB
:10E09000B2EE047AC7EE876A16EE900AF2F76EFBCC
:10E0A0005DA3D3E90023F2F7DBF802460B461046E6
:10E0B00019465BA3D3E90023F2F700FA02460B46A8
:10E0C00010461946F2F7FAFB0346604AD3614EE068
:10E0D0005F4B1B79DBB2052B21D1D7ED027AB2EE73
:10E0E000047AC7EE876A16EE900AF2F747FB4AA356
:10E0F000D3E90023F2F7B4F802460B46104619465E
:10E1000047A3D3E90023F2F7D9F902460B4610469C
:10E110001946F2F7D3FB03464C4AD36127E04C4B38
:10E120001B79DBB2032B21D1D7ED027AB2EE047A50
:10E13000C7EE876A16EE900AF2F720FB3AA3D3E9FE
:10E140000023F2F78DF802460B461046194638A315
:10E15000D3E90023F2F7B2F902460B4610461946FE
:10E16000F2F7ACFB0346394AD36100E000BF374BFE
:10E17000D3ED077AF5EEC07AF1EE10FA03D8334BFF
:10E180004FF00002DA61FB6807EE903AF8EE677A2A
:10E19000B2EE047AC7EE876A16EE900AF2F7EEFA4C
:10E1A00025A3D3E90023F2F75BF802460B4610469D
:10E1B000194623A3D3E90023F2F782F902460B465E
:10E1C00010461946F2F75AFB03469AB21F4BDA8003
:10E1D0001E4BDB889BB2002B02D11C4B0022DA8045
:10E1E0003B691C4AA2FB0323DB089AB2174B1A8136
:10E1F000164B1B899BB2002B02D1144B00221A81B3
:10E2000000233B614FF00003BB600023FB601E2036
:10E21000FCF743FAE3E600BFB37BF2B0506B8A3FF2
:10E2200001DE02098A7F22406EA301BC0512943FE1
:10E23000EC51B81E85EB2B40DE718A8EE4F29FBF55
:10E24000D578E926311056407C510020344B00200F
:10E25000044B0020CDCCCCCC80B586B000AFF860AC
:10E26000084611461A4603467B810B467B721346CD
:10E27000FB800023FB753A8CFB88D31ABB82F6F730
:10E28000EFF938611E20FCF708FAFB681A697B89F0
:10E290001340002B14BF01230023DBB21A467B7A04
:10E2A0009A4245D1FB881846FCF7F7F932E0F6F7B9
:10E2B000D7F902463B69D21ABB8A9A4218D37B89A6
:10E2C0001946F86800F088F80346002B37D17B899F
:10E2D0001946F86800F080F80346012B2FD002237E
:10E2E000FB757B8901221946F86800F02FF826E0BB
:10E2F000F6F7B6F902463B69D21AFB889A4209D36F
:10E300007B891946F86800F067F80346002B01D1B5
:10E310000123FB75FB681A697B891340002B14BF2E
:10E3200001230023DBB21A467B7A9A42BFD007E072
:10E330007B8900221946F86800F008F800E000BF69
:10E34000FB7D18461837BD4680BD000080B483B001
:10E3500000AF78600B467B8013467B707B681A4A5F
:10E3600093420DD17B88022B03D1184A7B7813701E
:10E3700024E07B88042B21D1144A7B7893701DE024
:10E380007B68134A93420ED17B88802B03D10F4ABE
:10E390007B78537012E07B88B3F5807F0ED10B4AF7
:10E3A0007B78D3700AE07B680A4A934206D17B8867
:10E3B000B3F5005F02D1054A7B78137100BF0C37BB
:10E3C000BD465DF8047B704700040240244B0020EA
:10E3D000001002400008024080B483B000AF7860B3
:10E3E0000B467B807B681B4A93420DD17B88022BB6
:10E3F00003D1194B1B78DBB226E07B88042B22D19A
:10E40000154B9B78DBB21FE07B68144A93420ED118
:10E410007B88802B03D1104B5B78DBB214E07B88C8
:10E42000B3F5807F0FD10C4BDB78DBB20CE07B685F
:10E430000B4A934207D17B88B3F5005F03D1064BAB
:10E440001B79DBB200E0002318460C37BD465DF8AF
:10E45000047B704700040240244B0020001002405F
:10E460000008024090B583B000AF994B1B88FB8039
:10E47000984B1B79DBB2042B40F03782964BDB7A4A
:10E48000DBB2012B02D10023FB803FE0924BDB7912
:10E49000DBB2012B21D1904B9B79DBB2012B03D155
:10E4A0008C4BDB8AFB8031E08C4BDB78DBB2012BC1
:10E4B00005D13220FDF794FA0346FB8026E0874B16
:10E4C000DB78DBB2022B05D16420FDF789FA034625
:10E4D000FB801BE00023FB8018E07F4B9B79DBB2C5
:10E4E000012B03D17B4BDB8AFB800FE07B4B5B78FE
:10E4F000DBB2002B08D0794B5B78DBB21846FDF716
:10E500006FFA0346FB8001E00023FB80704AFB8822
:10E5100013806F4B1B88002B6AD10020FDF7CAFCCB
:10E520006F4B00221A806F4B1B78002B06D06D4B6F
:10E5300000221A706C4B00221A6027E06B4B1B788C
:10E54000032B20D1684B1B68002B0DD1F6F788F800
:10E55000034603F6B833644A136000230022002107
:10E56000102000F0F7FFC2E1F6F77AF802465E4BA2
:10E570001B68D31A002BC0F2BA815B4B00221A60D1
:10E58000FDF76CFDB3E1584B00221A60574B1B7826
:10E59000002B13D1564B1B88002B0FD1554B1B78EA
:10E5A000012B0BD10020FDF7FDF90346002B02D013
:10E5B000FDF754FDA4E1FDF72BFDA1E14B4B1B78CA
:10E5C000012B02D0FDF74AFD93E1FDF76DFD0346F7
:10E5D000002B00F08E81454B00221A70464B002222
:10E5E0001A60464B00221A60454B00221A6080E1F7
:10E5F0003D4B00221A603D4B1B78032B40F0A1805D
:10E600000120FDF7CFF90346002B1AD00020FDF7BB
:10E610009FF90346002B14D13A4B1B78D9B2354BE6
:10E620001B781A46324B1B880B2000F093FF00200A
:10E63000FDF740FC2D4B00221A70294B00221A8056
:10E640005EE12B4B1B88002B62D02D4B1B68002BEF
:10E650005ED00020FDF7A6F90346002B58D0F5F751
:10E66000FFFF0246264B1B68D31AB3F5FA7F4FD340
:10E670001A4BD3ED077A9FED247AF4EEC77AF1EEC8
:10E6800010FA45D81F4B1B78D9B2194B1B880022B2
:10E690000C2000F05FFF0020FDF70CFC104B002267
:10E6A0001A800E4B4FF00002DA610020FDF75EFC8D
:10E6B000F5F7D6FF0346104A1360104B00221A608C
:10E6C000124B00221A60094B02221A7018E100BF97
:10E6D000BA4D0020044B0020244B0020344B002076
:10E6E000DA4D0020D94D0020C44D0020DC4D002023
:10E6F000B84D00206E000020BC4D0020C04D002011
:10E70000D44D00206D0000200AD7233CD04D0020BE
:10E710007D4B1A887D4B1B889A4204D17C4B1B8809
:10E72000002B00F0E880784B1B88002B06D1774B3C
:10E730001B8800220221112000F00CFFFDF710FDC4
:10E74000D9E0744B1B78012B3DD10020FDF7B2FBC3
:10E750000020FDF727F90346002B11D06D4B032253
:10E760001A70F5F77DFF03466B4A1360674B1B88F1
:10E7700000220121112000F0EDFEFDF7F1FCBFE0C9
:10E78000FDF792FC0346002B11D10020FDF7EEFBB4
:10E79000F5F766FF0346614A13605F4B00221A607B
:10E7A0005F4B00221A605B4B02221A70A8E0594BA3
:10E7B00000221A70594B00221A60574B00221A602F
:10E7C000584B00221A60534B1B78002B18D10020A5
:10E7D000FDF770FB544B4FF00002DA610020FDF7AB
:10E7E000C5FBF5F73DFF03464C4A13604A4B002238
:10E7F0001A604B4B00221A60464B02221A707FE0CF
:10E80000444B1B78022B42D10020FDF753FBFDF750
:10E8100065FC0346002B70D03F4B1B68002B04D1D6
:10E82000F5F71EFF03463C4A1360FDF781FC0346E3
:10E83000002B64D0354B1B88002B02D1FDF70EFC5A
:10E840005EE0F5F70DFF0246334B1B68D31A3B60C1
:10E850003B68FF2B02D83B68D9B200E0FF212B4B6D
:10E860001B884FF42F720F2000F074FE2F4B1B7883
:10E87000DCB20020FDF76CF803461A46234B1B88D8
:10E8800021460A2000F066FE224B03221A70012066
:10E89000FDF788F80346002B1AD00020FDF758F842
:10E8A0000346002B14D1214B1B78D9B2204B1B7887
:10E8B0001A46154B1B880B2000F04CFE0020FDF77C
:10E8C000F9FA144B00221A70114B00221A8017E03B
:10E8D0000D4B1A880D4B1B889A4203D10C4B1B8899
:10E8E000002B0DD0FDF73CFC0AE000BF08E000BFA4
:10E8F00006E000BF04E000BF02E000BF00E000BF90
:10E900000C37BD4690BD00BFB84D0020BA4D002069
:10E91000DA4D0020DC4D0020C04D0020BC4D002011
:10E92000D04D0020D44D0020344B00206D0000203D
:10E930006E00002080B584B000AF03460A46FB712C
:10E940001346BB80FB79012B04D1474B1B68BA8867
:10E950005A6386E0454B01221A73454B1B79DBB2A3
:10E96000052B04D1002220214248F5F733FC404B0F
:10E970001B79DBB2042B2ED1BB88002B03D03E4A7F
:10E98000BB88138023E0394BDB79DBB2012B08D144
:10E99000364BDB7ADBB2002B03D1344B00221A73E7
:10E9A0005FE0324BDB7ADBB2002B0DD1334B5B786F
:10E9B000DBB2002B04D12D4B9B79DBB2012B03D1B1
:10E9C0002A4B00221A734CE02B4B00221A80274B53
:10E9D00000221A7345E0BB88002B28D0224B1B680D
:10E9E000BA889A63224B1B79DBB2032B05D1012233
:10E9F00020212048F5F7EEFB02E0002002F06CF841
:10EA0000EFF30583FB60FB68002B0AD00023BB609B
:10EA100002E0BB680133BB60BB6841F287329342BE
:10EA2000F7DD002201211648F5F7D4FB16E001229C
:10EA300001211348F5F7CEFB0B4B1B68BA889A638C
:10EA40000B4B1B79DBB2032B05D100222021094897
:10EA5000F5F7C0FB02E0012002F03EF8034B002274
:10EA60001A731037BD4680BDB8530020244B0020D8
:10EA7000044B002000100240BA4D0020344B00200F
:10EA80000004024080B584B000AF3B4600221A600B
:10EA90005A609A60DA60314B314A1A602F4B4FF45A
:10EAA00080325A602D4B00229A602C4B01221A6151
:10EAB0002A4B00221A76294B012283F82020274B6B
:10EAC00001225A62254B0022DA62244B254A9A62BF
:10EAD000224B0022DA60214B0322DA611F4B002215
:10EAE00083F830201D4B01225A611C48F4F72CF8A2
:10EAF0000346002B01D0FCF7E5FD0B233B6001230F
:10EB00007B600223BB603B4619461448F4F7CAF900
:10EB10000346002B01D0FCF7D5FD0C233B600223FC
:10EB20007B603B4619460D48F4F7BCF90346002BC1
:10EB300001D0FCF7C7FD0D233B6003237B603B4600
:10EB400019460648F4F7AEF90346002B01D0FCF74E
:10EB5000B9FD00BF1037BD4680BD00BF7C5100200D
:10EB6000002001400100000F80B58AB000AF78603E
:10EB700007F1140300221A605A609A60DA601A6181
:10EB80007B681B68174A934227D100233B61164BD1
:10EB90005B6C154A43F480735364134B5B6C03F452
:10EBA00080733B613B690023FB600F4B1B6B0E4A7C
:10EBB00043F0040313630C4B1B6B03F00403FB6073
:10EBC000FB680E237B610323BB610023FB6107F11C
:10EBD000140319460548F5F74DF800BF2837BD4620
:10EBE00080BD00BF00200140003802400008024004
:10EBF00080B500AF064B074A1A600548F5F760FD7F
:10EC00000346002B01D0FCF75DFD00BF80BD00BFB7
:10EC1000C45100200030024080B485B000AF78605D
:10EC20007B681B680B4A93420DD10023FB600A4BA3
:10EC30001B6B094A43F480531363074B1B6B03F4AC
:10EC40008053FB60FB6800BF1437BD465DF8047B52
:10EC5000704700BF003002400038024080B500AF6E
:10EC6000124B134A1A60114B124A5A600F4B002282
:10EC70009A600E4BF022DA600C4B4FF480421A611E
:10EC80000A4B00225A61094B00229A61074B00226D
:10EC9000DA61064B00221A620448F5F72DFD03469F
:10ECA000002B01D0FCF70EFD00BF80BDCC51002031
:10ECB00000540040A086010080B58AB000AF7860A3
:10ECC00007F1140300221A605A609A60DA601A6130
:10ECD0007B681B68214A93423BD100233B61204B58
:10ECE0001B6B1F4A43F0020313631D4B1B6B03F0A6
:10ECF00002033B613B69C0237B611223BB6101239B
:10ED0000FB6103233B6204237B6207F11403194672
:10ED10001448F4F7AFFF0023FB60114B1B6C104A43
:10ED200043F4001313640E4B1B6C03F40013FB60DD
:10ED3000FB68002205211F20F5F71FFC1F20F5F7B7
:10ED400038FC002205212020F5F717FC2020F5F7DC
:10ED500030FC00BF2837BD4680BD00BF00540040D6
:10ED6000003802400004024080B500AF174B184A3B
:10ED70001A60164B4FF482725A60144B00229A604C
:10ED8000124B0022DA60114B00221A610F4B002255
:10ED90005A610E4B4FF400729A610C4B1822DA61E3
:10EDA0000A4B00221A62094B00225A62074B0022CA
:10EDB0009A62064B0A22DA620448F7F7EEFA034633
:10EDC000002B01D0FCF77EFC00BF80BD205200204C
:10EDD0000030014080B500AF174B184A1A60164B3F
:10EDE0004FF482725A60144B00229A60124B002238
:10EDF000DA60114B00221A610F4B00225A610E4B50
:10EE00004FF400729A610C4B0022DA610A4B002227
:10EE10001A62094B00225A62074B00229A62064B83
:10EE20000A22DA620448F7F7B8FA0346002B01D049
:10EE3000FCF748FC00BF80BD78520020003800403D
:10EE400080B500AF174B184A1A60164B4FF4827208
:10EE50005A60144B00229A60124B0022DA60114B68
:10EE600002221A610F4B01225A610E4B4FF40072BD
:10EE70009A610C4B0822DA610A4B00221A62094B94
:10EE800000225A62074B00229A62064B0A22DA627B
:10EE90000448F7F782FA0346002B01D0FCF712FC76
:10EEA00000BF80BDD0520020003C004080B58EB035
:10EEB00000AF786007F1240300221A605A609A605C
:10EEC000DA601A617B681B68544A93422CD1002394
:10EED0003B62534B5B6C524A43F480535364504B38
:10EEE0005B6C03F480533B623B6A0023FB614C4B39
:10EEF0001B6B4B4A43F002031363494B1B6B03F03C
:10EF00000203FB61FB6938237B620223BB6201239E
:10EF1000FB6203233B6305237B6307F1240319464C
:10EF20004048F4F7A7FE75E07B681B683E4A9342B1
:10EF30002DD10023BB613A4B1B6C394A43F480430B
:10EF40001364374B1B6C03F48043BB61BB69002324
:10EF50007B61334B1B6B324A43F002031363304B2C
:10EF60001B6B03F002037B617B694FF460437B62A0
:10EF70000223BB620123FB6203233B6305237B6304
:10EF800007F1240319462748F4F774FE42E07B6832
:10EF90001B68264A93423DD100233B61204B1B6CEA
:10EFA0001F4A43F4004313641D4B1B6C03F40043DE
:10EFB0003B613B690023FB60194B1B6B184A43F014
:10EFC00004031363164B1B6B03F00403FB60FB6825
:10EFD0004FF4A0537B620223BB620123FB62032335
:10EFE0003B6306237B6307F1240319461048F4F7BB
:10EFF00041FE4FF400637B620223BB620023FB628D
:10F0000003233B6306237B6307F124031946084867
:10F01000F4F730FE00BF3837BD4680BD00300140F8
:10F02000003802400004024000380040003C00402C
:10F030000008024080B58AB000AF07F11803002233
:10F040001A605A609A60DA6007F1100300221A60B1
:10F050005A603B4600221A605A609A60DA603E4B62
:10F060003E4A1A603C4B40F28F625A603A4B002293
:10F070009A60394B4FF6FF72DA60374B00221A6103
:10F08000354B00225A61344B00229A613248F2F724
:10F09000F3F90346002B01D0FCF714FB4FF4805327
:10F0A000BB6107F1180319462B48F2F797FF034697
:10F0B000002B01D0FCF706FB2748F2F7BFFB034605
:10F0C000002B01D0FCF7FEFA00233B6100237B619B
:10F0D00007F1100319462048F3F7A6FC0346002B5E
:10F0E00001D0FCF7EFFA02233B6001237B60002391
:10F0F000BB600023FB603B46002219461648F2F72E
:10F100000FFE0346002B01D0FCF7DCFA3B4604223D
:10F1100019461148F2F704FE0346002B01D0FCF714
:10F12000D1FA3B46082219460B48F2F7F9FD03468F
:10F13000002B01D0FCF7C6FA3B460C2219460648C4
:10F14000F2F7EEFD0346002B01D0FCF7BBFA00BF3F
:10F150002837BD4680BD00BF285300200000014075
:10F1600080B586B000AF07F1080300221A605A602C
:10F170009A60DA603B4600221A605A601D4B4FF0DD
:10F1800080421A601B4B00225A601A4B00229A6080
:10F19000184B194ADA60174B00221A61154B80226E
:10F1A0009A611448F2F768F90346002B01D0FCF786
:10F1B00089FA4FF48053BB6007F1080319460D48E4
:10F1C000F2F70CFF0346002B01D0FCF77BFA00237B
:10F1D0003B6080237B603B4619460648F3F724FCDE
:10F1E0000346002B01D0FCF76DFA00BF1837BD466F
:10F1F00080BD00BF705300201F48010080B58EB055
:10F2000000AF07F1280300221A605A609A60DA60A2
:10F2100007F1200300221A605A603B1D00221A6089
:10F220005A609A60DA601A615A619A61334B344AC3
:10F230001A60324B00225A60304B00229A602F4BEA
:10F2400042F2D002DA602D4B00221A612B4B802251
:10F250009A612A48F2F710F90346002B01D0FCF717
:10F2600031FA4FF48053BB6207F128031946234853
:10F27000F2F7B4FE0346002B01D0FCF723FA1F4837
:10F28000F2F7BAF90346002B01D0FCF71BFA302342
:10F290003B6200237B6207F1200319461748F3F70E
:10F2A000C3FB0346002B01D0FCF70CFA60237B6004
:10F2B0000023BB600023FB6000237B613B1D002219
:10F2C00019460E48F2F7C8FD0346002B01D0FCF7A3
:10F2D000F9F90223FB603B1D042219460748F2F7A7
:10F2E000BBFD0346002B01D0FCF7ECF9034800F00E
:10F2F000F7F800BF3837BD4680BD00BFB8530020C7
:10F300000004004080B586B000AF07F1080300227A
:10F310001A605A609A60DA603B4600221A605A60AE
:10F320001D4B1E4A1A601C4B00225A601A4B0022C9
:10F330009A60194B4FF6FF72DA60174B00221A6180
:10F34000154B80229A611448F2F796F80346002B79
:10F3500001D0FCF7B7F94FF48053BB6007F1080305
:10F3600019460D48F2F73AFE0346002B01D0FCF790
:10F37000A9F900233B6080237B603B461946064881
:10F38000F3F752FB0346002B01D0FCF79BF900BFBB
:10F390001837BD4680BD00BF005400200008004063
:10F3A00080B58CB000AF786007F11C0300221A60B2
:10F3B0005A609A60DA601A617B681B68434A93421C
:10F3C00035D10023BB61424B5B6C414A43F00103E2
:10F3D00053643F4B5B6C03F00103BB61BB690023CB
:10F3E0007B613B4B1B6B3A4A43F010031363384B72
:10F3F0001B6B03F010037B617B694FF4D443FB610B
:10F4000002233B6200237B620323BB620123FB6276
:10F4100007F11C0319462F48F4F72CFC00220521A4
:10F420001B20F5F7AAF81B20F5F7C3F84AE07B6824
:10F430001B68B3F1804F16D100233B61244B1B6C3A
:10F44000234A43F001031364214B1B6C03F00103B7
:10F450003B613B69002205211C20F5F78EF81C203A
:10F46000F5F7A7F82EE07B681B681B4A93420ED184
:10F470000023FB60164B1B6C154A43F00203136418
:10F48000134B1B6C03F00203FB60FB681AE07B6804
:10F490001B68124A934215D10023BB600C4B1B6CB6
:10F4A0000B4A43F004031364094B1B6C03F0040381
:10F4B000BB60BB68002205211E20F5F75EF81E2008
:10F4C000F5F777F800BF3037BD4680BD000001403A
:10F4D00000380240001002400004004000080040D4
:10F4E00080B588B000AF786007F10C0300221A6085
:10F4F0005A609A60DA601A617B681B68124A93420C
:10F500001DD10023BB60114B1B6B104A43F001035C
:10F5100013630E4B1B6B03F00103BB60BB68C0237E
:10F52000FB6002233B6100237B610023BB6102235C
:10F53000FB6107F10C0319460548F4F79BFB00BF7C
:10F540002037BD4680BD00BF0004004000380240A7
:10F550000000024090B585B000AF04460846114651
:10F560001A462346FB710346BB710B46BB8013460C
:10F570007B80204B1B6803F07F03FB60F5F770F87E
:10F5800001461D48FA6813465B0013449B00034480
:10F5900019601949FA6813465B0013449B000B4439
:10F5A0000433FA791A701449FA6813465B0013445D
:10F5B0009B000B440533BA791A700F49FA68134659
:10F5C0005B0013449B000B440633BA881A800A4937
:10F5D000FA6813465B0013449B000B4408337A8897
:10F5E0001A80044B1B680133024A136000BF1437B2
:10F5F000BD4690BD4C5A00204C54002080B500AF51
:10F60000114B124A1A60104B4FF4E1325A600E4B04
:10F6100000229A600C4B0022DA600B4B00221A6128
:10F62000094B0C225A61084B00229A61064B0022BA
:10F63000DA610548F7F782FC0346002B01D0FCF79E
:10F6400041F800BF80BD00BF785A00200010014083
:10F6500080B582B000AF214B214A1A601F4B4FF496
:10F6600016525A601D4B00229A601C4B0022DA6031
:10F670001A4B00221A61194B0C225A61174B0022B7
:10F680009A61164B0022DA611448F7F757FC0346DB
:10F69000002B01D0FCF716F800237B600F4B1B6892
:10F6A0001B687B600D4B1B685B687B607B680B4B4A
:10F6B0001B68DA68094B1B6822F01002DA60094BFC
:10F6C0000022A3F83C22074B002283F84022064B7D
:10F6D00000229A7200BF0837BD4680BDC05A002084
:10F6E00000440040604B0020244B002080B500AF58
:10F6F000114B124A1A60104B4FF4E1325A600E4B14
:10F7000000229A600C4B0022DA600B4B00221A6137
:10F71000094B0C225A61084B00229A61064B0022C9
:10F72000DA610548F7F70AFC0346002B01D0FBF726
:10F73000C9FF00BF80BD00BF085B0020001401406E
:10F7400080B58EB000AF786007F1240300221A6004
:10F750005A609A60DA601A617B681B68574A934264
:10F7600035D100233B62564B5B6C554A43F0100386
:10F770005364534B5B6C03F010033B623B6A002302
:10F78000FB614F4B1B6B4E4A43F0010313634C4B21
:10F790001B6B03F00103FB61FB694FF4C0637B62E9
:10F7A0000223BB620123FB6203233B6307237B63CA
:10F7B00007F1240319464348F4F75CFA00220521B7
:10F7C0002520F4F7DAFE2520F4F7F3FE72E07B68DB
:10F7D0001B683D4A934234D10023BB61384B1B6CFC
:10F7E000374A43F400331364354B1B6C03F4003386
:10F7F000BB61BB6900237B61314B1B6B304A43F01B
:10F80000010313632E4B1B6B03F001037B617B69C8
:10F810000C237B620223BB620123FB6203233B6355
:10F8200007237B6307F1240319462648F4F722FADD
:10F83000002205212620F4F7A0FE2620F4F7B9FEC9
:10F8400038E07B681B68214A934233D100233B6137
:10F850001B4B5B6C1A4A43F020035364184B5B6CE0
:10F8600003F020033B613B690023FB60144B1B6BDF
:10F87000134A43F004031363114B1B6B03F004039F
:10F88000FB60FB68C0237B620223BB620123FB6237
:10F8900003233B6308237B6307F1240319460C48C9
:10F8A000F4F7E8F9002205214720F4F766FE472027
:10F8B000F4F77FFE00BF3837BD4680BD0010014021
:10F8C00000380240000002400044004000140140A3
:10F8D0000008024080B582B000AF78607B681B688A
:10F8E0001D4A93420ED11D4B5B6C1C4A23F0100342
:10F8F00053644FF4C0611A48F4F758FB2520F4F71D
:10F9000066FE24E07B681B68164A93420DD1134BB8
:10F910001B6C124A23F4003313640C211048F4F7D3
:10F9200045FB2620F4F753FE11E07B681B680E4A66
:10F9300093420CD1094B5B6C084A23F020035364BB
:10F94000C0210A48F4F732FB4720F4F740FE00BF1D
:10F950000837BD4680BD00BF00100140003802409E
:10F960000000024000440040001401400008024032
:10F9700080B582B000AF254B9B79DBB2012B02D062
:10F98000FFF766FE3EE0224B224A1A60204B224AD5
:10F990005A601F4B00229A601D4B4FF40052DA60F0
:10F9A0001B4B00221A611A4B0C225A61184B002281
:10F9B0009A61174B0022DA611548F7F7BFFA034640
:10F9C000002B01D0FBF77EFE00237B60104B1B68F1
:10F9D0001B687B600E4B1B685B687B607B680C4B15
:10F9E0001B68DA680A4B1B6822F01002DA600B4BC6
:10F9F0000022A3F83C22094B012283F84022084B45
:10FA000000229A720837BD4680BD00BF044B00201B
:10FA1000C05A00200044004090D00300604B0020FA
:10FA2000244B002080B500AF154B164A1A60144BCA
:10FA3000154A5A60124B00229A60114B4FF4005243
:10FA4000DA600F4B00221A610D4B04225A610C4BF5
:10FA500000229A610A4B0022DA610948F7F76EFA30
:10FA60000346002B01D0FBF72DFE054B1B68DA681F
:10FA7000034B1B6842F01002DA6000BF80BD00BF7C
:10FA8000785A00200010014090D0030080B586B065
:10FA900000AF0346FB712520F4F799FD3F48F7F7C7
:10FAA000B5FB3E4B1B68DA683C4B1B6822F010022A
:10FAB000DA6000237B61394B1B681B687B61374B25
:10FAC0001B685B687B617B6900233B61334B1B6870
:10FAD0001B683B61314B1B685B683B613B690023E2
:10FAE000FB602E4B1B681B68FB602C4B1B685B6824
:10FAF000FB60FB680023BB60284B1B681B68BB6076
:10FB0000264B1B685B68BB60BB682448F7F766FA46
:10FB10000346002B03D02520F4F74BFD3BE0FB7997
:10FB2000022B09D1FFF77EFF01F0CCFA01221C491C
:10FB30001A48F7F746FB2BE0FB79032B26D1FFF79A
:10FB40005DFD184B002283F81D22164B0022A3F8FE
:10FB50000A22144B0022A3F80C22124B002283F835
:10FB60001E22104B002283F81C220E4B0022C3F8E9
:10FB700014220C4B0022C3F810220B4B0B4A1A60C4
:10FB8000012208490548F7F71CFB01E0FFF736FDA5
:10FB90002520F4F70EFD1837BD4680BD785A0020A9
:10FBA000A05B0020D85D002000600020044B0020F6
:10FBB00080B483B000AF0346FB71FB79092B03D8F7
:10FBC000FB793033FB7102E0FB793733FB71FB7952
:10FBD00018460C37BD465DF8047B704780B582B08F
:10FBE00000AF0023FB800023BB8000237B80002329
:10FBF0003B80754B01221A70744BB3F83C325A1C8F
:10FC000091B2724AA2F83C121946704B1A786F4BA7
:10FC10000B445A706D4B5B78022B40F0CA806B4BE3
:10FC2000B3F83C32062B36D1684B9B78A52B04D118
:10FC3000664B0B22A3F83E222DE0644B9B78A92B48
:10FC400004D1624B0922A3F83E2224E05F4B9B784B
:10FC5000A62B03D05D4B9B78A72B15D15B4B5B7913
:10FC6000A3F1300213469B0013445B001A46574B26
:10FC70009B79303B13449BB29B009BB209339AB2F1
:10FC8000524BA3F83E2206E0504B0022A3F83C2240
:10FC90004D4B00221A704D4BB3F83C32082B40F20A
:10FCA0008F804A4BB3F83C22484BB3F83E329A421D
:10FCB000C0F08680454BB3F83E32013B434A1344C3
:10FCC0005B78032B64D10123BB800AE0BB883F4AE9
:10FCD00013445B781A46FB881344FB80BB880133CE
:10FCE000BB80BA88394BB3F83E32033B9A42EDDB16
:10FCF000FB88DBB2FB80FB881B099BB2DBB218469A
:10FD0000FFF756FF03463B80FB88DBB203F00F038F
:10FD1000DBB21846FFF74CFF03467B802B4BB3F852
:10FD20003E32033B294A13445B781A463B88934290
:10FD300020D1264BB3F83E32023B244A13445B7871
:10FD40001A467B88934215D1214BDB79DBB2002B1D
:10FD50000CD11F4BDB7ADBB2002B07D11C4B1B7B7A
:10FD6000DBB2002B02D11A4B01225A71164B002232
:10FD70001A7008E0174B1B689B680021184606F0B4
:10FD800051FA00F01DFB114B0022A3F83C2217E0B2
:10FD9000104B1B689B680021184606F043FA00F0E0
:10FDA0000FFB0A4B0022A3F83C22074B00221A70DB
:10FDB00006E0064B0022A3F83C22034B00221A70F7
:10FDC00000BF0837BD4680BDA44D0020604B002019
:10FDD000244B00200C00002080B582B000AF00232F
:10FDE000BB800023FB718E4B1B6801338C4A136070
:10FDF0008C4B01225A718C4B93F81432072B01D98A
:10FE000000F0F0FE884B93F814325A1CD1B2864AA7
:10FE100082F814121946844B93F80B22824B0B4440
:10FE200083F80C22804B93F80C32012B40F0F080C9
:10FE30007D4B93F81432012B11D97B4B93F80D3283
:10FE4000032B02D10723FB7109E0774B93F80D32A6
:10FE5000062B02D10823FB7101E000F0C3FEFB7901
:10FE6000002B00F0D780704B93F81432FA799A4245
:10FE700000F2D080FB79023BDBB219466B4800F000
:10FE8000CBFC0346BB806A4B1B680133684A136096
:10FE9000FB79023B644A134493F80C321A46BB8840
:10FEA000DBB29BB29A4240F09E80FB79013B5E4AF6
:10FEB000134493F80C321A46BB881B0A9BB29A4231
:10FEC00040F091805B4B1B6801335A4A1360564BDC
:10FED00093F80D32032B4FD1534B93F80E32022B74
:10FEE0004AD1514B93F80F321B029BB24E4A92F803
:10FEF000102213447B80504B1B78DBB2002B0DD1BA
:10FF00004E4B1B6801334D4A1360474B93F80F1259
:10FF10007B8800220920FFF71DFB04E0484B1B688B
:10FF20000133474A1360444B1B78DBB2012B12D1DB
:10FF30007B8807EE903AF8EE677A9FED427A67EE9B
:10FF4000877A414BC3ED077A7B88002200210E207F
:10FF5000FFF700FB0BE0384B1B78DBB2022B06D11E
:10FF60007B88DAB2394B1A70394B01221A70324B46
:10FF700000221A7000BF47E02B4B93F80D32062B7E
:10FF800042D1294B93F80E32002B3DD1264B93F8EA
:10FF90000F32062B38D1244B93F811222D4B1A70B7
:10FFA0002D4B1B78DAB22D4B1A702D4B01221A7093
:10FFB000284B1B78DAB2254B1A70254B01221A7098
:10FFC000284B1B680133274A1360224B1B78D9B298
:10FFD000224B1B78DBB21A461F4B1B78DBB2072083
:10FFE000FFF7B8FA10E0204B1B6801331E4A13607C
:10FFF0000D4B93F80D120C4B93F814321A46002354
:020000040802F0
:100000000620FFF7A7FA00E000BF00F0EBFD01E0DB
:1000100000F0E8FD0023BB8000BF0837BD4680BD6F
:10002000505A0020A44D0020604B00206C4D002051
:100030005C5A0020605A0020544B0020745A002063
:100040006C5A00205839343C344B00206D0000209D
:10005000584B00206C000020564B0020574B0020CE
:10006000554B0020685A0020645A002080B584B0A7
:1000700000AF394B93F84032002B4AD0364BB3F8DF
:100080003C32364A1278D2B2934242D9344BDB7AB0
:10009000DBB2002B3DD1324BDB79DBB2002B38D108
:1000A0002F4B1B7BDBB2002B33D12B4B5B78002B10
:1000B0002FD12A4B1B78DBB21A46274B13445B78AF
:1000C00007EE903AF8EE677A9FED267A67EE877A28
:1000D000C7ED037AD7ED037A9FED237AF4EEC77A62
:1000E000F1EE10FA01DD214BFB60D7ED037AFCEE57
:1000F000E77AC7ED017A3B79DAB21D4B5A701C4B97
:100100005B78DBB21846FBF76BFC03461A46184BCC
:100110001A83114B0022A3F83C220F4B012283F8D3
:1001200040220F4BDB7ADBB2002B0DD10C4BDB797D
:10013000DBB2002B08D10A4B1B7BDBB2002B03D1B7
:10014000074B01229A7203E0054B00229A7200BF0E
:1001500000BF1037BD4680BD604B0020044B00201F
:10016000244B0020355ECA3E0000C8420000C84251
:10017000344B002080B400AF1A4B9B79DBB2012BCB
:1001800028D1194B93F8403283F00103DBB2002BE6
:1001900022D1154BB3F83C32B3F5007F0ED8124B89
:1001A000B3F83C325A1C91B20F4AA2F83C121946DD
:1001B0000D4B1A780C4B0B445A700EE00A4B002280
:1001C000A3F83C22084B002283F84022074B002270
:1001D0009A7202E000BF00E000BFBD465DF8047BFC
:1001E000704700BF044B0020604B0020244B0020D0
:1001F00080B582B000AF78607B681B681F4A93426D
:1002000013D11F4B9B79DBB2022B07D101F024F8ED
:1002100001221C491C48F6F7D4FF06E005F0A4F9BA
:1002200001221A491848F6F7CCFF7B681B68184A68
:10023000934213D1174B1B78184600F08DF8104BE2
:100240009B79DBB2012B02D1FFF794FF01E0FFF7AE
:10025000C5FC01220F491048F6F7B3FF7B681B6805
:100260000E4A934206D1FFF7B7FD01220C490D4813
:10027000F6F7A7FF00BF0837BD4680BD001001405C
:10028000044B0020A05B0020785A0020D85D00209D
:1002900000440040604B0020C05A00200014014080
:1002A0006B4D0020085B002080B483B000AF786005
:1002B0007B681B68054A934202D1054B00221A70E5
:1002C00000BF0C37BD465DF8047B7047001001404D
:1002D0004854002080B582B000AF78607B681B680E
:1002E000154A934215D1154B9B79DBB2022B05D1F0
:1002F000012213491348F6F764FF19E00F4B9B796D
:10030000DBB2032B14D101220F490E48F6F759FF37
:100310000EE07B681B680D4A934209D1074B9B791D
:10032000DBB2012B04D1012209490A48F6F749FF43
:1003300000BF0837BD4680BD00100140044B0020BF
:10034000A05B0020785A0020D85D002000440040C7
:10035000604B0020C05A002080B483B000AF034639
:10036000FB71144B1B781A46134B9B5CFA799A422B
:1003700010D1104B1B780133DAB20E4B1A700D4BB3
:100380001B781F2B0FD90D4B01221A70094B00222D
:100390001A7008E05022FB79934201D1012200E05B
:1003A0000022044B1A7000BF0C37BD465DF8047B79
:1003B000704700BF505B0020507002084954002075
:1003C00080B500AF1D4B022283F815221B4B06227D
:1003D00083F81622194B152283F81722184B1B7825
:1003E000DAB2164B83F81822154B1B78DBB21533A3
:1003F0005A42DBB2D2B258BF5342DAB20F4B83F843
:1004000019220E4B032283F81A220D4B9B79DBB283
:10041000032B06D0642306220A490B48F6F710FE88
:100420000AE0074B9B79DBB2032B05D1642306223C
:1004300004490648F6F704FE00BF80BD604B00206B
:10044000044B0020754D0020C05A0020785A00202F
:1004500080B582B000AF0023FB80AF4B022283F84F
:100460001B22AD4BA92283F81C22AB4B322283F80E
:100470001D22AA4B1B79DBB2062B2AD801A252F807
:1004800023F000BFA1040208A1040208AB04020883
:10049000B5040208B5040208BF040208C904020832
:1004A0009D4B332283F81E2218E09B4B352283F8A4
:1004B0001E2213E0984B342283F81E220EE0964B46
:1004C000362283F81E2209E0934B372283F81E223E
:1004D00004E0914B302283F81E2200BF8F4B1B7823
:1004E000DBB28F4AA2FB0323DB08DBB23033DAB284
:1004F000894B83F81F22894B1B78DAB2884BA3FB08
:100500000213D9080B469B000B445B00D31ADBB2E5
:100510003033DAB2804B83F82022824B5B78DBB237
:10052000814AA2FB03235B09DBB23033DAB27A4B98
:1005300083F821227B4B5B78DBB2794AA2FB032351
:10054000DB08DAB2764BA3FB0213D9080B469B00FB
:100550000B445B00D31ADBB23033DAB26E4B83F854
:100560002222704B5B78DAB26D4BA3FB0213D908E1
:100570000B469B000B445B00D31ADBB23033DAB27C
:10058000654B83F82322644B302283F82422654B89
:10059000DB889BB2644AA2FB03235B099BB2DBB2FC
:1005A0003033DAB25C4B83F825225E4BDB889BB29A
:1005B0005B4AA2FB0323DB089AB2594BA3FB02134D
:1005C000D9080B469B000B445B00D31A9BB2DBB2ED
:1005D0003033DAB2504B83F82622524BDB889AB282
:1005E0004F4BA3FB0213D9080B469B000B445B0047
:1005F000D31A9BB2DBB23033DAB2474B83F82722EF
:10060000484B1B8A9BB2494AA2FB03239B099BB21E
:10061000DBB23033DAB2404B83F82822414B1B8ADD
:100620009BB2414AA2FB03235B099AB23C4BA3FB5A
:100630000213D9080B469B000B445B00D31A9BB2F4
:10064000DBB23033DAB2344B83F82922354B1B8AC4
:100650009BB2334AA2FB0323DB089AB2304BA3FBC5
:100660000213D9080B469B000B445B00D31A9BB2C4
:10067000DBB23033DAB2284B83F82A22294B1B8AAB
:100680009AB2274BA3FB0213D9080B469B000B44DD
:100690005B00D31A9BB2DBB23033DAB21E4B83F865
:1006A0002B22204BD3ED077AFCEEE77A17EE903A37
:1006B0009BB21B4AA2FB0323DB089BB2DBB23033A5
:1006C000DAB2154B83F82C22164BD3ED077AFCEEE9
:1006D000E77A17EE903A9AB2114BA3FB0213D908AE
:1006E0000B469B000B445B00D31A9BB2DBB230334A
:1006F000DAB2094B83F82D22074B302283F82E22E1
:10070000084B1B78DBB23033DAB2034B83F82F226D
:100710000123BB8018E000BF604B0020044B002089
:10072000CDCCCCCC344B00201F85EB51D34D621087
:10073000BB88334A134493F81B321A46FB88134490
:10074000FB80BB880133BB80BB88142BF0D9FB88AE
:10075000DBB2FB80FB881B099BB2DBB21846FFF7BC
:1007600027FA03467B80FB88DBB203F00F03DBB282
:100770001846FFF71DFA03463B807B88DAB2204B10
:1007800083F830223B88DAB21D4B83F831221C4BB0
:10079000032283F832221B4B9B79DBB2032B06D05A
:1007A0006423182218491948F6F74AFC23E0154B30
:1007B0009B79DBB2032B1ED1154B1B78DBB2002BD0
:1007C00005D01448F6F70DFE114B00221A70104B9D
:1007D00001221A7018220C490E48F6F7BCFC034699
:1007E000002B08D00A4B00221A70642318220649F5
:1007F0000848F6F725FC00BF0837BD4680BD00BF9E
:10080000604B0020044B00207B4D0020C05A00208C
:1008100048540020785A002080B485B000AF78603A
:100820000B46FB704FF6FF73FB8100237B730023A5
:10083000BB601EE07B685A1C7A601B781A46FB89F5
:100840005340FB8100237B7310E0FB8903F001031D
:10085000BB60FB895B08FB810C4ABB6832F8132044
:10086000FB895340FB817B7B01337B737B7B072BB5
:10087000EBD9FB785A1EFA70002BDBD1FB891846A6
:100880001437BD465DF8047B704700BFE47302086F
:1008900080B584B000AF0346FB800023FB811D4B75
:1008A000012283F833221B4B062283F83422194B92
:1008B000002283F83522174B002283F83622FB886A
:1008C0001B0A9BB2DAB2134B83F83722FB88DAB2E9
:1008D000104B83F8382206210F48FFF79DFF03468F
:1008E000FB81FB89DAB20B4B83F83922FB891B0AA7
:1008F0009BB2DAB2074B83F83A22642308220649F6
:100900000648F6F79DFB0023FB8100BF1037BD466C
:1009100080BD00BF604B0020934D0020085B00208D
:1009200080B500AFF3F79CFE0246054B1B68D31A57
:10093000002B01DB012300E00023184680BD00BF2F
:100940005C4B002080B500AF054B00221A70F3F716
:1009500087FE03465033034A136000BF80BD00BFCB
:10096000584B00205C4B002080B582B000AF0023C4
:10097000FB80FFF7D5FF0346002B43D0234B1B78AA
:10098000DBB2002B3ED100F02DF9204B01221A7072
:1009900000F03AF9FFF7D6FF1D4B012283F833220E
:1009A0001B4B032283F83422194B002283F8352293
:1009B000174B082283F83622154B002283F8372282
:1009C000134B012283F8382206211248FFF724FF37
:1009D0000346FB80FB88DAB20D4B83F83922FB8893
:1009E0001B0A9BB2DAB20A4B83F83A220A4B1B6805
:1009F0000133094A13606423082206490748F6F7C1
:100A00001FFB00E000BF0837BD4680BD544B0020EF
:100A1000604B0020934D0020585A0020085B0020B6
:100A200080B582B000AF0023FB80FFF779FF03465B
:100A3000002B43D0234B1B78DBB2002B3ED100F0C0
:100A4000D1F8204B02221A7000F0DEF8FFF77AFF8F
:100A50001D4B012283F833221B4B032283F83422DF
:100A6000194B002283F83522174B062283F83622D1
:100A7000154B002283F83722134B012283F83822CA
:100A800006211248FFF7C8FE0346FB80FB88DAB256
:100A90000D4B83F83922FB881B0A9BB2DAB20A4B52
:100AA00083F83A220A4B1B680133094A1360642316
:100AB000082206490748F6F7C3FA00E000BF0837E6
:100AC000BD4680BD544B0020604B0020934D00205C
:100AD000585A0020085B002080B584B000AF034660
:100AE000FB710023BB810023FB73364B1B78DBB209
:100AF000002B08D0FB7B43F00103FB73324B1B68D8
:100B00000133314A1360FFF70BFF0346002B03D17B
:100B1000FB7B43F00203FB7300F064F8294B0022D7
:100B20001A702A4B00221A70294B1B78DBB2013352
:100B3000DAB2274B1A70FFF705FF264B012283F824
:100B40003322244B062283F83422224B002283F8DE
:100B50003522204B062283F836221E4B002283F8D2
:100B600037221C4AFB7982F8383206211A48FFF7EF
:100B700053FE0346BB81BB89DAB2164B83F8392298
:100B8000BB891B0A9BB2DAB2124B83F83A22134B91
:100B90001B680133114A1360FB7B9AB20C4B1B7824
:100BA000DBB2F9790120FEF7D5FC642308220A495B
:100BB0000B48F6F745FA0023BB8100BF1037BD464E
:100BC00080BD00BF544B0020705A0020554B0020C0
:100BD000564B0020604B0020934D0020545A0020BB
:100BE000085B002080B400AF054B002283F814227C
:100BF000044B00225A7100BFBD465DF8047B70476C
:100C0000604B0020A44D002080B400AF054B0022B3
:100C1000DA80044B01225A7100BFBD465DF8047BA7
:100C2000704700BFA44D002080B400AF00BFFDE7B7
:100C300080B400AF00BFFDE780B400AF00BFFDE7A8
:100C400080B400AF00BFFDE780B400AF00BFFDE798
:100C500080B400AF00BFBD465DF8047B7047000064
:100C600080B500AF0248F0F76BFF00BF80BD00BF4A
:100C70002853002080B500AF0248F0F761FF00BFA5
:100C800080BD00BF7053002080B500AF0248F0F770
:100C900057FF00BF80BD00BF0054002080B500AFEB
:100CA0000248F3F782FE00BF80BD00BFCC51002098
:100CB00080B500AF0248F3F7E9FF00BF80BD00BF79
:100CC000CC51002080B582B000AF1B4B9B79DBB2CA
:100CD000022B2BD1194B1B681B687B607B6803F0D0
:100CE0001003002B05D0154B1B685B6800F02AFA37
:100CF0001FE07B6803F00203002B17D07B6803F032
:100D00002003002B12D00D4B202283F842200B4BE6
:100D1000002283F84020094B1B685B6800F012FA40
:100D2000012207490548F6F74CFA02E00348F6F7B6
:100D3000C1FB0837BD4680BD044B0020785A002017
:100D4000A05B002080B582B000AF164B9B79DBB270
:100D5000012B20D1144B1B681B687B607B6803F060
:100D60000203002B17D07B6803F02003002B12D066
:100D70000D4B202283F842200B4B002283F84020A9
:100D8000094B1B685B68FFF771F9012207490648A8
:100D9000F6F717FA02E00448F6F78CFB0837BD4671
:100DA00080BD00BF044B0020C05A0020604B0020D3
:100DB00080B500AF0248F0F7C3FE00BF80BD00BFA2
:100DC000545B002080B500AF0248F6F773FB00BF0C
:100DD00080BD00BF085B002080B582B000AF00235B
:100DE0007B60124B5B6C114A43F4804353640F4B9E
:100DF0005B6C03F480437B607B6800233B600B4BA0
:100E00001B6C0A4A43F080531364084B1B6C03F0BD
:100E100080533B603B6800220F216FF00100F3F725
:100E2000ACFB00BF0837BD4680BD00BF00380240A4
:100E300080B58EB000AF78600023FB620023BB62F8
:100E40000023FB60334B1B6C324A43F010031364E6
:100E5000304B1B6C03F01003FB60FB6807F11002C2
:100E600007F1140311461846F2F7D2FE3B6AFB6203
:100E7000FB6A002B03D1F2F7A3FE786304E0F2F7DC
:100E80009FFE03465B007B637B6B234AA2FB03232D
:100E90009B0C013BBB62214B214A1A601F4B40F265
:100EA000E732DA601D4ABB6A53601C4B00221A61AC
:100EB0001A4B00229A60194B00229A611748F0F7EA
:100EC000DBFA034687F8333097F83330002B1BD119
:100ED0001248F0F721FB034687F8333097F8333098
:100EE000002B11D13620F3F764FB7B680F2B08D859
:100EF000002279683620F3F740FB0A4A7B681360CA
:100F000002E0012387F8333097F83330184638373A
:100F1000BD4680BD0038024083DE1B43545B002089
:100F2000001000406000002080B586B000AF7860FF
:100F3000144A154BD31A7B617B693B61134B1B68C9
:100F4000002B02D1114B124A1A60104B1A687B68B1
:100F500013443A699A4207D205F0E6FA03460C2296
:100F60001A604FF0FF3309E0084B1B68FB60074B2A
:100F70001A687B681344054A1360FB6818461837E3
:100F8000BD4680BD00000220000400009C5B0020E4
:100F9000D86B002080B586B000AFF860B9607A6089
:100FA00000237B610AE0AFF300800146BB685A1C56
:100FB000BA60CAB21A707B6901337B617A697B6857
:100FC0009A42F0DB7B6818461837BD4680BD80B575
:100FD00086B000AFF860B9607A6000237B6109E0F9
:100FE000BB685A1CBA601B781846FAF7D7F87B69B9
:100FF00001337B617A697B689A42F1DB7B68184632
:101000001837BD4680BD80B483B000AF78604FF024
:10101000FF3318460C37BD465DF8047B704780B43B
:1010200083B000AF786039603B684FF400525A607B
:10103000002318460C37BD465DF8047B704780B42A
:1010400083B000AF7860012318460C37BD465DF8C9
:10105000047B704780B485B000AFF860B9607A60F7
:10106000002318461437BD465DF8047B7047000026
:10107000DFF834D0F0F7EAF90C480D490D4A0023A7
:1010800002E0D458C4500433C4188C42F9D30A4A3D
:101090000A4C002301E013600432A242FBD3EFF7B5
:1010A000FBFFFAF793F870470000022000000020D1
:1010B00088000020749E020888000020D46B002065
:1010C000FEE7000080B500AF064B00221A80064BF9
:1010D00001221A70054B00229A7200F02FF900BF0E
:1010E00080BD00BFA65D0020A85D0020244B00202D
:1010F00080B400AF0C4B00221A800C4B00221A70F7
:101100000B4B00229A720B4B00221A700A4B0022E2
:101110001A700A4B00221A60094B00221A6000BFA5
:10112000BD465DF8047B7047A65D0020A85D0020E9
:10113000244B0020A95D0020B85D0020B05D002098
:10114000B45D002080B584B000AF3A4B1B78012B12
:1011500001D100F0BBF8374B1B78012B49D1364B3E
:101160001B78DBB21A46354B1B889A4241D2344B6E
:10117000DB7ADBB2002B3CD1314BDB79DBB2002BCD
:1011800037D12F4B1B7BDBB2002B32D12D4B1B7881
:10119000002B2ED1284B1B78DBB21A46294B9B5CC7
:1011A00007EE903AF8EE677A9FED277A67EE877A36
:1011B000C7ED037AD7ED037A9FED247AF4EEC77A70
:1011C000F1EE10FA01DD224BFB60D7ED037AFCEE65
:1011D000E77AC7ED017A3B79DAB21E4B5A701D4BA4
:1011E0005B78DBB21846FAF7FBFB03461A46194B4D
:1011F0001A83124B00221A800E4B01221A70104BD8
:10120000DB7ADBB2002B0DD10D4BDB79DBB2002B8F
:1012100008D10B4B1B7BDBB2002B03D1084B012207
:101220009A7203E0064B00229A7200BF00BF10378B
:10123000BD4680BDA85D0020044B0020A65D0020B7
:10124000244B0020A45B0020355ECA3E0000C8424B
:101250000000C842344B002080B400AF154B9B798E
:10126000DBB2022B1ED1144B1B78002B1CD0134B6E
:101270001B88B3F5007F0BD8104B1B885A1C91B20A
:101280000E4A11801A460E4B19780E4B99540CE0F9
:101290000A4B00221A80084B00221A700A4B0022C7
:1012A0009A7202E000BF00E000BFBD465DF8047B1B
:1012B000704700BF044B0020A85D0020A65D002001
:1012C000A05B0020A45B0020244B002080B483B0EE
:1012D00000AF164B1B88202B1DD9154B1B78F92B03
:1012E00019D9134B1B78FA2B17D10023FB800BE085
:1012F000FB8801330E4AD25CFB880E49CB5C9A42D4
:101300000DD1FB880133FB80FB881F2BF0D90A4BE2
:1013100001221A7004E000BF02E000BF00E000BF3D
:101320000C37BD465DF8047B704700BFA65D00200A
:10133000A45B0020747002084954002080B586B078
:1013400000AF3B1D00221A605A609A60DA601A6191
:101350004FF400637B600023BB600023FB603B1DF8
:1013600019461048F2F786FC0F4B00221A704FF412
:1013700000610C48F2F716FF03461A460B4B1A7031
:10138000F3F76EF903460A4A13600A4B00221A600B
:10139000094B00221A60094B01221A7000BF18374E
:1013A000BD4680BD00000240A95D0020AA5D00206E
:1013B000AC5D0020B05D0020B45D0020B85D002071
:1013C00080B485B000AFF860B9607A60FA68BB6835
:1013D0009A4205D3FA687B689A4201D8012300E05B
:1013E000002318461437BD465DF8047B70470000A3
:1013F00080B500AF194B1B68B4223C211846FFF79B
:10140000DFFF0346002B0DD0154B1B68B4223C2197
:101410001846FFF7D5FF0346002B03D0114B0222DD
:101420001A7018E00D4B1B68B4223C211846FFF7D8
:10143000C7FF0346002B0ED0094B1B6840F27E42CB
:1014400040F28A211846FFF7BBFF0346002B02D06B
:10145000044B03221A7000BF80BD00BFB45D0020A2
:10146000B05D0020A95D002080B584B000AF2B4B9B
:101470009B79DAB22A4B1B789A4207D0294B00227B
:101480001A70264B9B79DAB2254B1A70234B9B7945
:10149000DBB2022B3DD1234B1B78002B01D1FFF790
:1014A0004DFFF3F7DDF8F8604FF400611E48F2F7E6
:1014B00079FE0346FB721D4B1B78FA7A9A4218D0CC
:1014C0001B4B1B68FA68D31A7B60184B1B78012BE7
:1014D00003D1184A7B68136002E0174A7B681360E7
:1014E000124AFB7A1370124AFB681360FFF780FF01
:1014F00010E00F4B1B68FA68D31AB3F5966F09D347
:10150000FB7A012B01D1042200E001220B4B1A705F
:1015100000E000BF1037BD4680BD00BF044B002077
:101520006F000020B85D002000000240AA5D00208E
:10153000AC5D0020B05D0020B45D0020A95D0020FE
:1015400080B400AF0E4B1B78013B032B12D801A2D5
:1015500052F823F065150208691502086D15020896
:1015600071150208074B06E0074B04E0074B02E049
:10157000074B00E0074B1846BD465DF8047B7047FB
:10158000A95D0020987002089C700208A0700208F3
:10159000A4700208A870020880B400AF00231846A7
:1015A000BD465DF8047B704780B582B000AF03464E
:1015B000FB71F91D0A2301220348F4F777FF00238A
:1015C00018460837BD4680BDD052002080B582B095
:1015D00000AF78607868F3F74FF800BF0837BD4672
:1015E00080BD000080B485B000AFF86008461146A9
:1015F0001A4603467B810B463B811346FB80234BF7
:1016000000221A60214AFB681360204A7B891381FB
:101610001E4A3B8953811D4A3B8B93811B4B0222FF
:10162000DA827B8903F007039BB2002B03D17B890D
:10163000DB089BB204E07B89DB089BB201339BB2E1
:10164000124A5382114A3B899382104AFB88D38104
:101650000E4B00221A82FB88002B02D0FB88B42B91
:1016600006D10A4A7B899380084A3B89D38006E0E9
:10167000064A3B899380054A7B89D38000BF00BF1F
:101680001437BD465DF8047B704700BFBC5D002089
:1016900080B483B000AF7860044A7B68136000BFF9
:1016A0000C37BD465DF8047B704700BFBC5D002071
:1016B00080B48BB000AF0346FB800B46BB80134663
:1016C0007B809B4B9B88FA889A4200F25281984B10
:1016D000DB88BA889A4200F24C81954BDB89B3F5DE
:1016E000877F2BD0B3F5877F00F34581B42B16D0CD
:1016F000B42B00F34081002B02D05A2B05D03AE1E5
:10170000FB88FB84BB88BB8422E0894B1A89BB8899
:10171000D31A9BB2013BFB84FB88BB8418E0844B4B
:101720001A89FB88D31A9BB2013BFB84804B5A89F0
:10173000BB88D31A9BB2013BBB8409E0BB88FB8406
:101740007B4B5A89FB88D31A9BB2013BBB8400BFF9
:10175000774B1B8A032B00F2108101A252F823F071
:10176000AF170208711702088117020891170208C3
:101770006F4B1A89FB8CD31A9BB2013BFB8417E099
:101780006B4B5A89BB8CD31A9BB2013BBB840FE0D5
:10179000674B1A89FB8CD31A9BB2013BFB84644BC9
:1017A0005A89BB8CD31A9BB2013BBB8400E000BFBB
:1017B0005F4B1B89FA8C9A4200F2E1805C4B5B899B
:1017C000BA8C9A4200F2DB80594BDB8A022B38D16B
:1017D000FB8CDB089BB21946BB8C554A528A02FB34
:1017E00003F30B44FB60524B1A68FB6813441B78ED
:1017F000FB727B88002B12D1FB8C03F007036FF088
:10180000800242FA03F35AB297F90B30134059B2EF
:10181000474B1A68FB681344CAB21A70B0E0FB8CDD
:1018200003F00703802242FA03F35AB297F90B3010
:10183000134359B23E4B1A68FB681344CAB21A707C
:101840009EE03B4BDB8A042B36D1FB8C9B089BB282
:101850001946BB8C364A528A02FB03F30B447B6168
:101860007B8803F003037B80314B1A687B69134448
:101870001B78FB74FB8C03F003035B006FF0C0026A
:1018800042FA03F35AB297F9133013405BB2FB7478
:101890007B889A01FB8C03F003035B0042FA03F39D
:1018A0005AB297F91330134359B2214B1A687B6926
:1018B0001344CAB21A7063E01D4BDB8A102B39D176
:1018C000FB8C5B089BB21946BB8C194A528A02FBFF
:1018D00003F30B44FB61164B1A68FB6913441B7836
:1018E000FB767B8803F00F037B80FB8C03F0010306
:1018F0009B006FF0F00242FA03F35AB297F91B30E3
:1019000013405BB2FB767B881A01FB8C03F001036A
:101910009B0042FA03F35AB297F91B30134359B2B2
:10192000034B1A68FB691344CAB21A7028E000BF5F
:10193000BC5D0020154BDB8A412B21D1FB8C5A006A
:10194000BB8C1249498A01FB03F313443B627B8839
:101950001B0A99B20D4B1A683B6A1344CAB21A703B
:101960000A4B1A683B6A013313447A88D2B21A7060
:1019700006E000BF04E000BF02E000BF00E000BFDF
:101980002C37BD465DF8047B704700BFBC5D00206E
:1019900080B489B000AF0346FB80524BDB8A022B38
:1019A00003D0504BDB8A042B25D10023FB831CE0A2
:1019B0000023BB8311E0BA8BFB8B4A49498A01FBA8
:1019C00003F31344BB60474B1A68BB681344FA889F
:1019D000D2B21A70BB8B0133BB83424B5B8ABA8B8A
:1019E0009A42E8D3FB8B0133FB833E4B9B8AFA8BF5
:1019F0009A42DDD36FE03B4BDB8A102B30D10023C2
:101A00007B8327E000233B831CE03A8B7B8B3549AB
:101A1000498A01FB03F31344FB60FB8803F00F03C7
:101A2000FB80FB885BB21B015AB2FB885BB213439D
:101A300059B22C4B1A68FB681344CAB21A703B8B1C
:101A400001333B83274B5B8A3A8B9A42DDD37B8BF6
:101A500001337B83234B9B8A7A8B9A42D2D33AE021
:101A6000204BDB8A412B36D10023FB822DE0002363
:101A7000BB8222E0BB8A5A00FB8A1A49498A01FBD1
:101A800003F313443B61FB881B0A9BB2DAB2154B8C
:101A900019683B690B4402F00F02D2B21A70FB883E
:101AA000DAB2104B19683B6901330B4402F00F02A4
:101AB000D2B21A70BB8A0133BB820A4B5B8ABA8AE4
:101AC0009A42D7D3FB8A0133FB82064B9B8AFA8A60
:101AD0009A42CCD3FFE700BF2437BD465DF8047BB4
:101AE000704700BFBC5D002090B585B000AF0446D4
:101AF000084611461A462346FB800346BB800B4628
:101B00007B8013467B70424B9B88FA889A427AD836
:101B10003F4BDB88BA889A4275D897F82030012B62
:101B200044D10023FB8139E00023BB8129E0FA88FE
:101B3000B7F90E301A447B78D31A002B28DBBA8809
:101B4000B7F90C301A447B78D31A002B20DBFA89C2
:101B5000FB8813449AB27B789BB2D31A98B2BA89A5
:101B6000BB8813449AB27B789BB2D31A9BB27A8813
:101B70001946FFF79DFDB7F90C309BB201339BB2BC
:101B8000BB81B7F90C207B785B00013B9A42CEDB2E
:101B9000B7F90E309BB201339BB2FB81B7F90E202F
:101BA0007B785B00013B9A42BEDB2DE00023FB818A
:101BB00023E00023BB8115E0FA89FB8813449BB224
:101BC000013B98B2BA89BB8813449BB2013B9BB2DC
:101BD0007A881946FFF76CFDB7F90C309BB20133D8
:101BE0009BB2BB81B7F90C207B789A42E4DBB7F952
:101BF0000E309BB201339BB2FB81B7F90E207B788C
:101C00009A42D6DB00E000BF1437BD4690BD00BF4E
:101C1000BC5D002090B58DB002AF04460846114669
:101C20001A462346FB800346BB800B467B80134647
:101C30003B80534B9B88FA889A4200F29880504B25
:101C4000DB88BA889A4200F292804D4B9B887A8852
:101C50009A4200F28C804A4BDB883A889A4200F222
:101C60008680FB88FB84BB88BB847A88FB88D31A78
:101C7000002BB8BF5B42BB613A88BB88D31A002BEC
:101C8000B8BF5B425B427B61FA887B889A4201D293
:101C9000012301E04FF0FF333B61BA883B889A4251
:101CA00001D2012301E04FF0FF33FB60BA697B6989
:101CB00013443B620023FB77FB7F0133FB7797F8EC
:101CC0004030012B25D1FA7F2E4BA3FB021359087C
:101CD0000B465B000B44D31ADBB2002B19D13B8FB0
:101CE000002B09D097F83C30B98CF88C0122009277
:101CF0000022FFF7F9FE09E097F83C30B98CF88C28
:101D0000012200924FF6FF72FFF7EEFE0023FB77F1
:101D100008E097F83C303A8FB98CF88C0124009495
:101D2000FFF7E2FE3B6A5B007A699A420CDCFA8CB0
:101D30007B889A421DD03A6A7B6913443B623B69B7
:101D40009AB2FB8C1344FB843B6A5B00BA699A42EB
:101D5000B2DBBA8C3B889A420DD03A6ABB69134415
:101D60003B62FB689AB2BB8C1344BB84A4E700BF00
:101D700002E000BF00E000BF2C37BD4690BD00BFB1
:101D8000BC5D0020ABAAAAAA90B589B004AF0446F6
:101D9000084611461A462346FB800346BB800B4685
:101DA0007B8013463B80374B9B88FA889A4264D8E5
:101DB000344BDB88BA889A425FD8324B9B887A884A
:101DC0009A425AD82F4BDB883A889A4255D897F8CE
:101DD0002830002B18D0BB88FB8110E0FC897A8862
:101DE000F989F8880023029397F8243001933B8CFB
:101DF00000932346FFF70EFFFB890133FB81FA892D
:101E00003B889A42EAD339E0BC887A88B988F88856
:101E10000023029397F8243001933B8C00932346D0
:101E2000FFF7F8FE3C88FA88B988F8880023029307
:101E300097F8243001933B8C00932346FFF7EAFE8A
:101E4000BC887A88398878880023029397F82430F0
:101E500001933B8C00932346FFF7DCFE3C88FA8815
:101E6000398878880023029397F8243001933B8CBB
:101E700000932346FFF7CEFE00E000BF1437BD46B7
:101E800090BD00BFBC5D002080B588B000AF7B6016
:101E90000346FB810B46BB811346FB724D4B9B886F
:101EA000FA899A4200F291804A4BDB88BA899A42B9
:101EB00000F28B80FB7A203B7A68D28802FB03F326
:101EC0007A689288D20892B211467A68928802F0B3
:101ED000070292B2002A14BF01220022D2B20A44A1
:101EE00002FB03F37B617B681A687B691344BB6167
:101EF0000023FB8363E00023BB834EE0BB8D4FF6E2
:101F0000FF72934218D1BB691B781946BB8B03F053
:101F10000703802242FA03F30B40002B31D0FA89E9
:101F2000BB8B134498B2BA89FB8B13449BB23A8D96
:101F30001946FFF7BDFB24E0BB691B781946BB8B34
:101F400003F00703802242FA03F30B40002B0CD06E
:101F5000FA89BB8B134498B2BA89FB8B13449BB2AA
:101F60003A8D1946FFF7A4FB0BE0FA89BB8B1344AB
:101F700098B2BA89FB8B13449BB2BA8D1946FFF70E
:101F800097FBBB8B03F007039BB2072B02D1BB6906
:101F90000133BB61BB8B0133BB837B689B88BA8BEE
:101FA0009A42ABD37B689B8803F007039BB2002B5C
:101FB00002D0BB690133BB61FB8B0133FB837B68C0
:101FC000DB88FA8B9A4296D300E000BF2037BD46EB
:101FD00080BD00BFBC5D002080B588B002AFBA6094
:101FE0007B600346FB810B46BB81FB89FB82BB897F
:101FF000BB82214B9B88FA899A4238D81E4BDB88DA
:10200000BA899A4233D82DE0FB8A7A6892881344C1
:10201000194A9288934206DDFB89FB827B68DA8845
:10202000BB8A1344BB82BB8A7A68D2881344124AA3
:10203000D288934203DDFB89FB82BB89BB82BB68EC
:102040001A78B98AF88A3B8C0193BB8C00937B6821
:10205000FFF71AFFBB680133BB607B689A88FB8A75
:102060001344FB82BB681B78002BCDD100E000BF7E
:102070001837BD4680BD00BFBC5D002090B5ADF5F2
:102080000F7D02AF0446084607F1100101ED020B77
:1020900007F50C71A1F508710A60194607F50C7374
:1020A000A3F21A2322461A8007F50C73A3F50773CF
:1020B00002461A8007F50C73A3F22A230A461A80F7
:1020C0000023A7F82E320023A7F82C3207F50C7353
:1020D000A3F58C731846FF231A460021EEF730FF54
:1020E00007F50C73A3F506731846FF231A46002163
:1020F000EEF726FF07F58C73C7F81C3207F11003C3
:1021000053E90201EEF792FB0346C7F82832934BDE
:102110009B8807F50C72A2F21A2212889A4200F2EA
:1021200018818E4BDB8807F50C72A2F507721288B6
:102130009A4200F20E8107F50C73A3F22A231B8842
:10214000002B7DD0D7F82802EEF706FB02460B469F
:1021500007F1100151E90201EEF7B0F902460B4612
:1021600010461946EEF7AAFB0346C7F8243207F5D6
:102170000C73A3F22A231B8887F823320CE0D7EDD7
:10218000897AB2EE047A67EE877AC7ED897A97F892
:102190002332013B87F8233297F82332002BEED10C
:1021A000D7ED897AFDEEE77A17EE903AC7F8283234
:1021B00007F50C73A3F22A231B8887F823322CE03F
:1021C000D7F82822664B83FB02139910D317C91A3C
:1021D0000B469B000B445B00D11ACAB2B7F92E32F2
:1021E0003032D1B207F50C72A2F50672D154B7F9AC
:1021F0002E329BB201339BB2A7F82E32D7F8283289
:10220000574A82FB03129210DB17D31AC7F8283201
:1022100097F82332013B87F8233297F82332002BBB
:10222000CED1B7F92E3207F50C72A2F506722E2127
:10223000D154B7F92E329BB201339BB2A7F82E329C
:1022400007F1100353E90201EEF7F0FA0346C7F86D
:102250002832D7F82832C7F8183227E0D7F82822D2
:102260003F4B83FB02139910D317C91A0B469B00EF
:102270000B445B00D11ACAB2B7F92E323032D1B258
:1022800007F50C72A2F50672D154B7F92E329BB243
:1022900001339BB2A7F82E32D7F82832304A82FB9E
:1022A00003129210DB17D31AC7F82832D7F8283256
:1022B000002BD3D1D7F81832002B2CD1B7F92E32FE
:1022C00007F50C72A2F506723021D154B7F92E32FF
:1022D0009BB201339BB2A7F82E321CE0B7F92E3225
:1022E0005A1EB7F92C3207F50C71A1F50671895CFD
:1022F00007F50C72A2F58C72D154B7F92C329BB24F
:1023000001339BB2A7F82C32B7F92E329BB2013BB6
:102310009BB2A7F82E32B7F92E32002BDEDC07F580
:102320000C73A3F5087307F50C72A2F507721188F8
:1023300007F50C72A2F21A221088B7F84022019217
:10234000B7F8442200921B68D7F81C22FFF744FE1E
:1023500000E000BF07F50D77BD4690BDBC5D0020D5
:102360006766666680B500AF01224FF480510D4864
:10237000F1F730FF6420FFF729F900224FF4805174
:102380000848F1F727FF6420FFF720F901224FF4F6
:1023900080510448F1F71EFF6420FFF717F900BFD2
:1023A00080BD00BF0000024080B582B000AF034690
:1023B000FB7100224FF400410A48F1F70BFF0022A5
:1023C00001210948F1F706FFFB791846FFF7ECF801
:1023D000012201210448F1F7FDFE00BF0837BD4688
:1023E00080BD00BF00000240000C024080B582B0FA
:1023F00000AF0346FB7101224FF400410A48F1F798
:10240000E9FE002201210948F1F7E4FEFB791846B4
:10241000FFF7CAF8012201210448F1F7DBFE00BFF3
:102420000837BD4680BD00BF00000240000C0240DE
:1024300080B500AFAE20FFF7B7FF0020FFF7B4FF75
:102440001020FFF7B1FFB020FFF7AEFFDC20FFF751
:10245000ABFF0020FFF7A8FF8120FFF7A5FF6F204B
:10246000FFF7A2FF2120FFF79FFFA020FFF79CFFAF
:10247000C020FFF799FFA420FFF796FFA620FFF7E3
:1024800093FFA820FFF790FF3F20FFF78DFFD32099
:10249000FFF78AFF6020FFF787FFD520FFF784FF53
:1024A0004120FFF781FFD920FFF77EFF2220FFF7B1
:1024B0007BFFDB20FFF778FF3520FFF775FFAD20AE
:1024C000FFF772FF8A20FFF76FFF00BF80BD80B566
:1024D00000AFFFF747FFFFF7ABFFC820FFF776F825
:1024E000AF20FFF761FF00BF80BD80B584B000AFB3
:1024F00010237B8140233B81B020FFF755FF002351
:10250000FB8124E0FB89C3F13F03FB80FB88DBB246
:1025100003F00F03DBB21846FFF746FFFB881B09E9
:102520009BB2DBB21033DBB21846FFF73DFF00234E
:10253000BB8105E00020FFF759FFBB890133BB8158
:10254000BA897B899A42F5D3FB890133FB81FA89E9
:102550003B899A42D6D300BF00BF1037BD4680BD2D
:1025600080B483B000AF0346FB7197F907305B007E
:102570005BB223F055035AB2FB795B105BB203F0F8
:1025800055035BB213435BB2FB7197F907309B00B5
:102590005BB223F033035AB2FB799B105BB203F0BA
:1025A00033035BB213435BB2FB7197F907301B0136
:1025B0005AB2FB791B09DBB25BB213435BB2FB710E
:1025C000FB7918460C37BD465DF8047B704780B533
:1025D00086B000AF786010237B8240233B82B0201E
:1025E000FFF7E2FE0023FB8238E0FB8AC3F13F03E2
:1025F000FB81FB89DBB203F00F03DBB21846FFF768
:10260000D3FEFB891B099BB2DBB21033DBB2184649
:10261000FFF7CAFE0023BB8219E0BA8AFB8A798AD7
:1026200001FB03F313441A467B6813441B78BB81F8
:10263000BB89DBB21846FFF793FF0346BB81BB891A
:10264000DBB21846FFF7D2FEBB8A0133BB82BA8ADF
:102650007B8A9A42E1D3FB8A0133FB82FA8A3B8A66
:102660009A42C2D300BF00BF1837BD4680BD0000EC
:1026700080B584B002AFFEF78FFF0346002B02D077
:102680004FF0FF3327E0FFF722FFFFF72EFF4FF455
:102690008063FB80FB88184603F04CFD03461A4616
:1026A0000F4B1A600E4B1B68002B02D14FF0FF330B
:1026B00011E00B4B186800230093B42340228021C3
:1026C000FEF790FF064B1B681846FEF7E1FF00205F
:1026D000FFF75EF9002318460837BD4680BD00BFEE
:1026E000D45D002080B586B004AF0023029301239F
:1026F00001934FF6FF7300934023802201210120B4
:10270000FFF742FB00230293012301934FF6FF736F
:1027100000934023502214215020FFF77BFA00231E
:102720000293012301934FF6FF7300931423802239
:1027300014210020FFF76EFAFF230193002300937A
:10274000B44BB54A05210520FFF746FCB34B1B7877
:10275000DBB21846EDF7F0FF00230193FF2300934F
:102760000023AC4A41EC100B05211B20FFF786FC2F
:10277000AA4B5B78DBB21846EDF7DEFF002301932E
:10278000FF2300930023A34A41EC100B05213920BD
:10279000FFF774FCFF230193002300939D4BA04A95
:1027A00018210520FFF718FC9E4BDB889BB21846CA
:1027B000EDF7C2FF00230193FF2300930023954A06
:1027C00041EC100B18212A20FFF758FCFF2301933E
:1027D000002300938F4B944A25210520FFF7FCFB33
:1027E000904BDB691846EDF7C9FF00230193FF23E7
:1027F00000930123874A41EC100B25212A20FFF783
:102800003DFCFF23019300230093824B874A322132
:102810000520FFF7E1FB834B1B78DBB2062B5ED86C
:1028200001A252F823F000BF452802085B280208E5
:10283000C928020871280208872802089D28020872
:10284000B3280208FF23019300230093714B784AB9
:1028500032212A20FFF7C0FB54E0FF23019300231D
:1028600000936C4B734A32212A20FFF7B5FB49E0F5
:10287000FF23019300230093664B6F4A32212A20E5
:10288000FFF7AAFB3EE0FF23019300230093614B77
:102890006A4A32212A20FFF79FFB33E0FF2301938E
:1028A000002300935B4B664A32212A20FFF794FBFA
:1028B00028E000230193FF230093564B614A322105
:1028C0002A20FFF789FB1DE0FF23019300230093DB
:1028D000504B5D4A32212A20FFF77EFB12E0514B1C
:1028E0001B78DBB21846EDF727FF00230193FF2387
:1028F00000930023474A41EC100B32212A20FFF7B6
:10290000BDFB00BF514B9B79DBB2012B1CD1FF23D8
:102910000193002300933F4B4D4A18215520FFF7A8
:102920005BFB404B5B79DBB21846EDF705FF0023FC
:102930000193FF2300930023464A41EC100B292109
:102940005320FFF79BFB38E0364B5B78FB713F4B26
:10295000DB7ADBB2012B02D10023FB7113E03B4B8E
:10296000DB79DBB2012B0ED12E4BDB78DBB2012BF6
:1029700002D13223FB7106E02A4BDB78DBB2022B5B
:1029800001D16423FB71FF23019300230093214BAA
:10299000314A18215520FFF71FFBFB791846EDF748
:1029A000CBFE00230193FF2300930023294A41EC2F
:1029B000100B29215320FFF761FB184B1B79DBB269
:1029C000062B5AD801A252F823F000BFE9290208C9
:1029D000E9290208FF290208652A0208652A020877
:1029E000E9290208E9290208FF2301930023009343
:1029F000084B1A4A05215F20FFF7EEFA3EE0FF235D
:102A0000019300230093034B154A05215F20FFF734
:102A1000E3FA33E070000020AC700208044B0020A1
:102A2000B8700208344B0020C4700208CC70020851
:102A3000D4700208D8700208DC700208E070020846
:102A4000E4700208E8700208EC700208244B0020D1
:102A5000F470020878000020FC700208047102087B
:102A60000C710208FF23019300230093084B094ACD
:102A700005215F20FFF7B0FA00E000BF064B1B689E
:102A80001846FFF7A4FD00BF0837BD4680BD00BF54
:102A90007000002014710208D45D002080B58CB055
:102AA00004AF00230293012301934FF6FF730093B9
:102AB0004023802201210120FFF766F9FF230193C3
:102AC00000230093714B724A05210520FFF784FA19
:102AD000704B9B79DBB2032B67D801A252F823F02D
:102AE000F12A0208072B02081D2B0208472B0208B7
:102AF000FF23019300230093644B674A052137208D
:102B0000FFF76AFA52E0FF230193002300935F4B23
:102B1000624A05213720FFF75FFA47E0FEF710FD14
:102B2000024607F110035E49184603F037FC07F12F
:102B30001002FF23019300230093544B05213720FB
:102B4000FFF74AFA32E0574B7B6007F10803002297
:102B50001A601A710023FB77534B5B79012B01D16B
:102B60000123FB77514B1B79012B01D10223FB770A
:102B70004E4B5B79012B01D10323FB77FB7F4C4A42
:102B8000D35C1A463B1D4B49184603F007FC474BE4
:102B900001229A703A1DFF230193002300933B4BBF
:102BA00005213720FFF718FA00E000BFFF2301934B
:102BB00000230093354B404A14210520FFF70CFAFF
:102BC0003E4B1B8A9BB21846EDF7B6FD00230193DE
:102BD000FF23009300232D4A41EC100B14213720D2
:102BE000FFF74CFA354B5B8A9BB21846EDF7A4FD14
:102BF00000230193FF2300930023244A41EC100B90
:102C000014215A20FFF73AFAFF230193002300937F
:102C10001E4B2B4A23210520FFF7DEF9274B9B8A09
:102C20009BB21846EDF788FD00230193FF23009324
:102C30000023164A41EC100B23213720FFF71EFA20
:102C40001E4BDB8A9BB21846EDF776FD00230193FD
:102C5000FF23009300230D4A41EC100B23215A203F
:102C6000FFF70CFAFF23019300230093074B154A4B
:102C700032210520FFF7B0F9134B1B681846FFF708
:102C8000A6FC00BF2037BD4680BD00BF70000020FD
:102C90001C710208044B0020247102082C710208E8
:102CA0003071020857494649006000203461002015
:102CB0002C9E02083C71020848710208344B002027
:102CC0005871020868710208D45D0020F0B58DB01B
:102CD00004AF00230293012301934FF6FF73009387
:102CE0004023802201210120FFF74EF8584B9B79A9
:102CF000DBB2032B40F09680564BDB7D012B40F07E
:102D00009180FF23019300230093534B534A0521E5
:102D10000520FFF761F94F4BDB7A19464D4B1B7BC2
:102D20001C464C4B5B7B1A464A4B9B7B38460193B7
:102D3000009223460A464A4903F030FB3A46FF23F5
:102D4000019300230093474B07212820FFF744F904
:102D5000404B9B7F012B2ED1FF2301930023009337
:102D60003D4B414A14210520FFF736F9394B1B7EB4
:102D70001D46384B5B7E1E46364B9B7E1A46354BB6
:102D8000DB7E1946334B1B7F1C46324B5B7F38463C
:102D9000039302940191009233462A46334903F08B
:102DA000FDFA3A46FF230193002300932D4B162191
:102DB0002820FFF711F9274B93F86130012B19D127
:102DC000FF23019300230093234B294A232105204D
:102DD000FFF702F93B46274A2749184603F0DEFA77
:102DE0003A46FF230193002300931E4B2521282000
:102DF000FFF7F2F8214B5B78012B1ED11F4B93F9A3
:102E000000301A463B461E49184603F0C7FA3A46B8
:102E1000FF230193002300930F4B32210520FFF77E
:102E2000DBF80AE0FF230193002300930A4B154AC5
:102E300014210520FFF7D0F800E000BF124B1B68FB
:102E40001846FFF7C4FB00BF2437BD46F0BD00BFE6
:102E5000044B002000600020700000207871020800
:102E600080710208800000208C71020894710208B1
:102E7000B47102081F600020BC7102083461002098
:102E8000C0710208CC710208D45D002090B595B0E5
:102E900004AF00230293012301934FF6FF730093C5
:102EA0004023802201210120FEF76EFF4E4B9B79CB
:102EB000DBB2032B40F082804C4B93F86830012B3F
:102EC0007CD1FF23019300230093494B494A0521FC
:102ED0000520FFF781F8454B93F862301946434BC4
:102EE00093F863301C46414B93F864301A463F4BCD
:102EF00093F8653038460193009223460A463E49CE
:102F000003F04CFA3A46FF230193002300933B4B16
:102F100007212820FFF760F8344BB3F866301A46D3
:102F20003B463749184603F039FA3A46FF230193E6
:102F3000002300932E4B14210520FFF74DF82B4B57
:102F400093F8CB30012B0FD13B462E4A2E49184621
:102F500003F024FA3A46FF23019300230093244B05
:102F600022210520FFF738F8204B93F82F31012B51
:102F70002FD1FF230193002300931D4B234A3121BE
:102F80000520FFF729F83B46214A2249184603F05D
:102F900005FA3A46FF23019300230093174B2E2195
:102FA0002820FFF719F8FF23019300230093134B08
:102FB000194A37212820FFF70FF80AE0FF23019371
:102FC000002300930A4B154A14210520FFF704F84B
:102FD00000E000BF124B1B681846FFF7F8FA00BF6D
:102FE0004437BD4690BD00BF044B00200060002068
:102FF00070000020DC71020880710208800000204F
:10300000E4710208AA600020EC710208F471020861
:10301000EE600020FC710208FC60002004720208CF
:10302000D45D002080B584B004AF00230293012357
:1030300001934FF6FF73009340238022012101206A
:10304000FEF7A2FE8B4B1B78DBB2012B0AD10023CB
:103050000193FF230093884B884A05210520FEF742
:10306000BBFF09E0FF23019300230093824B834AB7
:1030700005210520FEF7B0FF7E4B1B78DBB2152B38
:1030800012D17F4B1B78DBB21846EDF755FBFF23BF
:103090000193002300930023774A41EC100B052194
:1030A0004620FEF7EBFF11E0754B1B78DBB21846AC
:1030B000EDF742FB00230193FF23009300236E4AA8
:1030C00041EC100B05214620FEF7D8FF694B1B7819
:1030D000DBB2022B0AD100230193FF230093664B3E
:1030E000684A14210520FEF777FF09E0FF230193CA
:1030F00000230093604B634A14210520FEF76CFF08
:103100005C4B1B78DBB2162B12D15D4B5B78DBB2CC
:103110001846EDF711FBFF230193002300930023D2
:10312000554A41EC100B14214620FEF7A7FF11E091
:10313000534B5B78DBB21846EDF7FEFA00230193A0
:10314000FF23009300234C4A41EC100B142146202E
:10315000FEF794FF474B1B78DBB2032B0AD1002309
:103160000193FF230093444B474A23210520FEF798
:1031700033FF09E0FF230193002300933E4B424AB3
:1031800023210520FEF728FF3A4B1B78DBB2172BD3
:1031900012D13B4B9B78DBB21846EDF7CDFAFF23FB
:1031A0000193002300930023334A41EC100B2321A9
:1031B0004620FEF763FF11E0314B9B78DBB21846E7
:1031C000EDF7BAFA00230193FF23009300232A4A64
:1031D00041EC100B23214620FEF750FF254B1B78B6
:1031E000DBB2042B0AD100230193FF230093224B6F
:1031F000264A32210520FEF7EFFE09E0FF23019366
:10320000002300931C4B214A32210520FEF7E4FEE7
:10321000184B1B78DBB2182B12D1194BDB78DBB2C1
:103220001846EDF789FAFF2301930023009300234A
:10323000114A41EC100B32214620FEF71FFF11E02E
:103240000F4BDB78DBB21846EDF776FA00230193DB
:10325000FF2300930023084A41EC100B3221462043
:10326000FEF70CFF0A4B1B681846FFF7B0F900BFCA
:10327000BD4680BD204B0020700000201472020863
:10328000044B0020207202082C72020838720208D7
:10329000D45D00200000000080B584B004AF00239E
:1032A0000293012301934FF6FF7300934023802282
:1032B00001210120FEF768FDA14B1B78DBB2052B35
:1032C0000AD100230193FF2300939E4B9E4A0521C0
:1032D0000520FEF781FE09E0FF2301930023009300
:1032E000984B994A05210520FEF776FE944B1B78F2
:1032F000DBB2192B56D1954B1B79DBB2052B00F2B3
:10330000A78001A252F823F02133020837330208C4
:103310004D33020863330208793302088F33020801
:1033200000230193FF230093864B894A0521462001
:10333000FEF752FE8FE000230193FF230093814BA1
:10334000844A05214620FEF747FE84E000230193CE
:10335000FF2300937B4B804A05214620FEF73CFE6D
:1033600079E000230193FF230093764B7B4A0521EC
:103370004620FEF731FE6EE000230193FF23009309
:10338000704B774A05214620FEF726FE63E00023B6
:103390000193FF2300936B4B724A05214620FEF7F1
:1033A0001BFE58E0694B1B79DBB2052B52D801A2FA
:1033B00052F823F0CD330208E3330208F933020850
:1033C0000F340208253402083B340208FF2301931E
:1033D000002300935B4B5E4A05214620FEF7FCFD6F
:1033E00039E0FF23019300230093564B594A0521EE
:1033F0004620FEF7F1FD2EE0FF230193002300930A
:10340000504B554A05214620FEF7E6FD23E0FF23F9
:103410000193002300934B4B504A05214620FEF7B1
:10342000DBFD18E0FF23019300230093454B4C4A3A
:1034300005214620FEF7D0FD0DE0FF230193002378
:103440000093404B474A05214620FEF7C5FD02E0A8
:1034500000BF00E000BF3A4B1B78DBB2062B0AD15D
:1034600000230193FF230093364B3F4A142105208C
:10347000FEF7B2FD25E0324B1B78DBB21A2B16D1DA
:10348000324B1B79DBB2052B11D1FF2301930023B3
:1034900000932C4B344A14210520FEF79DFD284B48
:1034A0001B78DBB2143BDAB2254B1A7009E0FF231C
:1034B000019300230093234B2B4A14210520FEF790
:1034C0008BFD224B1B79DBB2052B18D11F4B1B79CF
:1034D000DBB2052B02D19FED167B01E09FED167B41
:1034E00000230193FF2300930023164AB0EE470AFE
:1034F000F0EE670A14214620FEF7C0FD48E0104BAD
:103500001B78DBB21A2B31D1104B5B79DBB218463A
:10351000EDF712F9FF230193002300930023094ADA
:1035200041EC100B14214620FEF7A8FD30E000BF4F
:1035300000000000000069400000000000805B40C7
:10354000204B00207000002044720208044B002031
:1035500050720208587202080C7102086072020868
:10356000687202087072020878720208874B5B79F1
:10357000DBB21846EDF7E0F800230193FF23009338
:103580000023834A41EC100B14214620FEF776FD00
:10359000804B1B78DBB2072B0AD100230193FF235A
:1035A00000937B4B7C4A23210520FEF715FD09E0A3
:1035B000FF23019300230093754B774A23210520B5
:1035C000FEF70AFD734B1B78DBB21B2B3CD16F4B14
:1035D0009B79DBB2032B73D801A252F823F000BF12
:1035E000F1350208073602081D3602083336020894
:1035F00000230193FF230093654B684A2321462053
:10360000FEF7EAFC5FE000230193FF230093604B89
:10361000634A23214620FEF7DFFC54E00023019398
:10362000FF2300935A4B5F4A23214620FEF7D4FC28
:1036300049E000230193FF230093554B5A4A23216D
:103640004620FEF7C9FC3EE0504B9B79DBB2032BD2
:1036500038D801A252F823F0693602087F360208F2
:1036600095360208AB360208FF230193002300932E
:10367000474B4A4A23214620FEF7AEFC23E0FF23B6
:10368000019300230093424B454A23214620FEF735
:10369000A3FC18E0FF230193002300933C4B414A15
:1036A00023214620FEF798FC0DE0FF230193002321
:1036B0000093374B3C4A23214620FEF78DFC02E065
:1036C00000BF00E000BF334B1B78DBB2082B0AD1F0
:1036D00000230193FF2300932D4B344A3221052010
:1036E000FEF77AFC09E0FF23019300230093284BA7
:1036F0002E4A32210520FEF76FFC264B1B78DBB2E9
:103700001C2B1DD1214BDB79DBB2002B02D0012B0E
:103710000BD033E000230193FF2300931C4B244A7A
:1037200032214620FEF758FC28E000230193FF23B6
:103730000093174B1F4A32214620FEF74DFC1DE037
:10374000124BDB79DBB2002B02D0012B0BD015E042
:10375000FF230193002300930D4B154A322146208D
:10376000FEF73AFC0AE0FF23019300230093084B85
:10377000104A32214620FEF72FFC00BF0E4B1B687B
:103780001846FEF724FF00BFBD4680BD044B002055
:1037900070000020204B002084720208247102086F
:1037A0002C7102089072020898720208A072020836
:1037B000AC720208B4720208D45D002080B584B0F7
:1037C00004AF00230293012301934FF6FF7300938C
:1037D0004023802201210120FEF7D6FA8B4B1B7873
:1037E000DBB2092B0AD100230193FF230093884BFE
:1037F000884A05210520FEF7EFFB09E0FF2301932E
:1038000000230093824B834A05210520FEF7E4FB49
:103810007E4B1B78DBB21D2B12D17F4B1B7ADBB2A8
:103820001846ECF789FFFF23019300230093002340
:10383000774A41EC100B05214620FEF71FFC11E0F2
:10384000754B1B7ADBB21846ECF776FF0023019329
:10385000FF23009300236E4A41EC100B0521462004
:10386000FEF70CFC694B1B78DBB20A2B0AD1002354
:103870000193FF230093664B684A14210520FEF74D
:10388000ABFB09E0FF23019300230093604B634AE5
:1038900014210520FEF7A0FB5C4B1B78DBB21E2B2E
:1038A00012D15D4B5B7ADBB21846ECF745FFFF2384
:1038B0000193002300930023554A41EC100B14217F
:1038C0004620FEF7DBFB11E0534B5B7ADBB2184678
:1038D000ECF732FF00230193FF23009300234C4AAF
:1038E00041EC100B14214620FEF7C8FB474B1B7818
:1038F000DBB20B2B0AD100230193FF230093444B2F
:10390000474A23210520FEF767FB09E0FF230193C7
:10391000002300933E4B424A23210520FEF75CFB27
:103920003A4B1B78DBB21F2B12D13B4B9B7ADBB29D
:103930001846ECF701FFFF230193002300930023B7
:10394000334A41EC100B23214620FEF797FB11E090
:10395000314B9B7ADBB21846ECF7EEFE0023019365
:10396000FF23009300232A4A41EC100B2321462019
:10397000FEF784FB254B1B78DBB20C2B0AD100230E
:103980000193FF230093224B264A32210520FEF7A4
:1039900023FB09E0FF230193002300931C4B214AE2
:1039A00032210520FEF718FB184B1B78DBB2202BC9
:1039B00012D1194BDB7ADBB21846ECF7BDFEFF23C0
:1039C0000193002300930023114A41EC100B322194
:1039D0004620FEF753FB11E00F4BDB7ADBB21846B3
:1039E000ECF7AAFE00230193FF2300930023084A6B
:1039F00041EC100B32214620FEF740FB0A4B1B68BE
:103A00001846FEF7E4FD00BFBD4680BD204B0020F8
:103A100070000020B8720208044B0020C87202082F
:103A2000D8720208E8720208D45D002080B584B024
:103A300004AF00230293012301934FF6FF73009319
:103A40004023802201210120FEF79EF99E4B1B7826
:103A5000DBB20D2B0AD100230193FF2300939B4B74
:103A60009B4A05210520FEF7B7FA09E0FF230193E1
:103A700000230093954B964A05210520FEF7ACFAEA
:103A8000914B1B78DBB2212B1DD1924B1B7BDBB200
:103A9000002B02D0012B0BD033E000230193FF2336
:103AA00000938A4B8C4A05214620FEF795FA28E0C0
:103AB00000230193FF230093844B884A052146206D
:103AC000FEF78AFA1DE0834B1B7BDBB2002B02D092
:103AD000012B0BD015E0FF230193002300937B4BB8
:103AE0007D4A05214620FEF777FA0AE0FF2301937D
:103AF00000230093754B794A05214620FEF76CFAA6
:103B000000BF714B1B78DBB20E2B0AD1002301934F
:103B1000FF2300936D4B724A14210520FEF75CFAD7
:103B200009E0FF23019300230093684B6C4A1421A2
:103B30000520FEF751FA644B1B78DBB2222B2CD107
:103B4000644B5B7BDBB2022B1CD0022B52DC002BC4
:103B500002D0012B0BD04DE000230193FF230093F3
:103B60005A4B604A14214620FEF736FA45E00023FE
:103B70000193FF230093554B5B4A14214620FEF727
:103B80002BFA3AE000230193FF2300934F4B574A4F
:103B900014214620FEF720FA2FE04E4B5B7BDBB270
:103BA000022B1CD0022B27DC002B02D0012B0BD0C8
:103BB00022E0FF23019300230093444B494A142140
:103BC0004620FEF709FA18E0FF2301930023009333
:103BD0003E4B454A14214620FEF7FEF90DE0FF2337
:103BE000019300230093394B404A14214620FEF7ED
:103BF000F3F902E000BF00E000BF334B1B78DBB2FB
:103C00000F2B0AD100230193FF2300932F4B384A37
:103C100023210520FEF7E0F909E0FF2301930023AB
:103C200000932A4B324A23210520FEF7D5F9264B73
:103C30001B78DBB2232B12D1264BDB899BB21846B3
:103C4000ECF77AFDFF2301930023009300231F4A22
:103C500041EC100B23214620FEF710FA11E01D4B1A
:103C6000DB899BB21846ECF767FD00230193FF2325
:103C700000930023154A41EC100B23214620FEF748
:103C8000FDF9114B1B78DBB2102B0AD100230193F5
:103C9000FF2300930D4B174A32210520FEF79CF9B4
:103CA00009E0FF23019300230093084B114A3221BE
:103CB0000520FEF791F9104B1B681846FEF787FCAC
:103CC00000BFBD4680BD00BF204B0020700000201B
:103CD000F8720208044B0020047302080C730208F7
:103CE0001473020820730208247302083073020858
:103CF0003C73020848730208D45D002080B584B08C
:103D000004AF00230293012301934FF6FF73009346
:103D10004023802201210120FEF736F8744B1B78E6
:103D2000DBB2112B0AD100230193FF230093714BC7
:103D3000714A05210520FEF74FF909E0FF230193A1
:103D4000002300936B4B6C4A05210520FEF744F9D4
:103D5000674B1B78DBB2252B12D1684B1B8A9BB2B9
:103D60001846ECF7E9FCFF2301930023009300239E
:103D7000604A41EC100B05214620FEF77FF911E067
:103D80005E4B1B8A9BB21846ECF7D6FC00230193CE
:103D9000FF2300930023574A41EC100B05214620D6
:103DA000FEF76CF9524B1B78DBB2122B0AD10023C1
:103DB0000193FF2300934F4B514A14210520FEF736
:103DC0000BF909E0FF23019300230093494B4C4A70
:103DD00014210520FEF700F9454B1B78DBB2262B9A
:103DE00012D1464B9B8A9BB21846ECF7A5FCFF23E9
:103DF00001930023009300233E4A41EC100B142151
:103E00004620FEF73BF911E03C4B9B8A9BB21846DB
:103E1000ECF792FC00230193FF2300930023354A23
:103E200041EC100B14214620FEF728F9334B1B7987
:103E3000DBB2052B53D12E4B1B78DBB2132B0AD1EF
:103E400000230193FF2300932A4B2E4A23210520B0
:103E5000FEF7C2F809E0FF23019300230093254BEE
:103E6000284A23210520FEF7B7F8214B1B78DBB247
:103E7000272B1AD1214B1B7EDBB2012B0AD1002349
:103E80000193FF2300931B4B1F4A23214620FEF77B
:103E9000A3F824E000230193FF230093154B1B4A52
:103EA00023214620FEF798F819E0144B1B7EDBB265
:103EB000012B0AD1FF230193002300930D4B124ADB
:103EC00023214620FEF788F809E0FF230193002311
:103ED0000093084B0D4A23214620FEF77DF80C4B3A
:103EE0001B681846FEF773FB00BFBD4680BD00BFD0
:103EF000204B0020700000205C730208044B00205F
:103F00006873020874730208D8700208D47002083B
:103F1000D45D002080B584B000AF0346FB71FB790F
:103F20003B73002280210948F0F754F907F10C0196
:103F3000642301220648F2F7B9FA012280210348DE
:103F4000F0F748F900BF1037BD4680BD000C0240B5
:103F50002052002080B584B000AF78600023FB724F
:103F600003233B737B681B0ADBB27B737B68DBB28A
:103F7000BB73002280210D48F0F72CF907F10C01EA
:103F8000642303220A48F2F791FA07F10B01642334
:103F900001220748F2F7CEFB012280210348F0F707
:103FA00019F9FB7A18461037BD4680BD000C024057
:103FB0002052002080B584B000AF78600B46FB70C3
:103FC00002233B737B681B0ADBB27B737B68DBB22B
:103FD000BB73FB78FB730620FFF79CFF0022802158
:103FE0000948F0F7F7F807F10C01642304220748A9
:103FF000F2F75CFA012280210348F0F7EBF800BFEA
:104000001037BD4680BD00BF000C0240205200208A
:1040100090B583B000AF0023FB710020FFF79AFF3B
:104020000346FB71FB79AA2B40F0A6800120FFF725
:1040300091FF03461A467E4B1A700220FFF78AFF53
:1040400003461A467A4B5A700320FFF783FF034654
:104050001A46774B9A700420FFF77CFF03461A46F6
:10406000734BDA700520FFF775FF03461A46704B55
:104070001A710620FFF76EFF03461A466C4B5A7101
:104080000720FFF767FF03461A46694B9A7108201D
:10409000FFF760FF03461A46654BDA710920FFF708
:1040A00059FF03461A46624B1A720A20FFF752FF65
:1040B00003461A465E4B5A720B20FFF74BFF03462E
:1040C0001A465B4B9A720C20FFF744FF03461A46D0
:1040D000574BDA720D20FFF73DFF03461A46544B4B
:1040E0001A730E20FFF736FF03461A46504B5A73D9
:1040F0000F20FFF72FFF03461A46920013441A467B
:1041000091001A460B4613449B009AB2484BDA8141
:104110001020FFF71FFF03461A46920013441A4669
:1041200091001A460B4613449B009CB21120FFF7E6
:1041300011FF034623449AB23D4B1A821220FFF727
:1041400009FF03461A46920013441A4691001A4684
:104150000B4613449B009CB21320FFF7FBFE034663
:1041600023449AB2324B9A821420FFF7F3FE03469F
:104170001A462F4B1A7657E0AA210020FFF71AFFA4
:1041800001210120FFF716FF01210220FFF712FF96
:1041900001210320FFF70EFF0A210420FFF70AFF89
:1041A00003210520FFF706FFDC210620FFF702FFB1
:1041B00000210720FFF7FEFE00210820FFF7FAFE8E
:1041C00028210920FFF7F6FE3C210A20FFF7F2FE26
:1041D00028210B20FFF7EEFE1E210C20FFF7EAFE40
:1041E00000210D20FFF7E6FE00210E20FFF7E2FE82
:1041F0002D210F20FFF7DEFE00211020FFF7DAFE51
:104200002A211120FFF7D6FE17211220FFF7D2FE38
:1042100000211320FFF7CEFE01211420FFF7CAFE74
:1042200000211520FFF7C6FE00BF0C37BD4690BD2C
:10423000044B002080B400AF174B00225A71164B7C
:104240000022DA75144B00229A77134B002283F870
:104250006120114B002283F868200F4B002283F865
:10426000CB200D4B002283F8ED200B4B002283F86E
:104270003121094B002283F82F21084B00225A706C
:10428000064B00221A71054B00225A7100BFBD4631
:104290005DF8047B704700BF00600020346100209F
:1042A00080B582B002AF114B01221A7100F080FC80
:1042B00000F066FC0E4B9B7A002B13D00B4B1B7946
:1042C000012B0FD10A4B1B89D9B201230093094B53
:1042D0000122BA2000F036FE054B00229A72044BF0
:1042E00000221A8100BFBD4680BD00BF346100209E
:1042F00000600020044B002080B500AF00F058FCA7
:10430000234B5B79002B02D1012000F0EFFC204B06
:10431000DB7D002B02D1122000F0E8FC1C4B9B7FC0
:10432000002B02D1142000F0E1FC194B93F861300E
:10433000002B02D1112000F0D9FC154B93F8683006
:10434000002B02D1212000F0D1FC114B93F8CB308F
:10435000002B04D00E4B93F8ED30002B02D122201D
:1043600000F0C4FC0A4B93F83131002B02D1152028
:1043700000F0BCFC064B93F82F31002B02D1232018
:1043800000F0B4FC162000F0B1FC00BF80BD00BFFF
:104390000060002080B500AF00F00AFC1D4B5B7987
:1043A000002B02D1012000F0A1FC1A4BDB7D002B79
:1043B00002D1122000F09AFC164B9B7F002B02D1F9
:1043C000142000F093FC134B93F86130002B02D1C2
:1043D000112000F08BFC0F4B93F86830002B02D1BA
:1043E000212000F083FC0B4B93F8CB30002B04D042
:1043F000084B93F8ED30002B02D1222000F076FC20
:10440000044B93F83131002B02D1152000F06EFCE3
:1044100000BF80BD0060002080B500AF00F0C8FB89
:104420001F4B5B79002B02D1012000F05FFC1C4B7D
:10443000DB7D002B02D1122000F058FC184B9B7F33
:10444000002B02D1142000F051FC154B93F8613081
:10445000002B02D1112000F049FC114B93F8683079
:10446000002B02D1212000F041FC0D4B93F8CB3002
:10447000002B04D00A4B93F8ED30002B02D1222000
:1044800000F034FC064B93F83131002B02D115209B
:1044900000F02CFC162000F029FC00BF80BD00BFFE
:1044A0000060002080B58AB002AF03463960FB711E
:1044B0001346BB71FB79F22B7FD0F22B00F3EB821A
:1044C000232B4FDC002B40F3E682013B222B00F232
:1044D000E28201A252F823F0EB450208974A020853
:1044E000974A0208974A0208974A0208974A020820
:1044F000974A0208974A0208974A0208974A020810
:10450000974A0208974A0208974A0208974A0208FF
:10451000974A02086D450208AF4602084146020864
:10452000974A020891460208214A02083B4A0208BB
:10453000974A0208974A0208974A0208974A0208CF
:10454000974A0208974A0208974A0208974A0208BF
:10455000974A02088B45020839470208FD480208BD
:104560008F490208F02B00F0748294E2BB79002B93
:1045700000F093823B681B78012B0CBF01230023C2
:10458000DBB21A46A14B1A7187E2BB79002B00F00F
:1045900086823B681B78012B0CBF01230023DBB212
:1045A0001A469A4B5A71994B5B79012B40F07782EE
:1045B000964B5A79954B1A7171E2BB79002B00F03A
:1045C00070823B681B78002B08D0904B01229A71B7
:1045D000F0F746F803468D4A936062E28B4B002267
:1045E0009A718A4B00229A605BE2BB79002B00F043
:1045F0005A823B681A78864B1B78DBB29A4216D0F7
:10460000824B1B79012B09D13B6819780123009358
:104610007F4B0122BA2000F095FC44E27D4B012241
:104620009A723B681B781A467A4B1A813BE2784BA8
:104630001B78DAB2774B1A71764B01225A7132E24B
:10464000BB790B2B40F231823B681B681A46714BD9
:10465000C3F80B203B6804331B681A466D4BC3F844
:104660000F203B6808331B681A466A4BC3F81320B7
:10467000684BDB7A002B07D0664BDB7B002B03D02B
:10468000644B0122DA7510E2624B0022DA750CE20B
:10469000BB79052B40F20B825E4B3A6818331068E9
:1046A000186092889A805B4B01229A77FFE1FF2382
:1046B000FB770023BB770BE0BB7F3A6813441B7882
:1046C0002C2B02D1BB7FFB7706E0BB7F0133BB778E
:1046D000BA7FBB799A42EFD3FB7FFF2B00F0E981D1
:1046E000FB7F202B28BF2023BB73BB7B1A46396876
:1046F000494801F01FFF474ABB7B82F83F30BA7937
:10470000FB7FD31ADBB2013B7B777B7F202B01D968
:1047100020237B77FB7F01333A6813447A7F194665
:104720003E4801F007FF3B4A7B7F82F86030394BFF
:10473000012283F86120BCE1BB79062B1AD13B68CA
:104740001B681A46334BC3F862203B6804331B785E
:104750001BB21B021AB23B6805331B781BB2134312
:104760001BB29AB22B4BA3F866202A4B012283F886
:104770006820A0E1BB79062B40F29D810023BB603D
:1047800000237B8300237B7600233B760023FB758D
:10479000BB791A463968224801F0CCFE1D4ABB7924
:1047A00082F8A930BB79072B0AD907221D4938683E
:1047B00001F0A8FE0346002B02D10723FB750CE095
:1047C000BB79062B09D906221749386801F09AFEF1
:1047D0000346002B01D10623FB75FB7D3B765AE097
:1047E0003B7E3A6813441B782E2B1FD17B7E032B14
:1047F00008D87B7E5A1C7A767A8BD2B220333B441F
:1048000003F8182C00237B8342E000BF34610020B2
:10481000044B0020006000201F600020406000204A
:104820006960002080730208887302083B7E3A6842
:1048300013441B783A2B11D17B7E032B08D87B7E47
:104840005A1C7A767A8BD2B220333B4403F8182C68
:1048500000237B833B7E01333B7620E03B7E3A683E
:1048600013441B782F2B13D93B7E3A6813441B78D3
:10487000392B0DD87B8B1A46920013445B009BB2F8
:104880003A7E39680A44127813449BB2303B7B83EA
:104890003B7E01333B763A7EBB799A42A0D31CE043
:1048A0003B7E3A6813441B782F2B13D93B7E3A6822
:1048B00013441B78392B0DD87B8B1A469200134476
:1048C0005B009BB23A7E39680A44127813449BB26B
:1048D000303B7B833B7E01333B763A7EBB799A4209
:1048E000DED3BB687B4AC2F862307A4A7B8BA2F87F
:1048F0006630784B012283F86820DCE0FF23BB752B
:1049000000237B750BE07B7D3A6813441B782C2BCE
:1049100002D17B7DBB7506E07B7D01337B757A7DA3
:10492000BB799A42EFD3BB7DFF2B00F0C680BB7DE5
:10493000202B28BF2023FB73FB7B1A46396866486F
:1049400001F0F8FD634AFB7B82F8CA30BA79BB7D7F
:10495000D31ADBB2013B3B753B7D202B01D92023D1
:104960003B75BB7D01333A6813443A7D19465B4879
:1049700001F0E0FD574A3B7D82F8EC30554B0122B7
:1049800083F8CB20534B012283F8ED2095E0BB79CF
:10499000002B00F09480FF23FB74FF23BB740023E3
:1049A0007B7411E07B7C3A6813441B782F2B08D171
:1049B000FB7CFF2B02D17B7CFB7402E07B7CBB7415
:1049C00006E07B7C01337B747A7CBB799A42E9D325
:1049D000FB7CFF2B73D0BB7CFF2B70D0BA7CFB7CA5
:1049E00001339A426BDDBA7CFB7CD31ADBB2013B0C
:1049F0003B743B7C402B01D940233B74FB7C01334F
:104A00003A6813443A7C1946354801F093FD314A1F
:104A10003B7C82F82E312F4B012283F82F214EE070
:104A2000BB79002B4DD03B681A782A4B83F8302194
:104A3000284B012283F8312143E0BB79002B42D07F
:104A40003B681B785AB2274B1A70264B01225A70CA
:104A500039E0BB79002B38D000224FF400612248A6
:104A6000EFF7B8FB214B0022C3F818223220F5F7EC
:104A700014FEFFF7DFFB01224FF400611A48EFF745
:104A8000A9FBEFF7EDFD0346184AC2F818323220B1
:104A9000F5F703FE19E000BF18E000BF16E000BF05
:104AA00014E000BF12E000BF10E000BF0EE000BF46
:104AB0000CE000BF0AE000BF08E000BF06E000BF56
:104AC00004E000BF02E000BF00E000BF00BF2037ED
:104AD000BD4680BD00600020AA600020CC600020A0
:104AE000EE6000203461002000000240D85D00200C
:104AF00080B400AF034B1B781846BD465DF8047BBD
:104B0000704700BF5261002080B400AF034B1B7898
:104B10001846BD465DF8047B704700BFA6630020C1
:104B200080B400AF034B1B781846BD465DF8047B8C
:104B3000704700BF5061002080B400AF034B1B786A
:104B40001846BD465DF8047B704700BFA463002093
:104B500080B400AF034B1B781846BD465DF8047B5C
:104B6000704700BF5161002080B400AF034B1B7839
:104B70001846BD465DF8047B704700BFA563002062
:104B800080B400AF074B00221A70074B00221A7046
:104B9000064B00221A7001231846BD465DF8047BBF
:104BA000704700BFA4630020A5630020A663002017
:104BB00080B400AF074B00221A70074B00221A7016
:104BC000064B00221A7001231846BD465DF8047B8F
:104BD000704700BF506100205161002052610020E9
:104BE00080B582B000AF144B1B78012B1FD1EFF7BB
:104BF00037FD7860114B1B68002B19D00F4B1B68D9
:104C00007A68D31A4FF4FA72934211D30C4B1B7883
:104C1000184600F041F8084B00221A70084B002299
:104C20001A70064B00221A6000F0C8F800E000BFBE
:104C30000837BD4680BD00BF52610020546100208E
:104C40005361002080B582B000AF104B1B78012B60
:104C500017D1EFF705FD02460D4B1B68D31A7B6099
:104C60007B6840F2DC5293420BD97968094801F025
:104C700069FA064B00221A70054B00221A6000F0F8
:104C800027F900BF0837BD4680BD00BFA6630020DE
:104C9000A86300209073020880B485B000AF03467B
:104CA000FB710F4B1B7801335A4203F00F0302F0E4
:104CB0000F0258BF5342FB730A4B1B78FA7B9A4290
:104CC00008D0074B1B781946074AFB795354044A0E
:104CD000FB7B137000BF1437BD465DF8047B704743
:104CE00051610020506100204061002080B584B0F7
:104CF00000AF0346FB71FB791846FFF7CDFF144B5D
:104D00001B78002B1FD1134B1A78134B1B789A4238
:104D100019D00F4B01221A700E4B1B781A460F4BFD
:104D20009B5CFB730B4B1B7801335A4203F00F0360
:104D300002F00F0258BF5342DAB2064B1A70FB7BE7
:104D4000184600F097F900BF1037BD4680BD00BF80
:104D5000526100205061002051610020406100201C
:104D600080B483B000AF7860114B1A78114B1B7878
:104D70009A4201D1002314E00D4B1B781A460E4BCA
:104D80009A5C7B681A700A4B1B7801335A4203F015
:104D90000F0302F00F0258BF5342DAB2044B1A70ED
:104DA000012318460C37BD465DF8047B704700BFF1
:104DB00050610020516100204061002080B582B028
:104DC00000AF154B1B78012B22D0FB1D1846FFF7B7
:104DD000C7FF0346002B1CD0EFF742FC02460F4BE7
:104DE0001B68D31A1D2B03D80C4B1B68002B10D14A
:104DF000094B01221A70FA79094B1A70EFF730FC4F
:104E00000346064A1360FB79184600F033F900E0C8
:104E100000BF0837BD4680BD5261002054610020AC
:104E20005361002080B584B000AFF860B9607A604B
:104E3000234B1A78234B1B789A4201D100233AE086
:104E40001F4B1B781946204A622301FB03F31344CE
:104E50001A78FB681A701A4B1B7819461A4A622393
:104E600001FB03F3134461331A787B681A707B6883
:104E70001B78002B0ED0124B1B781A46622302FBC4
:104E800003F3114A1344591C7B681B781A46B8680F
:104E900001F050FB0A4B1B785A1C0C4B83FB023170
:104EA000D317C91A0B465B000B445B00D11ACAB278
:104EB000034B1A70012318461037BD4680BD00BF52
:104EC000A4630020A563002058610020ABAAAA2A91
:104ED00080B59CB002AF184B1B78012B28D007F18E
:104EE0006402391D07F165031846FFF79BFF03466F
:104EF000002B1ED0EFF7B4FB0346104A13600E4B95
:104F000001221A7097F8653087F8673097F8643097
:104F100087F866300A4B1B78D9B2381D97F867209E
:104F200097F8663000930346BA2000F00BF800E0D3
:104F300000BF6837BD4680BDA6630020A86300207F
:104F4000044B002080B5A4B000AF3B600346FB716A
:104F50000B46BB7113467B710023A7F88E30B7F860
:104F60008E305A1CA7F88E2090333B44022203F85F
:104F7000842CB7F88E305A1CA7F88E20194697F863
:104F800098300133DAB201F190033B4403F8842CEA
:104F9000B7F88E305A1CA7F88E2090333B44FA792C
:104FA00003F8842CB7F88E305A1CA7F88E20903363
:104FB0003B44BA7903F8842CB7F88E305A1CA7F812
:104FC0008E2090333B447A7903F8842C002387F8B1
:104FD0008D3017E03B68002B05D097F88D303A688C
:104FE00013441A7800E00022B7F88E30591CA7F855
:104FF0008E1090333B4403F8842C97F88D300133A6
:1050000087F88D3097F88D2097F898309A42E1D341
:1050100097F898309BB203339AB207F10C0302332E
:105020001146184600F03EF9034687F88C30B7F871
:105030008E305A1CA7F88E2090333B4497F88C2072
:1050400003F8842CB7F88E305A1CA7F88E209033C2
:105050003B44032203F8842CB7F88E2007F10C019F
:10506000C8230348F1F7ECFF00BF9037BD4680BD71
:10507000785A002080B584B002AF0346FB71074B1D
:105080001B78D9B2FA79002300930023BC20FFF7E4
:1050900059FF00BF0837BD4680BD00BF044B00204C
:1050A00080B500AF0D4B93F81F32012B13D10B4B82
:1050B00093F82032062B094B002283F81F22084B5D
:1050C0001B78012B07D1064B00221A70054B0022DA
:1050D0001A60FFF7FDFE00BF80BD00BFD85D002055
:1050E000A6630020A863002080B582B000AF2A4BE1
:1050F000DB78FB71284B5B79BB71274B9B78013BBD
:105100007B71264B3B60264B00221A70254B0022F8
:105110001A70254B00221A60FFF750FEFB79BC2B5A
:1051200036D17A79BB7939681846FFF7BBF9BB7974
:10513000F22B26D0F22B26DC102B02D0202B10D005
:1051400021E07B79002B20D06420F5F7A6FA3B689C
:105150001B78002B02D0FFF7A3F816E0FFF71AF92F
:1051600013E07B79002B12D06420F5F796FA3B68A8
:105170001B78002B02D0FFF7BFF808E0FFF74CF9CF
:1051800005E000BF04E000BF02E000BF00E000BF98
:1051900000BF0837BD4680BDD85D0020DE5D002021
:1051A00052610020536100205461002080B5C2B0DC
:1051B00000AF3A4BB3F80A32023BA7F80431B7F814
:1051C0000431364A13445B7887F8003107F584735D
:1051D000A3F5847318464FF480731A460021EBF749
:1051E000AFFE0023A7F80631B7F806315A1CA7F81E
:1051F00006211A46294BD97807F58473A3F58473E1
:105200009954B7F806315A1CA7F806211A46234BC1
:10521000197907F58473A3F584739954B7F80631A7
:105220005A1CA7F806211A461C4B597907F58473B6
:10523000A3F584739954194B9B78013B87F803318C
:1052400097F80331002B11D0B7F806313A461344D2
:1052500097F803211249184601F06CF997F80331C9
:105260009AB2B7F806311344A7F80631B7F8062109
:105270003B461146184600F015F8034687F8023100
:1052800097F8003197F802219A4201D0002300E0FC
:105290000123184607F58477BD4680BDD85D002000
:1052A000DE5D002080B485B000AF78600B467B8067
:1052B0000023FB6000237B810DE07B897A68134427
:1052C0001B781A46FB681344FB60FB68DBB2FB608B
:1052D0007B8901337B817A897B889A42EDD3FB6895
:1052E000DBB218461437BD465DF8047B704780B4C6
:1052F00083B000AF0346FB71FB79092B03D8FB7920
:105300003033DBB20AE0FB79092B06D9FB790F2B8E
:1053100003D8FB793733DBB200E0002318460C37A3
:10532000BD465DF8047B704780B487B000AFF8607D
:10533000B9607A60BB68002B01D10A230FE0FB68DB
:105340004FF4FA5203FB02F2BB68B2FBF3F27B6844
:1053500002FB03F37B617B690A2B38BF0A231846E3
:105360001C37BD465DF8047B704780B584B000AF44
:10537000F860B9607A607A68B968F868FFF7D4FFB6
:10538000034618461037BD4680BD000080B586B084
:1053900000AF78600B46FB7001237B740023FB7524
:1053A0000023BB8200233B740023FB730023FB74A8
:1053B00000BF7B7C002B00F0C480FB78062B31D92A
:1053C0007B6801331B78A52B02D10B23FB742CE0E7
:1053D0007B6801331B78A92B02D10923FB7424E0DD
:1053E0007B6801331B78A62B04D07B6801331B78C4
:1053F000A72B14D17B6804331B78A3F1300213462A
:105400009B0013445B001A467B6805331B78303BD6
:105410001344DBB29B00DBB20933FB7405E00023CD
:105420007B748EE000237B748BE0FB78082B40F2CA
:105430008580FA78FB7C9A427DD3FB78013B7A68C1
:1054400013441B78032B6AD10123FB750AE0FB7D13
:105450007A6813441B781A46BB8A1344BB82FB7DCF
:105460000133FB75FA7DFB78033B9A42EFDBBB8A85
:10547000DBB2BB82BB8A1B099BB2DBB21846FFF7CB
:1054800036FF03463B74BB8ADBB203F00F03DBB28B
:105490001846FFF72CFF0346FB73FB78033B7A6843
:1054A00013441B783A7C9A4236D1FB78023B7A68E7
:1054B00013441B78FA7B9A422ED1284BDB79DBB25E
:1054C000002B23D1254BDB7ADBB2002B1ED100232E
:1054D000BB747B6801331B78A92B02D10123BB74F9
:1054E00006E01E4B1B7BDBB2002B01D10123BB74FA
:1054F000BB7C012B0AD1FB789BB21946786800F07F
:1055000067F90346012B01D100F026FA144B002263
:105510001A7000237B7414E000237B7411E0114B9C
:105520001B689B680021184600F07CFEFAF748FFD4
:1055300000237B7405E000237B7402E000237B746E
:1055400000BF00F039F90346002B14BF01230023EC
:10555000DBB218461837BD4680BD00BF244B002083
:10556000A44D00200C00002080B582B000AF914B0C
:1055700093F81D32012B40F097808E4BB3F80A321E
:10558000B3F5027F18D38B4B002283F81D22894B81
:105590000022A3F80A22874B0022A3F80C22854B95
:1055A000002283F81E22834B0022C3F81422814B71
:1055B0000022C3F81022F9E07E4BB3F80A325A1CDD
:1055C00091B27C4AA2F80A1219467A4B1A78794BA2
:1055D0000B445A70774B93F81E32002B09D1EFF72A
:1055E0003FF80346734AC2F81032724B0522C3F8E3
:1055F0001422704BB3F80A32032B36D100237B60A0
:105600006C4BB3F80A32012B03D96A4B9B780633F3
:105610007B607B68002B13D07B68B3F5027F0FD2D1
:1056200002224FF416517868FFF79FFE0346614A45
:10563000C2F814327B689AB25E4BA3F80C2233E0B6
:105640005C4B002283F81D225A4B0022A3F80C2247
:10565000584B0022A3F80A22564B0022C3F814220A
:10566000544B0022C3F810221EE0524BD3F81432E0
:10567000002B19D04F4BB3F80A32042B14D14D4BE9
:10568000DB78BA2B03D04B4BDB78BC2B04D1494BD6
:10569000012283F81E2207E0464B0622A3F80C22C3
:1056A000444B002283F81E22424B1B78022B29D147
:1056B000404B93F81D32002B24D13E4B012283F83E
:1056C0001D223C4B0022A3F80A223A4BB3F80A32BF
:1056D0005A1C91B2374AA2F80A121946354B1A7869
:1056E000344B0B445A70EEF7BBFF0346314AC2F805
:1056F0001032304B3022C3F814222E4B022283F892
:105700001E2253E02B4B1B78032B31D1294BB3F8CE
:105710000C32002B07D0274BB3F80A22254BB3F8E5
:105720000C329A4204D2234B93F81E32012B1FD025
:10573000204B0022C3F810221E4B0022C3F8142273
:105740001C4B002283F81D221A4B93F81E32002BAB
:1057500006D1184B012283F81C2200F015F925E030
:10576000FFF724FD03461A46124B83F81C221DE066
:10577000104B93F81D32002B18D10E4B1B78062BC3
:1057800003D00C4B1B78152B10D10A4B012283F848
:105790001F22084B1A78074B83F82022054B002262
:1057A000C3F81422034B0022C3F810220837BD4669
:1057B00080BD00BFD85D002080B400AF034B1B78D4
:1057C000DBB21846BD465DF8047B7047BE6B002017
:1057D00080B584B000AF78600B467B80284B9B7906
:1057E000DBB2032B09D17B68002B06D07B88002B12
:1057F00003D07B88B3F5807F01D900233CE0214BA7
:105800001B78DBB2072B10D91F4B1B78DBB201339F
:10581000DBB203F00703DAB21B4B1A70194B1B788B
:10582000DBB2013BDAB2174B1A70184B1B78DBB2B4
:105830001A461346DB0113445B00154A1344FB6010
:10584000FB687A881A80FB6802337A887968184680
:1058500000F070FE0D4B1B78DBB20133DBB203F0BE
:105860000703DAB2094B1A70064B1B78DBB201331F
:10587000DAB2044B1A70012318461037BD4680BDBA
:10588000044B0020BE6B0020BD6B0020BC6B0020D1
:10589000AC63002080B582B000AF294B9B79DBB2AE
:1058A000032B04D1274B1B78DBB2002B01D1002343
:1058B00041E0254B1B78DBB21A461346DB0113444B
:1058C0005B00224A13447B607B681B88B3F5027F30
:1058D00012D91D4B1B78DBB20133DBB203F0070397
:1058E000DAB2194B1A70174B1B78DBB2013BDAB2F4
:1058F000144B1A7000231EE07B68991C7B681B8880
:105900001A46134800F016FE7B681A88114BA3F85C
:105910003E220D4B1B78DBB20133DBB203F00703F1
:10592000DAB2094B1A70074B1B78DBB2013BDAB2D3
:10593000044B1A70012318460837BD4680BD00BFCE
:10594000044B0020BE6B0020BD6B0020AC63002028
:10595000614B0020604B002080B500AF084B9B7965
:10596000DBB2032B0AD1074B1B68002B06D0054B7B
:105970001B6801211846F4F7A5FE00E000BF80BDBA
:10598000044B0020E44D002080B500AF084B9B790C
:10599000DBB2032B0AD1074B1B68002B06D0054B4B
:1059A0001B6802211846F4F78DFE00E000BF80BDA1
:1059B000044B0020F44D002080B582B000AF124BA4
:1059C0009B79012B01D000231AE0EEF749FE7860A5
:1059D0000D4B9B68002B0FD00B4B9B687A68D31A3A
:1059E00044F62062934207D9074B00229A71064B76
:1059F00000229A60002303E0044A7B6813600123BD
:105A000018460837BD4680BD34610020CC6B0020AD
:105A100080B586B000AF3B1D00221A605A609A60C4
:105A2000DA601A614FF400637B600123BB600123DD
:105A3000FB6000233B613B1D19460348EEF71AF952
:105A400000BF1837BD4680BD0000024080B588B059
:105A500000AF78616D4800F0DDFBFF23FB776C4BF6
:105A60009B79DBB2FA7F9A4209D0694B9B79DBB212
:105A7000022B01D0FFF7CCFF654B9B79FB77644B82
:105A80009B79DBB2022B03D16420F4F706FEBBE066
:105A90005F4B9B79DBB2032B17D04FF400615D485D
:105AA000EEF780FB0346012B0BD1FEF7C3FB002270
:105AB0004FF400615748EEF78DFB574B0022C3F8B7
:105AC00018226420F4F7E9FD9EE0514B9B79DBB28C
:105AD000032B26D14FF400614E48EEF763FB0346DB
:105AE000012B1ED000224FF400614A48EEF772FBF2
:105AF000494B0022C3F818223220F4F7CEFDFEF7FE
:105B000099FB01224FF400614248EEF763FBEEF788
:105B1000A7FD0346404AC2F818323220F4F7BDFD13
:105B200072E03D4BD3F81432002B28D03A4BD3F817
:105B30001032002B23D0EEF793FD0246364BD3F8FC
:105B40001032D21A344BD3F814329A4217D9324B4E
:105B50000022C3F81422304B0022C3F810222E4B2F
:105B60000022A3F80A222C4B0022A3F80C222A4B75
:105B7000002283F81D22284B002283F81E22264B88
:105B800093F81C32002B28D0234B002283F81C22D0
:105B9000EEF766FD0346204AC2F824321E4B93F806
:105BA0001E32002B0AD11C4BB3F80A32DBB2194665
:105BB0001A48FFF7EBFB0346BB7725E0FFF794FAA3
:105BC000154B0022A3F80A22134B0022A3F80C2243
:105BD000114B002283F81E2206E00F4B93F81F3270
:105BE000002B01D0FFF75CFA00F01AF800F0B6F8CD
:105BF000FEF7F6FFFFF726F800F0B4F93B460A225D
:105C000002211846F4F79EFD29E700BFBC73020885
:105C1000044B002000000240D85D0020D95D002028
:105C200080B584B002AF484B1B79012B40F08680D1
:105C3000454B5B79012B40F08180EEF711FD7860D8
:105C4000424B93F81C32002B04D1404B93F81F3287
:105C5000002B03D03E4A7B68136072E03C4B1B680C
:105C6000002B63D03A4B1B687A68D31A41F2883212
:105C700093425BD3344B5B79002B08D1334BD3F881
:105C800018327A68D31A43F6972293424ED92E4B94
:105C90005B79002B1ED02D4BD3F824327A68D31AAF
:105CA00040F6B732934215D82A4B1B78042B06D8FE
:105CB000284B1B780133DAB2264B1A7006E0254BCD
:105CC0001B78042B02D9204B91221A70204A7B6842
:105CD000136036E01C4B93F90030B3F1FF3F03D162
:105CE000194B00225A702BE0FEF702FF0346002BEF
:105CF00026D1FEF709FF0346002B21D1144A7B6809
:105D00001360114B9B78012B0CD1134B1B78D9B22C
:105D10000023009300231622BC20FFF713F90A4B3F
:105D200000229A700B4B00221A7009E0084B1B6886
:105D3000002B06D1064A7B68136002E000BF00E03A
:105D400000BF0837BD4680BD34610020D85D00200B
:105D5000C06B0020C46B0020044B002080B582B0D3
:105D600000AF7B4B1B79012B40F0E680784B5B79D1
:105D7000012B40F0E180EEF773FC3860754B93F82F
:105D80001C32002B04D1734B93F81F32002B03D02D
:105D9000714A3B681360D8E00023FB716F4B5B795D
:105DA000002B01D10123FB716C4BDB7D002B01D15A
:105DB0000123FB71694B9B7F002B01D10123FB71F8
:105DC000664B93F86130002B01D10123FB71634BCB
:105DD00093F86830002B01D10123FB715F4B93F8DE
:105DE000CB30002B04D05D4B93F8ED30002B01D16C
:105DF0000123FB71594B93F83131002B01D1012361
:105E0000FB71564B93F82F31002B01D10123FB710D
:105E1000FB7983F00103DBB2002B40F08F804D4B08
:105E2000D3F818323A68D31A4EF66022934231D929
:105E30004A4B5B79002B0CD0454B1B79002B08D0CB
:105E4000434B5B79002B04D0444B93F82F31002B4C
:105E500076D1FFF7B1FD0346012B73D0FEF7EAF9C7
:105E600000224FF400613E48EEF7B4F9394B0022AE
:105E7000C3F818226420F4F710FC01224FF40061EB
:105E80003748EEF7A7F9EEF7EBFB0346314AC2F8C5
:105E9000183255E0304B1B68002B07D02E4B1B6887
:105EA0003A68D31A42F2107293424DD32A4A3B68A1
:105EB00013602A4B5B79002B02D10120FEF716FFFD
:105EC000264BDB7D002B02D11320FEF70FFF234B67
:105ED0009B7F002B02D11420FEF708FF1F4B93F885
:105EE0006130002B02D11120FEF700FF1B4B93F80D
:105EF0006830002B02D12120FEF7F8FE174B93F8F3
:105F0000CB30002B04D0154B93F8ED30002B02D191
:105F10002220FEF7EBFE114B93F83131002B02D11A
:105F20001520FEF7E3FE0D4B93F82F31002B0CD11B
:105F30002320FEF7DBFE08E000BF06E000BF04E020
:105F400000BF02E000BF00E000BF0837BD4680BDD3
:105F500034610020D85D0020C86B00200060002064
:105F60000000024090B585B002AF6B4BD3F81832F9
:105F7000002B03D1694B00221A60CAE0FFF71CFD19
:105F80000346012B00F0C480EEF76AFB7860644B97
:105F90001B79012B07D1624B5B79012B03D15F4B3E
:105FA00000221A60B5E05D4B1B68002B07D15C4BEB
:105FB0005B79012B03D0594A7B681360A9E0594BE8
:105FC0005B79002B16D1544BD3F818327A68D31A68
:105FD000544AD28801324FF47A7101FB02F29342A3
:105FE00008D9504BDB8801339AB24E4BDA8001203E
:105FF000FFF740F8494B1B687A68D31A4CF25032CD
:1060000093421ED9454A7B681360FEF713F90022BC
:106010004FF400614448EEF7DDF83F4B0022C3F82F
:1060200018226420F4F739FB01224FF400613E4846
:10603000EEF7D0F8EEF714FB0346374AC2F81832F1
:1060400067E0354BD3F818327A68D31A47F23052EA
:1060500093425ED9354B1B68002B07D0334B1B682E
:106060007A68D31A41F28832934252D3FEF758FD30
:1060700003461C46FEF76CFD03469C4249D1FEF7E1
:1060800037FD0346002B44D1FEF756FD03461C4660
:10609000FEF76AFD03469C423BD1FEF735FD034601
:1060A000002B36D11C4B93F81C32002B31D11A4BEC
:1060B00093F81F32002B2CD1194B1B79002B28D1C0
:1060C000174B1B79002B0FD10123FB70184B1B784A
:1060D000D9B2FB1C012200921022BA20FEF732FF37
:1060E000124A7B68136014E00D4B5B79002B10D1D2
:1060F0000123BB700E4B1B78D9B2BB1C012200924E
:106100002022BA20FEF71EFF084A7B68136000E0D9
:1061100000BF0C37BD4690BDD85D0020CC6B002081
:10612000346100200060002000000240D06B00209D
:10613000044B0020024B01461868EBF741B800BF42
:106140000C0000200FB407B5064904AB086853F8EB
:10615000042B8168019300F07DFB03B05DF804EB34
:1061600004B070470C000020036A70B584680546CF
:106170000E460BB9EAF76AFE636EDB0705D4A38906
:10618000980502D4A06DEAF7ACFFA389190702D5E0
:106190002369002B35D12146284600F05FF980B3F2
:1061A0004FF0FF35636EDA0705D4A3899B0502D44F
:1061B000A06DEAF797FF284670BD002B04DAA269AC
:1061C000934217DB0A2915D023685A1C22601970E4
:1061D000A36816F8011F013BA3600029EDD1002B35
:1061E00011DA22460A21284600F0FAF80130D7D009
:1061F0000A25D7E72246284600F0F2F80130E7D119
:10620000CEE7013EE4E723685A1C22600A221A7096
:10621000EEE70000024B01461868FFF7A5BF00BF7C
:106220000C000020B1FA81F252094FF48063520051
:1062300000F000B82DE9F7431D46574B1F68044690
:106240000E46904627B13B6A13B93846EAF7FEFD81
:10625000B8F1020F06D0B8F1010F00F29A80002DBC
:10626000C0F29780636ED90705D4A3899A0502D43A
:10627000A06DEAF736FF21463846EBF7AFF8616BC1
:1062800041B104F14403994202D03846EAF72CFFA9
:10629000002363630023A3616360A3891B0603D506
:1062A00021693846EAF720FFA38923F44A6323F0E3
:1062B0000303B8F1020FA38161D001AB6A46214606
:1062C000384600F06FFDA3891843A0812DBB009DC7
:1062D0002846FFF72FFF0646002852D1DDF8009030
:1062E000A94540D14FF0FF35B4F90C3043F002021C
:1062F000A2810022A26004F14702226022610122F1
:106300006261626ED60704D4980502D4A06DEAF7E4
:10631000E9FE284603B0BDE8F083002ED8D03B6AE2
:1063200013B93846EAF792FDB8F1010F08BFA38907
:10633000266004BF43F00103A381B4F90C3013F0CD
:106340000802C4E904651ED0D90741BF00226D428E
:10635000A260A56158BFA560626ED20701D49B05FB
:1063600013D50025D5E74846FFF7E4FE064600288A
:10637000B8D0A38943F08003A3814D46CFE7002521
:10638000B2E7A946F5E7A260E6E7A06DEAF7AAFE44
:10639000E7E74FF0FF35BCE70C0000200EB410B566
:1063A0009DB01FAB029006906FF000410A48079124
:1063B00004910A4953F8042B0591002402A90068AE
:1063C00001931B9400F024F9029B1C701DB0BDE8E2
:1063D000104003B0704700BF0C0000200802FFFF10
:1063E000F8B50E461446054618B1036A0BB9EAF72C
:1063F0002DFDA369A360A3891A0701D5236943B9B9
:106400002146284600F02AF818B14FF0FF373846E9
:10641000F8BD23682269981A6369F6B28342374649
:1064200005DC21462846EAF7D9FF0028EDD1A3680C
:10643000013BA36023685A1C22601E706269431CE2
:106440009A4204D0A389DB07E1D50A2EDFD1214689
:106450002846EAF7C3FF0028D9D0D6E738B5284B3D
:10646000054618680C4618B1036A0BB9EAF7EEFC4A
:10647000B4F90C301A0721D4D80607D409222A60AF
:1064800043F04003A3814FF0FF3030E0590712D5AD
:10649000616B41B104F14403994202D02846EAF706
:1064A00023FE002363630022B4F90C30626022698A
:1064B000226023F0240343F00803A38122693AB940
:1064C0009A0501D5180603D52146284600F08EFC12
:1064D000B4F90C3013F001020AD00022A260626904
:1064E0005242A261226942B913F08000C8D138BD7E
:1064F000990758BF6269A260F4E70020F7E700BF80
:106500000C00002010B56AB10139841810F8012B75
:1065100011F8013F9A4203D1A04201D0002AF5D1DF
:10652000D01A10BD1046FCE7014B1868704700BF39
:106530000C0000200A44914200F1FF3300D1704763
:1065400010B511F8014B03F8014F9142F9D110BD7C
:106550002DE9F0478E681F46BE4282460C469046A3
:10656000334653D8B1F90C0010F4906F2BD0656905
:106570002368096905EB4505A3EB010905EBD57512
:106580007B1C6D104B44AB422A4684BF1D462A46F5
:10659000430527D511465046EAF712FE064658B382
:1065A00021694A46FFF7C6FFA38923F4906343F0AD
:1065B0008003A381266165614E44A5EB0905266031
:1065C000A5603E463B461F4620683A46414600F0DD
:1065D00046FCA3689B1BA36023683B442360002008
:1065E000BDE8F087504600F075FC06460028E1D172
:1065F00021695046EAF778FD0C23CAF80030A389D8
:1066000043F04003A3814FF0FF30E9E73E46DBE76C
:106610002DE9F0471F468B891B069CB006460D46A8
:10662000144610D50B6973B94021EAF7C9FD2860FB
:10663000286130B90C2333604FF0FF301CB0BDE847
:10664000F08740236B610023099320238DF82930C4
:1066500003973023654F8DF82A304FF00108234609
:10666000994613F8012B0AB1252AF9D1B9EB040A8E
:106670000BD05346224629463046FFF769FF0130CA
:1066800000F0A480099A5244099299F80030002B36
:1066900000F09C8000234FF0FF32CDE9052309F183
:1066A0000109049307938DF853301A934C464F48D1
:1066B00014F8011B0522EAF7EBFA049BD0B9D806BF
:1066C00044BF20228DF85320190744BF2B228DF898
:1066D000532099F800202A2A13D0079A4C4600200C
:1066E0004FF00A0C214611F8013B303B092B49D9E8
:1066F00068B913E0C01B08FA00F018430490A146E3
:10670000D4E7039A111D12680391002A01DB079256
:1067100004E0524243F002030792049323782E2BA5
:106720000AD163782A2B32D1039B1A1D1B6803926E
:1067300043EAE37302340593DFF8C0902178032223
:106740004846EAF7A5FA38B1049BA0EB09004022BD
:10675000824013430134049314F8011B24488DF83C
:1067600028100622EAF794FA002835D0214818BBF1
:10677000039B073323F0070308330393099B034468
:1067800009936CE70CFB02320C460120AAE70023B8
:106790000134059319464FF00A0C204610F8012BDE
:1067A000303A092A03D9002BC6D00591C4E70CFB67
:1067B000012104460123F0E703AB00932A460E4B68
:1067C00004A93046AFF30080421CD7D1AB895B06E9
:1067D0003FF532AF099831E703AB00932A46064BE9
:1067E00004A9304600F0B8F9EEE700BF309E020879
:1067F0003A9E02080000000051650208369E020819
:106800009368013B002B10B4936008DA9469A342AB
:1068100001DB0A2903D15DF8044BFFF7E1BD1368E2
:10682000581C1060197008465DF8044B7047F8B5A5
:1068300006460F461446D518AC4201D1002007E0A9
:1068400014F8011B3A463046FFF7DAFF431CF3D138
:10685000F8BD00002DE9F0470D469CB014461F46D8
:10686000064618B1036A0BB9EAF7F0FA6B6ED9075E
:1068700005D4AB899A0502D4A86DEAF732FCAB893E
:106880001B0701D52B699BB929463046FFF7E6FD6A
:1068900070B16B6EDC0704D54FF0FF301CB0BDE863
:1068A000F087AB899805F7D4A86DEAF71BFCF3E7EE
:1068B0000023099320238DF82930039730236A4F52
:1068C0008DF82A304FF001082346994613F8012B22
:1068D0000AB1252AF9D1B9EB040A0BD05346224656
:1068E00029463046FFF7A3FF013000F0A480099A43
:1068F0005244099299F80030002B00F09C8000234C
:106900004FF0FF32CDE9052309F101090493079304
:106910008DF853301A934C46534814F8011B052246
:10692000EAF7B6F9049BD0B9D90644BF20228DF806
:1069300053201A0744BF2B228DF8532099F80020CA
:106940002A2A13D0079A4C4600204FF00A0C214601
:1069500011F8013B303B092B49D968B913E0C01B42
:1069600008FA00F018430490A146D4E7039A111DD9
:1069700012680391002A01DB079204E0524243F0BF
:1069800002030792049323782E2B0AD163782A2BD3
:1069900032D1039B1A1D1B68039243EAE37302344E
:1069A0000593DFF8D490217803224846EAF770F97E
:1069B00038B1049BA0EB090040228240134301340C
:1069C000049314F8011B29488DF828100622EAF7D1
:1069D0005FF900283ED0264818BB039B073323F0FD
:1069E000070308330393099B034409936CE70CFBEB
:1069F00002320C460120AAE7002301340593194610
:106A00004FF00A0C204610F8012B303A092A03D91E
:106A1000002BC6D00591C4E70CFB012104460123DD
:106A2000F0E703AB00932A46124B04A93046AFF3BC
:106A30000080431CD7D16B6ED90705D4AB899A056A
:106A400002D4A86DEAF74EFBAB895B063FF524AF95
:106A5000099823E703AB00932A46064B04A9304666
:106A600000F07AF8E5E700BF309E02083A9E02087F
:106A7000000000002F680208369E02082DE9F0474A
:106A8000164698468A680B69DDF820909342B8BF95
:106A90001346336091F8432007460C460AB1013390
:106AA00033602368990642BF336802333360256838
:106AB00015F0060506D104F1190AE36832689B1A3D
:106AC000AB4226DC94F843302268003B18BF012318
:106AD00092062BD404F1430241463846C8470130A0
:106AE0001ED02368226903F00603042B02BFE56869
:106AF0003368ED1AA3680CBF25EAE57500259342BB
:106B0000C4BF9B1AED1800261A34B5421AD10020D2
:106B100008E00123524641463846C847013003D1B8
:106B20004FF0FF30BDE8F0870135C6E7E1185A1C89
:106B3000302081F84300224494F8451082F8431035
:106B40000233C7E70123224641463846C847013091
:106B5000E6D00136D9E700002DE9F0430D7E85B07F
:106B6000782D90460C9E07460C46994601F143024B
:106B700007D8622D0AD8002D00F0D780582D00F0DC
:106B8000BC8004F1420684F842503BE0A5F1630367
:106B9000152BF6D801A151F823F000BFF56B0208C0
:106BA000096C0208836B0208836B0208836B02087E
:106BB000836B0208096C0208836B0208836B02086E
:106BC000836B0208836B0208116D0208336C0208A4
:106BD000C36C0208836B0208836B0208336D0208E2
:106BE000836B0208336C0208836B0208836B020814
:106BF000CB6C020833681A1D1B68326004F1420630
:106C000084F842300123A1E033682068191D316007
:106C1000060601D51D6803E04506FBD5B3F9005013
:106C2000002D03DA2D236D4284F843305B480A239C
:106C300011E021683368080653F8045B02D4490662
:106C400048BFADB23360237E54486F2B5CD108231C
:106C5000002184F843106668A660002E05DB2168D9
:106C60002E4321F00401216050D01646B5FBF3F10C
:106C700003FB115C10F80CC006F801CDAC4663456F
:106C80000D46F3D9082B0BD12368DB0708D5236900
:106C900061689942DEBF302306F8013C06F1FF36F9
:106CA000921B2261CDF80090434603AA2146384644
:106CB000FFF7E4FE01304ED14FF0FF3005B0BDE8E4
:106CC000F083236843F0200323603548782584F857
:106CD00045502368316813F0800F51F8045B03D1ED
:106CE00013F0400F18BFADB23160D90744BF43F075
:106CF000200323601DB11023AAE72848E7E7236893
:106D000023F020032360F6E70A23A1E71646B9E73C
:106D1000336825686169181D30602E061B6801D52F
:106D2000196002E06806FBD519800023236116462E
:106D3000B8E733681A1D32601E6862680021304669
:106D4000E9F7A6FF08B1801B606063682361002338
:106D500084F84330A6E72369324641463846C8479F
:106D60000130A9D023689B0713D4E068039B9842A5
:106D7000B8BF1846A2E70123324641463846C84705
:106D8000013099D00135E36803995B1AAB42F2DC1C
:106D9000EBE7002504F11906F5E700BF419E020864
:106DA000529E020870B50C46B1F90E10002996B03B
:106DB00015461E460ADAA18911F0800113D14FF45D
:106DC0008062002031602A6016B070BD6A4600F013
:106DD0005FF80028EFDB019901F47041A1F5005341
:106DE00059425941EBE700214022EAE78B8973B50C
:106DF0009E0705460C4607D504F14703236023612F
:106E00000123636102B070BD01AB6A46FFF7CAFFA0
:106E1000009E28463146EAF7D3F9B4F90C3038B968
:106E20009A05EFD423F0030343F00203A381E3E7C1
:106E300043F08003A381019B2060C4E90406002B7A
:106E4000E0D0B4F90E10284600F034F80028D9D06C
:106E5000A38923F0030343F00103A381D2E788420F
:106E600010B501EB020402D98442234607D8431E21
:106E7000A14207D011F8012B03F8012FF8E70244D3
:106E8000824200D110BD13F8011D02F8011DF7E781
:106E900038B5074D00230446084611462B60FAF723
:106EA000BEF8431C02D12B6803B1236038BD00BF7C
:106EB000E001002038B5064D0023044608462B604B
:106EC000FAF7BDF8431C02D12B6803B1236038BD2B
:106ED000E00100202DE9F041074614460D4621B996
:106EE000BDE8F0411146EAF76BB92AB9EAF7FCF8B8
:106EF00025462846BDE8F08100F01AF8844206468F
:106F000002D8B4EB500FF4D821463846EAF758F9C6
:106F1000804608B94546ECE7B4422246294628BFD8
:106F20003246FFF707FB29463846EAF7DDF8F1E776
:106F300051F8043C181F002BBCBF0B58C0187047F9
:106F4000F8B500BFF8BC08BC9E467047F8B500BF56
:086F5000F8BC08BC9E46704726
:106F580049444C450000000064656661756C7454D2
:106F680061736B00606F020845C4010800000000EF
:106F78000000000000020000000000000000000007
:106F880053657269616C5461736B0000886F020805
:106F980019CA0108FEFF00000000000000040000FC
:106FA80000000000000000005377697463685461B2
:106FB800736B0000B06F0208EDCD010800000000FF
:106FC80000000000000100000000000000000000B8
:106FD8004C63645461736B00D86F02080DDF0108BD
:106FE8000000000000000000000400000000000095
:106FF8000000000053656E736F725461736B00007C
:10700800FC6F0208C9DF0108000000000000000052
:1070180000020000000000000000000057696669D7
:10702800556172745461736B00000000247002088B
:107038004D5A0208FEFF0000000000000002000098
:107048000000000000000000504F57524159554EB3
:10705800495F424F4F545F55504C4F41445F524532
:1070680051554553545F303100000000504F57527E
:107078004159554E495F424F4F545F55504C4F410F
:10708800445F524551554553545F3031000000006C
:107098005B585D005B7E5D005B4F5D005B475D009C
:1070A8005B3F5D0049443A20202028202020290009
:1070B80054656D703A20202027430000416D7020F0
:1070C8003A000000537461743A0000004F464600CD
:1070D8004F4E00004F4350004F5650004F54500041
:1070E80046414E00424F4F5354000000426F6F73A9
:1070F8007400000044696D2825290000322E304BA9
:1071080000000000322E354B00000000332E304BBB
:1071180000000000434F4D4D2E203A0052532D34AD
:1071280038350000444D5800575F444D58202573AA
:107138000000000057494649205B25635D000000B8
:1071480046414E312F323A202020202F00000000E7
:1071580046414E332F343A202020202F00000000D3
:10716800462F57205645523A20312E342E380000EB
:10717800495020203A00000025642E25642E2564FD
:107188002E2564004D4143203A0000002530325836
:107198003A253032583A253032583A253032583A62
:1071A800253032583A2530325800000053534944AC
:1071B8003A00000025730000525353493A256420D1
:1071C80064426D0057694669204E6F7420436F6EA4
:1071D80066696700424950203A000000506F727497
:1071E8003A256400557365723A2573004349442073
:1071F8003A000000252E3134730000004D515454DC
:10720800204E6F7420436F6E6669670044455620B0
:107218004944203A0000000047524F555020203A78
:1072280000000000574946492063683A0000000002
:10723800426F6F737420203A000000004D4F4445A0
:107248004C20203A00000000322E304B5F4D0000E9
:10725800322E304B5F430000332E304B5F4D000021
:10726800332E304B5F430000322E304B5F4A000014
:10727800414328562920203A00000000434F4D4D35
:107288002E20203A00000000575F444D58000000AF
:1072980057494649000000005061636B6574203A05
:1072A8000000000041534349490000004845580088
:1072B8004C4544204F4E203A2020202027430000F0
:1072C8004C4544204F46463A2020202027430000C2
:1072D80046414E204F4E203A2020202027430000D0
:1072E80046414E204F46463A2020202027430000A2
:1072F800535749544348203A00000000505553481A
:1073080000000000544F47474C4500004578742E54
:107318007374723A000000004D4355004558545F9D
:10732800414C494E450000004558545F4F4E4C595A
:1073380000000000534D50532856293A0000000021
:107348004578697420776974686F757420736176FD
:107358006500000044555459203125203A000000AA
:1073680020202031303025203A000000536D6F6F07
:107378007468203A000000006D7174743A2F2F0071
:107388007463703A2F2F000053455420636F6D6D5E
:10739800616E642074696D656F7574212028656C51
:1073A80061707365643A20256C75206D73290D0A28
:1073B80000000000576966695461736B207374613B
:1073C80072740D00000000000000000001020304B8
:1073D800060708090000000001020304000001A0DC
:1073E8000000000000000000000000000010101065
:1073F8001010000010000000006C48480000000059
:1074080000000000001414287C287C28505000003C
:1074180000103840403848701010000000205224F6
:107428000810244A040000000000001820205448D6
:1074380034000000000814140800000000000000D8
:107448000008081010101010100808000020201064
:10745800101010101020200000107C1028280000A8
:10746800000000000000101010FE101010000000B6
:10747800000000000000001810302000000000008C
:10748800007C000000000000000000000000003048
:1074980030000000000404080810102020400000FC
:1074A800003844444444444438000000003010107C
:1074B800101010107C00000000384404081020440C
:1074C8007C0000000038440418040444380000001C
:1074D800000C141424447E040E000000003C2020FC
:1074E8003804044438000000001C20407844444418
:1074F80038000000007C4404080808101000000050
:1075080000384444384444443800000000384444B7
:10751800443C0408700000000000003030000030D7
:10752800300000000000001818000018302000008B
:1075380000000C10608060100C00000000000000CB
:107548007C007C00000000000000C0201804182007
:10755800C0000000000018240408100030000000DB
:107568003844444C54544C404438000000301028EF
:1075780028287C44EE00000000F844447844444441
:10758800F8000000003C44404040404438000000FF
:1075980000F0484444444448F000000000FC4450D3
:1075A80070504044FC000000007E2228382820202B
:1075B80070000000003C4440404E44443800000045
:1075C80000EE44447C444444EE000000007C10106B
:1075D800101010107C000000003C080808484848BB
:1075E8003000000000EE444850704844E6000000B7
:1075F80000702020202024247C00000000EE6C6C09
:1076080054544444EE00000000EE64645454544C56
:10761800EC0000000038444444444444380000006E
:1076280000782424243820207000000000384444C6
:1076380044444444381C000000F844444478484416
:10764800E200000000344C40380404645800000094
:1076580000FE9210101010103800000000EE444494
:10766800444444443800000000EE444428282810CC
:107678001000000000EE4444545454542800000004
:1076880000C6442810102844C600000000EE442814
:107698002810101038000000007C44081010204406
:1076A8007C000000003820202020202020203800E6
:1076B80000402020201010080808000000380808A2
:1076C80008080808080838000010102844000000BE
:1076D800000000000000000000000000000000FEA4
:1076E8000010080000000000000000000000003842
:1076F800443C44443E00000000C0405864444444B4
:10770800F80000000000003C4440404438000000FD
:10771800000C04344C4444443E000000000000388F
:10772800447C40403C000000001C207C202020209D
:107738007C000000000000364C4444443C043800FF
:1077480000C0405864444444EE000000001000703B
:10775800101010107C0000000010007808080808BD
:107768000808700000C0405C48705048DC00000009
:1077780000301010101010107C000000000000E80D
:1077880054545454FE000000000000D8644444449B
:10779800EE00000000000038444444443800000073
:1077A800000000D8644444447840E00000000036FB
:1077B8004C4444443C040E000000006C302020205F
:1077C8007C0000000000003C4438044478000000BD
:1077D8000000207C202020221C000000000000CC9B
:1077E8004444444C36000000000000EE444428287D
:1077F80010000000000000EE44545454280000001B
:10780800000000CC48303048CC000000000000EEFA
:1078180044242818101078000000007C48102044E8
:107828007C00000000081010101020101010080034
:107838000010101010101010101000000020101070
:10784800101008101010200000000000002458003C
:107858000000000000000000000000000000000020
:107868000000000000000000000000000000000010
:1078780000000000000000000000000000000700F9
:1078880007000700070007000700070002000200C2
:1078980000000000070007000000000000000000D2
:1078A80000000000000000001CE01CE01CE0084094
:1078B8000840084000000000000000000000000030
:1078C8000000000000000000000000000CC00CC018
:1078D8000CC00CC00CC03FF03FF00CC00CC03FF017
:1078E8003FF00CC00CC00CC00CC00CC00000000065
:1078F800000000000300030007E00FE01860180014
:107908001F000FC000E0186018601FC01F80030030
:1079180003000300000000000000000000001C003D
:107928002200220022001C6001E00F803C0031C0D0
:1079380002200220022001C0000000000000000018
:107948000000000000000000000003E00FE00C0051
:107958000C0006000F301FF019E018C01FF007B028
:10796800000000000000000000000000000000000F
:107978000380038003800100010001000000000073
:1079880000000000000000000000000000000000EF
:1079980000000000000000C000C0018001800180DC
:1079A80003000300030003000300030001800180BB
:1079B800018000C000C000000000000000000C00B2
:1079C8000C00060006000600030003000300030085
:1079D800030003000600060006000C000C0000006F
:1079E8000000000000000300030003001B601FE00C
:1079F800078007800FC00CC00000000000000000D6
:107A0800000000000000000000000000000000006E
:107A1800000003000300030003003FF03FF00300F1
:107A28000300030003000000000000000000000045
:107A3800000000000000000000000000000000003E
:107A480000000000000000000000038003000300A5
:107A5800060006000400000000000000000000000E
:107A6800000000000000000000003FE03FE00000D0
:107A780000000000000000000000000000000000FE
:107A880000000000000000000000000000000000EE
:107A98000000000000000000000003800380038055
:107AA800000000000000000000000000006000600E
:107AB80000C000C000C00180018003000300060070
:107AC80006000C000C000C00180018000000000054
:107AD8000000000000000F801FC018C03060306038
:107AE8003060306030603060306018C01FC00F8078
:107AF800000000000000000000000000000003007B
:107B08001F001F000300030003000300030003001D
:107B1800030003001FE01FE0000000000000000059
:107B28000000000000000F801FC038E030600060D7
:107B380000C00180030006000C0018003FE03FE091
:107B480000000000000000000000000000000F809E
:107B58003FC030E0006000E007C007C000E0006000
:107B6800006060E07FC03F8000000000000000006F
:107B780000000000000001C003C003C006C00CC024
:107B88000CC018C030C03FE03FE000C003E003E095
:107B980000000000000000000000000000001FC0FE
:107BA8001FC0180018001F801FC018E00060006088
:107BB800006030E03FC01F800000000000000000AF
:107BC80000000000000003E00FE01E00180038006D
:107BD80037803FC038E03060306018E01FC0078051
:107BE80000000000000000000000000000003FE06E
:107BF8003FE03060006000C000C000C0018001802C
:107C080001800300030003000000000000000000E2
:107C18000000000000000F801FC038E0306038E02E
:107C28001FC01FC038E03060306038E01FC00F80D0
:107C380000000000000000000000000000000F002D
:107C48001FC038C03060306038E01FE00F6000E0CF
:107C580000C003C03F803E0000000000000000009C
:107C68000000000000000000000000000000038089
:107C7800038003800000000000000380038003806D
:107C880000000000000000000000000000000000EC
:107C980000000000000001C001C001C00000000099
:107CA8000000038003000600060004000000000036
:107CB80000000000000000000000003000F003C0D9
:107CC80007001C0078001C00070003C000F000300B
:107CD800000000000000000000000000000000009C
:107CE8000000000000007FF07FF0000000007FF03F
:107CF8007FF000000000000000000000000000000D
:107D08000000000000000000000030003C000F00F0
:107D1800038000E0007800E003800F003C003000A2
:107D2800000000000000000000000000000000004B
:107D38000F801FC018601860006001C00380030036
:107D4800000000000700070000000000000000001D
:107D580000000000000003800C8008401040104024
:107D680011C012401240124011C010000800084013
:107D78000780000000000000000000000000000074
:107D88001F801F80038006C006C00CC00C601FE067
:107D98001FE030307878787800000000000000009C
:107DA80000000000000000003F803FC0186018601D
:107DB80018E01FC01FE01870183018303FF03FE07F
:107DC80000000000000000000000000000000000AB
:107DD80007B00FF01C703830300030003000300031
:107DE80038301C700FE007C00000000000000000E1
:107DF80000000000000000007F807FC030E030708D
:107E08003030303030303030307030E07FC07F80FC
:107E1800000000000000000000000000000000005A
:107E28003FF03FF01830183019801F801F801980EC
:107E3800183018303FF03FF000000000000000004C
:107E480000000000000000003FF03FF0183018303C
:107E580019801F801F801980180018003F003F00FC
:107E6800000000000000000000000000000000000A
:107E780007B01FF0187030303000300031F831F89A
:107E8800303018301FF007C000000000000000006C
:107E980000000000000000003CF03CF01860186092
:107EA80018601FE01FE01860186018603CF03CF094
:107EB80000000000000000000000000000000000BA
:107EC8001FE01FE00300030003000300030003009A
:107ED800030003001FE01FE0000000000000000096
:107EE800000000000000000003F803F800600060D4
:107EF8000060006030603060306030E03FC00F806C
:107F08000000000000000000000000000000000069
:107F18003EF83EF818E019801B001F001D8018C0AD
:107F280018C018603E783E380000000000000000CD
:107F380000000000000000003F003F000C000C00A3
:107F48000C000C000C000C300C300C303FF03FF0F3
:107F58000000000000000000000000000000000019
:107F68007878787838703CF034B037B037B0333040
:107F7800333030307CF87CF800000000000000004E
:107F8800000000000000000039F03DF01C601E6099
:107F98001E601B601B6019E019E018E03EE03E60BF
:107FA80000000000000000000000000000000000C9
:107FB80007800FC01CE0387030303030303030303F
:107FC80038701CE00FC007800000000000000000AF
:107FD80000000000000000003FC03FE018701830AB
:107FE800183018701FE01FC0180018003F003F002D
:107FF8000000000000000000000000000000000079
:1080080007800FC01CE038703030303030303030EE
:1080180038701CE00FC0078007B00FF00CE00000BC
:1080280000000000000000003FC03FE0187018305A
:1080380018701FE01FC018E0186018703E383E180E
:108048000000000000000000000000000000000028
:108058000FB01FF03870303038001F8007E0007014
:10806800303038703FE037C00000000000000000EA
:1080780000000000000000003FF03FF033303330D4
:108088003330030003000300030003000FC00FC0D8
:1080980000000000000000000000000000000000D8
:1080A8003CF03CF0186018601860186018601860A0
:1080B80018601CE00FC007800000000000000000EE
:1080C800000000000000000078F078F030603060B8
:1080D80018C018C00D800D800D800700070007002C
:1080E8000000000000000000000000000000000088
:1080F8007C7C7C7C301833983398339836D816D0EB
:108108001C701C701C70183000000000000000007B
:10811800000000000000000078F078F0306018C01F
:108128000D80070007000D8018C0306078F078F0E7
:108138000000000000000000000000000000000037
:108148003CF03CF018600CC0078007800300030077
:10815800030003000FC00FC0000000000000000073
:1081680000000000000000001FE01FE0186018C0B9
:1081780001800300030006000C6018601FE01FE088
:10818800000000000000000000000000000003C024
:1081980003C00300030003000300030003000300FF
:1081A8000300030003000300030003C003C0000032
:1081B80000000000180018000C000C000C0006005D
:1081C8000600030003000180018000C000C000C059
:1081D80000600060000000000000000000000F00C8
:1081E8000F00030003000300030003000300030063
:1081F800030003000300030003000F000F0000004A
:10820800000000000000020007000D8018C0306068
:108218002020000000000000000000000000000016
:108228000000000000000000000000000000000046
:108238000000000000000000000000000000000036
:108248000000000000000000000000000000000026
:10825800FFFCFFFC00000400030000800000000099
:108268000000000000000000000000000000000006
:1082780000000000000000000000000000000000F6
:108288000000000000000FC01FE000600FE01FE0CA
:10829800386030E03FF01F70000000000000000070
:1082A80000000000000070007000300030003780CF
:1082B8003FE0386030303030303038607FE07780F1
:1082C80000000000000000000000000000000000A6
:1082D80000000000000007B01FF0183030303000F8
:1082E800300038301FF00FC0000000000000000010
:1082F800000000000000007000700030003007B07F
:108308001FF0187030303030303038701FF807B830
:108318000000000000000000000000000000000055
:1083280000000000000007801FE018603FF03FF0E9
:10833800300018301FF007C00000000000000000E7
:1083480000000000000003F007F0060006001FE030
:108358001FE0060006000600060006001FE01FE0FA
:108368000000000000000000000000000000000005
:1083780000000000000007B81FF8187030303030D7
:10838800303018701FF007B0003000700FE00FC0D9
:1083980000000000000038003800180018001BC05A
:1083A8001FE01C6018601860186018603CF03CF012
:1083B80000000000000000000000000000000300B2
:1083C8000300000000001F001F000300030003005B
:1083D800030003001FE01FE0000000000000000091
:1083E80000000000000003000300000000001FC0A0
:1083F8001FC000C000C000C000C000C000C000C056
:1084080000C001C03F803F000000000000003800AD
:108418003800180018001BE01BE01B001E001E009F
:108428001B00198039F039F000000000000000003E
:108438000000000000001F001F00030003000300ED
:108448000300030003000300030003001FE01FE014
:108458000000000000000000000000000000000014
:108468000000000000007EE07FF03330333033300E
:10847800333033307BB87BB80000000000000000C8
:1084880000000000000000000000000000003BC0E9
:108498003FE01C6018601860186018603CF03CF001
:1084A80000000000000000000000000000000000C4
:1084B80000000000000007801FE0186030303030F6
:1084C800303018601FE00780000000000000000046
:1084D800000000000000000000000000000077809D
:1084E8007FE0386030303030303038603FE03780FF
:1084F800300030007C007C0000000000000000001C
:1085080000000000000007B81FF818703030303045
:10851800303018701FF007B00030003000F800F855
:1085280000000000000000000000000000003CE027
:108538003DF00F300E000C000C000C003FC03FC097
:108548000000000000000000000000000000000023
:1085580000000000000007E01FE018601E000FC0C8
:1085680001E018601FE01F8000000000000000000C
:1085780000000000000000000C000C000C003FE0B0
:108588003FE00C000C000C000C000C300FF007C092
:1085980000000000000000000000000000000000D3
:1085A80000000000000038E038E01860186018602B
:1085B800186018E01FF00F700000000000000000B5
:1085C800000000000000000000000000000078F03B
:1085D80078F0306018C018C00D800D8007000700C3
:1085E8000000000000000000000000000000000083
:1085F80000000000000078F078F03260326037E068
:108608001DC01DC018C018C00000000000000000F8
:1086180000000000000000000000000000003CF026
:108628003CF00CC00780030007800CC03CF03CF015
:108638000000000000000000000000000000000032
:1086480000000000000078F078F0306018C018C012
:108658000D800F800700060006000C007F007F00D9
:1086680000000000000000000000000000001FE003
:108678001FE018C00180030006000C601FE01FE027
:10868800000000000000000000000000000001C021
:1086980003C00300030003000300030007000E00EB
:1086A8000700030003000300030003C001C000002B
:1086B80000000000000003000300030003000300A3
:1086C800030003000300030003000300030003008A
:1086D80003000300030000000000000000001C006D
:1086E8001E000600060006000600060007000380BC
:1086F800070006000600060006001E001C00000019
:108708000000000000000000000000000000000061
:108718000E003F3033F001E00000000000000000D0
:108728000000000000000000000000000000000041
:1087380000000000202020200020000050500000F1
:10874800000000002850F850F850A0002030603099
:1087580010602000202018601010000000382060F1
:108768005078000020202000000000001020202069
:108778002020100040202020202040002070205081
:1087880000000000002020F8202000000000000069
:108798001020200000000070000000000000000011
:1087A8000020000010202020404080002050505021
:1087B800502000006020202020F8000020501020C9
:1087C80040700000601020101060000010305078D9
:1087D8001038000070406010106000003040605099
:1087E80050600000705010202020000020502050C1
:1087F8005020000030505030106000000000200071
:10880800002000000000100010200000001020C010
:1088180020100000007000700000000000402018C8
:108828002040000020501020002000003048485808
:10883800484038006020507088D80000F0487048E0
:1088480048F000007050404040300000F048484870
:1088580048F00000F848604048F80000F8486040D8
:1088680040E000007040405850300000E848784828
:1088780048E80000702020202070000038101050B8
:1088880050200000D850607050D80000E0404040B0
:1088980048F80000D8D8D8A888D80000D868685800
:1088A80058E800003048484848300000F048487010
:1088B80040E000003048484848301800F048487008
:1088C80048E800007050201050700000F8A82020E0
:1088D80020700000D848484848300000D8884850E0
:1088E80050300000D888A8A8A8500000D8502020F0
:1088F80050D80000D88850202070000078481020F8
:10890800487800003020202020203000804040207F
:10891800202010006020202020206000202050000F
:108928000000000000000000000000F82010000017
:10893800000000000000301070780000C04070484F
:1089480048F00000000070404070000018083848E7
:10895800483800000000707040300000102070207F
:10896800207000000000384848380830C04070487F
:1089780048E80000200060202070000020007010EF
:1089880010101070C040587050D80000602020208F
:10899800207000000000D0A8A8A800000000F0483F
:1089A80048C8000000003048483000000000F04887
:1089B800487040E00000384848380818000078201F
:1089C8002070000000003020106000000040F040DF
:1089D800483000000000D848483800000000C84867
:1089E800303000000000D8A8A8500000000048302F
:1089F800304800000000D850502020600000785017
:108A0800287800001020206020201000202020203E
:108A18002020200040202030202040000000002896
:108A280050000000000000000000000000000000EE
:108A3800000000000000000000000000000000002E
:108A4800000000000000000000000000000000001E
:108A5800000000000000000000000000000000000E
:108A680000000000000000000000000000000000FE
:108A780000000000000000000000000000000000EE
:108A880000000000000000000000000000000000DE
:108A980000000000000000000000000000000000CE
:108AA80000000000000000000000000000000000BE
:108AB80000000000000000000000000000000000AE
:108AC800000000000000000000000000000000009E
:108AD800000000000000000000000000000000008E
:108AE800000000000000000000000000000000007E
:108AF800000000000000000000000000000000006E
:108B080003030180000000000000000000000000D6
:108B180006030300000000000FC0007E00000000F4
:108B280006060700000FFFC07FF807FFE0FE01FE02
:108B38000C0E0600000FFFC1FFFC0FFFF1FE03FF44
:108B48001C0C0600001FFF87FFFE1FFFF1FE03FF3E
:108B58003C1C0E00001FFF87FFFF3FCFF1FC07FF03
:108B6800383C1C0000003F8FF0FF3FC7F1FC0FFFAF
:108B780078383C0000003F8FE0FF7FFF01FC1FFFBB
:108B8800F038780000007F9FE0FF3FFF01FC1FFFE7
:108B9800F070700000007F1FC0FF1FFFC3FC3FFF85
:108BA800E0F0F00000007F1FC0FF07FFE3F87F3F01
:108BB800E1E0F00000007F1FC1FE02FFE3F87F3F05
:108BC800E1E1E0000000FF1FE3FC7E1FE3F8FE3F49
:108BD800C3E1E00000007F1FFFFC7F1FC3F9FC3FDB
:108BE800C3C3E0000000FF0FFFF87FFF87F1FC3FE1
:108BF800C7C7C0000000FE07FFE03FFF07F3F83FCC
:108C0800CF87C00000007C01FF801FFE07F3F01F24
:108C1800DF8FC000000000007C0003E00000001FA0
:108C28001F8F800000000000000000000000003FCF
:108C38003F1F800000000000000000000000007FCF
:108C48003F3F00000000000000000000000000FEA0
:108C58007F3F00000000000000000000000000FC52
:108C6800FE7E00000000000000000000000001FC83
:108C7800FEFE00000000000000000000000001FDF2
:108C8800FCFC00000000000000000000000003F9E8
:108C9800F9FC00000000000000000000000007FBD5
:108CA800FBFC00000000000000000000000007FFBF
:108CB800F3F80000000000000000000000000FF7BB
:108CC800F7F80000000000000000000000001FFF8F
:108CD800FFF80000000000000000000000001FFF77
:108CE800FFF00000000000000000000000000FFF7F
:108CF800FFE000000000000000000000000000008D
:108D0800000000000000000000000000000000005B
:108D1800000000000000000000000000000000004B
:108D2800000000000000000000000000000000003B
:108D3800000000000000000000000000000000002B
:108D4800000000000000000000000000000000001B
:108D5800000000000000000000000000000000000B
:108D680000000000000000000000000000000000FB
:108D780000000000000000000000000000000000EB
:108D880000000000000000000000000000000000DB
:108D980000000000000000000000000000000000CB
:108DA80000000000000000000000000000000000BB
:108DB80000000000000000000000000000000000AB
:108DC800000000000000000000000000000000009B
:108DD800000000000000000000000000000000008B
:108DE800000000000000000000000000000000007B
:108DF800000000000000000000000000000000006B
:108E0800000000000000000000000000000000005A
:108E1800000000000000000000000000000000004A
:108E2800000000000000000000000000000000003A
:108E3800000000000000000000000000000000002A
:108E4800000000000000000000000000000000001A
:108E5800000000000000000000000000000000000A
:108E680000000000000000000000000000000000FA
:108E780000000000000000000000000000000000EA
:108E880000000000000000000000000000000000DA
:108E980000000000000000000000000000000000CA
:108EA80000000000000000000000000000000000BA
:108EB80000000000000000000000000000000000AA
:108EC800000000000000000000000000000000009A
:108ED800000000000000000000000000000000008A
:108EE800000000000000000000000000000000007A
:108EF800000000000000000000000000000000006A
:108F08000000000000000000000000000000000059
:108F18000000000000000000000000000000000049
:108F28000000000000000000000000000000000039
:108F38000000000000000000000000000000000029
:108F48000000000000000000000000000000000019
:108F58000000000000000000000000000000000009
:108F680000000000000000000000000000000000F9
:108F780000000000000000000000000000000000E9
:108F880000000000000000000000000000000000D9
:108F980000000000000000000000000000000000C9
:108FA80000000000000000000000000000000000B9
:108FB80000000000000000000000000000000000A9
:108FC8000000000000000000000000000000000099
:108FD8000000000000000000000000000000000089
:108FE8000000000000000000000000000000000079
:108FF8000000000000000000000000000000000069
:109008000000000000000000000000000000000058
:109018000000000000000000000000000000000048
:109028000000000000000000000000000000000038
:109038000000000000000000000000000000000028
:109048000000000000000000000000000000000018
:109058000000000000000000000000000000000008
:1090680000000000000000000000000000000000F8
:1090780000000000000000000000000000000000E8
:1090880000000000000000000000000000000000D8
:1090980000000000000000000000000000000000C8
:1090A80000000000000000000000000000000000B8
:1090B80000000000000000000000000000000000A8
:1090C8000000000000000000000000000000000098
:1090D8000000000000000000000000000000000088
:1090E8000000000000000000000000000000000078
:1090F8000000000000000000000000000000000068
:109108000000000000000000000000000000000057
:109118000000000000000000000000000000000047
:109128000000000000000000000000000000000037
:109138000000000000000000000000000000000027
:109148000000000000000000000000000000000017
:109158000000000000000000000000000000000007
:1091680000000000000000000000000000000000F7
:1091780000000000000000000000000000000000E7
:1091880000000000000000000000000000000000D7
:1091980000000000000000000000000000000000C7
:1091A80000000000000000000000000000000000B7
:1091B80000000000000000000000000000000000A7
:1091C8000000000000000000000000000000000097
:1091D8000000000000000000000000000000000087
:1091E8000000000000000000000000000000000077
:1091F8000000000000000000000000000000000067
:109208000000000000000000000000000000000056
:109218000000000000000000000000000000000046
:109228000000000000000000000000000000000036
:109238000000000000000000000000000000000026
:109248000000000000000000000000000000000016
:109258000000000000000000000000000000000006
:1092680000000000000000000000000000000000F6
:1092780000000000000000000000000000000000E6
:1092880000000000000000000000000000000000D6
:1092980000000000000000000000000000000000C6
:1092A80000000000000000000000000000000000B6
:1092B80000000000000000000000000000000000A6
:1092C8000000000000000000000000000000000096
:1092D8000000000000000000000000000000000086
:1092E8000000000000000000000000000000000076
:1092F8000000000000000000000000000000000066
:109308000000000000000000000000000000000055
:109318000000000000000000000000000000000045
:109328000000000000000000000000000000000035
:109338000000000000000000000000000000000025
:109348000000000000000000000000000000000015
:109358000000000000000000000000000000000005
:1093680000000000000000000000000000000000F5
:1093780000000000000000000000000000000000E5
:1093880000000000000000000000000000000000D5
:1093980000000000000000000000000000000000C5
:1093A80000000000000000000000000000000000B5
:1093B80000000000000000000000000000000000A5
:1093C8000000000000000000000000000000000095
:1093D8000000000000000000000000000000000085
:1093E8000000000000000000000000000000000075
:1093F8000000000000000000000000000000000065
:109408000000000000000000000000000000000054
:109418000000000000000000000000000000000044
:109428000000000000000000000000000000000034
:109438000000000000000000000000000000000024
:109448000000000000000000000000000000000014
:109458000000000000000000000000000000000004
:1094680000000000000000000000000000000000F4
:1094780000000000000000000000000000000000E4
:1094880000000000000000000000000000000000D4
:1094980000000000000000000000000000000000C4
:1094A80000000000000000000000000000000000B4
:1094B80000000000000000000000000000000000A4
:1094C8000000000000000000000000000000000094
:1094D8000000000000000000000000000000000084
:1094E8000000000000000000000000000000000074
:1094F8000000000000000000000000000000000064
:109508000000000000000000000000000000000053
:109518000000000000000000000000000000000043
:109528000000000000000000000000000000000033
:109538000000000000000000000000000000000023
:109548000000000000003F87F0E3C7F00C1800F8A7
:10955800001FFC0000007F87F1FFEFF81C3807FCB4
:10956800001FFC0000007F07E1FFE7F03C780F9E3A
:10957800001FFC0000007E07E18FE7E03CF81F1F9A
:10958800000FF00000007E07F987EFE07CF83F3F0E
:10959800001FF00000007E07FF0FCFC07DF87E3F60
:1095A800001FF0000000FC07E70FCFC0FFF87E3F68
:1095B800001FE0000000FC07C607FFC0FFF8FE7FA1
:1095C800003FE0000000FC0FCC07FF81FFF8FC7EA5
:1095D800013FC0000001FC0FCC0FFF83FFF8FC7EA9
:1095E8001FFFC0000003FC0FD81FBF07FFF1FCFCE2
:1095F8007FFFC0000006FC0FF03F3F06FFF1F8FCBC
:10960800FF7F8000000CFE0FF03F3F0CFBF1F8F9E4
:10961800FE7F80000018FE0FE07E7E08F3F1F1F374
:10962800FCFF80000038FE0FC07E7E18F3F0F1F3D7
:10963800FCFF00000078FE0F803FFE39E7F8F3C713
:10964800F8FF000000F9FE0F801FFE78C7F87F873B
:10965800F9FF000000000000000000000000000703
:10966800F9FE0000000000000000000000000007F4
:10967800F1FE0000000000000000000000000007EC
:10968800F3FE0000000000000000000000000007DA
:10969800FFFE0000000000000000000000000003C2
:1096A800FFFE0000000000000000000000000000B5
:1096B800FFFE0000000000000000000000000000A5
:1096C8000000000000000000000000000000000092
:1096D8000000000000000000000000000000000082
:1096E8000000000000000000000000000000000072
:1096F8000000000000000000000000000000000062
:109708000000000000000000000000000000000051
:109718000000000000000000000000000000000041
:109728000000000000000000000000000000000031
:109738000000000000000000000000000000000021
:109748000000000000000000000000000000000011
:109758000000000000000000000000000000000001
:1097680000000000000000000000000000000000F1
:1097780000000000000000000000000000000000E1
:1097880000000000000000000000000000000000D1
:1097980000000000000000000000000000000000C1
:1097A80000000000000000000000000000000000B1
:1097B80000000000000000000000000000000000A1
:1097C8000000000000000000000000000000000091
:1097D8000000000000000000000000000000000081
:1097E8000000000000000000000000000000000071
:1097F8000000000000000000000000000000000061
:109808000000000000000000000000000000000050
:109818000000000000000000000000000000000040
:109828000000000000000000000000000000000030
:109838000000000000000000000000000000000020
:109848000000000000000000000000000000000010
:109858000000000000000000000000000000000000
:1098680000000000000000000000000000000000F0
:1098780000000000000000000000000000000000E0
:1098880000000000000000000000000000000000D0
:1098980000000000000000000000000000000000C0
:1098A80000000000000000000000000000000000B0
:1098B80000000000000000000000000000000000A0
:1098C8000000000000000000000000000000000090
:1098D8000000000000000000000000000000000080
:1098E8000000000000000000000000000000000070
:1098F8000000000000000000000000000000000060
:10990800000000000000000000000000000000004F
:10991800000000000000000000000000000000003F
:10992800000000000000000000000000000000002F
:10993800000000000000000000000000000000001F
:10994800000000000000000000000000000000000F
:1099580000000000000000000000000000000000FF
:1099680000000000000000000000000000000000EF
:1099780000000000000000000000000000000000DF
:1099880000000000000000000000000000000000CF
:1099980000000000000000000000000000000000BF
:1099A80000000000000000000000000000000000AF
:1099B800000000000000000000000000000000009F
:1099C800000000000000000000000000000000008F
:1099D800000000000000000000000000000000007F
:1099E800000000000000000000000000000000006F
:1099F800000000000000000000000000000000005F
:109A0800000000000000000000000000000000004E
:109A1800000000000000000000000000000000003E
:109A2800000000000000000000000000000000002E
:109A3800000000000000000000000000000000001E
:109A4800000000000000000000000000000000000E
:109A580000000000000000000000000000000000FE
:109A680000000000000000000000000000000000EE
:109A780000000000000000000000000000000000DE
:109A880000000000000000000000000000000000CE
:109A980000000000000000000000000000000000BE
:109AA80000000000000000000000000000000000AE
:109AB800000000000000000000000000000000009E
:109AC800000000000000000000000000000000008E
:109AD800000000000000000000000000000000007E
:109AE800000000000000000000000000000000006E
:109AF800000000000000000000000000000000005E
:109B0800000000000000000000000000000000004D
:109B1800000000000000000000000000000000003D
:109B2800000000000000000000000000000000002D
:109B3800000000000000000000000000000000001D
:109B4800000000000000000000000000000000000D
:109B580000000000000000000000000000000000FD
:109B680000000000000000000000000000000000ED
:109B780000000000000000000000000000000000DD
:109B880000000000000000000000000000000000CD
:109B980000000000000000000000000000000000BD
:109BA80000000000000000000000000000000000AD
:109BB800000000000000000000000000000000009D
:109BC800000000000000000000000000000000008D
:109BD800000000000000000000000000000000007D
:109BE800000000000000000000000000000000006D
:109BF800000000000000000000000000000000005D
:109C0800000000000000000000000000000000004C
:109C1800000000000000000000000000000000003C
:109C2800000000000000000000000000000000002C
:109C3800000000000000000000000000000000001C
:109C4800000000000000000000000000000000000C
:109C580000000000000000000000000000000000FC
:109C680000000000000000000000000000000000EC
:109C780000000000000000000000000000000000DC
:109C880000000000000000000000000000000000CC
:109C980000000000000000000000000000000000BC
:109CA80000000000000000000000000000000000AC
:109CB800000000000000000000000000000000009C
:109CC800000000000000000000000000000000008C
:109CD800000000000000000000000000000000007C
:109CE800000000000000000000000000000000006C
:109CF800000000000000000000000000000000005C
:109D0800000000000000000000000000000000004B
:109D1800000000000000000000000000000000003B
:109D2800000000000000000000000000000000002B
:109D3800000000000000000000000000000000001B
:109D4800000000000000000000000000000000000B
:109D580000000000000000000000000000000000FB
:109D680000000000000000000000000000000000EB
:109D780000000000000000000000000000000000DB
:109D880000000000000000000000000000000000CB
:109D980000000000000000000000000000000000BB
:109DA80000000000000000000000000000000000AB
:109DB800000000000000000000000000000000009B
:109DC800000000000000000000000000000000008B
:109DD800000000000000000000000000000000007B
:109DE800000000000000000000000000000000006B
:109DF800000000000000000000000000000000005B
:109E0800000000000000000000000000000000004A
:109E1800000000000000000000000000000000003A
:109E28000000000058447E4F232D302B2000686C22
:109E38004C00656667454647003031323334353665
:109E4800373839414243444546003031323334359E
:0C9E5800363738396162636465660000CB
:089E6400286BFE7F01000000E5
:049E6C0045020108A2
:049E700021020108C2
:109E74000000000003000000A400002010000020E7
:109E840000000000A40000200C0100207401002048
:109E940000000000000000000000000000000000BE
:109EA40000000000000000000000000000000000AE
:109EB400000000000000000000000000000000009E
:109EC4000000000000000000000000000024F40076
:109ED4001000000001000000AAAAAAAA0101FFFFC5
:109EE400E873020807000C005C7802080E001400F6
:089EF400348702080500080094
:04000005080210716C
:00000001FF
