:020000040801F1
:1000000000000220A5F401085DF0010865F0010878
:100010006DF0010875F001087DF001080000000096
:1000200000000000000000000000000081A50108A1
:1000300085F0010800000000D1A7010839A80108D7
:10004000F5F40108F5F40108F5F40108F5F40108E8
:10005000F5F40108F5F40108F5F40108F5F40108D8
:10006000F5F40108F5F40108F5F40108F5F40108C8
:10007000F5F40108F5F40108F5F40108F5F40108B8
:10008000F5F40108F5F40108F5F40108F5F40108A8
:10009000F5F40108F5F40108F5F40108F5F4010898
:1000A000F5F40108F5F40108F5F4010895F00108EC
:1000B000A9F00108F5F40108BDF00108D1F001082C
:1000C000E5F00108F5F40108F5F40108F5F401087C
:1000D000F5F40108F9F0010879F10108F5F40108D7
:1000E000F5F40108F5F40108F5F40108F5F4010848
:1000F000F5F40108F5F40108F5F40108F5F4010838
:10010000F5F40108F5F40108F5F40108F5F4010827
:10011000F5F40108F5F40108E5F10108F5F401082A
:10012000F5F40108F5F40108F5F40108F5F4010807
:10013000F5F40108F5F40108F5F40108F5F40108F7
:10014000F5F40108F5F40108F5F40108F5F40108E7
:10015000F5F40108F5F40108F5F40108F9F10108D6
:10016000F5F40108F5F40108F5F40108F5F40108C7
:10017000F5F40108F5F40108F5F4010800000000A9
:08018000F5F40108F5F4010893
:1002200010B5054C237833B9044B13B10448AFF330
:1002300000800123237010BD880000200000000012
:10024000B44F020808B5034B1BB103490348AFF391
:10025000008008BD000000008C000020B44F0208A0
:1002600070B54FF0FF0C4CF4E06C1CEA11541DBF4C
:100270001CEA135594EA0C0F95EA0C0F00F0DEF817
:100280002C4481EA030621EA4C5123EA4C5350EAFC
:10029000013518BF52EA033541F4801143F480134D
:1002A00038D0A0FB02CE4FF00005E1FB02E506F0DE
:1002B0000042E0FB03E54FF00006E1FB03569CF033
:1002C000000F18BF4EF0010EA4F1FF04B6F5007F39
:1002D00064F5407404D25FEA4E0E6D4146EB0606AB
:1002E00042EAC62141EA55514FEAC52040EA5E5034
:1002F0004FEACE2EB4F1FD0C88BFBCF5E06F1ED8DE
:10030000BEF1004F08BF5FEA500E50F1000041EB14
:10031000045170BD06F0004646EA010140EA0200C1
:1003200081EA0301B4EB5C04C2BFD4EB0C0541EAE3
:10033000045170BD41F480114FF0000E013C00F3F8
:10034000AB8014F1360FDEBF002001F0004170BD1C
:10035000C4F10004203C35DA0C341BDC04F1140435
:10036000C4F1200500FA05F320FA04F001FA05F2C1
:1003700040EA020001F0004221F0004110EBD3708E
:1003800021FA04F642EB06015EEA430E08BF20EABA
:10039000D37070BDC4F10C04C4F1200500FA04F35D
:1003A00020FA05F001FA04F240EA020001F00041EF
:1003B00010EBD37041F100015EEA430E08BF20EA62
:1003C000D37070BDC4F1200500FA05F24EEA020EAA
:1003D00020FA04F301FA05F243EA020321FA04F0D9
:1003E00001F0004121FA04F220EA020000EBD37090
:1003F0005EEA430E08BF20EAD37070BD94F0000F90
:100400000FD101F00046400041EB010111F4801FC3
:1004100008BF013CF7D041EA060195F0000F18BF74
:10042000704703F00046520043EB030313F4801FB0
:1004300008BF013DF7D043EA0603704794EA0C0F6A
:100440000CEA135518BF95EA0C0F0CD050EA410680
:1004500018BF52EA4306D1D181EA030101F00041FD
:100460004FF0000070BD50EA410606BF1046194625
:1004700052EA430619D094EA0C0F02D150EA013631
:1004800013D195EA0C0F05D152EA03361CBF104672
:1004900019460AD181EA030101F0004141F0FE4111
:1004A00041F470014FF0000070BD41F0FE4141F495
:1004B000780170BD81F0004102E000BF83F000438D
:1004C00030B54FEA41044FEA430594EA050F08BFEF
:1004D00090EA020F1FBF54EA000C55EA020C7FEAB3
:1004E000645C7FEA655C00F0E2804FEA5454D4EB30
:1004F0005555B8BF6D420CDD2C4480EA020281EAFA
:10050000030382EA000083EA010180EA020281EA31
:100510000303362D88BF30BD11F0004F4FEA013183
:100520004FF4801C4CEA113102D0404261EB410192
:1005300013F0004F4FEA03334CEA133302D0524218
:1005400063EB430394EA050F00F0A780A4F10104D4
:10055000D5F1200E0DDB02FA0EFC22FA05F280180E
:1005600041F1000103FA0EF2801843FA05F35941F4
:100570000EE0A5F120050EF1200E012A03FA0EFC73
:1005800028BF4CF0020C43FA05F3C01851EBE3719D
:1005900001F0004507D54FF0000EDCF1000C7EEBBA
:1005A00000006EEB0101B1F5801F1BD3B1F5001FF8
:1005B0000CD349085FEA30004FEA3C0C04F1010417
:1005C0004FEA445212F5800F80F09A80BCF1004F40
:1005D00008BF5FEA500C50F1000041EB045141EAC2
:1005E000050130BD5FEA4C0C404141EB0101013C8B
:1005F00028BFB1F5801FE9D291F0000F04BF01467A
:100600000020B1FA81F308BF2033A3F10B03B3F14B
:1006100020020CDA0C3208DD02F1140CC2F10C02DB
:1006200001FA0CF021FA02F10CE002F11402D8BF39
:10063000C2F1200C01FA02F120FA0CFCDCBF41EA05
:100640000C019040E41AA2BF01EB0451294330BDD4
:100650006FEA04041F3C1CDA0C340EDC04F11404B1
:10066000C4F1200220FA04F001FA02F340EA030088
:1006700021FA04F345EA030130BDC4F10C04C4F1CE
:10068000200220FA02F001FA04F340EA03002946AE
:1006900030BD21FA04F0294630BD94F0000F83F4F8
:1006A000801306BF81F480110134013D4EE77FEADB
:1006B000645C18BF7FEA655C29D094EA050F08BF27
:1006C00090EA020F05D054EA000C04BF1946104608
:1006D00030BD91EA030F1EBF0021002030BD5FEA4C
:1006E000545C05D14000494128BF41F0004130BD74
:1006F00014F580043CBF01F5801130BD01F00045C8
:1007000045F0FE4141F470014FF0000030BD7FEA3A
:10071000645C1ABF194610467FEA655C1CBF0B4635
:10072000024650EA013406BF52EA033591EA030F4C
:1007300041F4002130BD00BF90F0000F04BF002144
:10074000704730B54FF4806404F132044FF0000577
:100750004FF0000150E700BF90F0000F04BF0021F0
:10076000704730B54FF4806404F1320410F0004556
:1007700048BF40424FF000013EE700BF42004FEA51
:10078000E2014FEA31014FEA02701FBF12F07F43CE
:1007900093F07F4F81F06051704732F07F4208BF85
:1007A000704793F07F4F04BF41F40021704730B58C
:1007B0004FF4607401F0004521F000411CE700BFD8
:1007C00050EA010208BF704730B54FF000050AE05B
:1007D00050EA010208BF704730B511F0004502D55C
:1007E000404261EB41014FF4806404F132045FEA5E
:1007F000915C3FF4D8AE4FF003025FEADC0C18BF07
:1008000003325FEADC0C18BF033202EBDC02C2F1F8
:10081000200300FA03FC20FA02F001FA03FE40EA8A
:100820000E0021FA02F11444BDE600BF4FEA410276
:1008300012F5001215D211D56FF47873B3EB625232
:1008400012D94FEAC12343F0004343EA505311F059
:10085000004F23FA02F018BF404270474FF00000EB
:10086000704750EA013005D111F0004008BF6FF029
:10087000004070474FF00000704700BF4A0011D29F
:1008800012F5001211D20DD56FF47873B3EB6252EA
:100890000ED44FEAC12343F0004343EA505323FAF6
:1008A00002F070474FF00000704750EA013002D16B
:1008B0004FF0FF3070474FF0000070474FEA4102A1
:1008C000B2F1E04324BFB3F5001CDCF1FE5C0DD9AE
:1008D00001F0004C4FEAC0024CEA5070B2F1004FF8
:1008E00040EB830008BF20F00100704711F0804FFB
:1008F00021D113F13872BCBF01F00040704741F4C0
:1009000080114FEA5252C2F11802C2F1200C10FAC3
:100910000CF320FA02F018BF40F001004FEAC123A7
:100920004FEAD32303FA0CFC40EA0C0023FA02F34B
:100930004FEA4303CCE77FEA625307D150EA013321
:100940001EBF4FF0FE4040F44000704701F00040F1
:1009500040F0FE4040F40000704700BF53B94AB970
:10096000002908BF00281CBF4FF0FF314FF0FF30B7
:1009700000F088B9ADF1080C6DE904CE00F006F87E
:10098000DDF804E0DDE9022304B070472DE9F0470B
:10099000089D0F4604468C46002B48D18A421646D5
:1009A00061D9B2FA82F34BB1C3F1200201FA03FC20
:1009B00020FA02F29E4042EA0C0C9C404FEA164E8E
:1009C000B7B2BCFBFEF1220C0EFB11CC42EA0C428A
:1009D00001FB07F0904209D9B21801F1FF3C80F009
:1009E000EE80904240F2EB8002393244121AA4B2F7
:1009F000B2FBFEF00EFB102244EA024400FB07F7B4
:100A0000A74209D9341900F1FF3280F0DA80A742F9
:100A100040F2D7803444023840EA0140E41B002110
:100A20001DB1DC400023C5E90043BDE8F0878B42DF
:100A300006D90DB1C5E9000100210846BDE8F087DF
:100A4000B3FA83F1002948D1BB4202D3824200F2BB
:100A50000781841A67EB030201209446002DE4D03D
:100A6000C5E9004CE1E7002A00F09280B2FA82F377
:100A7000002B40F0A8808A1A4FEA164E1FFA86FC17
:100A80000121200CB2FBFEF70EFB172240EA0242C6
:100A90000CFB07F0904207D9B21807F1FF3802D2D9
:100AA000904200F2E2804746121AA4B2B2FBFEF076
:100AB0000EFB102244EA02440CFB00FCA44507D9BB
:100AC000341900F1FF3202D2A44500F2CB80104667
:100AD000A4EB0C0440EA0740A2E7C1F120068B40DA
:100AE00022FA06FC4CEA030C07FA01F420FA06F39A
:100AF000F7404FEA1C49234300FA01F81FFA8CFE25
:100B0000B7FBF9F01C0C09FB107744EA074400FB23
:100B10000EF7A74202FA01F20AD91CEB040400F115
:100B2000FF3A80F09B80A74240F2988002386444EC
:100B3000E41B9FB2B4FBF9F309FB134447EA0444F6
:100B400003FB0EFEA64509D91CEB040403F1FF3795
:100B500080F08280A6457FD9023B644443EA00408E
:100B6000A4EB0E04A0FB02E7BC427346B94663D374
:100B700060D05DB1B8EB030264EB090404FA06F639
:100B800022FA01F31E43CC40C5E9006400214CE782
:100B90006208480842EAC1710B0C43EA00438AB27A
:100BA00042EA0342B3FBF6F1E407B4463746B646E1
:100BB0001F23B0FBF6F0D21B41EA004161E761461A
:100BC00014E7104628E7C3F1200120FA01F29E4005
:100BD00027FA01F19F403A434FEA164E1FFA86FC6E
:100BE000B1FBFEF70EFB1710110C41EA004107FBA9
:100BF0000CF8884504FA03F43AD9711807F1FF306C
:100C000001D288451FD8A1EB0801B1FBFEF808FB13
:100C10000CF70EFB181192B242EA0142BA422FD2EF
:100C2000B21808F1FF31C6D2BA42C4D2A8F102010B
:100C30003244C0E7F0459CD2BEEB020367EB0C07E1
:100C40000138B94695E7A6EB08084144B81EB1FB48
:100C5000FEF808FB0CF7DCE73B467FE7504667E70A
:100C60000846FBE63444023832E7023F32441BE7D1
:100C7000A1EB08013846B1FBFEF808FB0CF7C8E70A
:100C8000414698E7704700BF0000000000000000E8
:100C900001F0FF01102A2BDB10F0070F08D010F82D
:100CA000013B013A8B422DD010F0070F42B3F6D131
:100CB000F0B441EA012141EA014122F007047FF04A
:100CC00000070023F0E80256083C85EA010586EAA1
:100CD000010685FA47F5A3FA87F586FA47F6A5FADD
:100CE00087F68EB9EED1F0BC01F0FF0102F00702E9
:100CF00032B110F8013B013A83EA010313B1F8D194
:100D00000020704701387047002D06BF3546033874
:100D1000073815F0010F07D1013015F4807F02BFAD
:100D2000013015F4C03F0130F0BC0138704700BFFE
:100D3000002310B50446C0E90033C0E904338360E2
:100D400081814366C2818361194608225C3000F0CC
:100D5000F7F80D4B63620D4BA3620D4BE3620D4B35
:100D600023630D4B24629C4206D003F16802944237
:100D700002D0D0339C4205D104F15800BDE81040A8
:100D800000F0AEB910BD00BFB90E0108DB0E0108BE
:100D9000130F0108390F0108A4000020024A03497B
:100DA000034800F06BB800BF00000020DD1301080D
:100DB0001000002041680C4B994210B5044601D048
:100DC00000F00CFBA168094B994202D0204600F0CC
:100DD00005FBE168064B994204D02046BDE810406F
:100DE00000F0FCBA10BD00BFA40000200C010020E0
:100DF000740100200C4B0D4A0D4810B504211A60F7
:100E00000022FFF795FF0A4B01221C46092103F13E
:100E10006800FFF78DFF04F1D0000222BDE810400A
:100E20001221FFF785BF00BFDC0100209D0D0108E6
:100E3000A4000020014800F054B900BFE5010020E3
:100E4000014800F04FB900BFE501002010B504468D
:100E5000FFF7F0FF236A1BB1BDE81040FFF7F0BFBA
:100E6000044B2362044B1B68002BF5D1FFF7C2FF34
:100E7000F2E700BFB50D0108DC0100202DE9F843C1
:100E80000746884614460026D4E90195B9F10109C0
:100E900005D52468002CF7D13046BDE8F883AB892E
:100EA000012B07D9B5F90E30013303D02946384656
:100EB000C04706436835E9E710B50C46B1F90E1096
:100EC00000F0C6F80028ABBF636DA3891B1823F49C
:100ED0008053ACBF6365A38110BD2DE9F0411F466F
:100EE0008B89DB0505460C46164605D5B1F90E1073
:100EF0000223002200F09AF8A389B4F90E1023F41B
:100F00008053A38132463B462846BDE8F04100F0BD
:100F1000B1B810B50C46B1F90E1000F087F8B4F96D
:100F20000C30421C0BBF23F4805343F48053A38145
:100F3000A38118BF606510BDB1F90E1000F008B8AC
:100F400002440346934200D1704703F8011BF9E7BE
:100F500038B5064D0023044608462B600EF06DFAA6
:100F6000431C02D12B6803B1236038BDE00100208F
:100F70002D4B1B68834270B5044653D0C3691BB325
:100F8000DB6863B10025E369DB685959B1B9043501
:100F9000802DF8D1E3692046D96800F0A5F8E3690F
:100FA000196811B1204600F09FF8E3699D685DB1B2
:100FB000294620462D6800F097F8F8E70E6820468D
:100FC00000F092F83146E1E7616911B1204600F086
:100FD0008BF8E16911B1204600F086F8216B11B160
:100FE000204600F081F8616B11B1204600F07CF8DA
:100FF000A16B11B1204600F077F8A16C11B1204629
:1010000000F072F8616C11B1204600F06DF8E16AF1
:1010100011B1204600F068F8236A1BB12046BDE8F4
:101020007040184770BD00BF0C00002038B5074D58
:1010300004460846114600222A601A460EF024FA99
:10104000431C02D12B6803B1236038BDE0010020AE
:1010500038B5074D04460846114600222A601A4654
:101060000EF0B2F9431C02D12B6803B1236038BDE6
:10107000E001002038B5074D04460846114600221D
:101080002A601A460EF0BDF9431C02D12B6803B149
:10109000236038BDE001002070B50D4B0D4D5B1B8A
:1010A0009C100026A64209D113F084FF0A4D0B4B79
:1010B0005B1B9C100026A64205D170BD55F8043B71
:1010C00098470136EEE755F8043B98470136F2E7BA
:1010D000D87E0208D87E0208D87E0208DC7E02088C
:1010E000704770477047000038B50546002941D069
:1010F00051F8043C0C1F002BB8BFE41800F0E0F8D6
:101100001D4A136833B9636014602846BDE838404F
:1011100000F0DCB8A34208D9206821188B4201BF37
:1011200019685B6809182160EDE71A465B680BB126
:10113000A342FAD911685018A0420BD1206801448B
:10114000501883421160E0D118685B68536008440E
:101150001060DAE702D90C232B60D6E7206821184B
:101160008B4204BF19685B68636004BF0918216083
:101170005460CAE738BD00BFEC01002070B50F4EC7
:101180000C463168054611B900F050F9306021462F
:10119000284600F04BF9431C03D14FF0FF342046A2
:1011A00070BDC41C24F00304A042F8D0211A2846C4
:1011B00000F03CF90130F2D1EFE700BFE801002078
:1011C0002DE9F843CD1C25F0030508350C2D38BF5B
:1011D0000C25002D064601DBA94204D90C233360FF
:1011E0000020BDE8F883DFF8D48000F069F8D8F873
:1011F00000301C4644BB29463046FFF7BFFF431C66
:10120000044658D1D8F800402746002F43D1002C7F
:101210004BD023683946304604EB030900F006F949
:10122000814542D121686D1A29463046FFF7A6FF55
:1012300001303AD023682B442360D8F800305A6834
:1012400062BBC8F800700FE02268521B20D40B2A42
:1012500017D96119A342256018BF5960636808BF98
:10126000C8F8001062514B60304600F02FF804F1CE
:101270000B00231D20F00700C21A1CBF1B1AA3502D
:10128000AFE76268A3420CBFC8F800205A60EBE7E2
:1012900023466468AEE73C467F68B6E71A465B685B
:1012A000A342FBD100235360DEE70C2333603046BA
:1012B00000F00CF894E70560D6E700BFEC010020D1
:1012C0000148FFF70EBF00BFE40100200148FFF70F
:1012D00009BF00BFE4010020B1F90C202DE9F04165
:1012E000160705460C4651D44B68002B02DC0B6CEC
:1012F000002B49DDE66A002E46D0002312F480520E
:101300002F682B6031D0626DA389590705D56368BA
:10131000D21A636B0BB1236CD21A0023E66A216ADE
:101320002846B047421CB4F90C3006D129681D2963
:1013300046D8294ACA40D60742D500226260D9045D
:101340002269226004D5421C01D12B6803B9606573
:10135000616B2F60C1B104F14403994202D0284669
:10136000FFF7C2FE002363630EE0216A01232846D3
:10137000B0470246501CC7D12B68002BC4D01D2B90
:1013800001D0162B1AD12F6000201EE00F69002F0C
:10139000FAD093070E6808BF4B690F6018BF00238F
:1013A000A6EB07088B60B8F1000FEDDD216AA66A95
:1013B00043463A462846B047002808DCB4F90C30CA
:1013C00043F04003A3814FF0FF30BDE8F0810744B4
:1013D000A8EB0008E7E700BF0100402038B50B6923
:1013E00005460C4613B90025284638BD18B1036AD6
:1013F0000BB9FFF72BFDB4F90C30002BF3D0626E64
:10140000D00704D4990502D4A06DFFF76AFE2846E0
:101410002146FFF761FF636EDA070546E4D4A3892E
:101420009B05E1D4A06DFFF75DFEDDE738B5064D05
:101430000023044608462B600DF090FF431C02D1A8
:101440002B6803B1236038BDE001002080B400AFF9
:10145000074BD3F88830064A43F47003C2F888304B
:10146000034B044A9A6000BFBD465DF8047B704799
:1014700000ED00E00000010880B582B000AF7860A8
:101480007B68002B01D1012341E07B6893F83D305C
:10149000DBB2002B06D17B68002283F83C20786801
:1014A0000CF0A0FC7B68022283F83D207B681A6860
:1014B0007B6804331946104600F076FE7B680122F3
:1014C00083F846207B68012283F83E207B68012256
:1014D00083F83F207B68012283F840207B6801224B
:1014E00083F841207B68012283F842207B68012237
:1014F00083F843207B68012283F844207B68012223
:1015000083F845207B68012283F83D20002318469C
:101510000837BD4680BD000080B485B000AF78605C
:101520007B6893F83D30DBB2012B01D001234EE004
:101530007B68022283F83D207B681B68DA687B6841
:101540001B6842F00102DA607B681B68234A934201
:1015500022D07B681B68B3F1804F1DD07B681B686D
:101560001F4A934218D07B681B681E4A934213D0CF
:101570007B681B681C4A93420ED07B681B681B4A21
:10158000934209D07B681B68194A934204D07B6858
:101590001B68184A934211D17B681B689B6803F053
:1015A0000703FB60FB68062B10D07B681B681A687A
:1015B0007B681B6842F001021A6007E07B681B68C9
:1015C0001A687B681B6842F001021A600023184603
:1015D0001437BD465DF8047B704700BF0000014032
:1015E0000004004000080040000C004000040140DE
:1015F000004001400018004080B582B000AF786024
:101600007B68002B01D1012341E07B6893F83D30DA
:10161000DBB2002B06D17B68002283F83C2078687F
:1016200000F039F87B68022283F83D207B681A6855
:101630007B6804331946104600F0B6FD7B68012232
:1016400083F846207B68012283F83E207B680122D4
:1016500083F83F207B68012283F840207B680122C9
:1016600083F841207B68012283F842207B680122B5
:1016700083F843207B68012283F844207B680122A1
:1016800083F845207B68012283F83D20002318461B
:101690000837BD4680BD80B483B000AF786000BF1E
:1016A0000C37BD465DF8047B7047000080B584B000
:1016B00000AF786039603B68002B09D17B6893F8F4
:1016C0003E30DBB2012B14BF01230023DBB222E04A
:1016D0003B68042B09D17B6893F83F30DBB2012BC8
:1016E00014BF01230023DBB215E03B68082B09D1AE
:1016F0007B6893F84030DBB2012B14BF0123002339
:10170000DBB208E07B6893F84130DBB2012B14BFF9
:1017100001230023DBB2002B01D001237CE03B68D6
:10172000002B04D17B68022283F83E2013E03B6843
:10173000042B04D17B68022283F83F200BE03B6836
:10174000082B04D17B68022283F8402003E07B68E9
:10175000022283F841207B681B6801223968184601
:1017600001F03CF97B681B682D4A934204D07B68EA
:101770001B682C4A934201D1012300E00023002B77
:1017800007D07B681B685A6C7B681B6842F4004278
:101790005A647B681B68224A934222D07B681B688C
:1017A000B3F1804F1DD07B681B681F4A934218D04D
:1017B0007B681B681D4A934213D07B681B681C4AD8
:1017C00093420ED07B681B68164A934209D07B680F
:1017D0001B68184A934204D07B681B68164A9342E0
:1017E00011D17B681B689B6803F00703FB60FB68F3
:1017F000062B10D07B681B681A687B681B6842F058
:1018000001021A6007E07B681B681A687B681B6826
:1018100042F001021A60002318461037BD4680BD11
:1018200000000140000401400004004000080040A6
:10183000000C0040004001400018004080B582B01C
:1018400000AF78607B68002B01D1012341E07B6809
:1018500093F83D30DBB2002B06D17B68002283F881
:101860003C20786800F039F87B68022283F83D203C
:101870007B681A687B6804331946104600F094FCB4
:101880007B68012283F846207B68012283F83E2092
:101890007B68012283F83F207B68012283F8402087
:1018A0007B68012283F841207B68012283F8422073
:1018B0007B68012283F843207B68012283F844205F
:1018C0007B68012283F845207B68012283F83D2054
:1018D000002318460837BD4680BD80B483B000AFF2
:1018E000786000BF0C37BD465DF8047B7047000090
:1018F00080B584B000AF786039600023FB733B682B
:10190000002B04D17B6893F83E30DBB213E03B68D8
:10191000042B04D17B6893F83F30DBB20BE03B68CB
:10192000082B04D17B6893F84030DBB203E07B687E
:1019300093F84130DBB2BB733B68002B04D17B686A
:1019400093F84230DBB213E03B68042B04D17B6890
:1019500093F84330DBB20BE03B68082B04D17B6883
:1019600093F84430DBB203E07B6893F84530DBB298
:101970007B73BB7B012B02D17B7B012B01D001232D
:10198000CCE03B68002B04D17B68022283F83E2028
:1019900013E03B68042B04D17B68022283F83F20CC
:1019A0000BE03B68082B04D17B68022283F84020BF
:1019B00003E07B68022283F841203B68002B04D1BE
:1019C0007B68022283F8422013E03B68042B04D199
:1019D0007B68022283F843200BE03B68082B04D18C
:1019E0007B68022283F8442003E07B68022283F8AC
:1019F00045203B680C2B41D801A252F823F000BFD0
:101A0000351A01087D1A01087D1A01087D1A01089E
:101A1000471A01087D1A01087D1A01087D1A01087C
:101A2000591A01087D1A01087D1A01087D1A01085A
:101A30006B1A01087B681B68DA687B681B6842F0D8
:101A40000202DA601DE07B681B68DA687B681B684D
:101A500042F00402DA6014E07B681B68DA687B6895
:101A60001B6842F00802DA600BE07B681B68DA68EA
:101A70007B681B6842F01002DA6002E00123FB730E
:101A800000BFFB7B002B48D17B681B6801223968B3
:101A9000184600F0A3FF7B681B68224A934222D0BD
:101AA0007B681B68B3F1804F1DD07B681B681E4AA2
:101AB000934218D07B681B681C4A934213D07B6802
:101AC0001B681B4A93420ED07B681B68194A9342DD
:101AD00009D07B681B68184A934204D07B681B6856
:101AE000164A934211D17B681B689B6803F0070379
:101AF000BB60BB68062B10D07B681B681A687B68CC
:101B00001B6842F001021A6007E07B681B681A68D4
:101B10007B681B6842F001021A60FB7B1846103795
:101B2000BD4680BD000001400004004000080040A8
:101B3000000C00400004014000400140001800403B
:101B400080B584B000AF78607B681B68DB68FB60A1
:101B50007B681B681B69BB60BB6803F00203002B3A
:101B600020D0FB6803F00203002B1BD07B681B68AE
:101B70006FF002021A617B6801221A777B681B688A
:101B80009B6903F00303002B03D0786809F03CF94C
:101B900005E0786800F0E9FA786800F0F0FA7B6810
:101BA00000221A77BB6803F00403002B20D0FB68E7
:101BB00003F00403002B1BD07B681B686FF004024A
:101BC0001A617B6802221A777B681B689B6903F4A1
:101BD0004073002B03D0786809F016F905E07868A7
:101BE00000F0C3FA786800F0CAFA7B6800221A771E
:101BF000BB6803F00803002B20D0FB6803F0080348
:101C0000002B1BD07B681B686FF008021A617B6891
:101C100004221A777B681B68DB6903F00303002B3F
:101C200003D0786809F0F0F805E0786800F09DFAD4
:101C3000786800F0A4FA7B6800221A77BB6803F08A
:101C40001003002B20D0FB6803F01003002B1BD0E7
:101C50007B681B686FF010021A617B6808221A7794
:101C60007B681B68DB6903F44073002B03D0786842
:101C700009F0CAF805E0786800F077FA786800F0B3
:101C80007EFA7B6800221A77BB6803F00103002B01
:101C90000CD0FB6803F00103002B07D07B681B68A6
:101CA0006FF001021A61786809F0EAF8BB6803F086
:101CB0008003002B0CD0FB6803F08003002B07D0BF
:101CC0007B681B686FF080021A61786800F032FF51
:101CD000BB6803F04003002B0CD0FB6803F040030B
:101CE000002B07D07B681B686FF040021A61786890
:101CF00000F04FFABB6803F02003002B0CD0FB6808
:101D000003F02003002B07D07B681B686FF02002D4
:101D10001A61786800F004FF00BF1037BD4680BD2F
:101D200080B586B000AFF860B9607A600023FB75BB
:101D3000FB6893F83C30012B01D1022388E0FB685B
:101D4000012283F83C207B68002B1BD1FB681868BC
:101D5000BB681968BB685A68BB68DB6800F07AFC2E
:101D6000FB681B689A69FB681B6822F00C029A6189
:101D7000FB681B689969BB689A68FB681B680A4323
:101D80009A6160E07B68042B1CD1FB681868BB6813
:101D90001968BB685A68BB68DB6800F0FEFCFB682A
:101DA0001B689A69FB681B6822F440629A61FB68B1
:101DB0001B689969BB689B681A02FB681B680A4329
:101DC0009A6140E07B68082B1BD1FB681868BB68F0
:101DD0001968BB685A68BB68DB6800F04BFDFB689C
:101DE0001B68DA69FB681B6822F00C02DA61FB6889
:101DF0001B68D969BB689A68FB681B680A43DA618B
:101E000021E07B680C2B1CD1FB681868BB68196843
:101E1000BB685A68BB68DB6800F068FDFB681B683C
:101E2000DA69FB681B6822F44062DA61FB681B68B0
:101E3000D969BB689B681A02FB681B680A43DA61B0
:101E400001E00123FB75FB68002283F83C20FB7D49
:101E500018461837BD4680BD80B586B000AFF86023
:101E6000B9607A600023FB75FB6893F83C30012B66
:101E700001D10223AEE0FB68012283F83C207B689D
:101E80000C2B00F29F8001A252F823F0C11E010822
:101E9000C51F0108C51F0108C51F0108011F010852
:101EA000C51F0108C51F0108C51F0108431F010800
:101EB000C51F0108C51F0108C51F0108831F0108B0
:101EC000FB681B68B968184600F014FAFB681B68C9
:101ED0009A69FB681B6842F008029A61FB681B68FC
:101EE0009A69FB681B6822F004029A61FB681B6810
:101EF0009969BB681A69FB681B680A439A6164E0C8
:101F0000FB681B68B968184600F064FAFB681B6838
:101F10009A69FB681B6842F400629A61FB681B685F
:101F20009A69FB681B6822F480629A61FB681B68EF
:101F30009969BB681B691A02FB681B680A439A61AE
:101F400043E0FB681B68B968184600F0B9FAFB6803
:101F50001B68DA69FB681B6842F00802DA61FB68FB
:101F60001B68DA69FB681B6822F00402DA61FB680F
:101F70001B68D969BB681A69FB681B680A43DA6188
:101F800023E0FB681B68B968184600F00DFBFB688E
:101F90001B68DA69FB681B6842F40062DA61FB685F
:101FA0001B68DA69FB681B6822F48062DA61FB68EF
:101FB0001B68D969BB681B691A02FB681B680A4366
:101FC000DA6102E00123FB7500BFFB68002283F8A1
:101FD0003C20FB7D18461837BD4680BD80B584B0D7
:101FE00000AF786039600023FB737B6893F83C3066
:101FF000012B01D10223B4E07B68012283F83C204D
:102000007B68022283F83D207B681B689B68BB606D
:10201000BB6823F07703BB60BB6823F47F43BB60DE
:102020007B681B68BA689A603B681B68B3F5005F01
:102030003ED0B3F5005F00F28780B3F5805F00F01B
:102040008680B3F5805F7FD8702B1AD0702B7BD839
:10205000602B50D0602B77D8502B3CD0502B73D8AE
:10206000402B58D0402B6FD8302B64D0302B6BD8FE
:10207000202B60D0202B67D8002B5CD0102B5AD09F
:1020800062E07B6818683B6899683B685A683B68FF
:10209000DB6800F083FC7B681B689B68BB60BB68E7
:1020A00043F07703BB607B681B68BA689A604FE0B7
:1020B0007B6818683B6899683B685A683B68DB68CE
:1020C00000F06CFC7B681B689A687B681B6842F4B4
:1020D00080429A603CE07B6818683B6859683B68BE
:1020E000DB681A4600F02AFB7B681B685021184603
:1020F00000F039FC2CE07B6818683B6859683B6845
:10210000DB681A4600F086FB7B681B686021184676
:1021100000F029FC1CE07B6818683B6859683B6844
:10212000DB681A4600F00AFB7B681B6840211846F2
:1021300000F019FC0CE07B681A683B681B681946C4
:10214000104600F010FC03E00123FB7300E000BF29
:102150007B68012283F83D207B68002283F83C20C5
:10216000FB7B18461037BD4680BD80B483B000AFFE
:10217000786000BF0C37BD465DF8047B704780B4C3
:1021800083B000AF786000BF0C37BD465DF8047BBC
:10219000704780B483B000AF786000BF0C37BD4695
:1021A0005DF8047B7047000080B485B000AF7860B4
:1021B00039607B681B68FB607B68434A934213D09D
:1021C0007B68B3F1804F0FD07B68404A93420BD0BD
:1021D0007B683F4A934207D07B683E4A934203D0D4
:1021E0007B683D4A934208D1FB6823F07003FB6093
:1021F0003B685B68FA681343FB607B68324A934232
:102200002BD07B68B3F1804F27D07B682F4A934255
:1022100023D07B682E4A93421FD07B682D4A93427D
:102220001BD07B682C4A934217D07B682B4A934281
:1022300013D07B682A4A93420FD07B68294A934285
:102240000BD07B68284A934207D07B68274A934289
:1022500003D07B68264A934208D1FB6823F440737D
:10226000FB603B68DB68FA681343FB60FB6823F0A4
:1022700080023B685B691343FB603B689A687B683C
:10228000DA623B681A687B689A627B680E4A9342FE
:1022900003D07B68104A934203D13B681A697B687C
:1022A0001A637B681B6843F004027B681A607B68D2
:1022B00001225A617B68FA681A6000BF1437BD4674
:1022C0005DF8047B704700BF00000140000400403F
:1022D00000080040000C00400004014000400140A4
:1022E000004401400048014000180040001C00402C
:1022F0000020004080B487B000AF786039607B6810
:102300001B6A7B617B681B6A23F001027B681A628F
:102310007B685B683B617B689B69FB60FB6823F0C3
:102320007003FB60FB6823F00303FB603B681B68E2
:10233000FA681343FB607B6923F002037B613B680F
:102340009B687A6913437B617B68204A934203D080
:102350007B681F4A93420CD17B6923F008037B61A1
:102360003B68DB687A6913437B617B6923F0040374
:102370007B617B68154A934203D07B68144A934281
:1023800011D13B6923F480733B613B6923F40073F3
:102390003B613B685B693A6913433B613B689B69FE
:1023A0003A6913433B617B683A695A607B68FA6813
:1023B0009A613B685A687B685A637B687A691A62DB
:1023C00000BF1C37BD465DF8047B7047000001402C
:1023D0000004014080B487B000AF786039607B684A
:1023E0001B6A7B617B681B6A23F010027B681A62A0
:1023F0007B685B683B617B689B69FB60FB6823F4DF
:10240000E043FB60FB6823F44073FB603B681B68A0
:102410001B02FA681343FB607B6923F020037B6196
:102420003B689B681B017A6913437B617B68224A86
:10243000934203D07B68214A93420DD17B6923F0FC
:1024400080037B613B68DB681B017A6913437B6116
:102450007B6923F040037B617B68174A934203D07A
:102460007B68164A934213D13B6923F480633B6136
:102470003B6923F400633B613B685B699B003A69FD
:1024800013433B613B689B699B003A6913433B6183
:102490007B683A695A607B68FA689A613B685A6857
:1024A0007B689A637B687A691A6200BF1C37BD46F5
:1024B0005DF8047B704700BF00000140000401404C
:1024C00080B487B000AF786039607B681B6A7B613D
:1024D0007B681B6A23F480727B681A627B685B6886
:1024E0003B617B68DB69FB60FB6823F07003FB608A
:1024F000FB6823F00303FB603B681B68FA68134327
:10250000FB607B6923F400737B613B689B681B0263
:102510007A6913437B617B68214A934203D07B68CD
:10252000204A93420DD17B6923F400637B613B68B1
:10253000DB681B027A6913437B617B6923F4806348
:102540007B617B68164A934203D07B68154A9342AD
:1025500013D13B6923F480533B613B6923F400535F
:102560003B613B685B691B013A6913433B613B6814
:102570009B691B013A6913433B617B683A695A6066
:102580007B68FA68DA613B685A687B68DA637B6863
:102590007A691A6200BF1C37BD465DF8047B70473C
:1025A000000001400004014080B487B000AF7860B3
:1025B00039607B681B6A3B617B681B6A23F480522D
:1025C0007B681A627B685B687B617B68DB69FB60A8
:1025D000FB6823F4E043FB60FB6823F44073FB607B
:1025E0003B681B681B02FA681343FB603B6923F4DA
:1025F00000533B613B689B681B033A6913433B6193
:102600007B68124A934203D07B68114A934209D1F6
:102610007B6923F480437B613B685B699B017A693A
:1026200013437B617B687A695A607B68FA68DA6178
:102630003B685A687B681A647B683A691A6200BF13
:102640001C37BD465DF8047B704700BF00000140A9
:102650000004014080B487B000AFF860B9607A60D0
:102660003B60FB681B6A3B61FB681B6A23F001024D
:10267000FB681A62FB689B697B61FB68284A93428E
:102680001BD0FB68B3F1804F17D0FB68254A9342FB
:1026900013D0FB68244A93420FD0FB68234A93422D
:1026A0000BD0FB68224A934207D0FB68214A934231
:1026B00003D0FB68204A934201D1012300E00023AC
:1026C000002B08D07B6923F003037B617A697B6868
:1026D00013437B6103E07B6943F001037B617B690A
:1026E00023F0F0037B613B681B01DBB27A69134383
:1026F0007B613B6923F00A033B61BB6803F00A037B
:102700003A6913433B61FB687A699A61FB683A69ED
:102710001A6200BF1C37BD465DF8047B704700BFDE
:10272000000001400004004000080040000C004090
:1027300000040140004001400018004080B487B010
:1027400000AFF860B9607A60FB681B6A7B61FB6868
:102750001B6A23F00102FB681A62FB689B693B61FC
:102760003B6923F0F0033B617B681B013A6913432B
:102770003B617B6923F00A037B617A69BB68134381
:102780007B61FB683A699A61FB687A691A6200BFEB
:102790001C37BD465DF8047B704780B487B000AF3E
:1027A000F860B9607A603B60FB681B6A7B61FB681C
:1027B0001B6A23F01002FB681A62FB689B693B618D
:1027C0003B6923F440733B617B681B023A69134306
:1027D0003B613B6923F470433B613B681B039BB245
:1027E0003A6913433B617B6923F0A0037B61BB68BB
:1027F0001B0103F0A0037A6913437B61FB683A690C
:102800009A61FB687A691A6200BF1C37BD465DF8A1
:10281000047B704780B487B000AFF860B9607A601D
:10282000FB681B6A7B61FB681B6A23F01002FB6874
:102830001A62FB689B693B613B6923F470433B610F
:102840007B681B033A6913433B617B6923F0A00358
:102850007B61BB681B017A6913437B61FB683A6942
:102860009A61FB687A691A6200BF1C37BD465DF841
:10287000047B704780B487B000AFF860B9607A60BD
:102880003B60FB681B6A7B61FB681B6A23F48072F8
:10289000FB681A62FB68DB693B613B6923F0030359
:1028A0003B613A697B6813433B613B6923F0F0036A
:1028B0003B613B681B01DBB23A6913433B617B69B7
:1028C00023F420637B61BB681B0203F420637A69F5
:1028D00013437B61FB683A69DA61FB687A691A62C3
:1028E00000BF1C37BD465DF8047B704780B487B0DD
:1028F00000AFF860B9607A603B60FB681B6A7B617F
:10290000FB681B6A23F48052FB681A62FB68DB6970
:102910003B613B6923F440733B617B681B023A696E
:1029200013433B613B6923F470433B613B681B03EA
:102930009BB23A6913433B617B6923F420437B617B
:10294000BB681B0303F420437A6913437B61FB6874
:102950003A69DA61FB687A691A6200BF1C37BD46C2
:102960005DF8047B704780B485B000AF7860396053
:102970007B689B68FB60FB6823F07003FB603A6830
:10298000FB68134343F00703FB607B68FA689A60B7
:1029900000BF1437BD465DF8047B704780B487B034
:1029A00000AFF860B9607A603B60FB689B687B6150
:1029B0007B6923F47F437B613B681A027B681A437F
:1029C000BB6813437A6913437B61FB687A699A6039
:1029D00000BF1C37BD465DF8047B704780B487B0EC
:1029E00000AFF860B9607A60BB6803F01F03012292
:1029F00002FA03F37B61FB681A6A7B69DB431A40C6
:102A0000FB681A62FB681A6ABB6803F01F037968E7
:102A100001FA03F31A43FB681A6200BF1C37BD4674
:102A20005DF8047B7047000080B485B000AF78602B
:102A300039607B6893F83C30012B01D102235AE0C6
:102A40007B68012283F83C207B68022283F83D20CA
:102A50007B681B685B68FB607B681B689B68BB606E
:102A6000FB6823F07003FB603B681B68FA68134344
:102A7000FB607B681B68FA685A607B681B68214AA8
:102A8000934222D07B681B68B3F1804F1DD07B68D6
:102A90001B681D4A934218D07B681B681B4A9342EF
:102AA00013D07B681B681A4A93420ED07B681B6860
:102AB000184A934209D07B681B68174A934204D096
:102AC0007B681B68154A93420CD1BB6823F08003D6
:102AD000BB603B685B68BA681343BB607B681B687C
:102AE000BA689A607B68012283F83D207B680022E7
:102AF00083F83C20002318461437BD465DF8047B5C
:102B0000704700BF00000140000400400008004082
:102B1000000C00400004014000400140001800404B
:102B200080B483B000AF786000BF0C37BD465DF85D
:102B3000047B704780B483B000AF786000BF0C376F
:102B4000BD465DF8047B704780B584B000AF786007
:102B50000023FB737B68002B01D1012333E07B68EA
:102B60001B6C002B09D178680AF020FD7B680022DD
:102B70005A647B68002283F83C207B681B6C03F05E
:102B80001003002B18D17B681B6C23F4885323F0AF
:102B9000020343F002027B681A64786800F0A4FA2A
:102BA0007B6800225A647B681B6C23F0030343F0AC
:102BB00001027B681A6401E00123FB737B68002239
:102BC00083F83C20FB7B18461037BD4680BD0000D3
:102BD00080B485B000AF78600023BB607B6893F859
:102BE0003C30012B01D10223B2E07B68012283F843
:102BF0003C207B681B689B6803F00103012B18D005
:102C00007B681B689A687B681B6842F001029A60C7
:102C1000524B1B68524AA2FB03239A0C13465B00DB
:102C20001344BB6002E0BB68013BBB60BB68002B88
:102C3000F9D17B681B689B6803F00103012B7AD1F3
:102C40007B681B6C23F4E06323F0010343F4807280
:102C50007B681A647B681B685B6803F48063002BE5
:102C600007D07B681B6C23F4405343F480527B688D
:102C70001A647B681B6C03F48053B3F5805F06D144
:102C80007B685B6C23F006027B685A6402E07B6819
:102C900000225A647B68002283F83C20314BFB60A1
:102CA0007B681B686FF022021A60FB685B6803F0A8
:102CB0001F03002B2AD17B681B682B4A934215D037
:102CC0007B681B68294A934205D1264B5B6803F059
:102CD0001F03002B0AD07B681B68254A934236D11C
:102CE000204B5B6803F01003002B30D17B681B681E
:102CF0009B6803F04053002B29D17B681B689A68BE
:102D00007B681B6842F080429A6020E07B681B6809
:102D1000154A93421BD17B681B689B6803F04053A4
:102D2000002B14D17B681B689A687B681B6842F093
:102D300080429A600BE07B681B6C43F010027B685A
:102D40001A647B685B6C43F001027B685A64002361
:102D500018461437BD465DF8047B70475C000020C0
:102D600083DE1B430023014000200140002101407D
:102D70000022014080B584B000AF78603960002344
:102D8000FB607B681B689B6803F48063B3F5806F0E
:102D900013D17B681B689B6803F48073B3F5807F55
:102DA0000BD17B681B6C43F020027B681A647B6844
:102DB000002283F83C20012363E001F045FCF86029
:102DC00021E03B68B3F1FF3F1DD03B68002B07D0EB
:102DD00001F03AFC0246FB68D31A3A689A4212D2D2
:102DE0007B681B681B6803F00203022B0BD07B6817
:102DF0001B6C43F004027B681A647B68002283F832
:102E00003C2003233DE07B681B681B6803F0020342
:102E1000022BD6D17B681B686FF012021A607B68A8
:102E20001B6C43F400727B681A647B681B689B68A8
:102E300003F04053002B23D17B681B7E002B1FD156
:102E40007B681B68DB6A03F47003002B06D07B6889
:102E50001B689B6803F48063002B11D17B681B6C9B
:102E600023F480727B681A647B681B6C03F48053C4
:102E7000002B05D17B681B6C43F001027B681A6450
:102E8000002318461037BD4680BD80B483B000AF24
:102E900078607B681B68DB6C18460C37BD465DF8B4
:102EA000047B704780B485B000AF78603960002340
:102EB000BB607B6893F83C30012B01D1022305E114
:102EC0007B68012283F83C203B681B68092B25D9CD
:102ED0007B681B68D9683B681B689BB21A4613461F
:102EE0005B0013441E3B072202FA03F3DA437B68BC
:102EF0001B680A40DA607B681B68D9683B689A687F
:102F00003B681B689BB2184603465B0003441E3BAC
:102F10009A407B681B680A43DA6022E07B681B6882
:102F200019693B681B689BB21A4613465B00134441
:102F3000072202FA03F3DA437B681B680A401A612E
:102F40007B681B6819693B689A683B681B689BB281
:102F5000184603465B0003449A407B681B680A439B
:102F60001A613B685B68062B24D87B681B68596B29
:102F70003B685A6813469B001344053B1F2202FA24
:102F800003F3DA437B681B680A405A637B681B685B
:102F9000596B3B681B689BB218463B685A681346DE
:102FA0009B001344053B00FA03F27B681B680A434D
:102FB0005A634CE03B685B680C2B24D87B681B6829
:102FC000196B3B685A6813469B001344233B1F222E
:102FD00002FA03F3DA437B681B680A401A637B68D2
:102FE0001B68196B3B681B689BB218463B685A68A4
:102FF00013469B001344233B00FA03F27B681B68D3
:103000000A431A6323E07B681B68D96A3B685A68E5
:1030100013469B001344413B1F2202FA03F3DA4399
:103020007B681B680A40DA627B681B68D96A3B6868
:103030001B689BB218463B685A6813469B001344B2
:10304000413B00FA03F27B681B680A43DA62224BB9
:10305000FB607B681B68214A934209D13B681B686F
:10306000122B05D1FB685B6843F48002FB685A6051
:103070007B681B68194A934223D13B681B68102B5D
:1030800003D03B681B68112B1BD1FB685B6843F4C2
:103090000002FB685A603B681B68102B11D1104B73
:1030A0001B68104AA2FB03239A0C13469B0013448F
:1030B0005B00BB6002E0BB68013BBB60BB68002BF0
:1030C000F9D17B68002283F83C200023184614378E
:1030D000BD465DF8047B704700230140002001409D
:1030E0005C00002083DE1B4380B485B000AF7860B5
:1030F000794BFB60FB685B6823F44032FB685A60E5
:10310000FB685A687B685B681A43FB685A607B6897
:103110001B685A687B681B6822F480725A607B685F
:103120001B6859687B681B691A027B681B680A4325
:103130005A607B681B685A687B681B6822F0407283
:103140005A607B681B6859687B689A687B681B6853
:103150000A435A607B681B689A687B681B6822F484
:1031600000629A607B681B6899687B68DA687B6894
:103170001B680A439A607B689B6A584A934222D034
:103180007B681B689A687B681B6822F070629A6093
:103190007B681B6899687B689A6A7B681B680A432E
:1031A0009A607B681B689A687B681B6822F04052B3
:1031B0009A607B681B6899687B68DA6A7B681B6821
:1031C0000A439A600FE07B681B689A687B681B68FB
:1031D00022F070629A607B681B689A687B681B6843
:1031E00022F040529A607B681B689A687B681B6873
:1031F00022F002029A607B681B6899687B681B7EDC
:103200005A007B681B680A439A607B6893F82030F9
:10321000002B1BD07B681B685A687B681B6842F4D4
:1032200000625A607B681B685A687B681B6822F4DE
:1032300060425A607B681B6859687B685B6A013B27
:103240005A037B681B680A435A6007E07B681B6867
:103250005A687B681B6822F400625A607B681B68AE
:10326000DA6A7B681B6822F47002DA627B681B688A
:10327000D96A7B68DB69013B1A057B681B680A43D6
:10328000DA627B681B689A687B681B6822F40072AC
:103290009A607B681B6899687B6893F830305A02A3
:1032A0007B681B680A439A607B681B689A687B6826
:1032B0001B6822F480629A607B681B6899687B684F
:1032C0005B699A027B681B680A439A6000BF1437E7
:1032D000BD465DF8047B7047002301400100000FEC
:1032E00080B586B000AF78607B68002B01D10123E8
:1032F00067E27B681B6803F00103002B75D0884BE5
:103300009B6803F00C03042B0CD0854B9B6803F0E7
:103310000C03082B12D1824B5B6803F48003B3F5D6
:10332000800F0BD17E4B1B6803F40033002B5BD066
:103330007B685B68002B57D1012342E27B685B68A6
:10334000B3F5803F06D1764B1B68754A43F4803352
:1033500013601DE07B685B68B3F5A02F0CD1704B48
:103360001B686F4A43F4802313606D4B1B686C4AE3
:1033700043F4803313600BE0694B1B68684A23F405
:1033800080331360664B1B68654A23F48023136007
:103390007B685B68002B13D001F056F9386108E0B8
:1033A00001F052F902463B69D31A642B01D9032379
:1033B00007E25B4B1B6803F40033002BF0D014E0F2
:1033C00001F042F9386108E001F03EF902463B693C
:1033D000D31A642B01D90323F3E1514B1B6803F487
:1033E0000033002BF0D100E000BF7B681B6803F0C6
:1033F0000203002B63D04A4B9B6803F00C03002BA5
:103400000BD0474B9B6803F00C03082B1CD1444B9B
:103410005B6803F48003002B16D1414B1B6803F05B
:103420000203002B05D07B68DB68012B01D0012350
:10343000C7E13B4B1B6823F0F8027B681B69DB008C
:10344000374913430B603AE07B68DB68002B20D0E0
:10345000344B01221A6001F0F7F8386108E001F0FE
:10346000F3F802463B69D31A022B01D90323A8E1E2
:103470002B4B1B6803F00203002BF0D0284B1B687A
:1034800023F0F8027B681B69DB00254913430B60BE
:1034900015E0244B00221A6001F0D6F8386108E0EC
:1034A00001F0D2F802463B69D31A022B01D903235B
:1034B00087E11B4B1B6803F00203002BF0D17B68F4
:1034C0001B6803F00803002B36D07B685B69002B78
:1034D00016D0154B01221A6001F0B6F8386108E0E9
:1034E00001F0B2F802463B69D31A022B01D903233B
:1034F00067E10B4B5B6F03F00203002BF0D01BE086
:10350000094B00221A6001F09FF838610EE001F0CB
:103510009BF802463B69D31A022B07D9032350E1DB
:103520000038024000004742800E4742884B5B6FE4
:1035300003F00203002BEAD17B681B6803F004034D
:10354000002B00F097800023FB75814B1B6C03F070
:103550008053002B0FD10023BB607D4B1B6C7C4A3A
:1035600043F0805313647A4B1B6C03F08053BB60B1
:10357000BB680123FB75774B1B6803F48073002B3A
:1035800018D1744B1B68734A43F48073136001F0C5
:103590005BF8386108E001F057F802463B69D31A3E
:1035A000022B01D903230CE16A4B1B6803F48073DF
:1035B000002BF0D07B689B68012B06D1644B1B6FFE
:1035C000634A43F0010313671CE07B689B68052B8B
:1035D0000CD15F4B1B6F5E4A43F0040313675C4BD7
:1035E0001B6F5B4A43F0010313670BE0584B1B6FE3
:1035F000574A23F001031367554B1B6F544A23F0BE
:10360000040313677B689B68002B15D001F01CF83E
:1036100038610AE001F018F802463B69D31A41F21A
:103620008832934201D90323CBE0494B1B6F03F04F
:103630000203002BEED014E001F006F838610AE036
:1036400001F002F802463B69D31A41F288329342F4
:1036500001D90323B5E03E4B1B6F03F00203002B9F
:10366000EED1FB7D012B05D1394B1B6C384A23F081
:10367000805313647B689B69002B00F0A180344B5E
:103680009B6803F00C03082B5CD07B689B69022BC2
:1036900041D1314B00221A6000F0D6FF386108E0BA
:1036A00000F0D2FF02463B69D31A022B01D9032353
:1036B00087E0274B1B6803F00073002BF0D17B6879
:1036C000DA697B681B6A1A437B685B6A9B011A4351
:1036D0007B689B6A5B08013B1B041A437B68DB6ABF
:1036E0001B061B4913434B601B4B01221A6000F061
:1036F000ABFF386108E000F0A7FF02463B69D31A30
:10370000022B01D903235CE0114B1B6803F000730B
:10371000002BF0D054E0104B00221A6000F094FF10
:10372000386108E000F090FF02463B69D31A022B93
:1037300001D9032345E0064B1B6803F00073002BFF
:10374000F0D13DE07B689B69012B07D1012338E074
:103750000038024000700040600047421B4B5B682D
:10376000FB607B689B69012B28D0FB6803F4800217
:103770007B68DB699A4221D1FB6803F03F027B68DA
:103780001B6A9A421AD1FA6847F6C07313407A68E6
:10379000526A9201934211D1FB6803F440327B6874
:1037A0009B6A5B08013B1B049A4207D1FB6803F04C
:1037B00070627B68DB6A1B069A4201D0012300E03D
:1037C000002318461837BD4680BD00BF00380240B0
:1037D00080B584B000AF786039607B68002B01D180
:1037E0000123CCE0684B1B6803F007033A689A4258
:1037F0000CD9654B3A68D2B21A70634B1B6803F060
:1038000007033A689A4201D00123B8E07B681B683D
:1038100003F00203002B20D07B681B6803F0040335
:10382000002B05D0594B9B68584A43F4E0539360F2
:103830007B681B6803F00803002B05D0534B9B6883
:10384000524A43F460439360504B9B6823F0F0026C
:103850007B689B684D4913438B607B681B6803F052
:103860000103002B44D07B685B68012B07D1474BD9
:103870001B6803F40033002B19D101237FE07B6820
:103880005B68022B03D07B685B68032B07D13F4B3F
:103890001B6803F00073002B09D101236FE03B4B41
:1038A0001B6803F00203002B01D1012367E0374BB3
:1038B0009B6823F003027B685B68344913438B6089
:1038C00000F0C2FEF8600AE000F0BEFE0246FB68AF
:1038D000D31A41F28832934201D903234FE02B4B94
:1038E0009B6803F00C027B685B689B009A42EBD1FB
:1038F000254B1B6803F007033A689A420CD2224B0F
:103900003A68D2B21A70204B1B6803F007033A687A
:103910009A4201D0012332E07B681B6803F0040364
:10392000002B08D0194B9B6823F4E0527B68DB68BE
:10393000164913438B607B681B6803F00803002B58
:1039400009D0124B9B6823F460427B681B69DB0043
:103950000E4913438B6000F021F802460B4B9B6825
:103960001B0903F00F030A49CB5C22FA03F3094A4F
:103970001360094B1B6818460BF074FC00231846B3
:103980001037BD4680BD00BF003C024000380240F9
:103990003C5402085C000020600000202DE9B04F7C
:1039A00094B000AF00237B640023FB6400233B64DE
:1039B0000023BB64794B9B6803F00C03082B0DD0EC
:1039C000082B00F2E180002B02D0042B03D0DBE0B7
:1039D000734BBB64DBE0734BBB64D8E06F4B5B683D
:1039E00003F03F037B646D4B5B6803F48003002BA3
:1039F00063D06A4B5B689B090022BB63FA63BB6BB5
:103A0000C3F308033B6300237B63D7E90C452246DD
:103A10002B464FF000004FF00001590141EAD261FE
:103A2000500102460B462146511A3961294663EB83
:103A300001037B614FF000024FF00003D7E904ABB4
:103A400059468B01514643EA916351468A015146DA
:103A5000B2EB0108594663EB01094FF000024FF049
:103A600000034FEAC90343EA58734FEAC80290467D
:103A70009946234618EB0303BB602B4649EB03032F
:103A8000FB604FF000024FF00003D7E902452946E2
:103A90004B02214643EAD15321464A0210461946B9
:103AA0007B6C0022BB62FA62D7E90A23FCF756FF5F
:103AB00002460B461346FB6458E0384B5B689B0993
:103AC000002218461146C0F308033B6200237B62C4
:103AD000D7E9088942464B464FF000004FF00001FD
:103AE000590141EAD261500102460B464146B2EB10
:103AF000010A494663EB010B4FF000024FF000034F
:103B00004FEA8B1343EA9A634FEA8A12B2EB0A0434
:103B100063EB0B054FF000024FF00003EB0043EAAC
:103B20005473E20014461D464346E3183B604B467F
:103B300045EB03037B604FF000024FF00003D7E931
:103B4000004529468B02214643EA915321468A02C9
:103B5000104619467B6C0022BB61FA61D7E9062347
:103B6000FCF7FCFE02460B461346FB640B4B5B68FE
:103B70001B0C03F0030301335B003B64FA6C3B6CEA
:103B8000B2FBF3F3BB6402E0054BBB6400BFBB6C4C
:103B900018465037BD46BDE8B08F00BF0038024020
:103BA0000024F40000127A0080B400AF034B1B68BD
:103BB0001846BD465DF8047B704700BF5C000020DE
:103BC00080B500AFFFF7F0FF0246054B9B689B0AEC
:103BD00003F007030349CB5C22FA03F3184680BDC8
:103BE000003802404C54020880B500AFFFF7DCFFFC
:103BF0000246054B9B685B0B03F007030349CB5C54
:103C000022FA03F3184680BD003802404C540208E3
:103C100080B483B000AF786039607B680F221A608F
:103C2000124B9B6803F003027B685A600F4B9B6842
:103C300003F0F0027B689A600C4B9B6803F4E0523F
:103C40007B68DA60094B9B68DB0803F4E0527B6811
:103C50001A61074B1B6803F007023B681A6000BF3C
:103C60000C37BD465DF8047B704700BF003802404A
:103C7000003C024080B489B000AF78603960002316
:103C80007B6100233B610023BB610023FB616BE18F
:103C90000122FB6902FA03F37B613B681B687A69C6
:103CA00013403B613A697B699A4240F05A813B6814
:103CB0005B6803F00303012B05D03B685B6803F0EE
:103CC0000303022B30D17B689B68BB61FB695B00FF
:103CD000032202FA03F3DB43BA691340BB613B687A
:103CE000DA68FB695B0002FA03F3BA691343BB614C
:103CF0007B68BA699A607B685B68BB610122FB697B
:103D000002FA03F3DB43BA691340BB613B685B68AB
:103D10001B0903F00102FB6902FA03F3BA691343BA
:103D2000BB617B68BA695A603B685B6803F0030358
:103D3000032B17D07B68DB68BB61FB695B00032248
:103D400002FA03F3DB43BA691340BB613B689A682C
:103D5000FB695B0002FA03F3BA691343BB617B683A
:103D6000BA69DA603B685B6803F00303022B23D176
:103D7000FB69DA087B68083253F82230BB61FB69C3
:103D800003F007039B000F2202FA03F3DB43BA6937
:103D90001340BB613B681A69FB6903F007039B0092
:103DA00002FA03F3BA691343BB61FB69DA087B6863
:103DB0000832B96943F822107B681B68BB61FB6954
:103DC0005B00032202FA03F3DB43BA691340BB61D1
:103DD0003B685B6803F00302FB695B0002FA03F3D4
:103DE000BA691343BB617B68BA691A603B685B6858
:103DF00003F44033002B00F0B4800023FB60604BE1
:103E00005B6C5F4A43F4804353645D4B5B6C03F42B
:103E10008043FB60FB685B4AFB699B08023352F8F6
:103E20002330BB61FB6903F003039B000F2202FAFE
:103E300003F3DB43BA691340BB617B68524A934288
:103E40002BD07B68514A934225D07B68504A9342DD
:103E50001FD07B684F4A934219D07B684E4A9342E9
:103E600013D07B684D4A93420DD07B684C4A9342F5
:103E700007D07B684B4A934201D107230EE0082309
:103E80000CE006230AE0052308E0042306E00323F0
:103E900004E0022302E0012300E00023FA6902F0BB
:103EA000030292009340BA691343BB613549FB6931
:103EB0009B080233BA6941F823203B4B9B68BB61E6
:103EC0003B69DB43BA691340BB613B685B6803F441
:103ED0008013002B03D0BA693B691343BB61324A9C
:103EE000BB699360304BDB68BB613B69DB43BA69FC
:103EF0001340BB613B685B6803F40013002B03D0E5
:103F0000BA693B691343BB61274ABB69D360264B3F
:103F10005B68BB613B69DB43BA691340BB613B68CB
:103F20005B6803F40033002B03D0BA693B69134389
:103F3000BB611D4ABB6953601B4B1B68BB613B697E
:103F4000DB43BA691340BB613B685B6803F48033B1
:103F5000002B03D0BA693B691343BB61124ABB69AA
:103F60001360FB690133FB61FB690F2B7FF690AE99
:103F700000BF00BF2437BD465DF8047B704700BF1B
:103F800000380240003801400000024000040240B6
:103F900000080240000C02400010024000140240E1
:103FA00000180240001C0240003C014080B487B071
:103FB00000AF7860396000233B610023FB60002381
:103FC000BB6000237B61CDE001227B6902FA03F331
:103FD0003B613A683B691340FB60FA683B699A426F
:103FE00040F0BD80654A7B699B08023352F823305C
:103FF000BB607B6903F003039B000F2202FA03F30B
:10400000BA681340BB607B685D4A93422BD07B68E3
:104010005C4A934225D07B685B4A93421FD07B6801
:104020005A4A934219D07B68594A934213D07B680D
:10403000584A93420DD07B68574A934207D07B6819
:10404000564A934201D107230EE008230CE00623D1
:104050000AE0052308E0042306E0032304E002232A
:1040600002E0012300E000237A6902F003029200DB
:104070009340BA689A4232D1494B1A68FB68DB43D5
:10408000474913400B60464B5A68FB68DB43444981
:1040900013404B60424BDA68FB68DB4340491340F6
:1040A000CB603F4B9A68FB68DB433D4913408B6014
:1040B0007B6903F003039B000F2202FA03F3BB604A
:1040C0002E4A7B699B08023352F82310BB68DA43FF
:1040D0002A487B699B080A40023340F823207B680A
:1040E0001A687B695B00032101FA03F3DB431A4082
:1040F0007B681A607B69DA087B68083253F8221003
:104100007B6903F007039B000F2202FA03F3DB43F2
:104110007A69D20819407B68083243F822107B681C
:10412000DA687B695B00032101FA03F3DB431A4081
:104130007B68DA607B685A6801217B6901FA03F3C6
:10414000DB431A407B685A607B689A687B695B0036
:10415000032101FA03F3DB431A407B689A607B6911
:1041600001337B617B690F2B7FF62EAF00BF00BF51
:104170001C37BD465DF8047B704700BF0038014026
:10418000000002400004024000080240000C02400F
:10419000001002400014024000180240001C0240BF
:1041A000003C014080B485B000AF78600B467B8056
:1041B0007B681A697B881340002B02D00123FB73B4
:1041C00001E00023FB73FB7B18461437BD465DF806
:1041D000047B704780B483B000AF78600B467B806F
:1041E00013467B707B78002B03D07A887B689A61BA
:1041F00003E07B881A047B689A6100BF0C37BD46D8
:104200005DF8047B704780B485B000AF78600B46E2
:104210007B807B685B69FB607A88FB6813401A04CB
:10422000FB68D9437B880B401A437B689A6100BFC7
:104230001437BD465DF8047B704780B584B000AF8D
:1042400078607B689B6DFB6000F0FEF9B8607B686E
:1042500093F83530DBB2022B08D07B6880225A6598
:104260007B68002283F83420012352E07B681B68BE
:104270001A687B681B6822F016021A607B681B684C
:104280005A697B681B6822F080025A617B681B6C4C
:10429000002B03D17B689B6C002B07D07B681B68CD
:1042A0001A687B681B6822F008021A607B681B682A
:1042B0001A687B681B6822F001021A6013E000F0A4
:1042C000C3F90246BB68D31A052B0CD97B682022A0
:1042D0005A657B68032283F835207B68002283F8C7
:1042E0003420032315E07B681B681B6803F001037F
:1042F000002BE4D17B68DB6D3F229A40FB689A601B
:104300007B68012283F835207B68002283F8342003
:10431000002318461037BD4680BD80B483B000AF7F
:1043200078607B6893F83530DBB2022B04D07B6871
:1043300080225A6501230CE07B68052283F8352032
:104340007B681B681A687B681B6822F001021A6090
:10435000002318460C37BD465DF8047B704780B4D7
:1043600083B000AF78607B6893F83530DBB21846D5
:104370000C37BD465DF8047B7047000080B485B003
:1043800000AF78607B6803F00703FB600C4BDB68D1
:10439000BB60BA684FF6FF031340BB60FB681A02AC
:1043A000BB68134343F0BF6343F40033BB60044A6C
:1043B000BB68D36000BF1437BD465DF8047B70470F
:1043C00000ED00E080B400AF044BDB681B0A03F093
:1043D00007031846BD465DF8047B704700ED00E01A
:1043E00080B483B000AF0346FB7197F90730002B10
:1043F0000BDBFB7903F01F02074997F907305B09D4
:10440000012000FA02F241F8232000BF0C37BD461C
:104410005DF8047B704700BF00E100E080B483B02A
:1044200000AF0346FB7197F90730002B12DBFB79D5
:1044300003F01F020A4997F907305B09012000FACF
:1044400002F2203341F82320BFF34F8F00BFBFF3A8
:104450006F8F00BF00BF0C37BD465DF8047B70470F
:1044600000E100E080B483B000AF03463960FB7127
:1044700097F90730002B0ADB3B68DAB20C4997F951
:1044800007301201D2B20B4483F800230AE03B68E4
:10449000DAB20849FB7903F00F03043B1201D2B2F0
:1044A0000B441A7600BF0C37BD465DF8047B70479D
:1044B00000E100E000ED00E080B489B000AFF860FA
:1044C000B9607A60FB6803F00703FB61FB69C3F125
:1044D0000703042B28BF0423BB61FB690433062BAD
:1044E00002D9FB69033B00E000237B614FF0FF3200
:1044F000BB6902FA03F3DA43BB681A407B699A404E
:104500004FF0FF317B6901FA03F3D9437B680B401D
:10451000134318462437BD465DF8047B70470000FE
:1045200080B400AFBFF34F8F00BF064BDB6803F4CE
:10453000E0620449044B1343CB60BFF34F8F00BFCD
:1045400000BFFDE700ED00E00400FA0580B582B091
:1045500000AF78607868FFF711FF00BF0837BD46ED
:1045600080BD80B586B000AF0346B9607A60FB734A
:1045700000237B61FFF726FF78617A68B968786964
:10458000FFF79AFF024697F90F3011461846FFF7DA
:1045900069FF00BF1837BD4680BD80B582B000AF4F
:1045A0000346FB7197F907301846FFF719FF00BF64
:1045B0000837BD4680BD80B582B000AF0346FB71B1
:1045C00097F907301846FFF729FF00BF0837BD46A7
:1045D00080BD80B500AFFFF7A3FF000080B500AF3E
:1045E0000E4B1B680D4A43F4007313600B4B1B68A2
:1045F0000A4A43F480631360084B1B68074A43F47C
:10460000807313600320FFF7A1FF00200AF02AFE49
:104610000AF0FCFD0023184680BD00BF003C0240AC
:1046200080B400AF064B1B781A46064B1B68134438
:10463000044A136000BFBD465DF8047B704700BFAD
:1046400064000020F001002080B400AF034B1B6821
:104650001846BD465DF8047B704700BFF00100209E
:1046600080B584B000AF7860FFF7EEFFB8607B687C
:10467000FB60FB68B3F1FF3F05D00A4B1B781A467D
:10468000FB681344FB6000BFFFF7DEFF0246BB6818
:10469000D31AFA689A42F7D800BF00BF1037BD4658
:1046A00080BD00BF6400002080B582B000AF78609C
:1046B0007B68002B01D101230EE07B685B79DBB2C4
:1046C000002B05D17B6800221A71786808F0C6FFBC
:1046D0007B6801225A71002318460837BD4680BD09
:1046E00080B584B000AF78607B68002B01D10123D6
:1046F0002BE17B6893F83D30DBB2002B06D17B6861
:10470000002283F83C20786808F0F8FF7B682422B8
:1047100083F83D207B681B681A687B681B6822F061
:1047200001021A607B681B681A687B681B6842F488
:1047300000421A607B681B681A687B681B6822F459
:1047400000421A60FFF73CFAF8607B685B68814AB8
:10475000934207D8FB68804A934294BF0123002309
:10476000DBB206E0FB687D4A934294BF012300233D
:10477000DBB2002B01D00123E7E0FB68784AA2FB03
:1047800003239B0CBB607B681B685B6823F03F01C5
:104790007B681B68BA680A435A607B681B681B6A9F
:1047A00023F03F017B685B686A4A934202D8BB688A
:1047B000013309E0BB684FF4967202FB03F3694AC8
:1047C000A2FB03239B0901337A6812680B4313622F
:1047D0007B681B68DB6923F44F4222F0FF027B6891
:1047E0005B685C498B4219D8FB68591E7B685B6823
:1047F0005B00B1FBF3F3591C40F6FC730B40002B3C
:104800000AD0FB68591E7B685B685B00B1FBF3F361
:104810000133C3F30B0351E004234FE07B689B6833
:10482000002B11D1FB68581E7B6859680B465B0052
:104830000B44B0FBF3F30133C3F30B03002B0CBFAA
:1048400001230023DBB212E0FB68581E7B68596825
:104850000B469B000B4499000B44B0FBF3F3013370
:10486000C3F30B03002B0CBF01230023DBB2002B8F
:1048700001D0012322E07B689B68002B0ED1FB68EE
:10488000581E7B6859680B465B000B44B0FBF3F382
:104890000133C3F30B0343F400430FE0FB68581EDE
:1048A0007B6859680B469B000B4499000B44B0FB96
:1048B000F3F30133C3F30B0343F44043796809680E
:1048C0001343CB617B681B681B6823F0C0017B68C6
:1048D000DA697B681B6A1A437B681B680A431A60A3
:1048E0007B681B689B6823F4034323F0FF037A680B
:1048F00011697A68D26811437A6812680B43936031
:104900007B681B68DB6823F0FF017B685A697B6862
:104910009B691A437B681B680A43DA607B681B68E3
:104920001A687B681B6842F001021A607B680022EB
:104930001A647B68202283F83D207B6800221A637A
:104940007B68002283F83E20002318461037BD46BE
:1049500080BD00BFA08601007F841E00FF083D00CF
:1049600083DE1B43D34D621080B483B000AF786008
:104970007B681B685B6903F08003802B03D17B6835
:104980001B6800221A6100BF0C37BD465DF8047B2E
:10499000704780B588B000AF78600023BB617B684A
:1049A0001B685B687B617B68DB6A3B617B6893F8B3
:1049B0003E30FB737B6893F83D30BB73FB7B102B61
:1049C00003D0FB7B402B40F0C1807B681B689B6958
:1049D000BB617B681B685B69FB61FB6903F00103DA
:1049E000002B0DD13B69B3F52A0F03D03B69B3F11E
:1049F0002A4F01D1012300E00023012B00F0328176
:104A0000FB6903F00103002B0CD07B695B0A03F008
:104A10000103002B06D0786801F098FC786800F05C
:104A20009BFD92E0FB69DB0803F00103002B09D03A
:104A30007B695B0A03F00103002B03D0786800F068
:104A400011FE82E0FB695B0803F00103002B09D033
:104A50007B695B0A03F00103002B03D0786800F048
:104A60002BFE72E0BB699B0803F00103002B3BD0D7
:104A70007B681B685B6803F40063B3F5006F00F0AC
:104A8000F380FB69DB0903F00103002B0FD07B6986
:104A90009B0A03F00103002B09D0FB699B0803F07C
:104AA0000103002B03D1786800F0F3F94DE0FB69B6
:104AB0009B0803F00103002B00F0D6807B695B0AA2
:104AC00003F00103002B00F0CF80BB7B212B03D12F
:104AD000786800F07AFAC7E0FB7B402B40F0C48096
:104AE000786800F0E8FABFE07B681B685B6803F455
:104AF0000063B3F5006F00F0B780FB699B0903F01A
:104B00000103002B0FD07B699B0A03F00103002BEC
:104B100009D0FB699B0803F00103002B03D17868DF
:104B200000F061FB11E0FB699B0803F00103002B1F
:104B300000F09A807B695B0A03F00103002B00F010
:104B40009380786800F017FC8EE08DE07B681B6C2A
:104B5000002B04D07B681B685B69FB6107E07B6806
:104B60001B689B69BB617B681B685B69FB61FB69B8
:104B70005B0803F00103002B12D07B695B0A03F092
:104B80000103002B0CD07B681B6C002B03D07B68CF
:104B90001B689B69BB61B969786800F0DCFF66E05F
:104BA000FB691B0903F00103002B09D07B695B0A39
:104BB00003F00103002B03D0786801F017F856E0EA
:104BC000BB7B212B02D0BB7B292B25D1FB69DB09C9
:104BD00003F00103002B0FD07B699B0A03F0010354
:104BE000002B09D0FB699B0803F00103002B03D1C4
:104BF000786800F0F2FE39E0FB699B0803F00103DE
:104C0000002B33D07B695B0A03F00103002B2DD00E
:104C1000786800F01FFF29E0FB699B0903F001039E
:104C2000002B0FD07B699B0A03F00103002B09D0F6
:104C3000FB699B0803F00103002B03D1786800F0A7
:104C40002AFF14E0FB699B0803F00103002B0ED040
:104C50007B695B0A03F00103002B08D0786800F041
:104C600058FF04E000BF02E000BF00E000BF2037B3
:104C7000BD4680BD80B58AB000AF78607B681B6898
:104C80005B693B627B681B685B68FB6100237B623E
:104C90007B6893F83E30FB763B6A1B0A03F0010306
:104CA000002B0ED0FB691B0A03F00103002B08D078
:104CB0007B6A43F001037B627B681B686FF4807240
:104CC0005A613B6A5B0A03F00103002B0ED0FB69BB
:104CD0001B0A03F00103002B08D07B6A43F0020398
:104CE0007B627B681B686FF400725A613B6A9B0AA7
:104CF00003F00103002B3FD0FB691B0A03F0010303
:104D0000002B39D0FB7EBB767B685B8D9BB27B61D1
:104D10007B6893F83D30FB747B681B6BFB60BB7E4C
:104D2000202B12D17B69002B0FD1FB7C212B08D0CB
:104D3000FB7C292B05D0FB7C282B06D1FB68212B83
:104D400003D1786801F082F816E07B681B686FF485
:104D500080625A617B6A43F004037B62FB7E102B06
:104D600002D0FB7E402B07D17B681B681A687B68EA
:104D70001B6842F400721A603B6ADB0A03F001030D
:104D8000002B0ED0FB691B0A03F00103002B08D097
:104D90007B6A43F008037B627B681B686FF40062E8
:104DA0005A617B6A002B08D07B681A6C7B6A1A43B5
:104DB0007B681A64786801F0BDF800BF2837BD46EB
:104DC00080BD80B483B000AF786000BF0C37BD46B3
:104DD0005DF8047B704780B483B000AF786000BF9B
:104DE0000C37BD465DF8047B704780B483B000AFDC
:104DF000786000BF0C37BD465DF8047B704780B417
:104E000083B000AF786000BF0C37BD465DF8047B0F
:104E1000704780B483B000AF78600B46FB701346D8
:104E20003B8000BF0C37BD465DF8047B704780B403
:104E300083B000AF786000BF0C37BD465DF8047BDF
:104E4000704780B483B000AF786000BF0C37BD46B8
:104E50005DF8047B704780B483B000AF786000BF1A
:104E60000C37BD465DF8047B704780B483B000AF5B
:104E7000786000BF0C37BD465DF8047B704780B496
:104E800083B000AF786000BF0C37BD465DF8047B8F
:104E9000704780B584B000AF78607B6893F83D3090
:104EA000FB737B6893F83E30BB737B68DB6ABB6047
:104EB0007B681B8D002B50D1FB7B212B4DD1BB6818
:104EC000082B1DD0BB68202B1AD0BB6813F5803F80
:104ED00016D07B681B685A687B681B6822F4E06206
:104EE0005A607B6811221A637B68002283F83E2097
:104EF0007B68202283F83D207868FFF762FF60E03E
:104F00007B681B685A687B681B6822F4E0625A6001
:104F10007B681B681A687B681B6842F400721A6021
:104F20007B6800221A637B68202283F83D207B681F
:104F300093F83E30DBB2402B07D17B68002283F828
:104F40003E207868FFF77DFF3BE07B68002283F816
:104F50003E207868FFF735FF33E0FB7B212B05D03F
:104F6000BB7B402B2DD1FB7B222B2AD17B685B8D19
:104F70009BB2002B08D17B681B685A687B681B6852
:104F800022F480625A601CE07B6893F83E30DBB20A
:104F9000402B03D1786800F08EF812E07B685B6AE2
:104FA0001A787B681B681A617B685B6A5A1C7B688D
:104FB0005A627B685B8D9BB2013B9AB27B685A85D3
:104FC000FFE700BF1037BD4680BD80B584B000AF9D
:104FD00078607B68DB6AFB607B6893F83D30DBB20E
:104FE000212B64D17B685B8D9BB2002B12D07B6838
:104FF0005B6A1A787B681B681A617B685B6A5A1C5B
:105000007B685A627B685B8D9BB2013B9AB27B687E
:105010005A854CE0FB68082B1DD0FB68202B1AD06A
:10502000FB6813F5803F16D07B681B685A687B6865
:105030001B6822F4E0625A607B6811221A637B6865
:10504000002283F83E207B68202283F83D20786888
:10505000FFF7B7FE2BE07B681B685A687B681B680C
:1050600022F4E0625A607B681B681A687B681B68E0
:1050700042F400721A607B6800221A637B68202267
:1050800083F83D207B6893F83E30DBB2402B07D19C
:105090007B68002283F83E207868FFF7D2FE06E0A6
:1050A0007B68002283F83E207868FFF78AFE00BF05
:1050B0001037BD4680BD80B584B000AF78607B6896
:1050C00093F83D30FB737B681B6D002B1DD17B6813
:1050D000DB6C012B0BD17B689B6CDAB27B681B68A5
:1050E0001A617B681B6D9A1C7B681A6577E07B6888
:1050F0009B6C9BB21B12DAB27B681B681A617B68DF
:105100001B6D5A1C7B681A6569E07B681B6D012B5F
:105110000BD17B689B6CDAB27B681B681A617B6879
:105120001B6D5A1C7B681A6559E07B681B6D022B4E
:1051300052D1FB7B222B0DD17B681B681A687B68E0
:105140001B6842F480721A607B681B6D5A1C7B6876
:105150001A6544E07B685B8D9BB2002B15D0FB7B0E
:10516000212B12D17B685B6A1A787B681B681A61F5
:105170007B685B6A5A1C7B685A627B685B8D9BB25A
:10518000013B9AB27B685A8529E07B685B8D9BB2B4
:10519000002B24D1FB7B212B21D17B681B685A6813
:1051A0007B681B6822F4E0625A607B681B681A689F
:1051B0007B681B6842F400721A607B6800221A63E5
:1051C0007B68202283F83D207B68002283F83E2004
:1051D0007868FFF736FE02E07868FFF7C5FB00BF8E
:1051E0001037BD4680BD80B584B000AF78607B6865
:1051F00093F83D30DBB2222B40F0B9807B68DB6A4C
:10520000FB607B685B8D9BB2BB60BB68032B21D9C5
:105210007B681B681A697B685B6AD2B21A707B680C
:105220005B6A5A1C7B685A627B685B8D9BB2013B50
:105230009AB27B685A857B685B8D9BB2032B40F0EA
:1052400096807B681B685A687B681B6822F48062C2
:105250005A608CE07B68DB6A022B7FD0BB68012B35
:1052600002D0BB68002B79D1786801F03DF8034685
:10527000002B4CD17B681B681A687B681B6822F482
:1052800080621A607B681B685A687B681B6822F41E
:10529000E0625A607B681B681A697B685B6AD2B2FD
:1052A0001A707B685B6A5A1C7B685A627B685B8DEC
:1052B0009BB2013B9AB27B685A857B68202283F8B7
:1052C0003D207B6893F83E30DBB2402B0AD17B68EF
:1052D000002283F83E207B6800221A637868FFF77B
:1052E000BAFD44E07B68002283F83E20FB68082B6F
:1052F00002D0FB68202B03D17B6800221A6302E0F6
:105300007B6812221A637868FFF765FD2FE07B68DF
:105310001B685A687B681B6822F4E0625A607B68ED
:105320001B681A697B685B6AD2B21A707B685B6A19
:105330005A1C7B685A627B685B8D9BB2013B9AB2B8
:105340007B685A857B68202283F83D207B68002299
:1053500083F83E207868FFF788FD08E07B681B68CB
:105360005A687B681B6822F480625A60FFE700BFBE
:105370001037BD4680BD80B584B000AF78607B68D3
:10538000DB6AFB607B685B8D9BB2042B1BD17B6867
:105390001B685A687B681B6822F480625A607B68CD
:1053A0001B681A697B685B6AD2B21A707B685B6A99
:1053B0005A1C7B685A627B685B8D9BB2013B9AB238
:1053C0007B685A85C4E07B685B8D9BB2032B29D137
:1053D0007B681B685A687B681B6822F480625A608D
:1053E000FB68042B0AD0FB68022B07D07B681B6884
:1053F0001A687B681B6822F480621A607B681B68ED
:105400001A697B685B6AD2B21A707B685B6A5A1C45
:105410007B685A627B685B8D9BB2013B9AB27B686A
:105420005A8595E07B685B8D9BB2022B7DD1FB6832
:10543000012B02D0FB68102B08D17B681B681A680F
:105440007B681B6822F480621A6016E0FB68042BFC
:1054500002D0FB68022B08D17B681B681A687B6846
:105460001B6842F480621A6007E07B681B681A6858
:105470007B681B6842F400721A607B681B681A69BB
:105480007B685B6AD2B21A707B685B6A5A1C7B6865
:105490005A627B685B8D9BB2013B9AB27B685A85EE
:1054A0007B681B681A697B685B6AD2B21A707B687A
:1054B0005B6A5A1C7B685A627B685B8D9BB2013BBE
:1054C0009AB27B685A857B681B685A687B681B6840
:1054D00022F440725A607B68202283F83D207B686A
:1054E00093F83E30DBB2402B0AD17B68002283F870
:1054F0003E207B6800221A637868FFF7ACFC27E047
:105500007B68002283F83E20FB68082B02D0FB68F2
:10551000202B03D17B6800221A6302E07B681222F1
:105520001A637868FFF757FC12E07B681B681A69FA
:105530007B685B6AD2B21A707B685B6A5A1C7B68B4
:105540005A627B685B8D9BB2013B9AB27B685A853D
:1055500000BF1037BD4680BD80B483B000AF786017
:105560007B6893F83E30DBB2402B17D17B681B6D14
:10557000002B09D17B685B6CDBB21A467B681B6829
:1055800002F0FE021A6167E07B685B6CDBB243F0FD
:105590000103DAB27B681B681A615DE07B681B69F6
:1055A000B3F5804F33D17B6893F83D30DBB2212BCC
:1055B00009D17B685B6CDBB21A467B681B6802F022
:1055C000FE021A6108E07B685B6CDBB243F001030A
:1055D000DAB27B681B681A617B685B6B002B04D0B6
:1055E0007B685B6BDB6B002B08D17B689B6B002BB4
:1055F00032D07B689B6BDB6B002B2DD07B681B68EC
:105600005A687B681B6842F400625A6024E07B6839
:105610001B6D002B0ED17B685B6C9BB2DB11DBB288
:1056200003F00603DBB263F00F03DAB27B681B689A
:105630001A6111E07B681B6D012B0DD17B685B6CDF
:105640009BB2DB11DBB203F00603DBB263F00E03A7
:10565000DAB27B681B681A6100BF0C37BD465DF883
:10566000047B704780B483B000AF78607B685B6C6C
:10567000DAB27B681B681A617B685B6B002B04D015
:105680007B685B6BDB6B002B08D17B689B6B002B13
:105690000CD07B689B6BDB6B002B07D07B681B6897
:1056A0005A687B681B6842F400625A6000BF0C377E
:1056B000BD465DF8047B704780B491B000AF786060
:1056C0007B6893F83E3087F83F307B68DB6ABB63CA
:1056D0007B681B6B7B637B6893F83D30DBB2222BCE
:1056E00040F069817B681B6D002B0FD197F83F302C
:1056F000402B0BD100233B637B681B685B693B63DA
:105700007B681B689B693B633B6B60E17B681B6D3F
:10571000002B1DD17B681B69B3F5404F18D10023C6
:10572000FB627B681B685B69FB627B681B689B692B
:10573000FB62FB6A7B681B681A687B681B6842F423
:1057400080721A607B681B6D5A1C7B681A653EE18B
:105750007B685B8D9BB2002B13D10023BB627B68FF
:105760001B685B69BB627B681B689B69BB62BB6A29
:105770007B681B681A687B681B6842F400721A60B9
:1057800015E17B685B8D9BB2012B40F08A80BB6B7F
:1057900013F5803F37D17B681B681A687B681B68EC
:1057A00022F480621A607B681B685B6803F4006304
:1057B000B3F5006F13D17B681B681A687B681B68A0
:1057C00022F480621A6000237B627B681B685B693D
:1057D0007B627B681B689B697B627B6AE7E00023D6
:1057E0003B627B681B685B693B627B681B689B69EB
:1057F0003B623B6A7B681B681A687B681B6842F4E3
:1058000000721A60D3E0BB6B082B2ED0BB6B202B31
:105810002BD07B6B122B02D1BB6B012B25D1BB6B29
:10582000042B0ED0BB6B022B0BD0BB6B102B08D004
:105830007B681B681A687B681B6822F480621A60A8
:1058400007E07B681B681A687B681B6842F480620B
:105850001A600023FB617B681B685B69FB617B68E6
:105860001B689B69FB61FB69A1E07B681B681A6888
:105870007B681B6822F480621A600023BB617B682E
:105880001B685B69BB617B681B689B69BB61BB690B
:105890007B681B681A687B681B6842F400721A6098
:1058A00085E07B685B8D9BB2022B4DD1BB6B042BDB
:1058B00016D0BB6B022B13D0BB6B102B10D07B68A8
:1058C0001B681A687B681B6822F480621A607B6818
:1058D0001B681A687B681B6842F400621A6007E064
:1058E0007B681B681A687B681B6842F480621A60D8
:1058F0007B681B685B6803F40063B3F5006F17D126
:10590000BB6B13F5803F0BD0BB6B012B08D0BB6B7F
:10591000082B05D0BB6B102B02D0BB6B202B07D103
:105920007B681B685A687B681B6842F480525A6027
:1059300000237B617B681B685B697B617B681B68FC
:105940009B697B617B6932E07B681B681A687B68B6
:105950001B6842F480621A607B681B685B6803F412
:105960000063B3F5006F17D1BB6B13F5803F0BD00D
:10597000BB6B012B08D0BB6B082B05D0BB6B102B6E
:1059800002D0BB6B202B07D17B681B685A687B68F1
:105990001B6842F480525A6000233B617B681B689D
:1059A0005B693B617B681B689B693B613B697B680A
:1059B00000221A650BE00023FB607B681B685B69B3
:1059C000FB607B681B689B69FB60FB68FFE700BFAF
:1059D0004437BD465DF8047B704780B584B000AFA6
:1059E00078607B6893F83D30FB737B685B8D9BB27E
:1059F000002B2BD07B685B6A1A787B681B681A6166
:105A00007B685B6A5A1C7B685A627B685B8D9BB2C1
:105A1000013B9AB27B685A857B685B8D9BB2002BF9
:105A200014D1FB7B292B11D17B681B685A687B68DA
:105A30001B6822F480625A607B6821221A637B68AB
:105A4000282283F83D207868FFF7CFF900BF103790
:105A5000BD4680BD80B483B000AF78607B685B8D4D
:105A60009BB2002B11D07B685B6A1A787B681B683D
:105A70001A617B685B6A5A1C7B685A627B685B8D23
:105A80009BB2013B9AB27B685A8500BF0C37BD467A
:105A90005DF8047B704780B584B000AF78607B68A8
:105AA00093F83D30FB737B685B8D9BB2002B2CD051
:105AB0007B681B681A697B685B6AD2B21A707B6864
:105AC0005B6A5A1C7B685A627B685B8D9BB2013BA8
:105AD0009AB27B685A857B685B8D9BB2002B14D190
:105AE000FB7B2A2B11D17B681B685A687B681B687B
:105AF00022F480625A607B6822221A637B68282223
:105B000083F83D207868FFF77AF900BF1037BD466B
:105B100080BD80B483B000AF78607B685B8D9BB242
:105B2000002B12D07B681B681A697B685B6AD2B253
:105B30001A707B685B6A5A1C7B685A627B685B8D53
:105B40009BB2013B9AB27B685A8500BF0C37BD46B9
:105B50005DF8047B704780B584B000AF7860396031
:105B60000023FB737B6893F83D30DBB203F028031E
:105B7000282B27D17B681B685A687B681B6822F436
:105B800080625A603B689B0803F00103002B01D13F
:105B90000123FB733B68DB0903F00103002B03D1F6
:105BA0007B68DB68BB8102E07B689B69BB817B68AB
:105BB000002283F83C20BA89FB7B19467868FFF7FE
:105BC00028F90EE00023BB607B681B685B69BB6043
:105BD0007B681B689B69BB60BB687B68002283F89D
:105BE0003C2000BF1037BD4680BD000080B584B0AA
:105BF00000AF78607B6893F83D30FB737B681B686F
:105C00005A687B681B6822F4E0625A600023BB601C
:105C10007B681B685B69BB607B681B681A687B6874
:105C20001B6842F001021A60BB687B681B681A6837
:105C30007B681B6822F480621A607B681B685B6863
:105C400003F40063B3F5006F72D1FB7B222B02D00B
:105C5000FB7B2A2B35D17B689B6B1B685B689AB2F8
:105C60007B685A857B685B8D9BB2002B05D07B6877
:105C70001B6C43F004027B681A647B681B685A68DB
:105C80007B681B6822F400625A607B689B6B184635
:105C9000FEF765FB0346012B49D07B689B6B694A85
:105CA0001A657B689B6B1846FEF737FB0346002B93
:105CB0003DD07B689B6B1B6D7A68926B1046984752
:105CC00035E07B685B6B1B685B689AB27B685A85C2
:105CD0007B685B8D9BB2002B05D07B681B6C43F00F
:105CE00004027B681A647B681B685A687B681B68BF
:105CF00022F400625A607B685B6B1846FEF72FFB4C
:105D00000346012B14D07B685B6B4E4A1A657B6897
:105D10005B6B1846FEF701FB0346002B08D07B683F
:105D20005B6B1B6D7A68526B1046984700E000BFB2
:105D30007B685B8D9BB2002B3ED07B681B685B69E8
:105D400003F00403042B12D17B681B681A697B687B
:105D50005B6AD2B21A707B685B6A5A1C7B685A62B3
:105D60007B685B8D9BB2013B9AB27B685A857B68EE
:105D70001B685B6903F04003402B12D17B681B68F2
:105D80001A697B685B6AD2B21A707B685B6A5A1CBC
:105D90007B685A627B685B8D9BB2013B9AB27B68E1
:105DA0005A857B685B8D9BB2002B05D07B681B6C92
:105DB00043F004027B681A647B681B6C002B03D0E1
:105DC000786800F0B7F839E0FB7B2A2B09D17B68B3
:105DD00000221A637B68282283F83D207868FFF749
:105DE0000EF87B6893F83D30DBB2282B11D17B682D
:105DF000154ADA627B6800221A637B68202283F8E6
:105E00003D207B68002283F83E207868FFF70FF87A
:105E100014E07B681B6B222B02D0FB7B222B0DD165
:105E20007B6800221A637B68202283F83D207B6810
:105E3000002283F83E207868FEF7E1FF00BF1037AC
:105E4000BD4680BD996101080000FFFF80B584B0A8
:105E500000AF78607B6893F83D30FB737B68DB6A4A
:105E6000BB60BB68082B02D0BB68202B29D1FB7B11
:105E7000282B26D17B682E4ADA627B681B685A6819
:105E80007B681B6822F4E0625A607B681B686FF4D1
:105E900080625A617B681B681A687B681B6822F401
:105EA00080621A607B6800221A637B68202283F874
:105EB0003D207B68002283F83E207868FEF7B7FF1C
:105EC00031E0FB7B212B29D17B68194ADA627B68A0
:105ED00021221A637B68202283F83D207B68002200
:105EE00083F83E207B681B685A687B681B6822F435
:105EF000E0625A607B681B686FF480625A617B685D
:105F00001B681A687B681B6822F480621A607868D4
:105F1000FEF72AFD7868FEF768FF04E07B681B68DF
:105F20006FF480625A6100BF1037BD4680BD00BF6C
:105F30000000FFFF80B584B000AF78607B6893F805
:105F40003D30FB737B6893F83E30BB73BB7B102BFB
:105F500002D0BB7B402B0AD1FB7B222B07D17B6875
:105F60001B681A687B681B6822F400621A60FB7B5E
:105F700003F02803282B07D17B6800221A637B6873
:105F8000282283F83D2015E07B681B685B6803F4DA
:105F90000063B3F5006F0AD0FB7B602B07D07B68F2
:105FA000202283F83D207B68002283F83E207B6816
:105FB00000221A637B681B685B6803F40063B3F517
:105FC000006F62D17B681B685A687B681B6822F48B
:105FD00000625A607B685B6B93F83530DBB2012B53
:105FE00020D07B685B6B6A4A1A657B685B6B1846DE
:105FF000FEF793F90346002B00F089807B681B684D
:106000001A687B681B6822F001021A607B682022F4
:1060100083F83D207B685B6B1B6D7A68526B104682
:10602000984774E07B689B6B594A1A657B689B6B49
:106030001846FEF772F90346002B68D07B681B6890
:106040005B6903F04003402B0BD17B681B681A6926
:106050007B685B6AD2B21A707B685B6A5A1C7B6889
:106060005A627B681B681A687B681B6822F0010211
:106070001A607B68202283F83D207B689B6B1B6D38
:106080007A68926B1046984741E07B6893F83D3000
:10609000DBB2602B25D17B68202283F83D207B6812
:1060A00000221A647B681B685B6903F04003402B85
:1060B0000BD17B681B681A697B685B6AD2B21A7065
:1060C0007B685B6A5A1C7B685A627B681B681A682B
:1060D0007B681B6822F001021A607868FEF7CFFE29
:1060E00015E07B681B685B6903F04003402B0BD114
:1060F0007B681B681A697B685B6AD2B21A707B681E
:106100005B6A5A1C7B685A627868FEF7AEFE7B6851
:106110001B6CBB60BB6803F00103002B0ED1BB6896
:1061200003F00203002B09D1BB6803F00403002B2A
:1061300004D1BB6803F00803002B07D07B681B6801
:106140005A687B681B6822F4E0625A607B6893F8A7
:106150003D30FB737B681B6C03F00403042B13D1ED
:10616000FB7B282B10D17B680A4ADA627B6800220D
:106170001A637B68202283F83D207B68002283F825
:106180003E207868FEF753FE00BF1037BD4680BD45
:10619000996101080000FFFF80B586B000AF78600C
:1061A0000023FB607B689B6B7B617B6993F83D30D0
:1061B000FB744B4B1B68DB084A4AA2FB03231A0AF9
:1061C00013469B001344DA00D31AFB60FB68002BD4
:1061D00006D17B691B6C43F020027B691A640AE0DC
:1061E000FB68013BFB607B691B681B6803F4007361
:1061F000B3F5007FEAD07B695B6B002B03D07B6932
:106200005B6B0022DA637B699B6B002B03D07B699D
:106210009B6B0022DA637B691B681A687B691B68C9
:1062200022F480621A607B6900225A857B695B6B6D
:10623000002B03D07B695B6B00221A657B699B6B2B
:10624000002B03D07B699B6B00221A657B691B685E
:106250001A687B691B6822F001021A607B6993F857
:106260003D30DBB2602B0ED17B69202283F83D20CC
:106270007B69002283F83E207B6900221A647869DA
:10628000FEF7FDFD27E0FB7C03F02803282B17D148
:106290007B691B681A687B691B6842F001021A60FF
:1062A0007B691B681A687B691B6842F480621A600C
:1062B0007B6900221A637B69282283F83D2007E06E
:1062C0007B69202283F83D207B69002283F83E20F1
:1062D0007869FEF7CAFD00BF1837BD4680BD00BF14
:1062E0005C00002089B5F81480B485B000AF7860F8
:1062F0000023FB60134B1B68DB08134AA2FB03233C
:106300001A0A13469B001344FB60FB68013BFB60C9
:10631000FB68002B07D17B681B6C43F020027B6875
:106320001A64012308E07B681B681B6803F4007390
:10633000B3F5007FE9D0002318461437BD465DF859
:10634000047B70475C00002089B5F81480B483B0EA
:1063500000AF78607B68DB6AB3F52A0F03D17B68F6
:106360000122DA6207E07B68DB6AB3F12A4F02D1CF
:106370007B680822DA6200BF0C37BD465DF8047BFB
:10638000704780B582B000AF78607B68002B01D188
:1063900001237BE07B685B6A002B08D17B685B682C
:1063A000B3F5827F09D07B680022DA6105E07B6863
:1063B00000221A617B6800225A617B6800229A627F
:1063C0007B6893F85130DBB2002B06D17B6800224A
:1063D00083F85020786807F08BFA7B68022283F8F4
:1063E00051207B681B681A687B681B6822F040029A
:1063F0001A607B685B6803F482727B689B6803F4B5
:1064000004431A437B68DB6803F400631A437B6828
:106410001B6903F002031A437B685B6903F0010305
:106420001A437B689B6903F400731A437B68DB693A
:1064300003F038031A437B681B6A03F0800342EAC7
:1064400003017B689B6A03F400527B681B680A4364
:106450001A607B689B691B0C03F004017B685B6A14
:1064600003F010027B681B680A435A607B681B6854
:10647000DA697B681B6822F40062DA617B680022BB
:106480005A657B68012283F851200023184608379B
:10649000BD4680BD80B588B000AFF860B9603B6094
:1064A0001346FB80FEF7D0F8F861FB887B83FB681E
:1064B00093F85130DBB2012B01D002232AE1BB68F3
:1064C000002B02D0FB88002B01D1012322E1FB68C5
:1064D00093F85030012B01D102231BE1FB6801220C
:1064E00083F85020FB68032283F85120FB680022C8
:1064F0005A65FB68BA681A63FB68FA889A86FB6873
:10650000FA88DA86FB6800229A63FB6800229A8781
:10651000FB680022DA87FB6800225A64FB680022CD
:106520001A64FB689B68B3F5004F0FD1FB681B68CA
:106530001A68FB681B6822F040021A60FB681B683F
:106540001A68FB681B6842F480421A60FB681B688B
:106550001B6803F04003402B07D0FB681B681A68D8
:10656000FB681B6842F040021A60FB68DB68B3F509
:10657000006F52D1FB685B68002B02D07B8B012B34
:1065800045D1FB681B6B1A88FB681B68DA60FB68E7
:106590001B6B9A1CFB681A63FB68DB8E9BB2013B8A
:1065A0009AB2FB68DA8632E0FB681B689B6803F0EE
:1065B0000203022B12D1FB681B6B1A88FB681B6855
:1065C000DA60FB681B6B9A1CFB681A63FB68DB8E46
:1065D0009BB2013B9AB2FB68DA8618E0FEF734F80A
:1065E0000246FB69D31A3A689A4203D83B68B3F172
:1065F000FF3F02D13B68002B09D1FB68012283F8E1
:106600005120FB68002283F85020032382E0FB68BE
:10661000DB8E9BB2002BC7D153E0FB685B68002B7D
:1066200002D07B8B012B47D1FB681A6BFB681B6880
:106630000C3312781A70FB681B6B5A1CFB681A63C8
:10664000FB68DB8E9BB2013B9AB2FB68DA8633E0D3
:10665000FB681B689B6803F00203022B13D1FB68E5
:106660001A6BFB681B680C3312781A70FB681B6B83
:106670005A1CFB681A63FB68DB8E9BB2013B9AB223
:10668000FB68DA8618E0FDF7DFFF0246FB69D31AE4
:106690003A689A4203D83B68B3F1FF3F02D13B68A6
:1066A000002B09D1FB68012283F85120FB680022EE
:1066B00083F8502003232DE0FB68DB8E9BB2002B78
:1066C000C6D1FA693968F86800F0D8FB0346002B98
:1066D00002D0FB6820225A65FB689B68002B0AD118
:1066E00000237B61FB681B68DB687B61FB681B68C0
:1066F0009B687B617B69FB68012283F85120FB6802
:10670000002283F85020FB685B6D002B01D0012331
:1067100000E0002318462037BD4680BD80B588B014
:1067200002AFF860B9603B601346FB80FB6893F8EA
:106730005130DBB2012B01D0022304E1BB68002BF6
:1067400002D0FB88002B01D10123FCE0FB685B68D1
:10675000B3F5827F12D1FB689B68002B0ED1FB68DA
:10676000042283F85120FA883B6800931346BA68E4
:10677000B968F86800F0EBF80346E4E0FDF764FF61
:106780007861FB6893F85030012B01D10223DAE0E5
:10679000FB68012283F85020FB68042283F8512013
:1067A000FB6800225A65FB68BA689A63FB68FA883E
:1067B0009A87FB68FA88DA87FB6800221A63FB680D
:1067C00000229A86FB680022DA86FB6800221A649F
:1067D000FB6800225A64FB689B68B3F5004F0FD139
:1067E000FB681B681A68FB681B6822F040021A608D
:1067F000FB681B681A68FB681B6822F480421A60F9
:10680000FB681B681B6803F04003402B07D0FB6844
:106810001B681A68FB681B6842F040021A60FB683C
:10682000DB68002B70D135E0FB681B689B6803F0C8
:106830000103012B15D1FB681B6803F10C02FB68F7
:106840009B6B1278D2B21A70FB689B6B5A1CFB6868
:106850009A63FB68DB8F9BB2013B9AB2FB68DA87D5
:1068600018E0FDF7F1FE02467B69D31A3A689A42B6
:1068700003D83B68B3F1FF3F02D13B68002B09D13D
:10688000FB68012283F85120FB68002283F8502026
:10689000032358E0FB68DB8F9BB2002BC4D138E0A8
:1068A000FB681B689B6803F00103012B13D1FB6895
:1068B0001B68DA68FB689B6B92B21A80FB689B6B63
:1068C0009A1CFB689A63FB68DB8F9BB2013B9AB210
:1068D000FB68DA8718E0FDF7B7FE02467B69D31A3A
:1068E0003A689A4203D83B68B3F1FF3F02D13B6854
:1068F000002B09D1FB68012283F85120FB6800229C
:1069000083F8502003231EE0FB68DB8F9BB2002B33
:10691000C6D17A693968F86800F04AFA0346002B54
:1069200002D0FB6820225A65FB68012283F85120BF
:10693000FB68002283F85020FB685B6D002B01D0C0
:10694000012300E0002318461837BD4680BD80B5FE
:106950008AB000AFF860B9607A607B8001237B6207
:10696000FDF772FE3862FB6893F85130FB77FB68E5
:106970005B68BB617B88FB82FB7F012B0CD0BB6912
:10698000B3F5827F06D1FB689B68002B02D1FB7FA9
:10699000042B01D002237FE1BB68002B05D07B686C
:1069A000002B02D07B88002B01D1012374E1FB680E
:1069B00093F85030012B01D102236DE1FB680122D5
:1069C00083F85020FB6893F85130DBB2042B03D0DE
:1069D000FB68052283F85120FB6800225A65FB689A
:1069E0007A689A63FB687A88DA87FB687A889A877C
:1069F000FB68BA681A63FB687A88DA86FB687A886B
:106A00009A86FB6800221A64FB6800225A64FB68BD
:106A10001B681B6803F04003402B07D0FB681B6812
:106A20001A68FB681B6842F040021A60FB68DB686A
:106A3000B3F5006F7ED1FB685B68002B02D0FB8A48
:106A4000012B6CD1FB681B6B1A88FB681B68DA6032
:106A5000FB681B6B9A1CFB681A63FB68DB8E9BB29E
:106A6000013B9AB2FB68DA8659E0FB681B689B68B9
:106A700003F00203022B1BD1FB68DB8E9BB2002BC1
:106A800016D07B6A012B13D1FB681B6B1A88FB683D
:106A90001B68DA60FB681B6B9A1CFB681A63FB6857
:106AA000DB8E9BB2013B9AB2FB68DA8600237B62E5
:106AB000FB681B689B6803F00103012B19D1FB687D
:106AC000DB8F9BB2002B14D0FB681B68DA68FB6875
:106AD0009B6B92B21A80FB689B6B9A1CFB689A6353
:106AE000FB68DB8F9BB2013B9AB2FB68DA8701231C
:106AF0007B62FDF7A9FD02463B6AD31A3A6B9A42C4
:106B00000DD83B6BB3F1FF3F09D0FB68012283F83E
:106B10005120FB68002283F850200323BCE0FB686F
:106B2000DB8E9BB2002BA0D1FB68DB8F9BB2002BCE
:106B30009BD182E0FB685B68002B02D0FB8A012BB3
:106B400071D1FB681A6BFB681B680C3312781A70E2
:106B5000FB681B6B5A1CFB681A63FB68DB8E9BB2DD
:106B6000013B9AB2FB68DA865DE0FB681B689B68B4
:106B700003F00203022B1CD1FB68DB8E9BB2002BBF
:106B800017D07B6A012B14D1FB681A6BFB681B685A
:106B90000C3312781A70FB681B6B5A1CFB681A6363
:106BA000FB68DB8E9BB2013B9AB2FB68DA8600235E
:106BB0007B62FB681B689B6803F00103012B19D102
:106BC000FB68DB8F9BB2002B14D0FB681B68DA6874
:106BD000FB689B6BD2B21A70FB689B6B5A1CFB68FC
:106BE0009A63FB68DB8F9BB2013B9AB2FB68DA8742
:106BF00001237B62FDF728FD02463B6AD31A3A6BFC
:106C00009A4203D83B6BB3F1FF3F02D13B6B002BA1
:106C100009D1FB68012283F85120FB68002283F828
:106C20005020032338E0FB68DB8E9BB2002B9CD105
:106C3000FB68DB8F9BB2002B97D13A6A396BF868FF
:106C400000F01CF90346002B08D0FB6820225A658F
:106C5000FB68002283F8502001231DE0FB689B683D
:106C6000002B0AD100233B61FB681B68DB683B619A
:106C7000FB681B689B683B613B69FB68012283F8EA
:106C80005120FB68002283F85020FB685B6D002BCD
:106C900001D0012300E0002318462837BD4680BDFF
:106CA00080B588B000AFF860B9603B601346FB71F7
:106CB000FDF7CAFC0246BB6A9B1A3A681344FB61A3
:106CC000FDF7C2FCB861394B1B685B011B0DFA690B
:106CD00002FB03F37B6155E03B68B3F1FF3F51D00A
:106CE000FDF7B2FC0246BB69D31AFA699A4202D98F
:106CF000FB69002B3DD1FB681B685A68FB681B6869
:106D000022F0E0025A60FB685B68B3F5827F11D124
:106D1000FB689B68B3F5004F04D0FB689B68B3F534
:106D2000806F07D1FB681B681A68FB681B6822F03C
:106D300040021A60FB689B6AB3F5005F0FD1FB68E5
:106D40001B681A68FB681B6822F400521A60FB6813
:106D50001B681A68FB681B6842F400521A60FB68E3
:106D6000012283F85120FB68002283F8502003237E
:106D700018E07B69002B02D10023FB6102E07B69F4
:106D8000013B7B61FB681B689A68BB681340BA686B
:106D90009A420CBF01230023DBB21A46FB799A42C8
:106DA0009AD1002318462037BD4680BD5C000020E4
:106DB00080B586B002AFF860B9607A60FB685B6846
:106DC000B3F5827F11D1FB689B68B3F5004F04D007
:106DD000FB689B68B3F5806F07D1FB681B681A6876
:106DE000FB681B6822F040021A60FB685B68B3F521
:106DF000827F2AD1FB689B68B3F5806F12D07B68D5
:106E00000093BB6800228021F868FFF749FF034622
:106E1000002B2DD0FB685B6D43F02002FB685A65A8
:106E2000032326E07B680093BB6800220121F868F9
:106E3000FFF736FF0346002B1AD0FB685B6D43F06B
:106E40002002FB685A65032313E07B680093BB684C
:106E500000220121F868FFF723FF0346002B07D02B
:106E6000FB685B6D43F02002FB685A65032300E07A
:106E7000002318461037BD4680BD000080B588B09D
:106E800002AFF860B9607A607B680093BB6801224A
:106E90000221F868FFF704FF0346002B07D0FB68C8
:106EA0005B6D43F02002FB685A65032332E01B4B05
:106EB0001B681B4AA2FB03235B0D4FF47A7202FB93
:106EC00003F37B61FB685B68B3F5827F12D17B685B
:106ED0000093BB6800228021F868FFF7E1FE0346BB
:106EE000002B16D0FB685B6D43F02002FB685A65EF
:106EF00003230FE07B69002B0AD07B69013B7B6198
:106F0000FB681B689B6803F08003802BF2D000E0D5
:106F100000BF002318461837BD4680BD5C00002026
:106F2000819F5E1680B582B000AF78607B68002BD1
:106F300001D1012342E07B6893F84130DBB2002BA2
:106F400006D17B68002283F84020786807F0C6F8F5
:106F50007B68242283F841207B681B68DA687B68A1
:106F60001B6822F40052DA60786800F0FBFD7B6851
:106F70001B681A697B681B6822F490421A617B685F
:106F80001B685A697B681B6822F02A025A617B6879
:106F90001B68DA687B681B6842F40052DA607B6821
:106FA00000225A647B68202283F841207B682022DB
:106FB00083F842207B6800225A6300231846083772
:106FC000BD4680BD80B582B000AF78607B68002B85
:106FD00001D1012324E07B68242283F841207B68CF
:106FE0001B68DA687B681B6822F40052DA607868F4
:106FF00007F03EF97B6800225A647B68002283F820
:1070000041207B68002283F842207B6800221A63BB
:107010007B6800225A637B68002283F840200023AB
:1070200018460837BD4680BD80B58AB002AFF8600B
:10703000B9603B601346FB8000237B61FB6893F8DB
:107040004130DBB2202B75D1BB68002B02D0FB880E
:10705000002B01D101236EE0FB6800225A64FB681B
:10706000212283F84120FDF7EFFA7861FB68FA8866
:107070009A84FB68FA88DA84FB689B68B3F5805FC2
:1070800008D1FB681B69002B04D10023FB61BB689E
:10709000BB6103E0BB68FB610023BB612EE03B6882
:1070A00000937B6900228021F86800F02DFB0346E5
:1070B000002B05D0FB68202283F8412003233AE00F
:1070C000FB69002B0BD1BB691B881A46FB681B6848
:1070D000C2F308025A60BB690233BB6107E0FB6977
:1070E0001A78FB681B685A60FB690133FB61FB6817
:1070F000DB8C9BB2013B9AB2FB68DA84FB68DB8CC9
:107100009BB2002BCBD13B6800937B6900224021CE
:10711000F86800F0F9FA0346002B05D0FB6820223E
:1071200083F84120032306E0FB68202283F84120F6
:10713000002300E0022318462037BD4680BD80B5FD
:1071400084B000AFF860B9601346FB80FB6893F829
:107150004230DBB2202B12D1BB68002B02D0FB885F
:10716000002B01D101230BE0FB6800221A63FB888E
:107170001A46B968F86800F020FB034600E00223D5
:1071800018461037BD4680BD80B5BAB000AF7860F4
:107190007B681B681B68C7F8E4307B681B68DB688A
:1071A000C7F8E0307B681B685B69C7F8DC300023F8
:1071B000C7F8D8300023C7F8D430D7F8E43003F04C
:1071C0000F03C7F8D830D7F8D830002B0FD1D7F835
:1071D000E43003F02003002B09D0D7F8E03003F0AF
:1071E0002003002B03D0786800F0FDFB73E2D7F892
:1071F000D830002B00F0DE80D7F8DC3003F001033C
:10720000002B06D1D7F8E03003F49073002B00F088
:10721000D180D7F8E43003F00103002B0BD0D7F86E
:10722000E03003F48073002B05D07B685B6C43F087
:1072300001027B685A64D7F8E43003F00403002BA2
:107240000BD0D7F8DC3003F00103002B05D07B68AE
:107250005B6C43F002027B685A64D7F8E43003F0B9
:107260000203002B0BD0D7F8DC3003F00103002B16
:1072700005D07B685B6C43F004027B685A64D7F8E6
:10728000E43003F00803002B11D0D7F8E03003F00E
:107290002003002B05D1D7F8DC3003F00103002BCD
:1072A00005D07B685B6C43F008027B685A647B689E
:1072B0005B6C002B00F00A82D7F8E43003F0200367
:1072C000002B08D0D7F8E03003F02003002B02D0C9
:1072D000786800F088FB7B681B685B6903F04003FB
:1072E000402B0CBF01230023DBB2C7F8D4307B68EE
:1072F0005B6C03F00803002B03D1D7F8D430002BCC
:107300004FD0786800F093FA7B681B685B6903F0E4
:107310004003402B41D17B681B681433C7F89C3075
:10732000D7F89C3053E8003FC7F89830D7F898302A
:1073300023F04003C7F8D0307B681B681433D7F8BC
:10734000D020C7F8A820C7F8A430D7F8A410D7F8E1
:10735000A82041E80023C7F8A030D7F8A030002BC0
:10736000D9D17B68DB6B002B13D07B68DB6B8A4A3F
:107370001A657B68DB6B1846FCF7CFFF0346002BD2
:1073800016D07B68DB6B1B6D7A68D26B1046984712
:107390000EE0786807F0F0FA0AE0786807F0ECFA97
:1073A00006E0786807F0E8FA7B6800225A648DE10D
:1073B00000BF8BE17B681B6B012B40F06781D7F826
:1073C000E43003F01003002B00F06081D7F8E030C8
:1073D00003F01003002B00F059810023BB607B6891
:1073E0001B681B68BB607B681B685B68BB60BB6815
:1073F0007B681B685B6903F04003402B40F0CE8044
:107400007B68DB6B1B685B68A7F8BE30B7F8BE30E3
:10741000002B00F0A9807B689B8DB7F8BE209A42B4
:1074200080F0A2807B68B7F8BE20DA857B68DB6BD2
:10743000DB69B3F5807F00F088807B681B680C33C4
:10744000C7F88830D7F8883053E8003FC7F8843051
:10745000D7F8843023F48073C7F8B8307B681B6892
:107460000C33D7F8B820C7F89420C7F89030D7F875
:107470009010D7F8942041E80023C7F88C30D7F853
:107480008C30002BD9D17B681B6814337B677B6FF2
:1074900053E8003F3B673B6F23F00103C7F8B4306C
:1074A0007B681B681433D7F8B420C7F88020FB67CB
:1074B000F96FD7F8802041E80023BB67BB6F002B32
:1074C000E1D17B681B6814333B663B6E53E8003F99
:1074D000FB65FB6D23F04003C7F8B0307B681B6889
:1074E0001433D7F8B020FA66BB66B96EFA6E41E87D
:1074F00000237B667B6E002BE3D17B68202283F820
:1075000042207B6800221A637B681B680C33FB6493
:10751000FB6C53E8003FBB64BB6C23F01003C7F85F
:10752000AC307B681B680C33D7F8AC20BA657B6540
:10753000796DBA6D41E800233B653B6D002BE3D1CB
:107540007B68DB6B1846FCF778FE7B6802225A6387
:107550007B689A8D7B68DB8D9BB2D31A9BB21946F0
:10756000786800F0C5F8B3E07B689B8DB7F8BE2063
:107570009A4240F0AD807B68DB6BDB69B3F5807FBE
:1075800040F0A6807B6802225A637B689B8D194677
:10759000786800F0ADF89BE0F57801087B689A8D7B
:1075A0007B68DB8D9BB2D31AA7F8CE307B68DB8D6E
:1075B0009BB2002B00F08E80B7F8CE30002B00F08D
:1075C00089807B681B680C33BB63BB6B53E8003F4F
:1075D0007B637B6B23F49073C7F8C8307B681B68B0
:1075E0000C33D7F8C8207A643B64396C7A6C41E874
:1075F0000023FB63FB6B002BE3D17B681B68143318
:107600007B627B6A53E8003F3B623B6A23F00103E5
:10761000C7F8C4307B681B681433D7F8C4203A63BA
:10762000FB62F96A3A6B41E80023BB62BB6A002B3C
:10763000E3D17B68202283F842207B6800221A6312
:107640007B681B680C333B613B6953E8003FFB6080
:10765000FB6823F01003C7F8C0307B681B680C334D
:10766000D7F8C020FA61BB61B969FA6941E8002323
:107670007B617B69002BE3D17B6802225A63B7F8F8
:10768000CE301946786800F033F823E0D7F8E430BC
:1076900003F08003002B09D0D7F8E03003F080031B
:1076A000002B03D0786800F036F914E0D7F8E43006
:1076B00003F04003002B0ED0D7F8E03003F0400376
:1076C000002B08D0786800F076F904E000BF02E0F3
:1076D00000BF00E000BFE837BD4680BD80B483B086
:1076E00000AF786000BF0C37BD465DF8047B704783
:1076F00080B483B000AF78600B467B8000BF0C374E
:10770000BD465DF8047B704780B586B000AFF86079
:10771000B9603B601346FB713BE03B6AB3F1FF3F4E
:1077200037D0FCF791FF02463B68D31A3A6A9A4277
:1077300002D33B6A002B01D103233AE0FB681B68AC
:10774000DB6803F00403002B23D0BB68802B20D020
:10775000BB68402B1DD0FB681B681B6803F0080347
:10776000082B16D100237B61FB681B681B687B61BB
:10777000FB681B685B687B617B69F86800F057F801
:10778000FB6808225A64FB68002283F8402001232A
:107790000FE0FB681B681A68BB681340BA689A421E
:1077A0000CBF01230023DBB21A46FB799A42B4D006
:1077B000002318461837BD4680BD80B485B000AFA1
:1077C000F860B9601346FB80FB68BA689A62FB6890
:1077D000FA889A85FB68FA88DA85FB6800225A6481
:1077E000FB68222283F84220FB681B69002B07D02C
:1077F000FB681B68DA68FB681B6842F48072DA6019
:10780000FB681B685A69FB681B6842F001025A61F9
:10781000FB681B68DA68FB681B6842F02002DA60CC
:10782000002318461437BD465DF8047B704780B4CA
:1078300095B000AF78607B681B680C337B637B6B13
:1078400053E8003F3B633B6B23F49073FB647B681E
:107850001B680C33FA6C3A64FB63F96B3A6C41E8D1
:107860000023BB63BB6B002BE5D17B681B68143323
:107870003B623B6A53E8003FFB61FB6923F0010375
:10788000BB647B681B681433BA6CFA62BB62B96A6A
:10789000FA6A41E800237B627B6A002BE5D17B68B2
:1078A0001B6B012B19D17B681B680C33FB60FB68D9
:1078B00053E8003FBB60BB6823F010037B647B6828
:1078C0001B680C337A6CBA617B617969BA6941E8EB
:1078D00000233B613B69002BE5D17B68202283F8C4
:1078E00042207B6800221A6300BF5437BD465DF812
:1078F000047B704780B584B000AF78607B689B6B79
:10790000FB60FB680022DA85F86807F035F800BFF5
:107910001037BD4680BD80B485B000AF78607B680D
:1079200093F84130DBB2212B3ED17B689B68B3F5E5
:10793000805F14D17B681B69002B10D17B681B6AA8
:10794000FB60FB681B881A467B681B68C2F3080251
:107950005A607B681B6A9A1C7B681A6208E07B6825
:107960001B6A591C7A6811621A787B681B685A6016
:107970007B68DB8C9BB2013B9BB27A681946D18451
:10798000002B0FD17B681B68DA687B681B6822F0CC
:107990008002DA607B681B68DA687B681B6842F0EB
:1079A0004002DA60002300E0022318461437BD4687
:1079B0005DF8047B704780B582B000AF78607B686B
:1079C0001B68DA687B681B6822F04002DA607B681B
:1079D000202283F841207868FFF780FE00231846B4
:1079E0000837BD4680BD80B58CB000AF78600023FD
:1079F000FB620023BB627B6893F84230DBB2222B30
:107A000040F0AA807B689B68B3F5805F15D17B68E6
:107A10001B69002B11D17B689B6ABB627B681B686A
:107A20005B689BB2C3F308039AB2BB6A1A807B6897
:107A30009B6A9A1C7B689A6224E07B689B6AFB6263
:107A40007B689B68B3F5805F07D07B689B68002BE1
:107A50000AD17B681B69002B06D17B681B685B68B9
:107A6000DAB2FB6A1A7008E07B681B685B68DBB2FD
:107A700003F07F03DAB2FB6A1A707B689B6A5A1CB8
:107A80007B689A627B68DB8D9BB2013B9BB27A6814
:107A90001946D185002B5DD17B681B68DA687B684D
:107AA0001B6822F02002DA607B681B68DA687B685A
:107AB0001B6822F48072DA607B681B685A697B68F5
:107AC0001B6822F001025A617B68202283F8422061
:107AD0007B6800225A637B681B6B012B35D17B6866
:107AE00000221A637B681B680C337B617B6953E857
:107AF000003F3B613B6923F010037B627B681B689E
:107B00000C337A6A3A62FB61F9693A6A41E8002308
:107B1000BB61BB69002BE5D17B681B681B6803F068
:107B20001003102B0AD10023FB607B681B681B68C5
:107B3000FB607B681B685B68FB60FB687B689B8DF8
:107B400019467868FFF7D4FD02E0786806F0B8FEC1
:107B5000002302E0002300E0022318463037BD4630
:107B600080BD00002DE9B04FC0B000AFC7F8F400F1
:107B7000D7F8F4301B681B6923F44050D7F8F43071
:107B8000D968D7F8F4301A6840EA01031361D7F8CE
:107B9000F4309A68D7F8F4301B691A43D7F8F430F8
:107BA0005B691A43D7F8F430DB691343C7F8F83040
:107BB000D7F8F4301B68DB6823F4164121F00C0180
:107BC000D7F8F4301A68D7F8F8300B43D360D7F8F9
:107BD000F4301B685B6923F44070D7F8F43099697E
:107BE000D7F8F4301A6840EA01035361D7F8F4304B
:107BF0001A688F4B9A4205D0D7F8F4301A688D4B2B
:107C00009A4204D1FBF7F0FFC7F8FC0003E0FBF752
:107C1000D7FFC7F8FC00D7F8F430DB69B3F5004FA5
:107C200040F00C81D7F8FC300022C7F8E830C7F8E4
:107C3000EC20D7E93A4522462B469118B9655B41BD
:107C4000FB65D7E91623214612EB0108294643EBD1
:107C500001094FF000024FF000034FEAC90343EA65
:107C600058734FEAC80290469946234618EB03031F
:107C7000C7F8E0302B4649EB0303C7F8E430D7F8E8
:107C8000F4305B680022C7F8D830C7F8DC20D7E9A9
:107C900036120B46DB183B65134642EB03037B654C
:107CA000D7E91423D7E93801F8F758FE02460B4606
:107CB000614BA3FB02235B091C01D7F8FC300022B7
:107CC000C7F8D030C7F8D420D7E9348942464B46AC
:107CD0009118B9645B41FB64D7E91223414612EB6A
:107CE000010A494643EB010B4FF000024FF000033D
:107CF0004FEACB0343EA5A734FEACA0292469B46C5
:107D000043461AEB0303C7F8C8304B464BEB03035B
:107D1000C7F8CC30D7F8F4305B680022C7F8C03021
:107D2000C7F8C420D7E930120B46DB183B64134672
:107D300042EB03037B64D7E91023D7E93201F8F75C
:107D40000DFE02460B4611463B4BA3FB01235B098C
:107D5000642202FB03F3CB1ADB0003F13202364B41
:107D6000A3FB02235B095B0003F4F8731C44D7F800
:107D7000FC300022C7F8B830C7F8BC20D7E92E89FC
:107D800042464B469118B9635B41FB63D7E90E232A
:107D900041465118396349464B417B634FF000021D
:107DA0004FF00003D7E90CAB5946CB00514643EAEC
:107DB00051735146CA0010461946034642469B1865
:107DC000C7F8B0304B460A4642EB0303C7F8B4305D
:107DD000D7F8F4305B680022C7F8A830C7F8AC20A9
:107DE000D7E92A120B46DB18BB62134642EB0303AA
:107DF000FB62D7E90A23D7E92C01F8F7AFFD024669
:107E00000B460D4BA3FB02135B09642101FB03F33B
:107E1000D31ADB003233084AA2FB03235B0903F0C9
:107E20000702D7F8F4301B6822449A6006E100BFCD
:107E300000100140001401401F85EB51D7F8FC30C1
:107E40000022C7F8A030C7F8A420D7E92889424605
:107E50004B46911839625B417B62D7E90823414662
:107E60005418494643EB01054FF000024FF0000360
:107E7000EB0043EA5473E20014461D464346E31800
:107E8000C7F898304B4645EB0303C7F89C30D7F84A
:107E9000F4305B680022C7F89030C7F894204FF0A8
:107EA00000024FF00003D7E9244529468B00214604
:107EB00043EA917321468A00D7E92601F8F74EFD7F
:107EC00002460B46604BA3FB02235B091C01D7F85B
:107ED000FC300022C7F88830C7F88C20D7E9228907
:107EE00042464B469118B9615B41FB61D7E90623D5
:107EF00041465118396149464B417B614FF00002C0
:107F00004FF00003D7E904AB5946CB00514643EA92
:107F100051735146CA0010461946034642469B1803
:107F2000C7F880304B460A4642EB0303C7F884305B
:107F3000D7F8F4305B680022BB67FA674FF00002A5
:107F40004FF00003D7E91E8949468B00414643EABA
:107F5000917341468A00D7E92001F8F7FFFC0246F9
:107F60000B461146384BA3FB01235B09642202FB3D
:107F700003F3CB1A1B013233334AA2FB03235B0901
:107F800003F0F0031C44D7F8FC3000223B677A670B
:107F9000D7E91C8942464B469118B9605B41FB60AA
:107FA000D7E9022341465118396049464B417B606D
:107FB0004FF000024FF00003D7E900AB5946CB0069
:107FC000514643EA51735146CA00104619460346CA
:107FD00042469B18BB664B460A4642EB0303FB66D0
:107FE000D7F8F4305B6800223B667A664FF00002F7
:107FF0004FF00003D7E9188949468B00414643EA10
:10800000917341468A00D7E91A01F8F7A7FC0246A6
:108010000B460D4BA3FB02135B09642101FB03F329
:10802000D31A1B013233084AA2FB03235B0903F076
:108030000F02D7F8F4301B6822449A6000BF07F59E
:108040008077BD46BDE8B08F1F85EB5180B483B00B
:1080500000AF78607B6803F108027B685A607B6838
:108060004FF0FF329A607B6803F108027B68DA60A8
:108070007B6803F108027B681A617B6800221A6042
:1080800000BF0C37BD465DF8047B704780B483B0F9
:1080900000AF78607B6800221A6100BF0C37BD46D4
:1080A0005DF8047B704780B485B000AF78603960BC
:1080B0007B685B68FB603B68FA685A60FB689A689B
:1080C0003B689A60FB689B683A685A60FB683A684C
:1080D0009A603B687A681A617B681B685A1C7B68E7
:1080E0001A6000BF1437BD465DF8047B704780B44A
:1080F00085B000AF786039603B681B68BB60BB68C7
:10810000B3F1FF3F03D17B681B69FB600CE07B6828
:108110000833FB6002E0FB685B68FB60FB685B6840
:108120001B68BA689A42F6D2FB685A683B685A6084
:108130003B685B683A689A603B68FA689A60FB68DB
:108140003A685A603B687A681A617B681B685A1CF7
:108150007B681A6000BF1437BD465DF8047B70472A
:1081600080B485B000AF78607B681B69FB607B687A
:108170005B687A6892689A607B689B687A685268E4
:108180005A60FB685B687A689A4203D17B689A6898
:10819000FB685A607B6800221A61FB681B685A1EE4
:1081A000FB681A60FB681B6818461437BD465DF80B
:1081B000047B704780B584B000AF786039607B681D
:1081C000FB60FB68002B0BD14FF0500383F3118849
:1081D000BFF36F8FBFF34F8FBB6000BF00BFFDE7E2
:1081E00002F09AFAFB681A68FB68DB6BF968096CA5
:1081F00001FB03F31A44FB689A60FB6800229A6350
:10820000FB681A68FB685A60FB681A68FB68DB6BDE
:10821000013BF968096C01FB03F31A44FB68DA605F
:10822000FB68FF2283F84420FB68FF2283F8452087
:108230003B68002B14D1FB681B69002B1AD0FB682C
:108240001033184601F02AFA0346002B12D00D4BCA
:108250004FF080521A60BFF34F8FBFF36F8F09E06A
:10826000FB6810331846FFF7F1FEFB68243318460D
:10827000FFF7ECFE02F082FA012318461037BD46E4
:1082800080BD00BF04ED00E080B58EB002AFF860A5
:10829000B9607A603B60FB68002B0BD14FF0500354
:1082A00083F31188BFF36F8FBFF34F8FBB6200BFA3
:1082B00000BFFDE73B68002B0BD14FF0500383F369
:1082C0001188BFF36F8FBFF34F8F7B6200BF00BF7A
:1082D000FDE77B68002B02D0BB68002B01D0012397
:1082E00000E00023002B0BD14FF0500383F31188E3
:1082F000BFF36F8FBFF34F8F3B6200BF00BFFDE73F
:108300007B68002B02D1BB68002B01D1012300E068
:108310000023002B0BD14FF0500383F31188BFF3E0
:108320006F8FBFF34F8FFB6100BF00BFFDE7482396
:108330007B617B69482B0BD04FF0500383F311888E
:10834000BFF36F8FBFF34F8FBB6100BF00BFFDE76F
:108350007B693B68FB62FB6A002B0DD0FB6A012244
:1083600083F8462097F83820FB6A009313467A6812
:10837000B968F86800F040F8FB6A18463037BD4627
:1083800080BD80B58AB002AFF860B9601346FB715A
:10839000FB68002B0BD14FF0500383F31188BFF320
:1083A0006F8FBFF34F8F3B6100BF00BFFDE7FB68DE
:1083B000BA6802FB03F3FB61FB694833184601F01E
:1083C00089FEB861BB69002B11D0BB697B617B69F9
:1083D00048337B61BB69002283F84620FA79BB6988
:1083E000009313467A69B968F86800F005F8BB692C
:1083F00018462037BD4680BD80B584B000AFF86018
:10840000B9607A60FB70BB68002B03D1BB69BA69A5
:108410001A6002E0BB697A681A60BB69FA68DA63BD
:10842000BB69BA681A640121B869FFF7C3FE00BFCF
:108430001037BD4680BD80B582B000AF78607B68E4
:10844000002B0ED07B6800229A607B6800221A60A5
:108450007B680022DA60002300220021786800F0A7
:1084600037F800BF0837BD4680BD80B586B000AF85
:108470000346FB7101237B6100233B61FB791A46B4
:1084800039697869FFF77DFFF860F868FFF7D3FF77
:10849000FB6818461837BD4680BD80B588B002AF6E
:1084A00003463960FB7101237B6100233B61FB794B
:1084B00000933B68002239697869FFF7E5FEF860B0
:1084C000F868FFF7B8FFFB6818461837BD4680BD4F
:1084D00080B58EB000AFF860B9607A603B60002371
:1084E0007B63FB683B633B6B002B0BD14FF050036E
:1084F00083F31188BFF36F8FBFF34F8FBB6200BF51
:1085000000BFFDE7BB68002B03D13B6B1B6C002B4E
:1085100001D1012300E00023002B0BD14FF05003C9
:1085200083F31188BFF36F8FBFF34F8F7B6200BF60
:1085300000BFFDE73B68022B03D13B6BDB6B012BDC
:1085400001D1012300E00023002B0BD14FF0500399
:1085500083F31188BFF36F8FBFF34F8F3B6200BF70
:1085600000BFFDE701F062FA0346002B02D17B68F1
:10857000002B01D1012300E00023002B0BD14FF091
:10858000500383F31188BFF36F8FBFF34F8FFB61ED
:1085900000BF00BFFDE702F0BFF83B6B9A6B3B6B7F
:1085A000DB6B9A4202D33B68022B29D13A68B96847
:1085B000386B00F0C9FAF8623B6B5B6A002B10D095
:1085C0003B6B2433184601F069F80346002B13D0A7
:1085D0003F4B4FF080521A60BFF34F8FBFF36F8F46
:1085E0000AE0FB6A002B07D0394B4FF080521A602B
:1085F000BFF34F8FBFF36F8F02F0C0F8012363E02A
:108600007B68002B03D102F0B9F800235CE07B6BA0
:10861000002B06D107F11403184601F0A3F801233B
:108620007B6302F0ABF800F025FE02F075F83B6BBF
:1086300093F844305BB2B3F1FF3F03D13B6B0022B0
:1086400083F844203B6B93F845305BB2B3F1FF3FB6
:1086500003D13B6B002283F8452002F08FF83A1DCE
:1086600007F114031146184601F092F80346002B57
:1086700024D1386B00F060FB0346002B18D03B6B15
:1086800010337A681146184600F0E2FF386B00F0AC
:10869000EBFA00F0FDFD0346002B7FF47CAF0C4BA2
:1086A0004FF080521A60BFF34F8FBFF36F8F72E7A6
:1086B000386B00F0D9FA00F0EBFD6CE7386B00F096
:1086C000D3FA00F0E5FD002318463837BD4680BDDB
:1086D00004ED00E080B58EB000AF786039607B6853
:1086E0003B633B6B002B0BD14FF0500383F311889E
:1086F000BFF36F8FBFF34F8F3B6200BF00BFFDE73B
:108700003B6B1B6C002B0BD04FF0500383F3118895
:10871000BFF36F8FBFF34F8FFB6100BF00BFFDE75B
:108720003B6B1B68002B03D13B6B9B68002B01D17B
:10873000012300E00023002B0BD14FF0500383F303
:108740001188BFF36F8FBFF34F8FBB6100BF00BFB6
:10875000FDE702F0C1F8EFF311824FF0500383F30D
:108760001188BFF36F8FBFF34F8F7A613B617B69D5
:10877000FB623B6B9B6BBB623B6BDB6BBA6A9A42E7
:108780002BD23B6B93F8453087F82730BB6A5A1CD5
:108790003B6B9A6397F92730B3F1FF3F12D13B6BE4
:1087A0005B6A002B16D03B6B2433184600F076FF33
:1087B0000346002B0ED03B68002B0BD03B680122F8
:1087C0001A6007E097F827300133DBB25AB23B6BEF
:1087D00083F8452001237B6301E000237B63FB6A70
:1087E000FB60FB6883F3118800BF7B6B184638374A
:1087F000BD4680BD80B58EB000AF78603960002383
:108800007B637B68FB6200233B63FB6A002B0BD11D
:108810004FF0500383F31188BFF36F8FBFF34F8F77
:108820003B6200BF00BFFDE7FB6A1B6C002B0BD057
:108830004FF0500383F31188BFF36F8FBFF34F8F57
:10884000FB6100BF00BFFDE701F0F0F80346002B1D
:1088500002D13B68002B01D1012300E00023002B53
:108860000BD14FF0500383F31188BFF36F8FBFF329
:108870004F8FBB6100BF00BFFDE701F04DFFFB6AFA
:108880009B6BBB62BB6A002B24D0BB6A5A1EFB6A7F
:108890009A63FB6A1B68002B04D101F073FA02464D
:1088A000FB6A9A60FB6A1B69002B0FD0FB6A1033CE
:1088B000184600F0F3FE0346002B07D0544B4FF050
:1088C00080521A60BFF34F8FBFF36F8F01F056FFD6
:1088D000012398E03B68002B12D13B6B002B0BD09F
:1088E0004FF0500383F31188BFF36F8FBFF34F8FA7
:1088F0007B6100BF00BFFDE701F040FF002382E085
:108900007B6B002B06D107F10C03184600F02AFF01
:1089100001237B6301F032FF00F0ACFC01F0FCFEB0
:10892000FB6A93F844305BB2B3F1FF3F03D1FB6ABB
:10893000002283F84420FB6A93F845305BB2B3F120
:10894000FF3F03D1FB6A002283F8452001F016FFA8
:108950003A4607F10C031146184600F019FF03468A
:10896000002B32D1F86A00F0D1F90346002B26D053
:10897000FB6A1B68002B09D101F0CEFEFB6A9B68E5
:10898000184601F071F8386301F0F8FEFB6A2433F1
:108990003A681146184600F05BFEF86A00F064F988
:1089A00000F076FC0346002B7FF467AF184B4FF0C6
:1089B00080521A60BFF34F8FBFF36F8F5DE7F86A85
:1089C00000F052F900F064FC57E7F86A00F04CF947
:1089D00000F05EFCF86A00F099F90346002B3FF4C2
:1089E0004CAF3B6B002B0DD001F096FEF86A00F007
:1089F00093F87862FB6A9B68796A184601F032F94D
:108A000001F0BCFE002318463837BD4680BD00BFCC
:108A100004ED00E080B58EB000AFF860B9607A6018
:108A2000FB683B633B6B002B0BD14FF0500383F390
:108A30001188BFF36F8FBFF34F8F3B6200BF00BF42
:108A4000FDE7BB68002B03D13B6B1B6C002B01D1F6
:108A5000012300E00023002B0BD14FF0500383F3E0
:108A60001188BFF36F8FBFF34F8FFB6100BF00BF53
:108A7000FDE701F031FFEFF311824FF0500383F374
:108A80001188BFF36F8FBFF34F8FBA617B61BB69F2
:108A9000FB623B6B9B6BBB62BB6A002B2FD03B6BBB
:108AA00093F8443087F82730B968386B00F0B6F88F
:108AB000BB6A5A1E3B6B9A6397F92730B3F1FF3FAD
:108AC00012D13B6B1B69002B16D03B6B1033184641
:108AD00000F0E4FD0346002B0ED07B68002B0BD08A
:108AE0007B6801221A6007E097F827300133DBB278
:108AF0005AB23B6B83F8442001237B6301E00023DF
:108B00007B63FB6A3B613B6983F3118800BF7B6B2E
:108B100018463837BD4680BD80B485B000AF786058
:108B20007B685B6A002B06D07B681B6B1B68C3F1FC
:108B30000703FB6001E00023FB60FB681846143765
:108B4000BD465DF8047B704780B586B000AFF86025
:108B5000B9607A6000237B61FB689B6B3B61FB68BB
:108B60001B6C002B0DD1FB681B68002B4DD1FB68E3
:108B70009B68184600F0EEFF7861FB6800229A605F
:108B800043E07B68002B19D1FB685868FB681B6CBD
:108B90001A46B9680BF008FDFB685A68FB681B6C45
:108BA0001A44FB685A60FB685A68FB689B689A42E3
:108BB0002BD3FB681A68FB685A6026E0FB68D8680C
:108BC000FB681B6C1A46B9680BF0EEFCFB68DA68B0
:108BD000FB681B6C5B421A44FB68DA60FB68DA686E
:108BE000FB681B689A4207D2FB689A68FB681B6C9B
:108BF0005B421A44FB68DA607B68022B05D13B6953
:108C0000002B02D03B69013B3B613B695A1CFB686E
:108C10009A637B6918461837BD4680BD80B582B01F
:108C200000AF786039607B681B6C002B18D07B68C4
:108C3000DA687B681B6C1A447B68DA607B68DA68E8
:108C40007B689B689A4203D37B681A687B68DA600A
:108C50007B68D9687B681B6C1A4638680BF0A4FCEB
:108C600000BF0837BD4680BD80B584B000AF7860D6
:108C700001F052FD7B6893F84530FB7311E07B688F
:108C80005B6A002B12D07B682433184600F006FD87
:108C90000346002B01D000F0DFFDFB7B013BDBB284
:108CA000FB7397F90F30002BE9DC00E000BF7B6815
:108CB000FF2283F8452001F061FD01F02DFD7B6866
:108CC00093F84430BB7311E07B681B69002B12D012
:108CD0007B681033184600F0E1FC0346002B01D0FE
:108CE00000F0BAFDBB7B013BDBB2BB7397F90E30E2
:108CF000002BE9DC00E000BF7B68FF2283F8442002
:108D000001F03CFD00BF1037BD4680BD80B584B08A
:108D100000AF786001F000FD7B689B6B002B02D1F7
:108D20000123FB6001E00023FB6001F027FDFB68ED
:108D300018461037BD4680BD80B584B000AF78605E
:108D400001F0EAFC7B689A6B7B68DB6B9A4202D18C
:108D50000123FB6001E00023FB6001F00FFDFB68D5
:108D600018461037BD4680BD80B58EB004AFF860A0
:108D7000B9607A603B607B6B002B0BD14FF05003E6
:108D800083F31188BFF36F8FBFF34F8F3B6200BF38
:108D900000BFFDE7BB6B002B0BD14FF0500383F3FB
:108DA0001188BFF36F8FBFF34F8FFB6100BF00BF10
:108DB000FDE74FF4BC733B613B69B3F5BC7F0BD05F
:108DC0004FF0500383F31188BFF36F8FBFF34F8FC2
:108DD000BB6100BF00BFFDE73B69BB6B002B1ED032
:108DE0007B6B002B1BD0BB6B7B627B6A7A6B1A633D
:108DF0007B6A022283F87521002303937B6A029326
:108E000007F1140301933B6B00933B687A68B968E0
:108E1000F86800F051F8786A00F022F901E00023C8
:108E20007B617B6918462837BD4680BD80B58CB014
:108E300004AFF860B9603B601346FB80FB889B0081
:108E4000184601F047F978617B69002B0FD04FF489
:108E5000BC7001F03FF9F861FB69002B03D0FB699E
:108E60007A691A6305E0786901F008FA01E00023E5
:108E7000FB61FB69002B17D0FB69002283F8752189
:108E8000FA8800230393FB690293FB6A0193BB6A90
:108E900000933B68B968F86800F00EF8F86900F0D4
:108EA000DFF80123BB6102E04FF0FF33BB61BB6918
:108EB00018462037BD4680BD80B588B000AFF86049
:108EC000B9607A603B603B6B186B7B689B001A460D
:108ED000A521F8F735F83B6B1A6B7B6803F18043EB
:108EE000013B9B001344BB61BB6923F00703BB61DB
:108EF000BB6903F00703002B0BD04FF0500383F343
:108F00001188BFF36F8FBFF34F8F7B6100BF00BF2E
:108F1000FDE7BB68002B1FD00023FB6112E0BA689D
:108F2000FB69134419783A6BFB69134434330A46DE
:108F30001A70BA68FB6913441B78002B06D0FB69D2
:108F40000133FB61FB690F2BE9D900E000BF3B6BEC
:108F5000002283F8432003E03B6B002283F8342097
:108F6000BB6A062B01D90623BB623B6BBA6ADA6285
:108F70003B6BBA6A5A643B6B00229A643B6B0433C6
:108F80001846FFF783F83B6B18331846FFF77EF857
:108F90003B6B3A6B1A61BB6AC3F107023B6B9A6188
:108FA0003B6B3A6B5A623B6B0022DA643B6B0022EC
:108FB000C3F870213B6B002283F874213B6B503364
:108FC0004FF4907200211846F7F7BAFF3B6B214A25
:108FD0005A653B6B204A9A653B6B204ADA65396BD0
:108FE0004FF001024FF00003C1E93A233B6B43F21B
:108FF0000E32A3F8F0203B6B4AF6CD32A3F8F220F4
:109000003B6B41F23422A3F8F4203B6B4EF26D62CD
:10901000A3F8F6203B6B4DF6EC62A3F8F8203B6B0F
:109020000522A3F8FA203B6B0B22A3F8FC203A6838
:10903000F968B86901F042FA02463B6B1A60FB6AB4
:10904000002B02D0FB6A3A6B1A6000BF2037BD4686
:1090500080BD00BFA40000200C010020740100208E
:1090600080B582B000AF786001F056FB2A4B1B68D8
:109070000133294A1360294B1B68002B09D1274A69
:109080007B681360244B1B68012B10D100F00AFC95
:109090000DE0234B1B68002B09D1204B1B68DA6ABB
:1090A0007B68DB6A9A4202D81C4A7B6813601D4BBE
:1090B0001B6801331B4A13607B68DB6A01229A40FC
:1090C000194B1B681343184A13607B68DA6A13460E
:1090D0009B0013449B00154A1A447B6804331946CD
:1090E0001046FEF7E0FF01F049FB0D4B1B68002B1B
:1090F0000ED00A4B1B68DA6A7B68DB6A9A4207D299
:109100000B4B4FF080521A60BFF34F8FBFF36F8F3E
:1091100000BF0837BD4680BDF4020020F4010020E6
:109120000003002010030020FC020020F8010020B2
:1091300004ED00E080B584B000AF78600023FB60F0
:109140007B68002B18D0144B1B68002B0BD04FF002
:10915000500383F31188BFF36F8FBFF34F8FBB6052
:1091600000BF00BFFDE700F085F80021786800F03F
:109170001DFE00F08DF8F860FB68002B07D1074B4F
:109180004FF080521A60BFF34F8FBFF36F8F00BF55
:109190001037BD4680BD00BF1C03002004ED00E079
:1091A00080B58AB004AF0023BB6000237B603A46E1
:1091B000391D07F10803184602F08CF839687B68FE
:1091C000BA68029201930023009300230A462149C2
:1091D0002148FFF7C9FD0346204A13601F4B1B6857
:1091E000002B02D001237B6101E000237B617B69BE
:1091F000012B1BD14FF0500383F31188BFF36F8F06
:10920000BFF34F8F3B6100BF154B1B685033154AAE
:109210001360154B4FF0FF321A60144B01221A6095
:10922000134B00221A6001F0D3F90FE07B69B3F110
:10923000FF3F0BD14FF0500383F31188BFF36F8FC3
:10924000BFF34F8FFB6000BF00BFFDE700BF1837C3
:10925000BD4680BDCC4F020871980108180300205C
:10926000F40100200C000020140300200003002063
:10927000F802002080B400AF044B1B680133034A9E
:10928000136000BFBD465DF8047B70471C030020DF
:1092900080B584B000AF0023FB600023BB60424B6D
:1092A0001B68002B0BD14FF0500383F31188BFF3E1
:1092B0006F8FBFF34F8F3B6000BF00BFFDE701F032
:1092C0002BFA394B1B68013B374A1360364B1B683E
:1092D000002B61D1354B1B68002B5DD02EE0344B49
:1092E000DB68DB68FB60FB6818331846FEF738FF65
:1092F000FB6804331846FEF733FFFB68DB6A012284
:109300009A402C4B1B6813432A4A1360FB68DA6AA5
:1093100013469B0013449B00274A1A44FB680433FE
:1093200019461046FEF7BFFEFB68DA6A234B1B683E
:10933000DB6A9A4202D3224B01221A601C4B1B6843
:10934000002BCCD1FB68002B01D000F04FFB1D4B54
:109350001B687B607B68002B10D000F037F8034659
:10936000002B02D0164B01221A607B68013B7B6008
:109370007B68002BF1D1134B00221A60104B1B6845
:10938000002B09D00123BB600F4B4FF080521A60B5
:10939000BFF34F8FBFF36F8F01F0F0F9BB68184632
:1093A0001037BD4680BD00BF1C030020F402002022
:1093B000B4020020FC020020F8010020F40100208B
:1093C000080300200403002004ED00E080B586B00F
:1093D00000AF00237B614F4B1B68002B40F08F8058
:1093E0004D4B1B6801333B614B4A3B6913603B6942
:1093F000002B21D1494B1B681B68002B0BD04FF071
:10940000500383F31188BFF36F8FBFF34F8F3B601F
:1094100000BF00BFFDE7414B1B68FB60404B1B6872
:109420003E4A13603E4AFB6813603E4B1B680133A3
:109430003C4A136000F0DAFA3B4B1B683A699A42E7
:1094400048D3364B1B681B68002B04D1364B4FF0BA
:10945000FF321A603EE0314B1B68DB68DB68BB60A3
:10946000BB685B687B603A697B689A4203D22E4A8C
:109470007B6813602EE0BB6804331846FEF770FE6D
:10948000BB689B6A002B04D0BB6818331846FEF7F4
:1094900067FEBB68DB6A01229A40244B1B681343BA
:1094A000224A1360BB68DA6A13469B0013449B0090
:1094B0001F4A1A44BB68043319461046FEF7F3FDF1
:1094C000BB68DA6A1B4B1B68DB6A9A42B9D301237B
:1094D0007B61B6E7174B1B68DA6A154913469B0098
:1094E00013449B000B441B68012B01D901237B61B2
:1094F000114B1B68002B07D001237B6104E00F4B4D
:109500001B6801330D4A13607B6918461837BD4646
:1095100080BD00BF1C030020F8020020AC02002028
:10952000B00200200C03002014030020FC020020E5
:10953000F8010020F40100200803002004030020AB
:1095400080B588B000AF3C4B1B68002B03D03B4B71
:1095500001221A606CE0394B00221A60384B1B68FC
:109560001B6BFB614FF0A533BB61FB691B68BA69DC
:109570009A4211D1FB6904331B68BA699A420BD134
:10958000FB6908331B68BA699A4205D1FB690C3341
:109590001B68BA699A4208D0294B1A68284B1B6885
:1095A00034331946104601F082FE264B1B68FB60DF
:1095B000FB68B3FA83F3FB72FB7AC3F11F037B6191
:1095C00021497A6913469B0013449B000B441B6896
:1095D000002B0BD14FF0500383F31188BFF36F8F33
:1095E000BFF34F8F7B6000BF00BFFDE77A69134672
:1095F0009B0013449B00144A13443B613B695B6826
:109600005A683B695A603B695A683B6908339A4219
:1096100004D13B695B685A683B695A603B695B6887
:10962000DB68074A1360064B1B685033074A136018
:1096300000BF2037BD4680BD1C030020080300206A
:10964000F4010020FC020020F80100200C000020A2
:1096500080B584B000AF786039607B68002B0BD197
:109660004FF0500383F31188BFF36F8FBFF34F8F19
:10967000FB6000BF00BFFDE7074B1B6818331946AE
:109680007868FEF734FD0121386800F08FFB00BFD9
:109690001037BD4680BD00BFF401002080B586B004
:1096A00000AF78607B68DB68DB683B613B69002B5F
:1096B0000BD14FF0500383F31188BFF36F8FBFF3CB
:1096C0004F8FFB6000BF00BFFDE73B6918331846B2
:1096D000FEF746FD1D4B1B68002B1CD13B69043374
:1096E0001846FEF73DFD3B69DB6A01229A40184BA4
:1096F0001B681343164A13603B69DA6A13469B00E2
:1097000013449B00134A1A443B690433194610461C
:10971000FEF7C9FC05E03B69183319460E48FEF711
:10972000C2FC3B69DA6A0D4B1B68DB6A9A4205D9B9
:1097300001237B610A4B01221A6001E000237B6157
:109740007B6918461837BD4680BD00BF1C0300204A
:10975000FC020020F8010020B4020020F4010020E7
:109760000803002080B483B000AF7860064B1A680D
:109770007B681A60054B1A687B685A6000BF0C371B
:10978000BD465DF8047B70470C030020F802002002
:1097900080B588B000AF786039607B68002B0BD152
:1097A0004FF0500383F31188BFF36F8FBFF34F8FD8
:1097B0003B6100BF00BFFDE73B68002B0BD14FF0C2
:1097C000500383F31188BFF36F8FBFF34F8FFB609C
:1097D00000BF00BFFDE700F09FFF1D4B1B68BB6192
:1097E0007B685B68BA69D31A7B613B681B68B3F11D
:1097F000FF3F02D10023FB6123E07B681A68154B11
:109800001B689A4207D07B685B68BA699A4202D3A8
:109810000123FB6115E03B681B687A699A420BD211
:109820003B681A687B69D21A3B681A607868FFF750
:1098300099FF0023FB6104E03B6800221A600123CA
:10984000FB6100F09BFFFB6918462037BD4680BDD9
:10985000F80200200C03002080B400AF034B01226B
:109860001A6000BFBD465DF8047B70470803002006
:1098700080B582B000AF786000F054F8074B1B68E9
:10988000012B07D9064B4FF080521A60BFF34F8F60
:10989000BFF36F8F01F004FDEEE700BFF801002079
:1098A00004ED00E080B582B000AF00237B600CE0E7
:1098B0007A6813469B0013449B00124A13441846CF
:1098C000FEF7C4FB7B6801337B607B68062BEFD916
:1098D0000D48FEF7BBFB0D48FEF7B8FB0C48FEF742
:1098E000B5FB0C48FEF7B2FB0B48FEF7AFFB0B4B8A
:1098F000054A1A600A4B054A1A6000BF0837BD4680
:1099000080BD00BFF80100208402002098020020E2
:10991000B4020020C8020020E0020020AC020020B7
:10992000B002002080B582B000AF19E000F0F4FE74
:10993000104BDB68DB687B607B6804331846FEF7FE
:109940000FFC0D4B1B68013B0B4A13600B4B1B6854
:10995000013B0A4A136000F011FF786800F010F82C
:10996000064B1B68002BE1D100BF00BF0837BD4686
:1099700080BD00BFC8020020F4020020DC020020ED
:1099800080B584B000AF78607B6850331846F7F735
:10999000EFFA7B6893F87531002B08D17B681B6B5D
:1099A000184600F06BFC786800F068FC19E07B68F2
:1099B00093F87531012B03D1786800F05FFC10E05B
:1099C0007B6893F87531022B0BD04FF0500383F373
:1099D0001188BFF36F8FBFF34F8FFB6000BF00BFD5
:1099E000FDE700BF1037BD4680BD000080B483B0E6
:1099F00000AF0C4B1B681B68002B04D10A4B4FF0C7
:109A0000FF321A6008E0074B1B68DB68DB687B608D
:109A10007B685B68044A136000BF0C37BD465DF885
:109A2000047B7047AC0200201403002080B483B094
:109A300000AF0B4B1B68002B02D101237B6008E0B9
:109A4000084B1B68002B02D102237B6001E000233E
:109A50007B607B6818460C37BD465DF8047B704719
:109A6000000300201C03002080B584B000AF7860A4
:109A70007B68BB600023FB607B68002B5ED0BB680B
:109A8000DA6A314B1B68DB6A9A424ED2BB689B692B
:109A9000002B06DB2C4B1B68DB6AC3F10702BB689B
:109AA0009A61BB685969BB68DA6A13469B00134424
:109AB0009B00264A134499422FD1BB6804331846B1
:109AC000FEF74EFB0346002B0AD1BB68DB6A01227E
:109AD00002FA03F3DA431E4B1B6813401C4A13605F
:109AE000194B1B68DA6ABB68DA62BB68DB6A012261
:109AF0009A40174B1B681343154A1360BB68DA6A18
:109B000013469B0013449B00104A1A44BB6804335D
:109B100019461046FEF7C7FA04E00B4B1B68DA6AD9
:109B2000BB68DA620123FB6008E0BB685A6C064B35
:109B30001B68DB6A9A4201D20123FB60FB6818466E
:109B40001037BD4680BD00BFF4010020F8010020A1
:109B5000FC02002080B586B000AF78607B683B6176
:109B600000237B617B68002B70D03B4B1B683A69FC
:109B70009A420BD04FF0500383F31188BFF36F8FDD
:109B8000BFF34F8FFB6000BF00BFFDE73B699B6CDD
:109B9000002B0BD14FF0500383F31188BFF36F8F6D
:109BA000BFF34F8FBB6000BF00BFFDE73B699B6CFD
:109BB0005A1E3B699A643B69DA6A3B695B6C9A425C
:109BC00044D03B699B6C002B40D13B690433184661
:109BD000FEF7C6FA0346002B15D13B69DA6A1F4926
:109BE00013469B0013449B000B441B68002B0AD1B7
:109BF0003B69DB6A012202FA03F3DA43184B1B6864
:109C00001340174A13603B695A6C3B69DA623B693F
:109C1000DB6AC3F107023B699A613B69DB6A012297
:109C20009A400F4B1B6813430D4A13603B69DA6A75
:109C300013469B0013449B00084A1A443B690433B3
:109C400019461046FEF72FFA01237B617B691846FF
:109C50001837BD4680BD00BFF4010020F801002088
:109C6000FC02002080B588B000AF786039607B6866
:109C7000BB6101237B617B68002B79D0BB699B6C46
:109C8000002B0BD14FF0500383F31188BFF36F8F7C
:109C9000BFF34F8FFB6000BF00BFFDE7BB695B6C8C
:109CA0003A689A4202D93B68FB6102E0BB695B6C8F
:109CB000FB61BB69DB6AFA699A4259D0BB699B6C4C
:109CC0007A699A4254D12C4B1B68BA699A420BD1DB
:109CD0004FF0500383F31188BFF36F8FBFF34F8FA3
:109CE000BB6000BF00BFFDE7BB69DB6A3B61BB69CE
:109CF000FA69DA62BB699B69002B04DBFB69C3F17B
:109D00000702BB699A61BB6959693A6913469B00AE
:109D100013449B00194A1344994229D1BB69043367
:109D20001846FEF71DFA0346002B0AD1BB69DB6A11
:109D3000012202FA03F3DA43114B1B681340104A65
:109D40001360BB69DB6A01229A400D4B1B68134309
:109D50000B4A1360BB69DA6A13469B0013449B00ED
:109D6000064A1A44BB69043319461046FEF79BF9AC
:109D700000BF2037BD4680BDF4010020F80100205F
:109D8000FC02002080B400AF074B1B68002B04D0FE
:109D9000054B1B689A6C01329A64034B1B6818468A
:109DA000BD465DF8047B7047F401002080B584B0A7
:109DB00000AF78603960294B1B68FB60284B1B683B
:109DC00004331846FEF7CCF90346002B0BD1244B85
:109DD0001B68DB6A012202FA03F3DA43214B1B689A
:109DE0001340204A13607B68B3F1FF3F0AD13B6800
:109DF000002B07D01A4B1B68043319461A48FEF78C
:109E000052F926E0FA687B681344BB60144B1B6868
:109E1000BA685A60BA68FB689A4209D2134B1A684A
:109E20000F4B1B68043319461046FEF760F910E02B
:109E30000F4B1A680A4B1B68043319461046FEF78D
:109E400056F90C4B1B68BA689A4202D2094ABB68A1
:109E5000136000BF1037BD4680BD00BFF802002070
:109E6000F4010020FC020020E0020020B0020020EB
:109E7000AC0200201403002080B485B000AF03467C
:109E8000FB800023FB60B7F90630842B05D0B7F9BF
:109E90000620FB6813440333FB60FB681846143745
:109EA000BD465DF8047B704780B483B000AFEFF32C
:109EB00005837B607B68002B14BF01230023DBB28A
:109EC00018460C37BD465DF8047B704780B500AF7F
:109ED000FFF766F90023184680BDF0B589B004AFDE
:109EE000786039607B685B69002B20D07B689B6958
:109EF000002B1CD07B685C687B681D687B681E69D2
:109F00007B68B3F908301846FFF7B6FF01467B6857
:109F10005B697A6892690292019300913B683246CC
:109F200029462046FEF720FF0346FB601CE07B68C5
:109F30005C687B681D687B681B699EB27B68B3F9AF
:109F400008301846FFF798FF024607F10C0301930B
:109F500000923B68324629462046FEF767FF0346DB
:109F6000012B01D0002300E0FB6818461437BD46E2
:109F7000F0BD80B584B000AF78607B68FB60FB68A3
:109F8000002B01D0FB6800E001231846FFF7D2F850
:109F9000002318461037BD4680BD80B582B000AFA3
:109FA00078607B685B68002B07D07B685B6819462C
:109FB0000120FEF772FA034603E00120FEF755FA8E
:109FC000034618460837BD4680BD000080B584B002
:109FD00000AF786039600023BB607B68002B01D143
:109FE00080233AE00023FB603B68B3F1FF3F03D1DD
:109FF0004FF0FF33FB6009E03B68002B06D03B6865
:10A00000FB60FB68002B01D10123FB60FFF74CFFD5
:10A010000346002B17D007F108031A460021786881
:10A02000FEF7F8FC0346012B01D0FF2315E0BB68C7
:10A03000002B11D00B4B4FF080521A60BFF34F8FA3
:10A04000BFF36F8F08E0F9687868FEF7D3FB03462B
:10A05000012B01D0FF2300E0002318461037BD4636
:10A0600080BD00BF04ED00E080B584B000AF786033
:10A070000023FB600023BB60FFF716FF0346002BA5
:10A0800016D007F1080319467868FEF723FB03464C
:10A09000012B01D0FF2317E0BB68002B13D00C4B22
:10A0A0004FF080521A60BFF34F8FBFF36F8F0AE0FB
:10A0B0000023002200217868FEF70AFA0346012BEC
:10A0C00001D0FF23FB60FB6818461037BD4680BDFA
:10A0D00004ED00E080B58AB000AF78600023FB613A
:10A0E000FFF7C8F85F4B1B68002B01D100F02AF97D
:10A0F0005D4B1A687B681340002B40F095807B68AD
:10A10000002B1ED008227B6813447B607B6803F021
:10A110000703002B15D07B6823F0070308337B600F
:10A120007B6803F00703002B0BD04FF0500383F341
:10A130001188BFF36F8FBFF34F8F7B6100BF00BFEC
:10A14000FDE77B68002B6FD0484B1B687A689A420A
:10A150006AD8474B3B62464B1B687B6204E07B6AD4
:10A160003B627B6A1B687B627B6A5B687A689A42A7
:10A1700003D97B6A1B68002BF1D13A4B1B687A6AC2
:10A180009A4251D03B6A1B6808221344FB617B6AE8
:10A190001A683B6A1A607B6A5A687B68D21A08237D
:10A1A0005B009A4220D97A6A7B681344BB61BB6921
:10A1B00003F00703002B0BD04FF0500383F31188FB
:10A1C000BFF36F8FBFF34F8F3B6100BF00BFFDE751
:10A1D0007B6A5A687B68D21ABB695A607B6A7A6864
:10A1E0005A60B86900F010F9204B1A687B6A5B6806
:10A1F000D31A1E4A13601D4B1A681E4B1B689A42E5
:10A2000003D21A4B1B681B4A13607B6A5A68164BB1
:10A210001B681A437B6A5A607B6A00221A60164BDD
:10A220001B680133144A1360FFF732F8FB69002BF7
:10A2300001D101F047F8FB6903F00703002B0BD0B5
:10A240004FF0500383F31188BFF36F8FBFF34F8F2D
:10A25000FB6000BF00BFFDE7FB6918462837BD461D
:10A2600080BD00BFE04A0020F44A0020E44A0020FC
:10A27000D84A0020E84A0020EC4A002080B586B089
:10A2800000AF78607B687B617B68002B4FD0082330
:10A290005B427A6913447B617B693B613B695A6825
:10A2A000254B1B681340002B0BD14FF0500383F359
:10A2B0001188BFF36F8FBFF34F8FFB6000BF00BFEC
:10A2C000FDE73B691B68002B0BD04FF0500383F375
:10A2D0001188BFF36F8FBFF34F8FBB6000BF00BF0C
:10A2E000FDE73B695A68144B1B681340002B1ED0D6
:10A2F0003B691B68002B1AD13B695A680E4B1B68DF
:10A30000DB431A403B695A60FEF7B4FF3B695A6869
:10A310000A4B1B681344094A1360386900F074F84B
:10A32000074B1B680133064A1360FEF7B1FF00BFFD
:10A330001837BD4680BD00BFF44A0020E44A002023
:10A34000F04A002080B485B000AF44F2B873BB601F
:10A35000274BFB60FB6803F00703002B0CD0FB6866
:10A360000733FB60FB6823F00703FB60BA68FB68F8
:10A37000D31A1F4A1344BB60FB687B601D4A7B688D
:10A3800013601C4B00225A607B68BA681344FB6060
:10A390000822FB689B1AFB60FB6823F00703FB6045
:10A3A000FB68154A1360144B1B6800225A60124B5D
:10A3B0001B6800221A607B683B603B68FA68D21A0F
:10A3C0003B685A600C4B1A683B681A603B685B68D4
:10A3D0000A4A13603B685B68094A1360094B4FF0F7
:10A3E00000421A6000BF1437BD465DF8047B704719
:10A3F00020030020D84A0020E04A0020E84A00203C
:10A40000E44A0020F44A002080B485B000AF7860B0
:10A41000284BFB6002E0FB681B68FB60FB681B6865
:10A420007A689A42F7D8FB68BB60FB685B68BA68D9
:10A4300013447A689A4208D1FB685A687B685B6863
:10A440001A44FB685A60FB687B607B68BB607B6872
:10A450005B68BA681A44FB681B689A4218D1FB68AB
:10A460001A68154B1B689A420DD07B685A68FB68C6
:10A470001B685B681A447B685A60FB681B681A6833
:10A480007B681A6008E00C4B1A687B681A6003E06E
:10A49000FB681A687B681A60FA687B689A4202D087
:10A4A000FB687A681A6000BF1437BD465DF8047B0C
:10A4B000704700BFD84A0020E04A002080B485B031
:10A4C00000AFF860B9607A60FB68043BFB60FB6832
:10A4D0004FF080721A60FB68043BFB60BB6823F09E
:10A4E0000102FB681A60FB68043BFB600C4AFB68D6
:10A4F0001A60FB68143BFB607A68FB681A60FB68B3
:10A50000043BFB60FB686FF002021A60FB68203BB3
:10A51000FB60FB6818461437BD465DF8047B704746
:10A5200025A5010880B485B000AF00237B60134BE4
:10A530001B68B3F1FF3F0BD04FF0500383F311883A
:10A54000BFF36F8FBFF34F8FFB6000BF00BFFDE70E
:10A550004FF0500383F31188BFF36F8FBFF34F8F1A
:10A56000BB6000BF00BF7B68002BFCD000BF00BFFA
:10A570001437BD465DF8047B704700BF68000020BB
:10A58000074B19680868B0E8F04F80F30988BFF3FB
:10A590006F8F4FF0000080F311887047AFF3008099
:10A5A000F401002000BF00BF08480068006880F385
:10A5B00008884FF0000080F3148862B661B6BFF3DC
:10A5C0004F8FBFF36F8F00DF00BF00BF08ED00E0CB
:10A5D00080B586B000AF474B1B68474A93420BD10A
:10A5E0004FF0500383F31188BFF36F8FBFF34F8F8A
:10A5F000FB6000BF00BFFDE73E4B1B683F4A934234
:10A600000BD14FF0500383F31188BFF36F8FBFF36B
:10A610004F8F3B6100BF00BFFDE7394B7B617B691A
:10A620001B78DBB27B607B69FF221A707B691B7829
:10A63000DBB2FB70FB78DBB203F05003DAB2314BD4
:10A640001A70314B07221A6009E02F4B1B68013B3F
:10A650002D4A1360FB78DBB25B00DBB2FB70FB784A
:10A66000DBB203F08003802BEFD0274B1B68C3F1D4
:10A670000703042B0BD04FF0500383F31188BFF373
:10A680006F8FBFF34F8FBB6000BF00BFFDE71E4B56
:10A690001B681B021C4A13601B4B1B6803F4E0631E
:10A6A000194A13607B68DAB27B691A70174B1B6812
:10A6B000164A43F470031360144B1B68134A43F0AB
:10A6C0007043136000F0DAF8114B00221A6000F0BA
:10A6D000F9F8104B1B680F4A43F040431360FFF733
:10A6E00063FFFEF72DFFFFF71DFF00231846183705
:10A6F000BD4680BD00ED00E071C20F4170C20F4148
:10A7000000E400E0F84A0020FC4A002020ED00E0D0
:10A710006800002034EF00E080B483B000AF4FF059
:10A72000500383F31188BFF36F8FBFF34F8F7B60AC
:10A7300000BF104B1B6801330E4A13600D4B1B68A2
:10A74000012B10D10C4B1B68DBB2002B0BD04FF050
:10A75000500383F31188BFF36F8FBFF34F8F3B60BC
:10A7600000BF00BFFDE700BF0C37BD465DF8047BAE
:10A77000704700BF6800002004ED00E080B483B0A3
:10A7800000AF124B1B68002B0BD14FF0500383F32B
:10A790001188BFF36F8FBFF34F8F7B6000BF00BF87
:10A7A000FDE70A4B1B68013B084A1360074B1B6817
:10A7B000002B05D100233B603B6883F3118800BF69
:10A7C00000BF0C37BD465DF8047B70476800002071
:10A7D000EFF30980BFF36F8F154B1A681EF0100F4F
:10A7E00008BF20ED108A20E9F04F106009B44FF047
:10A7F000500080F31188BFF34F8FBFF36F8FFEF7C8
:10A800009FFE4FF0000080F3118809BC19680868AA
:10A81000B0E8F04F1EF0100F08BFB0EC108A80F3C4
:10A820000988BFF36F8F7047AFF30080AFF30080EC
:10A83000F401002000BF00BF80B582B000AF4FF030
:10A84000500383F31188BFF36F8FBFF34F8F7B608B
:10A8500000BFFEF7BBFD0346002B03D0064B4FF0B5
:10A8600080521A6000233B603B6883F3118800BF6D
:10A8700000BF0837BD4680BD04ED00E080B400AFE6
:10A880000B4B00221A600B4B00221A600A4B1B680C
:10A890000A4AA2FB03239B09094A013B1360044BAC
:10A8A00007221A6000BFBD465DF8047B704700BFF9
:10A8B00010E000E018E000E05C000020D34D6210E2
:10A8C00014E000E0DFF80C00016841F47001016061
:10A8D000704700BF88ED00E080B485B000AFEFF3B3
:10A8E0000583FB60FB680F2B15D9184AFB681344DE
:10A8F0001B78FB72164B1B78FA7A9A420BD24FF0F8
:10A90000500383F31188BFF36F8FBFF34F8F7B60CA
:10A9100000BF00BFFDE70F4B1B6803F4E0620E4B66
:10A920001B689A420BD94FF0500383F31188BFF391
:10A930006F8FBFF34F8F3B6000BF00BFFDE700BFCD
:10A940001437BD465DF8047B704700BFF0E300E0BC
:10A95000F84A00200CED00E0FC4A002080B582B0EF
:10A9600000AF7860391D4FF0FF3301220648FCF735
:10A970005BFB0346002B02D04FF0FF3300E07B6807
:10A9800018460837BD4680BD5C54002080B500AF36
:10A99000F9F724FE00F0CEF900F042FB02F094FD3E
:10A9A00002F07EFE02F002FF02F036FF03F048F9EB
:10A9B00003F0F2FA03F01AFB03F066FB03F0F2F87F
:10A9C00003F05AF803F0C0F902F05CFF06F04EF80D
:10A9D00002F030FE062007F065FC0120F9F740FE8A
:10A9E00007F0DEFC0120F9F73BFE0021022002F017
:10A9F000F9FC012201219748F9F7ECFB964B1B79F2
:10AA0000DBB2062B00F2C68001A252F823F000BF91
:10AA10002DAA01086DAA010895AB0108A1AA010899
:10AA2000E1AA010815AB010855AB01088A4B41F6B4
:10AA30001462DA81884B41F24462DA82864B4FF429
:10AA40002F629A82844B4FF4AF625A82824B1C224F
:10AA50001A82814BDB899BB21946012002F0C2FCAD
:10AA6000002220217D48F9F7B5FB94E07A4B41F6AE
:10AA70001462DA81784B41F24462DA82764B4FF409
:10AA80002F629A82744B4FF4AF625A82724B1C222F
:10AA90001A82714BDB899BB2184604F023FA7AE0E4
:10AAA0006D4B41F2EC32DA816B4B4FF49652DA8205
:10AAB000694B40F692129A82674B40F2C9425A8221
:10AAC000654B18221A82644BDB899BB21946012020
:10AAD00002F088FC012220216048F9F77BFB5AE054
:10AAE0005D4B41F2EC32DA815B4B4FF49652DA82E5
:10AAF000594B40F692129A82574B40F2C9425A8201
:10AB0000554B18221A82544BDB899BB2184604F02D
:10AB1000E9F940E0504B41F6B642DA814E4B40F63F
:10AB20009212DA824C4B40F692129A824A4B40F2D1
:10AB3000C9425A82484B18221A82474BDB899BB282
:10AB40001946012002F04EFC012220214348F9F76A
:10AB500041FB20E0404B41F6B642DA813E4B4FF4D8
:10AB60001662DA823C4B4FF416629A823A4B4FF4EB
:10AB700096625A82384B18221A82374BDB899BB275
:10AB80001946012002F02EFC012220213348F9F75A
:10AB900021FB00E000BF304B9B79DBB2012B02D1DF
:10ABA00003F0B4FB01E003F021FA01224FF48041ED
:10ABB0002B48F9F70FFB284B5B7BDBB2022B26D02F
:10ABC000022B34DC002B02D0012B10D02FE001220D
:10ABD00004212248F9F7FEFA012208211F48F9F75B
:10ABE000F9FA012201211B48F9F7F4FA20E00122C9
:10ABF00004211A48F9F7EEFA002208211748F9F75C
:10AC0000E9FA012201211348F9F7E4FA10E00022E1
:10AC100004211248F9F7DEFA002208210F48F9F75B
:10AC2000D9FA012201210B48F9F7D4FA00E000BF5C
:10AC30000C48F6F771FC084B9B79DBB2032B19D15A
:10AC4000012209490948FCF77AFA094B024A1A60BD
:10AC50001EE000BF00040240044B00200010024030
:10AC6000000802403853002074570020145400207C
:10AC70009C590020244B9B79DBB2022B08D103F0B6
:10AC80009FFB04F039FC012220492148FCF757FAC8
:10AC9000012220492048FCF752FA01221F4920488E
:10ACA000FCF74DFA00211F48F6F722FE04211D484B
:10ACB000F6F71EFE08211B48F6F71AFE0C2119486C
:10ACC000F6F716FE00211848F6F7F0FC04211648A6
:10ACD000F6F7ECFC002005F057F8144805F075FE77
:10ACE0004FF47A70F9F7BCFC002005F04DF81048DD
:10ACF00005F06BFE4FF47A70F9F7B2FC00F004FB3C
:10AD0000FFF7E4F800BFFDE7044B00203C550020AE
:10AD100014540020544B00205C5400205F4D002050
:10AD2000A4540020F0520020805300209C6A0208A6
:10AD30009C74020880B594B000AF07F12003302264
:10AD400000211846F6F7FCF807F10C0300221A6000
:10AD50005A609A60DA601A610023BB60284B1B6C52
:10AD6000274A43F080531364254B1B6C03F0805338
:10AD7000BB60BB6800237B60224B1B68214A43F405
:10AD8000804313601F4B1B6803F480437B607B6828
:10AD900002233B620123FB6210233B630223BB635C
:10ADA0000023FB6308233B64A8237B640223BB646A
:10ADB0000423FB6407F120031846F8F791FA0346D1
:10ADC000002B01D000F026F90F23FB6002233B612A
:10ADD00000237B614FF4A053BB614FF48053FB61B0
:10ADE00007F10C0305211846F8F7F2FC0346002B87
:10ADF00001D000F00FF900BF5037BD4680BD00BF45
:10AE0000003802400070004080B483B000AF78602A
:10AE10007B681B68184A934227D17B681B7F012BF4
:10AE200005D1164B5B8901339AB2144B5A817B686A
:10AE30001B7F022B05D1114B9B8901339AB20F4B1B
:10AE40009A817B681B7F042B05D10C4BDB89013376
:10AE50009AB20A4BDA817B681B7F082B05D1074B1E
:10AE60001B8A01339AB2054B1A8200BF0C37BD46CC
:10AE70005DF8047B704700BF00000140944D002046
:10AE800080B582B000AF78607B681B685C4A9342F3
:10AE900001D1F9F7C5FB7B681B68B3F1804F40F027
:10AEA000AB80584B9B79DBB2012B2AD1564B5B8A86
:10AEB000B3F57A7F1FD3554B5B79DBB2002B1AD0E9
:10AEC000524B5B79DBB23C2B15D8504B5B79DBB234
:10AED000013BDAB24D4B5A714C4B5B79DBB2002B24
:10AEE00003D1484B00229A7101E0484B5B79464BF5
:10AEF00000225A8205E0444B5B8A01339AB2424BEE
:10AF00005A82414B1B78012B15D13F4B5B88B3F51F
:10AF1000967F0AD33C4B00225A803D4B0022A3F877
:10AF20003A22394B00221A7005E0374B5B88013317
:10AF30009AB2354B5A80344B5B79012B15D1324B89
:10AF4000DB88B3F5967F0AD32F4B0022DA80304B93
:10AF5000002283F813222C4B00225A7105E02A4B61
:10AF6000DB8801339AB2284BDA80274B1B89B3F573
:10AF70007A7F3BD3244B5B895B089BB21A46120154
:10AF8000D31A9B009AB2214B1A821F4B00225A817E
:10AF90001D4B9B895B089BB21A461201D31A9B007A
:10AFA0009AB21A4B5A82184B00229A81164BDB89AF
:10AFB0005B089BB21A461201D31A9B009AB2134B3C
:10AFC0009A82114B0022DA810F4B1B8A5B089BB2DD
:10AFD0001A461201D31A9B009AB20C4BDA820A4B22
:10AFE00000221A82084B00221A8105E0064B1B89B9
:10AFF00001339AB2044B1A8100BF0837BD4680BDA9
:10B0000000100040244B0020944D0020344B0020C1
:10B01000544B002080B400AF72B600BF00BFFDE704
:10B0200080B58CB000AF07F11C0300221A605A6093
:10B030009A60DA601A610023BB61934B1B6B924AE2
:10B0400043F010031363904B1B6B03F01003BB61C1
:10B05000BB6900237B618C4B1B6B8B4A43F0040361
:10B060001363894B1B6B03F004037B617B69002333
:10B070003B61854B1B6B844A43F080031363824B17
:10B080001B6B03F080033B613B690023FB607E4B3D
:10B090001B6B7D4A43F0010313637B4B1B6B03F077
:10B0A0000103FB60FB680023BB60774B1B6B764A98
:10B0B00043F002031363744B1B6B03F00203BB608A
:10B0C000BB6800237B60704B1B6B6F4A43F0080327
:10B0D00013636D4B1B6B03F008037B607B680022DE
:10B0E0003C216A48F9F776F800224FF4804168481D
:10B0F000F9F770F8002249F603116648F9F76AF883
:10B10000002201216448F9F765F800224CF29F31D2
:10B110006248F9F75FF83C23FB6101233B6201239E
:10B120007B620023BB6207F11C0319465748F8F7FE
:10B13000A1FD4FF40053FB6100233B6202237B62BD
:10B1400007F11C0319465248F8F794FD4FF4804369
:10B15000FB6101233B6201237B620023BB6207F199
:10B160001C0319464A48F8F785FD0A23FB610323AF
:10B170003B6200237B6207F11C0319464448F8F741
:10B1800079FD40F20313FB6101233B6200237B62E4
:10B190000023BB6207F11C0319463E48F8F76AFD1D
:10B1A0000123FB6101233B6201237B620323BB621A
:10B1B00007F11C0319463848F8F75CFD41F2060315
:10B1C000FB6100233B6201237B6207F11C031946EC
:10B1D0003148F8F74FFD4FF4C073FB6100233B6229
:10B1E00001237B6207F11C0319462848F8F742FD4A
:10B1F0004CF29E33FB6101233B6201237B620023FF
:10B20000BB6207F11C0319462448F8F733FD4FF4DD
:10B210000063FB6101233B6201237B6207F11C0396
:10B2200019461C48F8F726FD4FF48053FB610123B3
:10B230003B6201237B620223BB6207F11C031946B8
:10B240001448F8F717FD4FF40043FB6101233B62FC
:10B2500001237B620023BB6207F11C0319460D48E2
:10B26000F8F708FD0123FB6101233B6201237B62A8
:10B270000323BB6207F11C0319460848F8F7FAFCE0
:10B2800000BF3037BD4680BD00380240001002408C
:10B29000000802400000024000040240000C02408E
:10B2A00080B400AF00BFBD465DF8047B704780B43A
:10B2B00083B000AF7860396000BF0C37BD465DF8E1
:10B2C000047B704780B400AF00BFBD465DF8047BCF
:10B2D0007047000080B485B000AFF860B9607A6054
:10B2E000FB68074A1A60BB68064A1A607B688022BE
:10B2F0001A6000BF1437BD465DF8047B704700BF7D
:10B30000C84D0020404F0020B0B5ACB000AF0023C6
:10B31000C7F8A8300023C7F8AC3007F1A8031846D7
:10B32000FEF73BFE03463B4A13603B4B07F18C04A0
:10B330001D460FCD0FC495E8070084E8070007F10C
:10B340008C0300211846FEF7C8FD0346334A1360FC
:10B35000334B07F170041D460FCD0FC495E807006D
:10B3600084E8070007F1700300211846FEF7B5FDD9
:10B3700003462C4A13602C4B07F154041D460FCD95
:10B380000FC495E8070084E8070007F15403002183
:10B390001846FEF7A2FD0346244A1360244B07F12A
:10B3A00038041D460FCD0FC495E8070084E8070058
:10B3B00007F1380300211846FEF78FFD03461D4AAA
:10B3C00013601D4B07F11C041D460FCD0FC495E8FB
:10B3D000070084E8070007F11C0300211846FEF768
:10B3E0007CFD0346154A1360154B3C461D460FCDA8
:10B3F0000FC495E8070084E807003B460021184683
:10B40000FEF76BFD03460F4A136000BFB037BD4621
:10B41000B0BD00BFC04D0020E04F0208A84D002085
:10B4200008500208AC4D002030500208B04D0020FA
:10B4300054500208B44D00207C500208B84D002042
:10B44000A8500208BC4D002080B584B000AF7860E1
:10B450000023FB730023BB60BB68002B1AD0F9F7F5
:10B46000F3F80246BB68D31A854A934212D9854B3A
:10B4700000229A71844B5B78DBB21A46834B1B8A9D
:10B480009BB212FB03F39BB21946022001F0AAFF04
:10B490000023BB60FB7B7B4A9279D2B2934233D0CC
:10B4A000784B9B79DBB2002B14BF01230023FB7385
:10B4B000744B9B79DBB2002B23D1724BDB79DBB26F
:10B4C000012B0DD1704B0122DA706F4B32225A7072
:10B4D0006E4B5B8A9BB21946022001F083FF0DE0A0
:10B4E000694B5B78DBB21A46684B1B8A9BB212FB36
:10B4F00003F39BB21946022001F074FF0023BB60E6
:10B5000002E0F9F7A1F8B8605E4B9B79DBB2012B42
:10B5100002D15D4B02221A705B4B5B78DBB2002BD1
:10B5200003D1594B00221A7002E0574B01221A70C6
:10B53000564B1B79DBB2012B04D0544B1B79DBB289
:10B54000042B06D1524B1B78DBB2002B01D103F048
:10B5500011FD4C4B1B7ADBB2012B1AD14A4B1B8AD3
:10B560009BB2B3F57A6F11D9474B5B8A9BB2B3F5A7
:10B570007A6F0BD9444B9B8A9BB2B3F57A6F05D98E
:10B58000414BDB8A9BB2B3F57A6F02D83E4B062261
:10B590001A703D4BDB889BB23C4A927AD2B29342FE
:10B5A00004D2384B9B79DBB2012B1FD1354B0122E2
:10B5B0001A72012210213748F8F70CFE9620FEF788
:10B5C000D8FC012208213348F8F704FE9620FEF744
:10B5D000D0FC012204212F48F8F7FCFD9620FEF74D
:10B5E000C8FC012202212B48F8F7F4FD264BDB882A
:10B5F0009BB2264AD27AD2B293421BD8214B9B7976
:10B60000DBB2002B16D11F4B00221A720022102130
:10B610002048F8F7DFFD002208211E48F8F7DAFD80
:10B62000002204211B48F8F7D5FD00220221194809
:10B63000F8F7D0FD144BDB889BB2144A527AD2B291
:10B64000934209D3104B05221A700E4B0122DA7275
:10B650000021022001F0C6FE0B4BDB889BB20B4A97
:10B66000127AD2B2934202D8064B0022DA7210212B
:10B670000948F8F7C8FDC820FEF77BFCECE600BFE0
:10B68000D04E0900244B0020344B0020044B0020F6
:10B69000004B0020000C02400010024080B586B034
:10B6A00000AF786000237B73934B1B78DBB2012BD8
:10B6B00008D1914B00221A70A521152006F042FEF8
:10B6C000F8F787FF04F0CCF88C4B9B79DBB2012BA9
:10B6D00005D08A4B9B79DBB2022B40F06981884B05
:10B6E000DB7ADBB2002B40F06381854BDB79DBB288
:10B6F000002B40F05D81814B1B7EDBB2012B40F0C3
:10B700004581804B1B887B814FF07E533B617E4B94
:10B710001B8B9AB27B4B1B889A4207D97A4B1B8BA7
:10B720009AB2784B1B88D31AFB8206E0754B1A88B5
:10B73000754B1B8B9BB2D31AFB82704B1B8A9BB23F
:10B74000002B00F0AD806D4B1B8A9BB2FA8AB2FBD6
:10B75000F3F33B813B89022B38D86B4B1B8B9BB29D
:10B76000002B30D0674B1B881A46644B1B8A9BB258
:10B770001946322301FB03F39A4221DC614B1B88FB
:10B7800019465E4B1B8A9BB21A4613469B00134414
:10B790009A001344994210DC5A4B1B881946574BA8
:10B7A0001B8A9BB21A4613469B0013445B009942C6
:10B7B00001DD564B05E0564B03E04FF07C5300E0B3
:10B7C000544B3B616CE0544B3B6169E03B890A2B75
:10B7D00039D84D4B1B8B9BB2002B31D0494B1B886A
:10B7E0001A46464B1B8A9BB21946322301FB03F3D0
:10B7F0009A4222DC434B1B881946404B1B8A9BB262
:10B800001A4613469B0013449A001344994212DCD3
:10B810003C4B1B881946394B1B8A9BB21A46134670
:10B820009B0013445B00994202DD4FF07C5305E01E
:10B830004FF07A5302E0374B00E0364B3B612FE08C
:10B84000354B3B612CE03B89142B0BD82E4B1B8BCB
:10B850009BB2002B03D04FF07E533B6120E02F4B77
:10B860003B611DE03B89322B0AD8274B1B8B9BB2D7
:10B87000002B02D0284B3B6112E0294B3B610FE0CB
:10B880003B89502B0AD8204B1B8B9BB2002B02D03C
:10B89000224B3B6104E0234B3B6101E0214B3B61C8
:10B8A000164B1B8A9BB207EE903AB8EEE77AD7EDBB
:10B8B000047A67EE277AFCEEE77A17EE903AFB817E
:10B8C000FB89002B01D10123FB810F4B1B8B9AB20B
:10B8D0000C4B1B889A422FD90B4B1B8B9BB21A46E1
:10B8E000084B1B88D21AFB899A421DDA064B1B8B28
:10B8F0009AB2044B1A803DE010540020044B002003
:10B90000244B002040510020344B00209A99993E4E
:10B910000AD7A33DCDCC4C3F000040400000A040E2
:10B920000000E040000020419F4B1A88FB8913442F
:10B930009AB29D4B1A801DE09C4B1B8B9AB29A4B7E
:10B940001B889A4216D2984B1B881A46974B1B8B22
:10B950009BB2D21AFB899A4205DA944B1B8B9AB29E
:10B96000914B1A8006E0904B1A88FB89D31A9AB241
:10B970008D4B1A808C4B1B887A899A4218D08A4B3F
:10B980001B881946022001F02DFD11E0874B1B8B0F
:10B990009AB2854B1B889A420AD0844B1B8B9AB271
:10B9A000814B1A80804B1B881946022001F01AFD3A
:10B9B0007F4B5B79DBB2012B40F0BA817D4B1B687A
:10B9C0004FF0FF311846FEF701FB0346002B40F015
:10B9D000AF81794B9B78A53B042B00F2968101A2A5
:10B9E00052F823F0F9B90108A5BA0108C5BB01084E
:10B9F0000BBD0108C7BC01086F4B5B791A4692006A
:10BA000013441A4691001A460B4613449B00DAB2BF
:10BA1000694B9B79194689000B445B00DBB21344E8
:10BA2000DAB2654BDB791344DBB230337B73604BA6
:10BA30009B79DBB2002B2DD17B7B642B11D85B4A29
:10BA40007B7B5370594B5B78DBB21A465B4B1B8A8E
:10BA50009BB212FB03F39BB21946022001F0C2FC19
:10BA600055E17B7B564AA2FB03125209642101FB7C
:10BA700002F29B1ADBB20133DAB24C4B5A714C4BD7
:10BA800001229A714D4BDB8A9BB21946022001F0CC
:10BA9000A9FC3CE17B7B642B00F23981434A7B7B30
:10BAA000537034E1444B5B791A46920013445B00B7
:10BAB000DAB2414B9B791344DBB2103BDAB23E4B16
:10BAC00083F80A223D4B5B78DAB23B4B93F80A329B
:10BAD0009A4267D8394B5B78DBB29B000233364A17
:10BAE00013445B781A46920013441A4691001A4692
:10BAF0000B4613449B00DAB2304B5B78DBB29B0001
:10BB000003332D490B445B78194689000B445B00D5
:10BB1000DBB21344DAB2294B5B78DBB201339B0012
:10BB200025490B445B781344DBB230337B73204BE5
:10BB30009B79DBB2002B2DD17B7B642B11D81B4A68
:10BB40007B7B5370194B5B78DBB21A461B4B1B8A0D
:10BB50009BB212FB03F39BB21946022001F042FC98
:10BB6000D7E07B7B164AA2FB03125209642101FB3A
:10BB700002F29B1ADBB20133DAB20C4B5A710C4B56
:10BB800001229A710D4BDB8A9BB21946022001F00B
:10BB900029FCBEE07B7B642B00F2BB80034A7B7BED
:10BBA0005370B6E000BFB4E040510020344B002099
:10BBB000244B0020C04D0020544B0020044B00209B
:10BBC0001F85EB515C4B5B791A46920013445B0076
:10BBD000DAB2594B9B791344DBB2103BDAB2564BC5
:10BBE00083F80922554B1B78DAB2534B93F809328C
:10BBF0009A4266D8514B1B78DBB29B0002334E4A07
:10BC000013445B781A46920013441A4691001A4670
:10BC10000B4613449B00DAB2484B1B78DBB29B0007
:10BC2000033345490B445B78194689000B445B009C
:10BC3000DBB21344DAB2414B1B78DBB201339B0019
:10BC40003D490B445B781344DBB230337B733C4B90
:10BC50009B79DBB2002B2DD17B7B642B11D8394A29
:10BC60007B7B5370374B5B78DBB21A46334B1B8AB6
:10BC70009BB212FB03F39BB21946022001F0B2FB08
:10BC800049E07B7B304AA2FB03125209642101FB8D
:10BC900002F29B1ADBB20133DAB22A4B5A71284BFB
:10BCA00001229A71254BDB8A9BB21946022001F0D2
:10BCB00099FB30E07B7B642B2DD8224A7B7B537031
:10BCC00029E000BF27E01C4B5B791A469200134421
:10BCD0005B00DAB2184B9B791344DBB2103BDAB24B
:10BCE000154B83F80922154B1B78DAB2124B93F8E7
:10BCF00009329A4211D1154B1B689B6800211846E6
:10BD000008F0CAFA02F0EAFE07E000BF06E000BF52
:10BD100004E000BF02E000BF00E000BF084B0022CB
:10BD20005A710B4B1B681846FEF79EF900237B7374
:10BD30000A20FEF71EF9B7E4544B0020044B002004
:10BD4000244B0020344B00201F85EB510C000020B9
:10BD5000C04D002080B586B002AF78600023FB7331
:10BD60000023BB7300237B73A74B1B7BDBB2002B31
:10BD700003D0012B00F0BF80C0E04FF4FA630093C2
:10BD8000322300224FF40051A04801F025FA034667
:10BD9000FB73FB7B022B53D19D4B1B78DBB2032B38
:10BDA0003BD09B4B1B78DBB2042B36D0984B1B78D7
:10BDB000DBB2052B31D0974BDB79DBB2012B15D1F0
:10BDC000944B0022DA71924B0022DA70904B0022E1
:10BDD0005A70904B00229A71012201218E48F8F787
:10BDE000F9F90021022001F0FDFA83E0894B0122DC
:10BDF000DA7101224FF480418448F8F7EBF9844B63
:10BE00000122DA70824B32225A707F4B5B8A9BB2DE
:10BE10001946022001F0E6FA6CE07E4B0022DA714E
:10BE20007B4B0022DA707A4B00225A7001220121EA
:10BE30007948F8F7CFF90021022001F0D3FA5CE04D
:10BE4000FB7B012B51D1734BDB79DBB2012B54D13E
:10BE50006F4BDB78DBB20133DAB26D4BDA706C4BCF
:10BE6000DB78DBB2032B2AD0032B40DC012B02D082
:10BE7000022B0ED03BE0664B32225A70654B0022FB
:10BE80009A71614B5B8A9BB21946022001F0AAFAB3
:10BE900030E05F4B64225A705E4B00229A715A4B1D
:10BEA0009B8A9BB21946022001F09CFA564B1B79E3
:10BEB000DBB2052B1DD1564B0022DA7019E0524B34
:10BEC000DB78DAB2524B5A714F4BDB8A9BB2194680
:10BED000022001F087FA4E4B00225A704C4B002290
:10BEE000DA704C4B01229A7104E000BF05E000BFFC
:10BEF00003E000BF01E000BF00E000BF474B1B783C
:10BF0000DBB2082B00F2A28701A252F823F000BF97
:10BF100035BF010889BF010829C00108A7C0010871
:10BF200025C101085BC301084BC6010889C8010887
:10BF300011CB01084FF4FA630093142300224FF44D
:10BF40008071374801F048F90346FB73FB7B012BF6
:10BF50000CD1324B9B78DBB2002B02D12F4B01224C
:10BF60001A702E4B00229A7000F087BFFB7B022BC9
:10BF700007D12A4B04221A702A4B01221A7000F0B2
:10BF80007CBF00BF00F079BF4FF4FA630093142325
:10BF900000224FF48071224801F01EF90346FB7322
:10BFA000FB7B012B02D11D4B00221A70164B9B7993
:10BFB000DBB2032B40F04C874FF4FA630093142359
:10BFC00000220421144801F007F90346BB734FF423
:10BFD000FA630093142300228021114801F0FCF839
:10BFE00003467B73BB7B012B04D10C4B03221A70DD
:10BFF00000F030BF7B7B012B40F02C87074B0222E7
:10C000001A7000F027BF00BF044B00200008024058
:10C01000344B0020244B002000040240004B002041
:10C0200000100240204B00204FF4FA6300931423C9
:10C0300000224FF48071B24801F0CEF80346FB7342
:10C04000FB7B012B02D1AF4B00221A70AE4B9B79C8
:10C05000DBB2032B40F000874FF4FA630093142304
:10C0600000220421A94801F0B7F80346BB734FF43E
:10C07000FA630093142300228021A14801F0ACF858
:10C0800003467B73BB7B012B04D19E4B01221A70AC
:10C0900000F0E4BE7B7B012B40F0E086994B03224D
:10C0A0001A7000F0DBBE4FF4FA63009314230022F1
:10C0B0004FF48071924801F08FF80346FB73FB7BCD
:10C0C000012B02D18F4B00221A708F4B9B79DBB270
:10C0D000032B40F0C5864FF4FA630093142300222B
:10C0E00004218A4801F078F80346BB734FF4FA63E1
:10C0F0000093142300228021814801F06DF803464B
:10C100007B73BB7B012B04D17E4B02221A7000F0A3
:10C11000A9BE7B7B012B40F0A5867A4B01221A70C9
:10C1200000F0A0BE4FF4FA630093142300224FF4F2
:10C130008071734801F050F80346FB73FB7B022BC0
:10C1400022D1714B1B78DBB21946012006F0FAF8B8
:10C150006D4B5B78DBB21946022006F0F3F86A4BB0
:10C160009B78DBB21946032006F0ECF8664BDB78CF
:10C17000DBB21946042006F0E5F8624B01229A7002
:10C18000604B00221A700AE0FB7B012B06D15D4B4D
:10C1900005221A705E4B05221A7000E000BF4FF4B2
:10C1A000FA630093142300220221584801F014F886
:10C1B0000346FB73FB7B012B13D1554B1B78DBB282
:10C1C000132B07D8524B1B78DBB21433DAB2504B27
:10C1D0001A7006E04E4B1B78DBB2143BDAB24C4BC4
:10C1E0001A704FF4FA63009314230022802144480C
:10C1F00000F0F2FF0346FB73FB7B012B47D1444B5E
:10C200001B78DBB2132B10D8414B1B78DBB2012B10
:10C2100003D83F4B04221A7039E03D4B1B78DBB248
:10C22000013BDAB23A4B1A7031E0394B1B78DBB282
:10C23000153B032B2AD801A252F823F04DC2010866
:10C240005DC201086DC201087DC201082E4B1B783A
:10C25000DBB20133DAB22C4B1A7018E02A4B5B7850
:10C26000DBB20133DAB2284B5A7010E0264B9B78D0
:10C27000DBB20133DAB2244B9A7008E0224BDB7850
:10C28000DBB20133DAB2204BDA7000E000BF4FF4CA
:10C29000FA6300931423002204211C4800F09CFF41
:10C2A0000346FB73FB7B012B40F0DE85184B1B78AC
:10C2B000DBB2132B12D8164B1B78DBB2032B04D93D
:10C2C000134B01221A7000F0CFBD114B1B78DBB26B
:10C2D0000133DAB20E4B1A7000F0C6BD0C4B1B785E
:10C2E000DBB2153B032B35D801A252F823F000BF77
:10C2F00015C3010825C3010835C3010845C301085A
:10C3000000100240004B0020044B002000040240BB
:10C31000204B0020A84B1B78DBB2013BDAB2A64BC6
:10C320001A7018E0A44B5B78DBB2013BDAB2A24B87
:10C330005A7010E0A04B9B78DBB2013BDAB29E4B07
:10C340009A7008E09C4BDB78DBB2013BDAB29A4B87
:10C35000DA7000E000BF00F087BD4FF4FA6300938D
:10C36000142300224FF48071944800F035FF0346F7
:10C37000FB73FB7B022B22D18F4B1B79DBB219465F
:10C38000052005F0DFFF8C4B5B79DBB219460620F8
:10C3900005F0D8FF884B9B79DBB21946072005F0E2
:10C3A000D1FF854BDB79DBB21946082005F0CAFFC7
:10C3B000834B01229A70824B00221A700AE0FB7BA9
:10C3C000012B06D17E4B06221A707E4B09221A7071
:10C3D00000E000BF4FF4FA6300931423002202210F
:10C3E000794800F0F9FE0346FB73FB7B012B13D168
:10C3F000744B1B78DBB2132B07D8724B1B78DBB264
:10C400001433DAB26F4B1A7006E06E4B1B78DBB256
:10C41000143BDAB26B4B1A704FF4FA630093142397
:10C4200000228021654800F0D7FE0346FB73FB7BAA
:10C43000012B73D1634B1B78DBB2132B10D8614BEC
:10C440001B78DBB2052B03D85E4B08221A7065E01F
:10C450005C4B1B78DBB2013BDAB25A4B1A705DE0E1
:10C46000584B1B78DBB2193B032B56D801A252F86C
:10C4700023F000BF85C40108A7C40108AFC40108A8
:10C4800013C501084C4B1B79DBB2042B03D94A4B73
:10C4900000221A7142E0484B1B79DBB20133DAB259
:10C4A000454B1A713AE0444B6E225A7136E0424BCA
:10C4B0009B79DBB2022B03D93F4B00229A712DE00E
:10C4C0003D4B9B79DBB20133DAB23B4B9A713A4B6D
:10C4D0009B79DBB2012B0BD13C48FAF773FD034685
:10C4E000002B10D13A4B00225A7001F00FFF0AE0E6
:10C4F0003648FAF767FD0346002B04D1344B00227F
:10C500005A7001F073FD012232493048FAF717FEE4
:10C5100004E0294B0122DA7100E000BF4FF4FA6316
:10C520000093142300220421274800F055FE0346FF
:10C53000FB73FB7B012B40F09984224B1B78DBB211
:10C54000132B12D81F4B1B78DBB2072B04D91D4BC2
:10C5500005221A7000F08ABC1A4B1B78DBB201333B
:10C56000DAB2184B1A7000F081BC164B1B78DBB2A4
:10C57000193B032B66D801A252F823F08DC50108A0
:10C58000AFC50108D9C501083DC601080A4B1B7992
:10C59000DBB2002B03D1084B05221A7153E0064B86
:10C5A0001B79DBB2013BDAB2034B1A714BE0024B51
:10C5B000DC225A7147E000BF044B0020001002400B
:10C5C000004B0020204B0020000402405C5400205F
:10C5D000344B0020544B0020A34B9B79DBB2002B43
:10C5E00003D1A14B03229A712DE09F4B9B79DBB2C3
:10C5F000013BDAB29C4B9A719B4B9B79DBB2012BCE
:10C600000BD19A48FAF7DEFC0346002B10D1984B69
:10C6100000225A7001F07AFE0AE09448FAF7D2FC40
:10C620000346002B04D1924B00225A7001F0DEFC2D
:10C63000012290498D48FAF782FD04E08A4B0022DE
:10C64000DA7100E000BF00F011BC4FF4FA63009310
:10C65000142300224FF48071874800F0BDFD03468B
:10C66000FB73FB7B022B22D17F4B1B7ADBB219467B
:10C67000092005F067FE7C4B5B7ADBB219460A2085
:10C6800005F060FE784B9B7ADBB219460B2005F073
:10C6900059FE754BDB7ADBB219460C2005F052FED1
:10C6A000764B01229A70754B00221A700AE0FB7BD0
:10C6B000012B06D1714B07221A70714B0D221A7093
:10C6C00000E000BF4FF4FA6300931423002202211C
:10C6D0006C4800F081FD0346FB73FB7B012B13D1FB
:10C6E000674B1B78DBB2132B07D8654B1B78DBB28B
:10C6F0001433DAB2624B1A7006E0614B1B78DBB27E
:10C70000143BDAB25E4B1A704FF4FA6300931423B1
:10C7100000228021584800F05FFD0346FB73FB7B3D
:10C72000012B48D1564B1B78DBB2132B10D8544B3E
:10C730001B78DBB2092B03D8514B0C221A703AE05C
:10C740004F4B1B78DBB2013BDAB24D4B1A7032E033
:10C750004B4B1B78DBB21D3B032B2BD801A252F8AD
:10C7600023F000BF75C7010885C7010895C70108F8
:10C77000A5C701083C4B1B7ADBB20133DAB23A4B56
:10C780001A7218E0384B5B7ADBB20133DAB2364BFF
:10C790005A7210E0344B9B7ADBB20133DAB2324B7F
:10C7A0009A7208E0304BDB7ADBB20133DAB22E4BFF
:10C7B000DA7200E000BF4FF4FA6300931423002202
:10C7C0000421304800F008FD0346FB73FB7B012B7E
:10C7D00040F04E832A4B1B78DBB2132B10D8284B2A
:10C7E0001B78DBB20B2B03D9254B09221A703FE3D0
:10C7F000234B1B78DBB20133DAB2214B1A7037E3DB
:10C800001F4B1B78DBB21D3B032B2BD801A252F828
:10C8100023F000BF25C8010835C8010845C8010834
:10C8200055C80108104B1B7ADBB2013BDAB20E4B44
:10C830001A7218E00C4B5B7ADBB2013BDAB20A4B9E
:10C840005A7210E0084B9B7ADBB2013BDAB2064B1E
:10C850009A7208E0044BDB7ADBB2013BDAB2024B9E
:10C86000DA7200E000BF03E3044B00205C540020B8
:10C87000344B0020544B002000100240004B00209D
:10C88000204B0020000402404FF4FA63009314236D
:10C8900000224FF48071984800F09EFC0346FB7321
:10C8A000FB7B022B21D1954B1B7BDBB219460D2064
:10C8B00005F048FD914B5B7BDBB219460E2005F07D
:10C8C00041FD8E4BDB899BB28D4AA2FB03235B09A2
:10C8D0009BB2DBB219460F2005F034FD894B0122D3
:10C8E0009A70884B00221A700AE0FB7B012B06D15C
:10C8F000844B08221A70844B11221A7000E000BF8A
:10C900004FF4FA6300931423002202217F4800F0C1
:10C9100063FC0346FB73FB7B012B1ED17A4B1B7818
:10C92000DBB2132B12D8784B1B78DBB21433DAB29C
:10C93000754B1A70744B1B78DBB2242B0DD1714BE5
:10C9400000221A70704B10221A7006E06E4B1B7892
:10C95000DBB2143BDAB26C4B1A704FF4FA630093FB
:10C96000142300228021644800F036FC0346FB7348
:10C97000FB7B012B57D1644B1B78DBB2132B10D8F8
:10C98000614B1B78DBB20D2B03D85F4B10221A7062
:10C9900049E05D4B1B78DBB2013BDAB25A4B1A70AF
:10C9A00041E0594B1B78DBB2232B1BD0232B39DC06
:10C9B000212B02D0222B04D034E0504B01221A73D9
:10C9C00031E04E4B5B7BDBB2012B03D94B4B00229A
:10C9D0005A7328E0494B5B7BDBB20133DAB2474B39
:10C9E0005A7320E0454BDB899BB2B3F5FA5F04D361
:10C9F000424B4FF4FA52DA8115E0404BDB899BB28F
:10CA000064339AB23D4BDA813C4BDB899BB21946C9
:10CA1000012000F0E7FC394BDB899BB2184602F09D
:10CA200061FA00E000BF4FF4FA6300931423002280
:10CA30000421364800F0D0FB0346FB73FB7B012B3F
:10CA400040F01882304B1B78DBB2132B10D82E4BE2
:10CA50001B78DBB20F2B03D92B4B0D221A7009E286
:10CA6000294B1B78DBB20133DAB2274B1A7001E293
:10CA7000254B1B78DBB2232B1BD0232B39DC212B3E
:10CA800002D0222B04D034E01C4B00221A7331E078
:10CA90001A4B5B7BDBB2002B03D1184B02225A737B
:10CAA00028E0164B5B7BDBB2013BDAB2134B5A73C7
:10CAB00020E0124BDB899BB2B3F5FA6F04D80F4B21
:10CAC0004FF4FA62DA8115E00C4BDB899BB2643BD0
:10CAD0009AB20A4BDA81094BDB899BB219460120D5
:10CAE00000F080FC054BDB899BB2184602F0FAF996
:10CAF00000E000BFBEE100BF00100240044B002078
:10CB00001F85EB51004B0020204B00200004024009
:10CB10004FF4FA630093142300224FF480719E486F
:10CB200000F05AFB0346FB73FB7B022B4DD19B4B62
:10CB30001B8A9BB29A4AA2FB03235B099BB2DBB21E
:10CB40001946102005F0FEFB944B1B8A9BB2944AB9
:10CB5000A2FB03125209642101FB02F29B1A9BB251
:10CB6000DBB21946112005F0EDFB8C4B9B8A9BB282
:10CB70008B4AA2FB03235B099BB2DBB2194612204E
:10CB800005F0E0FB854B9B8A9BB2854AA2FB031212
:10CB90005209642101FB02F29B1A9BB2DBB21946D7
:10CBA000132005F0CFFB7D4B1B7EDBB21946142012
:10CBB00005F0C8FB0021022000F014FC794B012293
:10CBC0009A70784B00221A700AE0FB7B012B06D189
:10CBD000744B04221A70744B01221A7000E000BFDB
:10CBE0004FF4FA6300931423002202216F4800F0EF
:10CBF000F3FA0346FB73FB7B012B13D16A4B1B78C3
:10CC0000DBB2132B07D8684B1B78DBB21433DAB2D4
:10CC1000654B1A7006E0644B1B78DBB2143BDAB24A
:10CC2000614B1A704FF4FA630093142300228021A1
:10CC3000594800F0D1FA0346FB73FB7B012B70D1FE
:10CC4000594B1B78DBB2132B19D8574B1B78DBB22F
:10CC5000112B0CD8514B1B79DBB2052B03D1524B56
:10CC600013221A705DE0504B12221A7059E04E4B9D
:10CC70001B78DBB2013BDAB24B4B1A7051E04A4BE6
:10CC80001B78DBB2272B3ED0272B49DC252B02D08B
:10CC9000262B1CD044E0414B1B8A9BB201339AB235
:10CCA0003E4B1A823D4B1B8A9AB23C4B5B8A9BB22D
:10CCB0009A4204D3394B5B8A9AB2384B1A82374B6B
:10CCC0001B8A9BB21946022000F08CFB29E0334BF3
:10CCD0009B8A9BB20A339AB2304B9A822F4B9B8A23
:10CCE0009AB22E4BDB8A9BB29A4204D32B4BDB8A3F
:10CCF0009AB22A4B9A82294B9B8A9BB219460220F0
:10CD000000F070FB0DE0254B1B7EDBB2012B03D145
:10CD1000224B00221A7604E0204B01221A7600E012
:10CD200000BF4FF4FA6300931423002204211F482C
:10CD300000F052FA0346FB73FB7B012B40F09C8012
:10CD4000194B1B78DBB2132B32D8144B1B79DBB297
:10CD5000052B10D1144B1B78DBB2122B03D9124BCD
:10CD600011221A7088E0104B1B78DBB20133DAB263
:10CD70000D4B1A7080E00C4B1B78DBB2112B03D9E2
:10CD8000094B11221A7077E0074B1B78DBB2013395
:10CD9000DAB2054B1A706FE000100240044B00201D
:10CDA0001F85EB51004B0020204B00200004024067
:10CDB000344B1B78DBB2272B39D0272B44DC252BB7
:10CDC00002D0262B17D03FE02F4B1B8A9BB2013B92
:10CDD0009AB22D4B1A822C4B1B8A9BB2002B02D18C
:10CDE000294B01221A82284B1B8A9BB2194602202A
:10CDF00000F0F8FA29E0244B9B8A9BB20A3B9AB2D6
:10CE0000214B9A82204B9B8A9AB21F4B5B8A9BB222
:10CE10009A4204D21C4B5B8A9AB21B4B9A821A4BE1
:10CE20009B8A9BB21946022000F0DCFA0DE0164BFB
:10CE30001B7EDBB2012B03D1134B00221A7604E0D8
:10CE4000114B01221A7600E000BF15E000BF14E08C
:10CE500000BF12E000BF10E000BF0EE000BF0CE01A
:10CE600000BF0AE000BF08E000BF06E000BF04E02A
:10CE700000BF02E000BF00E000BF0120FDF779F82D
:10CE8000FEF772BF204B0020044B002080B582B01B
:10CE900000AF78602A4B1B78DBB2082B4AD801A27E
:10CEA00052F823F0C9CE0108D5CE0108E1CE010821
:10CEB000EDCE0108F9CE010805CF010811CF010818
:10CEC0001DCF010829CF0108002002F05DFF03F00B
:10CED00007FE30E0002002F057FF03F0AFFF2AE02A
:10CEE000002002F051FF04F0BBF824E0002002F023
:10CEF0004BFF04F095F91EE0002002F045FF04F01E
:10CF00005BFA18E0002002F03FFF04F08DFB12E016
:10CF1000002002F039FF04F019FE0CE0002002F0BE
:10CF200033FF04F04BFF06E0002002F02DFF05F078
:10CF3000ADF800E000BFC820FDF71BF8AAE700BF6E
:10CF4000004B00200000000080B586B000AF786084
:10CF500000233B610023FB604FF00003BB60002314
:10CF6000FB754BE09848F5F733FE01219648F5F73D
:10CF700001FF9548F5F789FF03469AB2934B5A8112
:10CF8000924B5B899BB203F47E6307EE903AF8EE16
:10CF9000677A97ED027A77EE277AC7ED027A8A48A8
:10CFA000F5F716FE01218848F5F7E4FE8648F5F707
:10CFB0006CFF03469AB2854B9A81844B9B899BB246
:10CFC00003F47E63FA681344FB607F48F5F700FEC4
:10CFD00001217D48F5F7CEFE7B48F5F756FF034665
:10CFE0009AB27A4BDA81794BDB899BB203F47E6388
:10CFF0003A6913443B61FB7D0133FB75FB7D092BD3
:10D00000B0D9734B1B79DBB2002B21D1D7ED027A5B
:10D01000B2EE047AC7EE876A16EE900AF3F7AEFB1B
:10D020005DA3D3E90023F3F71BF902460B46104634
:10D0300019465BA3D3E90023F3F740FA02460B46F7
:10D0400010461946F3F73AFC0346604AD3614EE0B6
:10D050005F4B1B79DBB2052B21D1D7ED027AB2EE03
:10D06000047AC7EE876A16EE900AF3F787FB4AA3A5
:10D07000D3E90023F3F7F4F802460B4610461946AD
:10D0800047A3D3E90023F3F719FA02460B461046EB
:10D090001946F3F713FC03464C4AD36127E04C4B87
:10D0A0001B79DBB2032B21D1D7ED027AB2EE047AE1
:10D0B000C7EE876A16EE900AF3F760FB3AA3D3E94E
:10D0C0000023F3F7CDF802460B461046194638A365
:10D0D000D3E90023F3F7F2F902460B46104619464E
:10D0E000F3F7ECFB0346394AD36100E000BF374B4E
:10D0F000D3ED077AF5EEC07AF1EE10FA03D8334B90
:10D100004FF00002DA61FB6807EE903AF8EE677ABA
:10D11000B2EE047AC7EE876A16EE900AF3F72EFB9A
:10D1200025A3D3E90023F3F79BF802460B461046EC
:10D13000194623A3D3E90023F3F7C2F902460B46AD
:10D1400010461946F3F79AFB03469AB21F4BDA8052
:10D150001E4BDB889BB2002B02D11C4B0022DA80D5
:10D160003B691C4AA2FB0323DB089AB2174B1A81C6
:10D17000164B1B899BB2002B02D1144B00221A8143
:10D1800000233B614FF00003BB600023FB601E20C7
:10D19000FCF7EFFEE3E600BFB37BF2B0506B8A3FD3
:10D1A00001DE02098A7F22406EA301BC0512943F72
:10D1B000EC51B81E85EB2B40DE718A8EE4F29FBFE6
:10D1C000D578E9263110564044510020344B0020D8
:10D1D000044B0020CDCCCCCC80B586B000AFF8603D
:10D1E000084611461A4603467B810B467B7213465E
:10D1F000FB800023FB753A8CFB88D31ABB82F7F7C0
:10D2000023FA38611E20FCF7B4FEFB681A697B899B
:10D210001340002B14BF01230023DBB21A467B7A94
:10D220009A4245D1FB881846FCF7A3FE32E0F7F797
:10D230000BFA02463B69D21ABB8A9A4218D37B8901
:10D240001946F86800F088F80346002B37D17B892F
:10D250001946F86800F080F80346012B2FD002230E
:10D26000FB757B8901221946F86800F02FF826E04B
:10D27000F7F7EAF902463B69D21AFB889A4209D3CA
:10D280007B891946F86800F067F80346002B01D146
:10D290000123FB75FB681A697B891340002B14BFBF
:10D2A00001230023DBB21A467B7A9A42BFD007E003
:10D2B0007B8900221946F86800F008F800E000BFFA
:10D2C000FB7D18461837BD4680BD000080B483B092
:10D2D00000AF78600B467B8013467B707B681A4AF0
:10D2E00093420DD17B88022B03D1184A7B781370AF
:10D2F00024E07B88042B21D1144A7B7893701DE0B5
:10D300007B68134A93420ED17B88802B03D10F4A4E
:10D310007B78537012E07B88B3F5807F0ED10B4A87
:10D320007B78D3700AE07B680A4A934206D17B88F7
:10D33000B3F5005F02D1054A7B78137100BF0C374B
:10D34000BD465DF8047B704700040240244B00207A
:10D35000001002400008024080B483B000AF786043
:10D360000B467B807B681B4A93420DD17B88022B46
:10D3700003D1194B1B78DBB226E07B88042B22D12A
:10D38000154B9B78DBB21FE07B68144A93420ED1A9
:10D390007B88802B03D1104B5B78DBB214E07B8859
:10D3A000B3F5807F0FD10C4BDB78DBB20CE07B68F0
:10D3B0000B4A934207D17B88B3F5005F03D1064B3C
:10D3C0001B79DBB200E0002318460C37BD465DF840
:10D3D000047B704700040240244B002000100240F0
:10D3E0000008024080B584B000AF03460A46FB71D6
:10D3F0001346BB80FB79012B04D12E4B1B68BA88E6
:10D400005A6352E02C4B01221A732C4B1B79DBB26E
:10D41000052B04D1002220212948F6F7DBFEBB882A
:10D42000002B28D0234B1B68BA889A63234B1B79A7
:10D43000DBB2032B05D1012220212148F6F7CAFED9
:10D4400002E0002001F0C6FDEFF30583FB60FB68FE
:10D45000002B0AD00023BB6002E0BB680133BB6035
:10D46000BB6841F287329342F7DD00220121154863
:10D47000F6F7B0FE16E0012201211248F6F7AAFEE7
:10D480000C4B1B68BA889A630C4B1B79DBB2032BDD
:10D4900005D1002220210A48F6F79CFE02E0012077
:10D4A00001F098FD044B00221A7300BF1037BD46EF
:10D4B00080BD00BF80530020244B0020044B00207F
:10D4C000001002400004024080B584B000AF3B462B
:10D4D00000221A605A609A60DA60314B314A1A6051
:10D4E0002F4B4FF480325A602D4B00229A602C4B08
:10D4F00001221A612A4B00221A76294B012283F855
:10D500002020274B01225A62254B0022DA62244B4D
:10D51000254A9A62224B0022DA60214B0322DA610B
:10D520001F4B002283F830201D4B01225A611C48FA
:10D53000F5F70AFB0346002B01D0FDF76BFD0B232B
:10D540003B6001237B600223BB603B4619461448C5
:10D55000F5F7A8FC0346002B01D0FDF75BFD0C237B
:10D560003B6002237B603B4619460D48F5F79AFC69
:10D570000346002B01D0FDF74DFD0D233B60032337
:10D580007B603B4619460648F5F78CFC0346002BAA
:10D5900001D0FDF73FFD00BF1037BD4680BD00BF85
:10D5A00044510020002001400100000F80B58AB0E6
:10D5B00000AF786007F1140300221A605A609A6085
:10D5C000DA601A617B681B68174A934227D10023EF
:10D5D0003B61164B5B6C154A43F480735364134BE9
:10D5E0005B6C03F480733B613B690023FB600F4B72
:10D5F0001B6B0E4A43F0040313630C4B1B6B03F0CD
:10D600000403FB60FB680E237B610323BB610023E3
:10D61000FB6107F1140319460548F6F72BFB00BF21
:10D620002837BD4680BD00BF0020014000380240C1
:10D630000008024080B500AF064B074A1A60054853
:10D64000F7F732F80346002B01D0FDF7E3FC00BFEB
:10D6500080BD00BF8C5100200030024080B485B0F6
:10D6600000AF78607B681B680B4A93420DD10023A2
:10D67000FB600A4B1B6B094A43F480531363074B4F
:10D680001B6B03F48053FB60FB6800BF1437BD467F
:10D690005DF8047B704700BF003002400038024054
:10D6A00080B500AF124B134A1A60114B124A5A60F0
:10D6B0000F4B00229A600E4BF022DA600C4B4FF4B5
:10D6C00080421A610A4B00225A61094B00229A617A
:10D6D000074B0022DA61064B00221A620448F6F773
:10D6E000FFFF0346002B01D0FDF794FC00BF80BD77
:10D6F0009451002000540040A086010080B58AB0FB
:10D7000000AF786007F1140300221A605A609A6033
:10D71000DA601A617B681B68214A93423BD100237F
:10D720003B61204B1B6B1F4A43F0020313631D4BED
:10D730001B6B03F002033B613B69C0237B61122337
:10D74000BB610123FB6103233B6204237B6207F17E
:10D75000140319461448F6F78DFA0023FB60114BA9
:10D760001B6C104A43F4001313640E4B1B6C03F440
:10D770000013FB60FB68002205211F20F6F7F1FE75
:10D780001F20F6F70AFF002205212020F6F7E9FE08
:10D790002020F6F702FF00BF2837BD4680BD00BF3E
:10D7A00000540040003802400004024080B500AF41
:10D7B000174B184A1A60164B4FF482725A60144B7A
:10D7C00000229A60124B0022DA60114B00221A618B
:10D7D0000F4B00225A610E4B4FF400729A610C4BB2
:10D7E0001822DA610A4B00221A62094B00225A629F
:10D7F000074B00229A62064B0A22DA620448F8F7C5
:10D80000C0FD0346002B01D0FDF704FC00BF80BD26
:10D81000E85100200030014080B500AF174B184A96
:10D820001A60164B4FF482725A60144B00229A60B1
:10D83000124B0022DA60114B00221A610F4B0022BA
:10D840005A610E4B4FF400729A610C4B0022DA6160
:10D850000A4B00221A62094B00225A62074B00222F
:10D860009A62064B0A22DA620448F8F78AFD0346F8
:10D87000002B01D0FDF7CEFB00BF80BD4052002041
:10D880000038004080B500AF174B184A1A60164B9D
:10D890004FF482725A60144B00229A60124B00229D
:10D8A000DA60114B02221A610F4B01225A610E4BB2
:10D8B0004FF400729A610C4B0822DA610A4B002285
:10D8C0001A62094B00225A62074B00229A62064BE9
:10D8D0000A22DA620448F8F754FD0346002B01D00F
:10D8E000FDF798FB00BF80BD98520020003C00402F
:10D8F00080B58EB000AF786007F1240300221A6073
:10D900005A609A60DA601A617B681B68544A9342D5
:10D910002CD100233B62534B5B6C524A43F480533F
:10D920005364504B5B6C03F480533B623B6A0023AF
:10D93000FB614C4B1B6B4B4A43F002031363494B97
:10D940001B6B03F00203FB61FB6938237B6202233C
:10D95000BB620123FB6203233B6305237B6307F167
:10D96000240319464048F6F785F975E07B681B6883
:10D970003E4A93422DD10023BB613A4B1B6C394A7E
:10D9800043F480431364374B1B6C03F48043BB6147
:10D99000BB6900237B61334B1B6B324A43F00203AC
:10D9A0001363304B1B6B03F002037B617B694FF405
:10D9B00060437B620223BB620123FB6203233B6360
:10D9C00005237B6307F1240319462748F6F752F92C
:10D9D00042E07B681B68264A93423DD100233B61AD
:10D9E000204B1B6C1F4A43F4004313641D4B1B6CFC
:10D9F00003F400433B613B690023FB60194B1B6B45
:10DA0000184A43F004031363164B1B6B03F0040323
:10DA1000FB60FB684FF4A0537B620223BB620123CF
:10DA2000FB6203233B6306237B6307F12403194650
:10DA30001048F6F71FF94FF400637B620223BB62C4
:10DA40000023FB6203233B6306237B6307F124036C
:10DA500019460848F6F70EF900BF3837BD4680BDB5
:10DA6000003001400038024000040240003800400D
:10DA7000003C00400008024080B58AB000AF07F1CA
:10DA8000180300221A605A609A60DA6007F11003E6
:10DA900000221A605A603B4600221A605A609A605F
:10DAA000DA603E4B3E4A1A603C4B40F28F625A604D
:10DAB0003A4B00229A60394B4FF6FF72DA60374BCF
:10DAC00000221A61354B00225A61344B00229A61C0
:10DAD0003248F3F7D1FC0346002B01D0FDF79AFA48
:10DAE0004FF48053BB6107F1180319462B48F4F734
:10DAF00075FA0346002B01D0FDF78CFA2748F3F79F
:10DB00009DFE0346002B01D0FDF784FA00233B6104
:10DB100000237B6107F1100319462048F4F784FFC6
:10DB20000346002B01D0FDF775FA02233B60012369
:10DB30007B600023BB600023FB603B46002219464C
:10DB40001648F4F7EDF80346002B01D0FDF762FA12
:10DB50003B46042219461148F4F7E2F80346002B2D
:10DB600001D0FDF757FA3B46082219460B48F4F757
:10DB7000D7F80346002B01D0FDF74CFA3B460C22A8
:10DB800019460648F4F7CCF80346002B01D0FDF700
:10DB900041FA00BF2837BD4680BD00BFF0520020CB
:10DBA0000000014080B586B000AF07F108030022F5
:10DBB0001A605A609A60DA603B4600221A605A6026
:10DBC0001D4B4FF080421A601B4B00225A601A4BCB
:10DBD00000229A60184B194ADA60174B00221A612A
:10DBE000154B80229A611448F3F746FC0346002B3C
:10DBF00001D0FDF70FFA4FF48053BB6007F1080323
:10DC000019460D48F4F7EAF90346002B01D0FDF759
:10DC100001FA00233B6080237B603B46194606489F
:10DC2000F4F702FF0346002B01D0FDF7F3F900BF24
:10DC30001837BD4680BD00BF385300201F48010083
:10DC400080B58EB000AF07F1280300221A605A6039
:10DC50009A60DA6007F1200300221A605A603B1DC7
:10DC600000221A605A609A60DA601A615A619A61F9
:10DC7000334B344A1A60324B00225A60304B002238
:10DC80009A602F4B42F2D002DA602D4B00221A61CB
:10DC90002B4B80229A612A48F3F7EEFB0346002BB8
:10DCA00001D0FDF7B7F94FF48053BB6207F12803A9
:10DCB00019462348F4F792F90346002B01D0FDF7EB
:10DCC000A9F91F48F3F798FC0346002B01D0FDF794
:10DCD000A1F930233B6200237B6207F12003194640
:10DCE0001748F4F7A1FE0346002B01D0FDF792F987
:10DCF00060237B600023BB600023FB6000237B610B
:10DD00003B1D002219460E48F4F7A6F80346002BE7
:10DD100001D0FDF77FF90223FB603B1D0422194669
:10DD20000748F4F799F80346002B01D0FDF772F984
:10DD3000034800F0F7F800BF3837BD4680BD00BF8C
:10DD4000805300200004004080B586B000AF07F18A
:10DD5000080300221A605A609A60DA603B4600228B
:10DD60001A605A601D4B1E4A1A601C4B00225A60F2
:10DD70001A4B00229A60194B4FF6FF72DA60174B6C
:10DD800000221A61154B80229A611448F3F774FB44
:10DD90000346002B01D0FDF73DF94FF48053BB60E3
:10DDA00007F1080319460D48F4F718F90346002B4C
:10DDB00001D0FDF72FF900233B6080237B603B46B9
:10DDC00019460648F4F730FE0346002B01D0FDF754
:10DDD00021F900BF1837BD4680BD00BFC8530020E1
:10DDE0000008004080B58CB000AF786007F11C03DC
:10DDF00000221A605A609A60DA601A617B681B68B8
:10DE0000434A934235D10023BB61424B5B6C414A8C
:10DE100043F0010353643F4B5B6C03F00103BB61B0
:10DE2000BB6900237B613B4B1B6B3A4A43F01003F9
:10DE30001363384B1B6B03F010037B617B694FF45A
:10DE4000D443FB6102233B6200237B620323BB625A
:10DE50000123FB6207F11C0319462F48F5F70AFF5F
:10DE6000002205211B20F6F77CFB1B20F6F795FB13
:10DE70004AE07B681B68B3F1804F16D100233B61F9
:10DE8000244B1B6C234A43F001031364214B1B6C8E
:10DE900003F001033B613B69002205211C20F6F7DA
:10DEA00060FB1C20F6F779FB2EE07B681B681B4AA1
:10DEB00093420ED10023FB60164B1B6C154A43F0B6
:10DEC00002031364134B1B6C03F00203FB60FB683B
:10DED0001AE07B681B68124A934215D10023BB608D
:10DEE0000C4B1B6C0B4A43F004031364094B1B6C73
:10DEF00003F00403BB60BB68002205211E20F6F777
:10DF000030FB1E20F6F749FB00BF3037BD4680BD11
:10DF100000000140003802400010024000040040B0
:10DF20000008004080B588B000AF786007F10C03AE
:10DF300000221A605A609A60DA601A617B681B6876
:10DF4000124A93421DD10023BB60114B1B6B104A38
:10DF500043F0010313630E4B1B6B03F00103BB6023
:10DF6000BB68C023FB6002233B6100237B6100236D
:10DF7000BB610223FB6107F10C0319460548F5F765
:10DF800079FE00BF2037BD4680BD00BF00040040C1
:10DF9000003802400000024080B500AF114B124A29
:10DFA0001A60104B4FF4E1325A600E4B00229A6017
:10DFB0000C4B0022DA600B4B00221A61094B0C2239
:10DFC0005A61084B00229A61064B0022DA6105482B
:10DFD000F8F7A8FF0346002B01D0FDF71BF800BFA0
:10DFE00080BD00BF145400200010014080B582B0F5
:10DFF00000AF214B214A1A601F4B4FF416525A6052
:10E000001D4B00229A601C4B0022DA601A4B002242
:10E010001A61194B0C225A61174B00229A61164B58
:10E020000022DA611448F8F77DFF0346002B01D087
:10E03000FCF7F0FF00237B600F4B1B681B687B60C5
:10E040000D4B1B685B687B607B680B4B1B68DA6859
:10E05000094B1B6822F01002DA60094B0022A3F87A
:10E060003A22074B002283F83E22064B00229A7286
:10E0700000BF0837BD4680BD5C540020004400400E
:10E08000544B0020244B002080B500AF114B124AA6
:10E090001A60104B4FF4E1325A600E4B00229A6026
:10E0A0000C4B0022DA600B4B00221A61094B0C2248
:10E0B0005A61084B00229A61064B0022DA6105483A
:10E0C000F8F730FF0346002B01D0FCF7A3FF00BF99
:10E0D00080BD00BFA45400200014014080B58EB064
:10E0E00000AF786007F1240300221A605A609A603A
:10E0F000DA601A617B681B68574A934235D1002366
:10E100003B62564B5B6C554A43F010035364534BD0
:10E110005B6C03F010033B623B6A0023FB614F4BD7
:10E120001B6B4E4A43F0010313634C4B1B6B03F014
:10E130000103FB61FB694FF4C0637B620223BB6296
:10E140000123FB6203233B6307237B6307F1240363
:10E1500019464348F5F78EFD002205212520F6F7E4
:10E1600000FA2520F6F719FA72E07B681B683D4A31
:10E17000934234D10023BB61384B1B6C374A43F4C4
:10E1800000331364354B1B6C03F40033BB61BB6974
:10E1900000237B61314B1B6B304A43F00103136357
:10E1A0002E4B1B6B03F001037B617B690C237B62AD
:10E1B0000223BB620123FB6203233B6307237B63D0
:10E1C00007F1240319462648F5F754FD00220521DE
:10E1D0002620F6F7C6F92620F6F7DFF938E07B6847
:10E1E0001B68214A934233D100233B611B4B5B6C7C
:10E1F0001A4A43F020035364184B5B6C03F020036E
:10E200003B613B690023FB60144B1B6B134A43F0DB
:10E2100004031363114B1B6B03F00403FB60FB68E7
:10E22000C0237B620223BB620123FB6203233B63A7
:10E2300008237B6307F1240319460C48F5F71AFD00
:10E24000002205214720F6F78CF94720F6F7A5F9BB
:10E2500000BF3837BD4680BD001001400038024085
:10E260000000024000440040001401400008024049
:10E2700080B582B000AF78607B681B681D4A93420E
:10E280000ED11D4B5B6C1C4A23F0100353644FF4FA
:10E29000C0611A48F5F78AFE2520F6F78CF924E0CC
:10E2A0007B681B68164A93420DD1134B1B6C124AB4
:10E2B00023F4003313640C211048F5F777FE262071
:10E2C000F6F779F911E07B681B680E4A93420CD18E
:10E2D000094B5B6C084A23F020035364C0210A48B1
:10E2E000F5F764FE4720F6F766F900BF0837BD462C
:10E2F00080BD00BF00100140003802400000024015
:10E3000000440040001401400008024080B582B083
:10E3100000AF254B9B79DBB2012B02D0FFF766FEE5
:10E320003EE0224B224A1A60204B224A5A601F4B81
:10E3300000229A601D4B4FF40052DA601B4B002202
:10E340001A611A4B0C225A61184B00229A61174B22
:10E350000022DA611548F8F7E5FD0346002B01D0ED
:10E36000FCF758FE00237B60104B1B681B687B602A
:10E370000E4B1B685B687B607B680C4B1B68DA6824
:10E380000A4B1B6822F01002DA600B4B0022A3F844
:10E390003A22094B012283F83E22084B00229A724E
:10E3A0000837BD4680BD00BF044B00205C540020F0
:10E3B0000044004090D00300544B0020244B002028
:10E3C00080B500AF154B164A1A60144B154A5A60B7
:10E3D000124B00229A60114B4FF40052DA600F4B3F
:10E3E00000221A610D4B04225A610C4B00229A61E3
:10E3F0000A4B0022DA610948F8F794FD0346002B26
:10E4000001D0FCF707FE054B1B68DA68034B1B685D
:10E4100042F01002DA6000BF80BD00BF145400203B
:10E420000010014090D0030080B483B000AF0346D9
:10E43000FB71FB79092B03D8FB793033FB7102E0C8
:10E44000FB793733FB71FB7918460C37BD465DF815
:10E45000047B704780B582B000AF0023FB800023AF
:10E46000BB8000237B8000233B80754B01221A7008
:10E47000744BB3F83A325A1C91B2724AA2F83A126B
:10E480001946704B1A786F4B0B445A706D4B5B7882
:10E49000022B40F0CA806B4BB3F83A32062B36D1D0
:10E4A000684B9B78A52B04D1664B0B22A3F83C222A
:10E4B0002DE0644B9B78A92B04D1624B0922A3F871
:10E4C0003C2224E05F4B9B78A62B03D05D4B9B78CE
:10E4D000A72B15D15B4B5B79A3F1300213469B0050
:10E4E00013445B001A46574B9B79303B13449BB255
:10E4F0009B009BB209339AB2524BA3F83C2206E030
:10E50000504B0022A3F83A224D4B00221A704D4B7B
:10E51000B3F83A32082B40F28F804A4BB3F83A22D4
:10E52000484BB3F83C329A42C0F08680454BB3F872
:10E530003C32013B434A13445B78032B64D10123F3
:10E54000BB800AE0BB883F4A13445B781A46FB88CD
:10E550001344FB80BB880133BB80BA88394BB3F8C6
:10E560003C32033B9A42EDDBFB88DBB2FB80FB884D
:10E570001B099BB2DBB21846FFF756FF03463B80F0
:10E58000FB88DBB203F00F03DBB21846FFF74CFF4A
:10E5900003467B802B4BB3F83C32033B294A1344A0
:10E5A0005B781A463B88934220D1264BB3F83C3225
:10E5B000023B244A13445B781A467B88934215D168
:10E5C000214BDB79DBB2002B0CD11F4BDB7ADBB2AA
:10E5D000002B07D11C4B1B7BDBB2002B02D11A4B4B
:10E5E00001225A71164B00221A7008E0174B1B6863
:10E5F0009B680021184605F04FFE00F027FA114BEA
:10E600000022A3F83A2217E0104B1B689B680021F8
:10E61000184605F041FE00F019FA0A4B0022A3F853
:10E620003A22074B00221A7006E0064B0022A3F89C
:10E630003A22034B00221A7000BF0837BD4680BD46
:10E64000944D0020544B0020244B00200C0000204F
:10E6500080B582B000AF0023FB802D4B01225A71A0
:10E660002C4B93F813325A1CD1B22A4A82F8131257
:10E670001946284B93F80B22264B0B4483F80C22A7
:10E68000244B93F80C32012B34D1224B93F81332E4
:10E69000062B36D90521204800F0E8FB0346FB8015
:10E6A0001C4B93F811321A46FB88DBB29BB29A429C
:10E6B00018D1184B93F812321A46FB881B0A9BB2EA
:10E6C0009A420FD1134B93F80F321B02114A92F862
:10E6D0001022134407EE903AF8EEE77A0F4BC3EDA1
:10E6E000077A0EE00B4B002283F81322084B00221E
:10E6F0005A7106E0074B002283F81322044B0022D4
:10E700005A710023FB8000BF0837BD4680BD00BFA3
:10E71000944D0020544B0020864D0020344B0020A7
:10E7200080B485B000AF404B93F83E32002B56D0FA
:10E730003D4BB3F83A323D4A1278D2B293424ED9A9
:10E740003B4BDB7ADBB2002B49D1394BDB79DBB2B7
:10E75000002B44D1364B1B7BDBB2002B3FD1324B1D
:10E760005B78002B3BD1314B1B78DBB21A462E4B2A
:10E7700013445B7807EE903AF8EE677A9FED2D7AB6
:10E7800067EE877AC7ED037AD7ED037A9FED2A7A91
:10E79000F4EEC77AF1EE10FA01DD284BFB60D7EDFD
:10E7A000037AFCEEE77AC7ED017A3B79DAB2244BC3
:10E7B0005A70D7ED037ADFED206A87EEA67A1B4BFD
:10E7C0009B8A9BB207EE903AF8EE677A67EE277A5B
:10E7D000FCEEE77A17EE903A9AB2194B1A83124B75
:10E7E0000022A3F83A22104B012283F83E22104B5C
:10E7F000DB7ADBB2002B0DD10D4BDB79DBB2002BCA
:10E8000008D10B4B1B7BDBB2002B03D1084B012241
:10E810009A7203E0064B00229A7200BF00BF1437C1
:10E82000BD465DF8047B7047544B0020044B00202C
:10E83000244B0020355ECA3E0000C8420000C8429A
:10E84000344B002080B400AF1A4B9B79DBB2012B14
:10E8500028D1194B93F83E3283F00103DBB2002B31
:10E8600022D1154BB3F83A32B3F5007F0ED8124BD4
:10E87000B3F83A325A1C91B20F4AA2F83A1219462A
:10E880000D4B1A780C4B0B445A700EE00A4B0022C9
:10E89000A3F83A22084B002283F83E22074B0022BD
:10E8A0009A7202E000BF00E000BFBD465DF8047B45
:10E8B000704700BF044B0020544B0020244B002025
:10E8C00080B582B000AF78607B681B681F4A9342B6
:10E8D00013D11F4B9B79DBB2022B07D100F0B8FE9E
:10E8E00001221C491C48F8F72AFC06E004F0D4FF7A
:10E8F00001221A491848F8F722FC7B681B68184A5D
:10E90000934213D1174B1B78184600F06BF8104B4D
:10E910009B79DBB2012B02D1FFF794FF01E0FFF7F7
:10E9200099FD01220F491048F8F709FC7B681B6824
:10E930000E4A934206D1FFF78BFE01220C490D4887
:10E94000F8F7FDFB00BF0837BD4680BD0010014051
:10E95000044B00203C550020145400207457002024
:10E9600000440040544B00205C540020001401403F
:10E970005F4D0020A454002080B582B000AF7860C5
:10E980007B681B68104A93420AD1104B9B79DBB21B
:10E99000022B05D101220E490E48F8F7D0FB0EE0FC
:10E9A0007B681B680C4A934209D1084B9B79DBB208
:10E9B000012B04D1012209490948F8F7C0FB00BF27
:10E9C0000837BD4680BD00BF00100140044B002049
:10E9D0003C5500201454002000440040544B0020BB
:10E9E0005C54002080B483B000AF0346FB71144B2D
:10E9F0001B781A46134B9B5CFA799A4210D1104B44
:10EA00001B780133DAB20E4B1A700D4B1B781F2B9B
:10EA10000FD90D4B01221A70094B00221A7008E021
:10EA20005022FB79934201D1012200E00022044BE5
:10EA30001A7000BF0C37BD465DF8047B704700BFFD
:10EA4000EC540020C45002081054002080B500AFE0
:10EA50001D4B022283F814221B4B062283F8152239
:10EA6000194B152283F81622184B1B78DAB2164B75
:10EA700083F81722154B1B78DBB215335A42DBB2F1
:10EA8000D2B258BF5342DAB20F4B83F818220E4B62
:10EA9000032283F819220D4B9B79DBB2032B06D09E
:10EAA000642306220A490B48F8F7BEFA0AE0074B2E
:10EAB0009B79DBB2032B05D1642306220449064867
:10EAC000F8F7B2FA00BF80BD544B0020044B002081
:10EAD000684D00205C5400201454002080B582B0A2
:10EAE00000AF0023FB80AF4B022283F81A22AD4B0C
:10EAF000A92283F81B22AB4B322283F81C22AA4B9B
:10EB00001B79DBB2062B2AD801A252F823F000BFF2
:10EB10002DEB01082DEB010837EB010841EB010853
:10EB200041EB01084BEB010855EB01089D4B3322EB
:10EB300083F81D2218E09B4B352283F81D2213E039
:10EB4000984B342283F81D220EE0964B362283F830
:10EB50001D2209E0934B372283F81D2204E0914BDC
:10EB6000302283F81D2200BF8F4B1B78DBB28F4A07
:10EB7000A2FB0323DB08DBB23033DAB2894B83F824
:10EB80001E22894B1B78DAB2884BA3FB0213D908EB
:10EB90000B469B000B445B00D31ADBB23033DAB276
:10EBA000804B83F81F22824B5B78DBB2814AA2FB49
:10EBB00003235B09DBB23033DAB27A4B83F82022CD
:10EBC0007B4B5B78DBB2794AA2FB0323DB08DAB22A
:10EBD000764BA3FB0213D9080B469B000B445B004A
:10EBE000D31ADBB23033DAB26E4B83F82122704B8A
:10EBF0005B78DAB26D4BA3FB0213D9080B469B007E
:10EC00000B445B00D31ADBB23033DAB2654B83F8C6
:10EC10002222644B302283F82322654BDB889BB28F
:10EC2000644AA2FB03235B099BB2DBB23033DAB246
:10EC30005C4B83F824225E4BDB889BB25B4AA2FBD1
:10EC40000323DB089AB2594BA3FB0213D9080B46E6
:10EC50009B000B445B00D31A9BB2DBB23033DAB2B9
:10EC6000504B83F82522524BDB889AB24F4BA3FBC3
:10EC70000213D9080B469B000B445B00D31A9BB2CE
:10EC8000DBB23033DAB2474B83F82622484B1B8A7B
:10EC90009BB2494AA2FB03239B099BB2DBB23033F0
:10ECA000DAB2404B83F82722414B1B8A9BB2414A80
:10ECB000A2FB03235B099AB23C4BA3FB0213D908C6
:10ECC0000B469B000B445B00D31A9BB2DBB2303384
:10ECD000DAB2344B83F82822354B1B8A9BB2334A75
:10ECE000A2FB0323DB089AB2304BA3FB0213D90823
:10ECF0000B469B000B445B00D31A9BB2DBB2303354
:10ED0000DAB2284B83F82922294B1B8A9AB2274B67
:10ED1000A3FB0213D9080B469B000B445B00D31ADC
:10ED20009BB2DBB23033DAB21E4B83F82A22204B7F
:10ED3000D3ED077AFCEEE77A17EE903A9BB21B4AC6
:10ED4000A2FB0323DB089BB2DBB23033DAB2154BF4
:10ED500083F82B22164BD3ED077AFCEEE77A17EEF9
:10ED6000903A9AB2114BA3FB0213D9080B469B00B1
:10ED70000B445B00D31A9BB2DBB23033DAB2094BDF
:10ED800083F82C22074B302283F82D22084B1B7866
:10ED9000DBB23033DAB2034B83F82E220123BB807F
:10EDA00018E000BF544B0020044B0020CDCCCCCC4D
:10EDB000344B00201F85EB51D34D6210BB88264A8F
:10EDC000134493F81A321A46FB881344FB80BB881D
:10EDD0000133BB80BB88142BF0D9FB88DBB2FB80EE
:10EDE000FB881B099BB2DBB21846FFF71DFB0346ED
:10EDF0007B80FB88DBB203F00F03DBB21846FFF722
:10EE000013FB03463B807B88DAB2134B83F82F2237
:10EE10003B88DAB2104B83F830220F4B032283F881
:10EE200031220E4B9B79DBB2032B06D064231822D0
:10EE30000B490C48F8F7F8F80AE0084B9B79DBB26D
:10EE4000032B05D16423182205490748F8F7ECF88D
:10EE500000BF0837BD4680BD544B0020044B002046
:10EE60006E4D00205C5400201454002080B485B006
:10EE700000AF78600B46FB704FF6FF73FB810023F9
:10EE80007B730023BB601EE07B685A1C7A601B7892
:10EE90001A46FB895340FB8100237B7310E0FB89FA
:10EEA00003F00103BB60FB895B08FB810C4ABB6874
:10EEB00032F81320FB895340FB817B7B01337B734A
:10EEC0007B7B072BEBD9FB785A1EFA70002BDBD12A
:10EED000FB8918461437BD465DF8047B704700BFB8
:10EEE0005454020880B584B000AF0346FB80002371
:10EEF000FB811D4B012283F832221B4B062283F833
:10EF00003322194B002283F83422174B002283F856
:10EF10003522FB881B0A9BB2DAB2134B83F83622E8
:10EF2000FB88DAB2104B83F8372206210F48FFF72F
:10EF30009DFF0346FB81FB89DAB20B4B83F8382235
:10EF4000FB891B0A9BB2DAB2074B83F83922642390
:10EF5000082206490648F8F767F80023FB8100BF3E
:10EF60001037BD4680BD00BF544B0020864D0020A9
:10EF7000A454002080B500AF134B012283F8322245
:10EF8000114B032283F833220F4B002283F83422E3
:10EF90000D4B082283F835220B4B002283F83622D2
:10EFA000094B012283F83722074B052283F83822C8
:10EFB000054BC82283F839226423082203490448F8
:10EFC000F8F732F800BF80BD544B0020864D00207A
:10EFD000A454002080B584B000AF0346FB71002329
:10EFE000FB811B4B012283F83222194B062283F846
:10EFF0003322174B002283F83422154B062283F864
:10F000003522134B002283F83622114AFB7982F80D
:10F01000373206210F48FFF729FF0346FB81FB89A2
:10F02000DAB20B4B83F83822FB891B0A9BB2DAB2A7
:10F03000074B83F839226423082206490648F7F76C
:10F04000F3FF0023FB8100BF1037BD4680BD00BF2A
:10F05000544B0020864D0020A454002080B400AF03
:10F0600000BFFDE780B400AF00BFFDE780B400AF94
:10F0700000BFFDE780B400AF00BFFDE780B400AF84
:10F0800000BFFDE780B400AF00BFBD465DF8047B64
:10F090007047000080B500AF0248F2F751FD00BF95
:10F0A00080BD00BFF052002080B500AF0248F2F7EB
:10F0B00047FD00BF80BD00BF3853002080B500AFC2
:10F0C0000248F2F73DFD00BF80BD00BFC8530020DD
:10F0D00080B500AF0248F5F75CFC00BF80BD00BF03
:10F0E0009451002080B500AF0248F5F7C3FD00BF82
:10F0F00080BD00BF9451002080B582B000AF1B4B93
:10F100009B79DBB2022B2BD1194B1B681B687B60F0
:10F110007B6803F01003002B05D0154B1B685B6860
:10F1200000F000FA1FE07B6803F00203002B17D009
:10F130007B6803F02003002B12D00D4B202283F8B4
:10F1400042200B4B002283F84020094B1B685B6870
:10F1500000F0E8F9012207490548F7F7F0FF02E05F
:10F160000348F8F711F80837BD4680BD044B00206E
:10F17000145400203C55002080B582B000AF164BDF
:10F180009B79DBB2012B20D1144B1B681B687B6081
:10F190007B6803F00203002B17D07B6803F0200389
:10F1A000002B12D00D4B202283F842200B4B002263
:10F1B00083F84020094B1B685B68FFF7B1FA012216
:10F1C00007490648F7F7BBFF02E00448F7F7DCFF02
:10F1D0000837BD4680BD00BF044B00205C540020B2
:10F1E000544B002080B500AF0248F2F7A9FC00BFE5
:10F1F00080BD00BFF054002080B500AF0248F7F793
:10F20000C3FF00BF80BD00BFA454002080B582B002
:10F2100000AF00237B60124B5B6C114A43F48043C8
:10F2200053640F4B5B6C03F480437B607B6800236B
:10F230003B600B4B1B6C0A4A43F080531364084B32
:10F240001B6C03F080533B603B6800220F216FF082
:10F250000100F5F786F900BF0837BD4680BD00BF45
:10F260000038024080B58EB000AF78600023FB62AA
:10F270000023BB620023FB60334B1B6C324A43F01C
:10F2800010031364304B1B6C03F01003FB60FB682E
:10F2900007F1100207F1140311461846F4F7B8FC01
:10F2A0003B6AFB62FB6A002B03D1F4F789FC7863AD
:10F2B00004E0F4F785FC03465B007B637B6B234A29
:10F2C000A2FB03239B0C013BBB62214B214A1A602A
:10F2D0001F4B40F2E732DA601D4ABB6A53601C4B99
:10F2E00000221A611A4B00229A60194B00229A617F
:10F2F0001748F2F7C1F8034687F8333097F83330F0
:10F30000002B1BD11248F2F707F9034687F8333078
:10F3100097F83330002B11D13620F5F73EF97B6892
:10F320000F2B08D8002279683620F5F71AF90A4A17
:10F330007B68136002E0012387F8333097F833309D
:10F3400018463837BD4680BD0038024083DE1B4377
:10F35000F0540020001000406000002080B586B00E
:10F3600000AF7860144A154BD31A7B617B693B610F
:10F37000134B1B68002B02D1114B124A1A60104B21
:10F380001A687B6813443A699A4207D205F006F975
:10F3900003460C221A604FF0FF3309E0084B1B684C
:10F3A000FB60074B1A687B681344054A1360FB68CF
:10F3B00018461837BD4680BD00000220000400003A
:10F3C00038550020585D002080B586B000AFF86049
:10F3D000B9607A6000237B610AE0AFF300800146E8
:10F3E000BB685A1CBA60CAB21A707B6901337B6170
:10F3F0007A697B689A42F0DB7B6818461837BD460D
:10F4000080BD80B586B000AFF860B9607A60002337
:10F410007B6109E0BB685A1CBA601B781846FBF791
:10F420009DFA7B6901337B617A697B689A42F1DBE3
:10F430007B6818461837BD4680BD80B483B000AFE6
:10F4400078604FF0FF3318460C37BD465DF8047BFB
:10F45000704780B483B000AF786039603B684FF488
:10F4600000525A60002318460C37BD465DF8047BF5
:10F47000704780B483B000AF7860012318460C3722
:10F48000BD465DF8047B704780B485B000AFF8607E
:10F49000B9607A60002318461437BD465DF8047BD6
:10F4A00070470000DFF834D0F1F7D0FF0C480D4969
:10F4B0000D4A002302E0D458C4500433C4188C42CF
:10F4C000F9D30A4A0A4C002301E013600432A24235
:10F4D000FBD3F1F7E1FDFBF759FA7047000002207A
:10F4E0000000002088000020E07E02088800002044
:10F4F000585D0020FEE7000080B500AF064B0022FB
:10F500001A80064B01221A70054B00229A7200F0F5
:10F5100011F900BF80BD00BF4257002044570020B2
:10F52000244B002080B584B000AF404B1B78012BEA
:10F5300001D100F0C7F83D4B1B78012B55D13C4B56
:10F540001B78DBB21A463B4B1B889A424DD23A4B92
:10F55000DB7ADBB2002B48D1374BDB79DBB2002BF7
:10F5600043D1354B1B7BDBB2002B3ED1334B1B7899
:10F57000002B3AD12E4B1B78DBB21A462F4B9B5CEB
:10F5800007EE903AF8EE677A9FED2D7A67EE877A6C
:10F59000C7ED037AD7ED037A9FED2A7AF4EEC77AA6
:10F5A000F1EE10FA01DD284BFB60D7ED037AFCEE9B
:10F5B000E77AC7ED017A3B79DAB2244B5A70D7ED7E
:10F5C000037ADFED206A87EEA67A194B9B8A9BB2FD
:10F5D00007EE903AF8EE677A67EE277AFCEEE77A64
:10F5E00017EE903A9AB2194B1A83124B00221A80E6
:10F5F0000E4B01221A70104BDB7ADBB2002B0DD1BF
:10F600000D4BDB79DBB2002B08D10B4B1B7BDBB244
:10F61000002B03D1084B01229A7203E0064B002213
:10F620009A7200BF00BF1037BD4680BD445700200E
:10F63000044B002042570020244B0020405500205E
:10F64000355ECA3E0000C8420000C842344B00206C
:10F6500080B400AF154B9B79DBB2022B1ED1144B4B
:10F660001B78002B1CD0134B1B88B3F5007F0BD8E5
:10F67000104B1B885A1C91B20E4A11801A460E4B31
:10F6800019780E4B99540CE00A4B00221A80084B53
:10F6900000221A700A4B00229A7202E000BF00E0BA
:10F6A00000BFBD465DF8047B704700BF044B0020DF
:10F6B00044570020425700203C5500204055002070
:10F6C000244B002080B483B000AF164B1B88202B46
:10F6D0001DD9154B1B78F92B19D9134B1B78FA2B15
:10F6E00017D10023FB800BE0FB8801330E4AD25C6C
:10F6F000FB880E49CB5C9A420DD1FB880133FB801D
:10F70000FB881F2BF0D90A4B01221A7004E000BFBE
:10F7100002E000BF00E000BF0C37BD465DF8047B8F
:10F72000704700BF4257002040550020E8500208B3
:10F730001054002080B586B000AF3B1D00221A6037
:10F740005A609A60DA601A614FF400637B600023AC
:10F75000BB600023FB603B1D19461048F4F78AFA92
:10F760000F4B00221A704FF400610C48F4F71AFD99
:10F7700003461A460B4B1A70F4F766FF03460A4A13
:10F7800013600A4B00221A60094B00221A60094BD1
:10F7900001221A7000BF1837BD4680BD000002402C
:10F7A0004557002046570020485700204C5700205E
:10F7B000505700205457002080B485B000AFF86047
:10F7C000B9607A60FA68BB689A4205D3FA687B68C8
:10F7D0009A4201D8012300E0002318461437BD46A1
:10F7E0005DF8047B7047000080B500AF194B1B68C3
:10F7F000B4223C211846FFF7DFFF0346002B0DD053
:10F80000154B1B68B4223C211846FFF7D5FF034671
:10F81000002B03D0114B02221A7018E00D4B1B680D
:10F82000B4223C211846FFF7C7FF0346002B0ED039
:10F83000094B1B6840F27E4240F28A211846FFF7CE
:10F84000BBFF0346002B02D0044B03221A7000BFFB
:10F8500080BD00BF505700204C5700204557002066
:10F8600080B584B000AF2B4B9B79DAB22A4B1B7862
:10F870009A4207D0294B00221A70264B9B79DAB2A4
:10F88000254B1A70234B9B79DBB2022B3DD1234BC6
:10F890001B78002B01D1FFF74DFFF4F7D5FEF86080
:10F8A0004FF400611E48F4F77DFC0346FB721D4BCC
:10F8B0001B78FA7A9A4218D01B4B1B68FA68D31A45
:10F8C0007B60184B1B78012B03D1184A7B681360AF
:10F8D00002E0174A7B681360124AFB7A1370124ADF
:10F8E000FB681360FFF780FF10E00F4B1B68FA689E
:10F8F000D31AB3F5966F09D3FB7A012B01D10422F9
:10F9000000E001220B4B1A7000E000BF1037BD462B
:10F9100080BD00BF044B00206C0000205457002025
:10F920000000024046570020485700204C57002056
:10F93000505700204557002080B400AF0E4B1B7875
:10F94000013B032B12D801A252F823F05DF9010804
:10F9500061F9010865F9010869F90108074B06E03A
:10F96000074B04E0074B02E0074B00E0074B18464B
:10F97000BD465DF8047B7047455700200C510208D6
:10F980001051020814510208185102081C510208B3
:10F9900080B400AF00231846BD465DF8047B704775
:10F9A00080B582B000AF0346FB71F91D0A23012226
:10F9B0000348F6F76FFD002318460837BD4680BDA3
:10F9C0009852002080B582B000AF78607868F4F774
:10F9D00047FE00BF0837BD4680BD000080B485B03B
:10F9E00000AFF860084611461A4603467B810B4675
:10F9F0003B811346FB80234B00221A60214AFB689F
:10FA00001360204A7B8913811E4A3B8953811D4A1A
:10FA10003B8B93811B4B0222DA827B8903F0070325
:10FA20009BB2002B03D17B89DB089BB204E07B896E
:10FA3000DB089BB201339BB2124A5382114A3B89C5
:10FA40009382104AFB88D3810E4B00221A82FB88D6
:10FA5000002B02D0FB88B42B06D10A4A7B89938005
:10FA6000084A3B89D38006E0064A3B899380054AD1
:10FA70007B89D38000BF00BF1437BD465DF8047B8F
:10FA8000704700BF5857002080B483B000AF786043
:10FA9000044A7B68136000BF0C37BD465DF8047BE9
:10FAA000704700BF5857002080B48BB000AF0346AA
:10FAB000FB800B46BB8013467B809B4B9B88FA8860
:10FAC0009A4200F25281984BDB88BA889A4200F23F
:10FAD0004C81954BDB89B3F5877F2BD0B3F5877FBE
:10FAE00000F34581B42B16D0B42B00F34081002BDA
:10FAF00002D05A2B05D03AE1FB88FB84BB88BB843B
:10FB000022E0894B1A89BB88D31A9BB2013BFB8444
:10FB1000FB88BB8418E0844B1A89FB88D31A9BB2FC
:10FB2000013BFB84804B5A89BB88D31A9BB2013BB3
:10FB3000BB8409E0BB88FB847B4B5A89FB88D31AC2
:10FB40009BB2013BBB8400BF774B1B8A032B00F2A7
:10FB5000108101A252F823F0A7FB010869FB0108FC
:10FB600079FB010889FB01086F4B1A89FB8CD31ABA
:10FB70009BB2013BFB8417E06B4B5A89BB8CD31AB9
:10FB80009BB2013BBB840FE0674B1A89FB8CD31AF5
:10FB90009BB2013BFB84644B5A89BB8CD31A9BB24A
:10FBA000013BBB8400E000BF5F4B1B89FA8C9A428B
:10FBB00000F2E1805C4B5B89BA8C9A4200F2DB80F8
:10FBC000594BDB8A022B38D1FB8CDB089BB21946E0
:10FBD000BB8C554A528A02FB03F30B44FB60524B29
:10FBE0001A68FB6813441B78FB727B88002B12D1C8
:10FBF000FB8C03F007036FF0800242FA03F35AB262
:10FC000097F90B30134059B2474B1A68FB681344FD
:10FC1000CAB21A70B0E0FB8C03F00703802242FAEC
:10FC200003F35AB297F90B30134359B23E4B1A689B
:10FC3000FB681344CAB21A709EE03B4BDB8A042B6C
:10FC400036D1FB8C9B089BB21946BB8C364A528A34
:10FC500002FB03F30B447B617B8803F003037B808F
:10FC6000314B1A687B6913441B78FB74FB8C03F0DF
:10FC700003035B006FF0C00242FA03F35AB297F934
:10FC8000133013405BB2FB747B889A01FB8C03F04A
:10FC900003035B0042FA03F35AB297F9133013439C
:10FCA00059B2214B1A687B691344CAB21A7063E0D7
:10FCB0001D4BDB8A102B39D1FB8C5B089BB219469C
:10FCC000BB8C194A528A02FB03F30B44FB61164BAF
:10FCD0001A68FB6913441B78FB767B8803F00F03DB
:10FCE0007B80FB8C03F001039B006FF0F00242FA73
:10FCF00003F35AB297F91B3013405BB2FB767B8853
:10FD00001A01FB8C03F001039B0042FA03F35AB281
:10FD100097F91B30134359B2034B1A68FB6913441C
:10FD2000CAB21A7028E000BF58570020154BDB8A72
:10FD3000412B21D1FB8C5A00BB8C1249498A01FB13
:10FD400003F313443B627B881B0A99B20D4B1A687C
:10FD50003B6A1344CAB21A700A4B1A683B6A0133F1
:10FD600013447A88D2B21A7006E000BF04E000BFE4
:10FD700002E000BF00E000BF2C37BD465DF8047B09
:10FD8000704700BF5857002080B489B000AF0346C9
:10FD9000FB80524BDB8A022B03D0504BDB8A042BB7
:10FDA00025D10023FB831CE00023BB8311E0BA8B29
:10FDB000FB8B4A49498A01FB03F31344BB60474B61
:10FDC0001A68BB681344FA88D2B21A70BB8B01332D
:10FDD000BB83424B5B8ABA8B9A42E8D3FB8B0133DD
:10FDE000FB833E4B9B8AFA8B9A42DDD36FE03B4B01
:10FDF000DB8A102B30D100237B8327E000233B8359
:10FE00001CE03A8B7B8B3549498A01FB03F3134491
:10FE1000FB60FB8803F00F03FB80FB885BB21B01D8
:10FE20005AB2FB885BB2134359B22C4B1A68FB6879
:10FE30001344CAB21A703B8B01333B83274B5B8A56
:10FE40003A8B9A42DDD37B8B01337B83234B9B8A96
:10FE50007A8B9A42D2D33AE0204BDB8A412B36D1BF
:10FE60000023FB822DE00023BB8222E0BB8A5A00E4
:10FE7000FB8A1A49498A01FB03F313443B61FB885F
:10FE80001B0A9BB2DAB2154B19683B690B4402F0AE
:10FE90000F02D2B21A70FB88DAB2104B19683B69B4
:10FEA00001330B4402F00F02D2B21A70BB8A013345
:10FEB000BB820A4B5B8ABA8A9A42D7D3FB8A013348
:10FEC000FB82064B9B8AFA8A9A42CCD3FFE700BF9B
:10FED0002437BD465DF8047B704700BF58570020AB
:10FEE00090B585B000AF0446084611461A46234631
:10FEF000FB800346BB800B467B8013467B70424BE6
:10FF00009B88FA889A427AD83F4BDB88BA889A4213
:10FF100075D897F82030012B44D10023FB8139E0BC
:10FF20000023BB8129E0FA88B7F90E301A447B78A8
:10FF3000D31A002B28DBBA88B7F90C301A447B7827
:10FF4000D31A002B20DBFA89FB8813449AB27B7802
:10FF50009BB2D31A98B2BA89BB8813449AB27B7801
:10FF60009BB2D31A9BB27A881946FFF79DFDB7F969
:10FF70000C309BB201339BB2BB81B7F90C207B786C
:10FF80005B00013B9A42CEDBB7F90E309BB20133E6
:10FF90009BB2FB81B7F90E207B785B00013B9A4254
:10FFA000BEDB2DE00023FB8123E00023BB8115E0B5
:10FFB000FA89FB8813449BB2013B98B2BA89BB888B
:10FFC00013449BB2013B9BB27A881946FFF76CFD44
:10FFD000B7F90C309BB201339BB2BB81B7F90C204F
:10FFE0007B789A42E4DBB7F90E309BB201339BB2C7
:10FFF000FB81B7F90E207B789A42D6DB00E000BF88
:020000040802F0
:100000001437BD4690BD00BF5857002090B58DB045
:1000100002AF0446084611461A462346FB800346B3
:10002000BB800B467B8013463B80534B9B88FA88F2
:100030009A4200F29880504BDB88BA889A4200F2CC
:1000400092804D4B9B887A889A4200F28C804A4B72
:10005000DB883A889A4200F28680FB88FB84BB8862
:10006000BB847A88FB88D31A002BB8BF5B42BB6184
:100070003A88BB88D31A002BB8BF5B425B427B61D6
:10008000FA887B889A4201D2012301E04FF0FF33C6
:100090003B61BA883B889A4201D2012301E04FF0CC
:1000A000FF33FB60BA697B6913443B620023FB7733
:1000B000FB7F0133FB7797F84030012B25D1FA7F86
:1000C0002E4BA3FB021359080B465B000B44D31ABB
:1000D000DBB2002B19D13B8F002B09D097F83C30B5
:1000E000B98CF88C012200920022FFF7F9FE09E09A
:1000F00097F83C30B98CF88C012200924FF6FF72D1
:10010000FFF7EEFE0023FB7708E097F83C303A8FCC
:10011000B98CF88C01240094FFF7E2FE3B6A5B0087
:100120007A699A420CDCFA8C7B889A421DD03A6A32
:100130007B6913443B623B699AB2FB8C1344FB849A
:100140003B6A5B00BA699A42B2DBBA8C3B889A423E
:100150000DD03A6ABB6913443B62FB689AB2BB8C10
:100160001344BB84A4E700BF02E000BF00E000BF6F
:100170002C37BD4690BD00BF58570020ABAAAAAA95
:1001800090B589B004AF0446084611461A46234686
:10019000FB800346BB800B467B8013463B80374B7E
:1001A0009B88FA889A4264D8344BDB88BA889A4292
:1001B0005FD8324B9B887A889A425AD82F4BDB887B
:1001C0003A889A4255D897F82830002B18D0BB8827
:1001D000FB8110E0FC897A88F989F8880023029372
:1001E00097F8243001933B8C00932346FFF70EFFD2
:1001F000FB890133FB81FA893B889A42EAD339E0D3
:10020000BC887A88B988F8880023029397F824304C
:1002100001933B8C00932346FFF7F8FE3C88FA8855
:10022000B988F8880023029397F8243001933B8C17
:1002300000932346FFF7EAFEBC887A8839887888DD
:100240000023029397F8243001933B8C00932346BC
:10025000FFF7DCFE3C88FA8839887888002302930F
:1002600097F8243001933B8C00932346FFF7CEFE92
:1002700000E000BF1437BD4690BD00BF58570020B6
:1002800080B588B000AF7B600346FB810B46BB8125
:100290001346FB724D4B9B88FA899A4200F291807B
:1002A0004A4BDB88BA899A4200F28B80FB7A203B6A
:1002B0007A68D28802FB03F37A689288D20892B2F5
:1002C00011467A68928802F0070292B2002A14BF9F
:1002D00001220022D2B20A4402FB03F37B617B6855
:1002E0001A687B691344BB610023FB8363E000232E
:1002F000BB834EE0BB8D4FF6FF72934218D1BB69B2
:100300001B781946BB8B03F00703802242FA03F3E4
:100310000B40002B31D0FA89BB8B134498B2BA89B9
:10032000FB8B13449BB23A8D1946FFF7BDFB24E0CB
:10033000BB691B781946BB8B03F00703802242FA86
:1003400003F30B40002B0CD0FA89BB8B134498B2FB
:10035000BA89FB8B13449BB23A8D1946FFF7A4FB75
:100360000BE0FA89BB8B134498B2BA89FB8B134418
:100370009BB2BA8D1946FFF797FBBB8B03F00703BF
:100380009BB2072B02D1BB690133BB61BB8B01332D
:10039000BB837B689B88BA8B9A42ABD37B689B8874
:1003A00003F007039BB2002B02D0BB690133BB6192
:1003B000FB8B0133FB837B68DB88FA8B9A4296D3F5
:1003C00000E000BF2037BD4680BD00BF5857002069
:1003D00080B588B002AFBA607B600346FB810B46F4
:1003E000BB81FB89FB82BB89BB82214B9B88FA893D
:1003F0009A4238D81E4BDB88BA899A4233D82DE00E
:10040000FB8A7A6892881344194A9288934206DDDF
:10041000FB89FB827B68DA88BB8A1344BB82BB8A78
:100420007A68D2881344124AD288934203DDFB894A
:10043000FB82BB89BB82BB681A78B98AF88A3B8C7D
:100440000193BB8C00937B68FFF71AFFBB680133F5
:10045000BB607B689A88FB8A1344FB82BB681B786D
:10046000002BCDD100E000BF1837BD4680BD00BFD6
:100470005857002090B5ADF50F7D02AF04460846F1
:1004800007F1100101ED020B07F50C71A1F50871E0
:100490000A60194607F50C73A3F21A2322461A8044
:1004A00007F50C73A3F5077302461A8007F50C7362
:1004B000A3F22A230A461A800023A7F82E3200232B
:1004C000A7F82C3207F50C73A3F58A731846FF239F
:1004D0001A460021F0F734FD07F50C73A3F50573F8
:1004E0001846FF231A460021F0F72AFD07F58E7300
:1004F000C7F81C3207F1100353E90201F0F796F92F
:100500000346C7F82832944B9B8807F50C72A2F279
:100510001A2212889A4200F21A818F4BDB8807F563
:100520000C72A2F5077212889A4200F2108107F548
:100530000C73A3F22A231B88002B7DD0D7F8280246
:10054000F0F70AF902460B4607F1100151E90201E2
:10055000EFF7B4FF02460B4610461946F0F7AEF926
:100560000346C7F8243207F50C73A3F22A231B882D
:1005700087F823320CE0D7ED897AB2EE047A67EE81
:10058000877AC7ED897A97F82332013B87F82332BF
:1005900097F82332002BEED1D7ED897AFDEEE77A7A
:1005A00017EE903AC7F8283207F50C73A3F22A2306
:1005B0001B8887F823322CE0D7F82822674B83FB6F
:1005C00002139910D317C91A0B469B000B445B000A
:1005D000D11ACAB2B7F92E323032D1B207F50C7245
:1005E000A2F50572D154B7F92E329BB201339BB2FA
:1005F000A7F82E32D7F82832584A82FB03129210FD
:10060000DB17D31AC7F8283297F82332013B87F853
:10061000233297F82332002BCED1B7F92E3207F5CB
:100620000C72A2F505722E21D154B7F92E329BB26D
:1006300001339BB2A7F82E3207F1100353E90201F0
:10064000F0F7F4F80346C7F8283227E0D7F8282255
:10065000424B83FB02139910D317C91A0B469B0018
:100660000B445B00D11ACAB2B7F92E323032D1B284
:1006700007F50C72A2F50572D154B7F92E329BB270
:1006800001339BB2A7F82E32D7F82832334A82FBC7
:1006900003129210DB17D31AC7F82832D7F8283282
:1006A000002BD3D107F1100353E90201F0F7E6F86C
:1006B0000346DBB2002B2CD1B7F92E3207F50C72B2
:1006C000A2F505723021D154B7F92E329BB2013315
:1006D0009BB2A7F82E321CE0B7F92E325A1EB7F99A
:1006E0002C3207F50C71A1F50571895C07F50C72C8
:1006F000A2F58A72D154B7F92C329BB201339BB266
:10070000A7F82C32B7F92E329BB2013B9BB2A7F867
:100710002E32B7F92E32002BDEDC07F50C73A3F571
:10072000087307F50C72A2F50772118807F50C72B1
:10073000A2F21A221088B7F840220192B7F8442298
:1007400000921B68D7F81C22FFF742FE00E000BFB2
:1007500007F50D77BD4690BD585700206766666661
:1007600080B500AF01224FF480510D48F3F732FD00
:100770006420FFF727F900224FF480510848F3F76F
:1007800029FD6420FFF71EF901224FF4805104482F
:10079000F3F720FD6420FFF715F900BF80BD00BF0F
:1007A0000000024080B582B000AF0346FB7100221A
:1007B0004FF400410A48F3F70DFD002201210948DA
:1007C000F3F708FDFB791846FFF7EAF8012201214B
:1007D0000448F3F7FFFC00BF0837BD4680BD00BFEB
:1007E00000000240000C024080B582B000AF03461A
:1007F000FB7101224FF400410A48F3F7EBFC0022A1
:1008000001210948F3F7E6FCFB791846FFF7C8F821
:10081000012201210448F3F7DDFC00BF0837BD4683
:1008200080BD00BF00000240000C024080B500AF58
:10083000AE20FFF7B7FF0020FFF7B4FF1020FFF74F
:10084000B1FFB020FFF7AEFFDC20FFF7ABFF0020C9
:10085000FFF7A8FF8120FFF7A5FF6F20FFF7A2FF9A
:100860002120FFF79FFFA020FFF79CFFC020FFF78C
:1008700099FFA420FFF796FFA620FFF793FFA8207B
:10088000FFF790FF3F20FFF78DFFD320FFF78AFF90
:100890006020FFF787FFD520FFF784FF4120FFF797
:1008A00081FFD920FFF77EFF2220FFF77BFFDB20AF
:1008B000FFF778FF3520FFF775FFAD20FFF772FFD8
:1008C0008A20FFF76FFF00BF80BD80B500AFFFF744
:1008D00047FFFFF7ABFFC820FFF774F8AF20FFF723
:1008E00061FF00BF80BD80B584B000AF10237B8165
:1008F00040233B81B020FFF755FF0023FB8124E01C
:10090000FB89C3F13F03FB80FB88DBB203F00F03DD
:10091000DBB21846FFF746FFFB881B099BB2DBB230
:100920001033DBB21846FFF73DFF0023BB8105E023
:100930000020FFF759FFBB890133BB81BA897B894E
:100940009A42F5D3FB890133FB81FA893B899A42AC
:10095000D6D300BF00BF1037BD4680BD80B483B082
:1009600000AF0346FB7197F907305B005BB223F0E1
:1009700055035AB2FB795B105BB203F055035BB2CF
:1009800013435BB2FB7197F907309B005BB223F016
:1009900033035AB2FB799B105BB203F033035BB2B3
:1009A00013435BB2FB7197F907301B015AB2FB7915
:1009B0001B09DBB25BB213435BB2FB71FB791846D8
:1009C0000C37BD465DF8047B704780B586B000AF3C
:1009D000786010237B8240233B82B020FFF7E2FE49
:1009E0000023FB8238E0FB8AC3F13F03FB81FB89D4
:1009F000DBB203F00F03DBB21846FFF7D3FEFB892F
:100A00001B099BB2DBB21033DBB21846FFF7CAFEFC
:100A10000023BB8219E0BA8AFB8A798A01FB03F3BF
:100A200013441A467B6813441B78BB81BB89DBB235
:100A30001846FFF793FF0346BB81BB89DBB218461C
:100A4000FFF7D2FEBB8A0133BB82BA8A7B8A9A4205
:100A5000E1D3FB8A0133FB82FA8A3B8A9A42C2D3F2
:100A600000BF00BF1837BD4680BD000080B584B010
:100A700002AFFEF78DFF0346002B02D04FF0FF338D
:100A800027E0FFF722FFFFF72EFF4FF48063FB8084
:100A9000FB88184603F088FB03461A460F4B1A6082
:100AA0000E4B1B68002B02D14FF0FF3311E00B4BB4
:100AB000186800230093B42340228021FEF78EFFA4
:100AC000064B1B681846FEF7DFFF0020FFF75CF9B6
:100AD000002318460837BD4680BD00BF7057002070
:100AE00080B584B004AF00230293012301934FF635
:100AF000FF7300934023802201210120FFF740FB78
:100B000000230293012301934FF6FF7300934023C8
:100B1000502214215020FFF779FA00230293012379
:100B200001934FF6FF7300931423802214210020B9
:100B3000FFF76CFAFF23019300230093AA4BAB4A03
:100B400005210520FFF744FCA94B1B78DBB21846B2
:100B5000EFF7F2FD00230193FF2300930023A24A45
:100B600041EC100B05211B20FFF784FCA04B5B78A8
:100B7000DBB21846EFF7E0FD00230193FF2300935B
:100B80000023994A41EC100B05213920FFF772FC34
:100B9000FF23019300230093934B964A18210520CD
:100BA000FFF716FC944BDB889BB21846EFF7C4FDA9
:100BB00000230193FF23009300238B4A41EC100B89
:100BC00018212A20FFF756FCFF23019300230093EE
:100BD000854B8A4A25210520FFF7FAFB864BDB6906
:100BE0001846EFF7CBFD00230193FF230093012369
:100BF0007D4A41EC100B25212A20FFF73BFCFF2307
:100C0000019300230093784B7D4A32210520FFF7A2
:100C1000DFFB794B1B78DBB2062B53D801A252F8CD
:100C200023F000BF410C0208570C0208AF0C020869
:100C30006D0C0208830C0208C50C0208990C02080E
:100C4000FF23019300230093674B6E4A32212A2031
:100C5000FFF7BEFB49E0FF23019300230093624BA3
:100C6000694A32212A20FFF7B3FB3EE0FF230193BC
:100C7000002300935C4B654A32212A20FFF7A8FB32
:100C800033E0FF23019300230093574B604A322146
:100C90002A20FFF79DFB28E000230193FF23009308
:100CA000514B5C4A32212A20FFF792FB1DE0FF23C3
:100CB0000193002300934C4B574A32212A20FFF71F
:100CC00087FB12E04C4B1B78DBB21846EFF734FD84
:100CD00000230193FF2300930023434A41EC100BB0
:100CE00032212A20FFF7C6FB00BF4C4B9B79DBB2B9
:100CF000012B1CD1FF230193002300933A4B484A58
:100D000018215520FFF764FB3B4B5B79DBB218469B
:100D1000EFF712FD00230193FF2300930023414AC4
:100D200041EC100B29215320FFF7A4FB1BE0FF230C
:100D30000193002300932C4B3B4A18215520FFF7C9
:100D400047FB2D4B5B78DBB21846EFF7F5FC002331
:100D50000193FF2300930023324A41EC100B292119
:100D60005320FFF787FB224B1B79DBB2062B32D8CF
:100D700001A252F823F000BF950D0208950D02085C
:100D8000AB0D0208C10D0208C10D0208950D020845
:100D9000950D0208FF23019300230093124B234A71
:100DA00005215F20FFF714FB16E0FF2301930023CA
:100DB00000930D4B1E4A05215F20FFF709FB0BE056
:100DC000FF23019300230093074B1A4A05215F205C
:100DD000FFF7FEFA00E000BF174B1B681846FFF74D
:100DE000F4FD00BFBD4680BD700000202051020808
:100DF000044B00202C510208344B002038510208CB
:100E000040510208485102084C5102085051020852
:100E100054510208585102085C510208244B00202A
:100E200064510208780000206C51020874510208D5
:100E30007C510208845102087057002080B58CB0A4
:100E400004AF00230293012301934FF6FF73009335
:100E50004023802201210120FFF792F9FF23019313
:100E6000002300936F4B704A05210520FFF7B0FA6D
:100E70006E4B9B79DBB2032B64D801A252F823F0AE
:100E8000910E0208A70E0208BD0E0208E70E020826
:100E9000FF23019300230093624B654A052137200D
:100EA000FFF796FA4FE0FF230193002300935D4B79
:100EB000604A05213720FFF78BFA44E0FEF73CFD3E
:100EC000024607F110035C49184603F0A1FA07F146
:100ED0001002FF23019300230093524B052137207A
:100EE000FFF776FA2FE0554B7B6007F108030022ED
:100EF0001A601A710023FB77514B5B79012B01D1EA
:100F00000123FB774F4B1B79012B01D10223FB7788
:100F10004C4B5B79012B01D10323FB77FA7F3B1DFF
:100F20004949184603F074FA464B01229A703A1D5B
:100F3000FF230193002300933A4B05213720FFF74D
:100F400047FA00E000BFFF23019300230093354BD5
:100F50003E4A14210520FFF73BFA3D4B1B8A9BB20A
:100F60001846EFF7E9FB00230193FF2300930023CA
:100F70002C4A41EC100B14213720FFF77BFA344B3D
:100F80005B8A9BB21846EFF7D7FB00230193FF2340
:100F900000930023234A41EC100B14215A20FFF741
:100FA00069FAFF230193002300931E4B294A232152
:100FB0000520FFF70DFA264B9B8A9BB21846EFF7E8
:100FC000BBFB00230193FF2300930023154A41EC50
:100FD000100B23213720FFF74DFA1D4BDB8A9BB204
:100FE0001846EFF7A9FB00230193FF23009300238A
:100FF0000C4A41EC100B23215A20FFF73BFAFF2348
:10100000019300230093074B134A32210520FFF779
:10101000DFF9124B1B681846FFF7D7FC00BF2037DB
:10102000BD4680BD700000208C510208044B00209A
:10103000945102089C510208A051020857494649A0
:101040009C590020D05A0020AC510208B851020827
:10105000344B0020C8510208D851020870570020B4
:10106000F0B58DB004AF00230293012301934FF636
:10107000FF7300934023802201210120FFF780F8B5
:10108000584B9B79DBB2032B40F09680564BDB7DAF
:10109000012B40F09180FF23019300230093534BD9
:1010A000534A05210520FFF793F94F4BDB7A194688
:1010B0004D4B1B7B1C464C4B5B7B1A464A4B9B7B28
:1010C00038460193009223460A464A4903F0A0F9A4
:1010D0003A46FF23019300230093474B0721282022
:1010E000FFF776F9404B9B7F012B2ED1FF23019315
:1010F000002300933D4B414A14210520FFF768F976
:10110000394B1B7E1D46384B5B7E1E46364B9B7E05
:101110001A46354BDB7E1946334B1B7F1C46324B40
:101120005B7F3846039302940191009233462A462E
:10113000334903F06DF93A46FF23019300230093EE
:101140002D4B16212820FFF743F9274B93F86130E8
:10115000012B19D1FF23019300230093234B294A2C
:1011600023210520FFF734F93B46274A2749184633
:1011700003F04EF93A46FF230193002300931E4BE0
:1011800025212820FFF724F9214B5B78012B1ED164
:101190001F4B93F900301A463B461E49184603F090
:1011A00037F93A46FF230193002300930F4B322176
:1011B0000520FFF70DF90AE0FF23019300230093B8
:1011C0000A4B154A14210520FFF702F900E000BF81
:1011D000124B1B681846FFF7F8FB00BF2437BD46CB
:1011E000F0BD00BF044B00209C590020700000207F
:1011F000E8510208F051020880000020FC5102086A
:101200000452020824520208BB5900202C52020842
:10121000D05A0020305202083C5202087057002079
:1012200090B595B004AF00230293012301934FF6CC
:10123000FF7300934023802201210120FEF7A0FFCD
:101240004E4B9B79DBB2032B40F082804C4B93F8E2
:101250006830012B7CD1FF23019300230093494B7D
:10126000494A05210520FFF7B3F8454B93F8623052
:101270001946434B93F863301C46414B93F8643056
:101280001A463F4B93F86530384601930092234647
:101290000A463E4903F0BCF83A46FF230193002377
:1012A00000933B4B07212820FFF792F8344BB3F80B
:1012B00066301A463B463749184603F0A9F83A46C5
:1012C000FF230193002300932E4B14210520FFF7E9
:1012D0007FF82B4B93F8CB30012B0FD13B462E4A96
:1012E0002E49184603F094F83A46FF230193002351
:1012F0000093244B22210520FFF76AF8204B93F836
:101300002F31012B2FD1FF230193002300931D4B7D
:10131000234A31210520FFF75BF83B46214A224949
:10132000184603F075F83A46FF2301930023009313
:10133000174B2E212820FFF74BF8FF2301930023A2
:101340000093134B194A37212820FFF741F80AE090
:10135000FF230193002300930A4B154A1421052013
:10136000FFF736F800E000BF124B1B681846FFF786
:101370002CFB00BF4437BD4690BD00BF044B00208E
:101380009C590020700000204C520208F0510208C5
:101390008000002054520208465A00205C52020885
:1013A000645202088A5A00206C520208985A00209F
:1013B000745202087057002080B584B004AF002337
:1013C0000293012301934FF6FF7300934023802281
:1013D00001210120FEF7D4FE8B4B1B78DBB2012BE1
:1013E0000AD100230193FF230093884B884A0521EB
:1013F0000520FEF7EDFF09E0FF2301930023009392
:10140000824B834A05210520FEF7E2FF7E4B1B78C5
:10141000DBB2152B12D17F4B1B78DBB21846EFF7EE
:101420008BF9FF230193002300930023774A41ECBB
:10143000100B05214620FFF71DF811E0754B1B78B6
:10144000DBB21846EFF778F900230193FF230093EE
:1014500000236E4A41EC100B05214620FFF70AF8E5
:10146000694B1B78DBB2022B0AD100230193FF23C7
:101470000093664B684A14210520FEF7A9FF09E096
:10148000FF23019300230093604B634A142105203E
:10149000FEF79EFF5C4B1B78DBB2162B12D15D4B27
:1014A0005B78DBB21846EFF747F9FF23019300237F
:1014B00000930023554A41EC100B14214620FEF7FF
:1014C000D9FF11E0534B5B78DBB21846EFF734F9E4
:1014D00000230193FF23009300234C4A41EC100B9F
:1014E00014214620FEF7C6FF474B1B78DBB2032BC7
:1014F0000AD100230193FF230093444B474A232141
:101500000520FEF765FF09E0FF2301930023009308
:101510003E4B424A23210520FEF75AFF3A4B1B78E7
:10152000DBB2172B12D13B4B9B78DBB21846EFF79F
:1015300003F9FF230193002300930023334A41EC76
:10154000100B23214620FEF795FF11E0314B9B78CD
:10155000DBB21846EFF7F0F800230193FF23009366
:1015600000232A4A41EC100B23214620FEF782FF7C
:10157000254B1B78DBB2042B0AD100230193FF23F8
:101580000093224B264A32210520FEF721FF09E075
:10159000FF230193002300931C4B214A3221052095
:1015A000FEF716FF184B1B78DBB2182B12D1194B24
:1015B000DB78DBB21846EFF7BFF8FF230193002377
:1015C00000930023114A41EC100B32214620FEF714
:1015D00051FF11E00F4BDB78DBB21846EFF7ACF8A8
:1015E00000230193FF2300930023084A41EC100BD2
:1015F00032214620FEF73EFF0A4B1B681846FFF7D4
:10160000E4F900BFBD4680BD204B002070000020E3
:1016100084520208044B0020905202089C52020897
:10162000A85202087057002080B584B004AF002390
:101630000293012301934FF6FF730093402380220E
:1016400001210120FEF79CFDA14B1B78DBB2052B8D
:101650000AD100230193FF2300939E4B9E4A05214C
:101660000520FEF7B5FE09E0FF2301930023009358
:10167000984B994A05210520FEF7AAFE944B1B784A
:10168000DBB2192B56D1954B1B79DBB2052B00F23F
:10169000A78001A252F823F0B1160208C71602086B
:1016A000DD160208F3160208091702081F170208C0
:1016B00000230193FF230093864B894A052146208E
:1016C000FEF786FE8FE000230193FF230093814BFA
:1016D000844A05214620FEF77BFE84E00023019327
:1016E000FF2300937B4B804A05214620FEF770FEC6
:1016F00079E000230193FF230093764B7B4A052179
:101700004620FEF765FE6EE000230193FF23009361
:10171000704B774A05214620FEF75AFE63E000230E
:101720000193FF2300936B4B724A05214620FEF77D
:101730004FFE58E0694B1B79DBB2052B52D801A252
:1017400052F823F05D170208731702088917020880
:101750009F170208B5170208CB170208FF23019351
:10176000002300935B4B5E4A05214620FEF730FEC6
:1017700039E0FF23019300230093564B594A05217A
:101780004620FEF725FE2EE0FF2301930023009361
:10179000504B554A05214620FEF71AFE23E0FF2351
:1017A0000193002300934B4B504A05214620FEF73E
:1017B0000FFE18E0FF23019300230093454B4C4A92
:1017C00005214620FEF704FE0DE0FF2301930023D0
:1017D0000093404B474A05214620FEF7F9FD02E001
:1017E00000BF00E000BF3A4B1B78DBB2062B0AD1EA
:1017F00000230193FF230093364B3F4A1421052019
:10180000FEF7E6FD25E0324B1B78DBB21A2B16D132
:10181000324B1B79DBB2052B11D1FF23019300233F
:1018200000932C4B344A14210520FEF7D1FD284BA0
:101830001B78DBB2143BDAB2254B1A7009E0FF23A8
:10184000019300230093234B2B4A14210520FEF71C
:10185000BFFD224B1B79DBB2052B18D11F4B1B7927
:10186000DBB2052B02D19FED167B01E09FED167BCD
:1018700000230193FF2300930023164AB0EE470A8A
:10188000F0EE670A14214620FEF7F4FD48E0104B05
:101890001B78DBB21A2B31D1104B5B79DBB21846C7
:1018A000EEF74AFFFF230193002300930023094A28
:1018B00041EC100B14214620FEF7DCFD30E000BFA8
:1018C00000000000000069400000000000805B4054
:1018D000204B002070000020B4520208044B00206E
:1018E000C0520208C85202087C510208D0520208B5
:1018F000D8520208E0520208E8520208874B5B798E
:10190000DBB21846EEF718FF00230193FF23009384
:101910000023834A41EC100B14214620FEF7AAFD58
:10192000804B1B78DBB2072B0AD100230193FF23E6
:1019300000937B4B7C4A23210520FEF749FD09E0FB
:10194000FF23019300230093754B774A2321052041
:10195000FEF73EFD734B1B78DBB21B2B3CD16F4B6C
:101960009B79DBB2032B73D801A252F823F000BF9E
:101970008119020897190208AD190208C319020853
:1019800000230193FF230093654B684A23214620DF
:10199000FEF71EFD5FE000230193FF230093604BE1
:1019A000634A23214620FEF713FD54E000230193F0
:1019B000FF2300935A4B5F4A23214620FEF708FD80
:1019C00049E000230193FF230093554B5A4A2321FA
:1019D0004620FEF7FDFC3EE0504B9B79DBB2032B2B
:1019E00038D801A252F823F0F91902080F1A020898
:1019F000251A02083B1A0208FF23019300230093D3
:101A0000474B4A4A23214620FEF7E2FC23E0FF230E
:101A1000019300230093424B454A23214620FEF7C1
:101A2000D7FC18E0FF230193002300933C4B414A6D
:101A300023214620FEF7CCFC0DE0FF230193002379
:101A40000093374B3C4A23214620FEF7C1FC02E0BD
:101A500000BF00E000BF334B1B78DBB2082B0AD17C
:101A600000230193FF2300932D4B344A322105209C
:101A7000FEF7AEFC09E0FF23019300230093284BFF
:101A80002E4A32210520FEF7A3FC264B1B78DBB241
:101A90001C2B1DD1214BDB79DBB2002B02D0012B9B
:101AA0000BD033E000230193FF2300931C4B244A07
:101AB00032214620FEF78CFC28E000230193FF230F
:101AC0000093174B1F4A32214620FEF781FC1DE090
:101AD000124BDB79DBB2002B02D0012B0BD015E0CF
:101AE000FF230193002300930D4B154A322146201A
:101AF000FEF76EFC0AE0FF23019300230093084BDE
:101B0000104A32214620FEF763FC00BF0E4B1B68D3
:101B10001846FEF75AFF00BFBD4680BD044B0020AB
:101B200070000020204B0020F4520208945102085B
:101B30009C5102080053020808530208105302087F
:101B40001C530208245302087057002080B584B04B
:101B500004AF00230293012301934FF6FF73009318
:101B60004023802201210120FEF70AFB8B4B1B78CA
:101B7000DBB2092B0AD100230193FF230093884B8A
:101B8000884A05210520FEF723FC09E0FF23019385
:101B900000230093824B834A05210520FEF718FCA1
:101BA0007E4B1B78DBB21D2B12D17F4B1B7ADBB235
:101BB0001846EEF7C1FDFF23019300230093002395
:101BC000774A41EC100B05214620FEF753FC11E04B
:101BD000754B1B7ADBB21846EEF7AEFD002301937E
:101BE000FF23009300236E4A41EC100B0521462091
:101BF000FEF740FC694B1B78DBB20A2B0AD10023AD
:101C00000193FF230093664B684A14210520FEF7D9
:101C1000DFFB09E0FF23019300230093604B634A3D
:101C200014210520FEF7D4FB5C4B1B78DBB21E2B86
:101C300012D15D4B5B7ADBB21846EEF77DFDFF23D8
:101C40000193002300930023554A41EC100B14210B
:101C50004620FEF70FFC11E0534B5B7ADBB21846CF
:101C6000EEF76AFD00230193FF23009300234C4A03
:101C700041EC100B14214620FEF7FCFB474B1B7870
:101C8000DBB20B2B0AD100230193FF230093444BBB
:101C9000474A23210520FEF79BFB09E0FF23019320
:101CA000002300933E4B424A23210520FEF790FB80
:101CB0003A4B1B78DBB21F2B12D13B4B9B7ADBB22A
:101CC0001846EEF739FDFF2301930023009300230C
:101CD000334A41EC100B23214620FEF7CBFB11E0E9
:101CE000314B9B7ADBB21846EEF726FD00230193B9
:101CF000FF23009300232A4A41EC100B23214620A6
:101D0000FEF7B8FB254B1B78DBB20C2B0AD1002366
:101D10000193FF230093224B264A32210520FEF730
:101D200057FB09E0FF230193002300931C4B214A3A
:101D300032210520FEF74CFB184B1B78DBB2202B21
:101D400012D1194BDB7ADBB21846EEF7F5FCFF2314
:101D50000193002300930023114A41EC100B322120
:101D60004620FEF787FB11E00F4BDB7ADBB218460B
:101D7000EEF7E2FC00230193FF2300930023084ABF
:101D800041EC100B32214620FEF774FB0A4B1B6816
:101D90001846FEF71AFE00BFBD4680BD204B00204E
:101DA0007000002028530208044B0020385302081A
:101DB00048530208585302087057002080B584B079
:101DC00004AF00230293012301934FF6FF730093A6
:101DD0004023802201210120FEF7D2F99E4B1B787F
:101DE000DBB20D2B0AD100230193FF2300939B4B01
:101DF0009B4A05210520FEF7EBFA09E0FF2301933A
:101E000000230093954B964A05210520FEF7E0FA42
:101E1000914B1B78DBB2212B1DD1924B1B7BDBB28C
:101E2000002B02D0012B0BD033E000230193FF23C2
:101E300000938A4B8C4A05214620FEF7C9FA28E018
:101E400000230193FF230093844B884A05214620F9
:101E5000FEF7BEFA1DE0834B1B7BDBB2002B02D0EA
:101E6000012B0BD015E0FF230193002300937B4B44
:101E70007D4A05214620FEF7ABFA0AE0FF230193D5
:101E800000230093754B794A05214620FEF7A0FAFE
:101E900000BF714B1B78DBB20E2B0AD100230193DC
:101EA000FF2300936D4B724A14210520FEF790FA30
:101EB00009E0FF23019300230093684B6C4A14212F
:101EC0000520FEF785FA644B1B78DBB2222B2CD160
:101ED000644B5B7BDBB2022B1CD0022B52DC002B51
:101EE00002D0012B0BD04DE000230193FF23009380
:101EF0005A4B604A14214620FEF76AFA45E0002357
:101F00000193FF230093554B5B4A14214620FEF7B3
:101F10005FFA3AE000230193FF2300934F4B574AA7
:101F200014214620FEF754FA2FE04E4B5B7BDBB2C8
:101F3000022B1CD0022B27DC002B02D0012B0BD054
:101F400022E0FF23019300230093444B494A1421CC
:101F50004620FEF73DFA18E0FF230193002300938B
:101F60003E4B454A14214620FEF732FA0DE0FF238E
:101F7000019300230093394B404A14214620FEF779
:101F800027FA02E000BF00E000BF334B1B78DBB252
:101F90000F2B0AD100230193FF2300932F4B384AC4
:101FA00023210520FEF714FA09E0FF230193002303
:101FB00000932A4B324A23210520FEF709FA264BCB
:101FC0001B78DBB2232B12D1264BDB899BB2184640
:101FD000EEF7B2FBFF2301930023009300231F4A77
:101FE00041EC100B23214620FEF744FA11E01D4B73
:101FF000DB899BB21846EEF79FFB00230193FF237A
:1020000000930023154A41EC100B23214620FEF7D4
:1020100031FA114B1B78DBB2102B0AD1002301934C
:10202000FF2300930D4B174A32210520FEF7D0F90C
:1020300009E0FF23019300230093084B114A32214A
:102040000520FEF7C5F9104B1B681846FEF7BDFCCE
:1020500000BFBD4680BD00BF204B002070000020A7
:1020600068530208044B0020745302087C53020892
:10207000845302089053020894530208A0530208A4
:10208000AC530208B85302087057002080B584B0E2
:1020900004AF00230293012301934FF6FF730093D3
:1020A0004023802201210120FEF76AF8744B1B783F
:1020B000DBB2112B0AD100230193FF230093714B54
:1020C000714A05210520FEF783F909E0FF230193FA
:1020D000002300936B4B6C4A05210520FEF778F92D
:1020E000674B1B78DBB2252B12D1684B1B8A9BB246
:1020F0001846EEF721FBFF230193002300930023F2
:10210000604A41EC100B05214620FEF7B3F911E0BF
:102110005E4B1B8A9BB21846EEF70EFB0023019321
:10212000FF2300930023574A41EC100B0521462062
:10213000FEF7A0F9524B1B78DBB2122B0AD1002319
:102140000193FF2300934F4B514A14210520FEF7C2
:102150003FF909E0FF23019300230093494B4C4AC8
:1021600014210520FEF734F9454B1B78DBB2262BF2
:1021700012D1464B9B8A9BB21846EEF7DDFAFF233D
:1021800001930023009300233E4A41EC100B1421DD
:102190004620FEF76FF911E03C4B9B8A9BB2184634
:1021A000EEF7CAFA00230193FF2300930023354A78
:1021B00041EC100B14214620FEF75CF9334B1B79E0
:1021C000DBB2052B53D12E4B1B78DBB2132B0AD17C
:1021D00000230193FF2300932A4B2E4A232105203D
:1021E000FEF7F6F809E0FF23019300230093254B47
:1021F000284A23210520FEF7EBF8214B1B78DBB2A0
:10220000272B1AD1214B1B7EDBB2012B0AD10023D5
:102210000193FF2300931B4B1F4A23214620FEF707
:10222000D7F824E000230193FF230093154B1B4AAA
:1022300023214620FEF7CCF819E0144B1B7EDBB2BD
:10224000012B0AD1FF230193002300930D4B124A67
:1022500023214620FEF7BCF809E0FF230193002369
:102260000093084B0D4A23214620FEF7B1F80C4B92
:102270001B681846FEF7A9FB00BFBD4680BD00BF26
:10228000204B002070000020CC530208044B00209B
:10229000D8530208E45302084C510208485102087E
:1022A0007057002080B584B000AF0346FB71FB7906
:1022B0003B73002280210948F1F78CFF07F10C01E4
:1022C000642301220648F4F7E5F80122802103483F
:1022D000F1F780FF00BF1037BD4680BD000C024003
:1022E000E851002080B584B000AF78600023FB7215
:1022F00003233B737B681B0ADBB27B737B68DBB217
:10230000BB73002280210D48F1F764FF07F10C0137
:10231000642303220A48F4F7BDF807F10B01642394
:1023200001220748F4F7FAF9012280210348F1F766
:1023300051FFFB7A18461037BD4680BD000C0240A5
:10234000E851002080B584B000AF78600B46FB7088
:1023500002233B737B681B0ADBB27B737B68DBB2B7
:10236000BB73FB78FB730620FFF79CFF00228021E4
:102370000948F1F72FFF07F10C01642304220748F5
:10238000F4F788F8012280210348F1F723FF00BF0A
:102390001037BD4680BD00BF000C0240E851002050
:1023A00090B583B000AF0023FB710020FFF79AFFC8
:1023B0000346FB71FB79AA2B40F0A6800120FFF7B2
:1023C00091FF03461A467E4B1A700220FFF78AFFE0
:1023D00003461A467A4B5A700320FFF783FF0346E1
:1023E0001A46774B9A700420FFF77CFF03461A4683
:1023F000734BDA700520FFF775FF03461A46704BE2
:102400001A710620FFF76EFF03461A466C4B5A718D
:102410000720FFF767FF03461A46694B9A710820A9
:10242000FFF760FF03461A46654BDA710920FFF794
:1024300059FF03461A46624B1A720A20FFF752FFF1
:1024400003461A465E4B5A720B20FFF74BFF0346BA
:102450001A465B4B9A720C20FFF744FF03461A465C
:10246000574BDA720D20FFF73DFF03461A46544BD7
:102470001A730E20FFF736FF03461A46504B5A7365
:102480000F20FFF72FFF03461A46920013441A4607
:1024900091001A460B4613449B009AB2484BDA81CE
:1024A0001020FFF71FFF03461A46920013441A46F6
:1024B00091001A460B4613449B009CB21120FFF773
:1024C00011FF034623449AB23D4B1A821220FFF7B4
:1024D00009FF03461A46920013441A4691001A4611
:1024E0000B4613449B009CB21320FFF7FBFE0346F0
:1024F00023449AB2324B9A821420FFF7F3FE03462C
:102500001A462F4B1A7657E0AA210020FFF71AFF30
:1025100001210120FFF716FF01210220FFF712FF22
:1025200001210320FFF70EFF0A210420FFF70AFF15
:1025300003210520FFF706FFDC210620FFF702FF3D
:1025400000210720FFF7FEFE00210820FFF7FAFE1A
:1025500028210920FFF7F6FE3C210A20FFF7F2FEB2
:1025600028210B20FFF7EEFE1E210C20FFF7EAFECC
:1025700000210D20FFF7E6FE00210E20FFF7E2FE0E
:102580002D210F20FFF7DEFE00211020FFF7DAFEDD
:102590002A211120FFF7D6FE17211220FFF7D2FEC5
:1025A00000211320FFF7CEFE01211420FFF7CAFE01
:1025B00000211520FFF7C6FE00BF0C37BD4690BDB9
:1025C000044B002080B400AF174B00225A71164B09
:1025D0000022DA75144B00229A77134B002283F8FD
:1025E0006120114B002283F868200F4B002283F8F2
:1025F000CB200D4B002283F8ED200B4B002283F8FB
:102600003121094B002283F82F21084B00225A70F8
:10261000064B00221A71054B00225A7100BFBD46BD
:102620005DF8047B704700BF9C590020D05A002001
:1026300080B582B002AF114B01221A7100F062FC2A
:1026400000F048FC0E4B9B7A002B13D00B4B1B79F0
:10265000012B0FD10A4B1B89D9B201230093094BDF
:102660000122BA2000F018FE054B00229A72044B9A
:1026700000221A8100BFBD4680BD00BFD05A002095
:102680009C590020044B002080B500AF00F03AFCBC
:10269000234B5B79002B02D1012000F0D1FC204BB1
:1026A000DB7D002B02D1122000F0CAFC1C4B9B7F6B
:1026B000002B02D1142000F0C3FC194B93F86130B9
:1026C000002B02D1112000F0BBFC154B93F86830B1
:1026D000002B02D1212000F0B3FC114B93F8CB303A
:1026E000002B04D00E4B93F8ED30002B02D12220AA
:1026F00000F0A6FC0A4B93F83131002B02D11520D3
:1027000000F09EFC064B93F82F31002B02D12320C2
:1027100000F096FC162000F093FC00BF80BD00BFC7
:102720009C59002080B500AF00F0ECFB1D4B5B799D
:10273000002B02D1012000F083FC1A4BDB7D002B23
:1027400002D1122000F07CFC164B9B7F002B02D1A3
:10275000142000F075FC134B93F86130002B02D16C
:10276000112000F06DFC0F4B93F86830002B02D164
:10277000212000F065FC0B4B93F8CB30002B04D0EC
:10278000084B93F8ED30002B02D1222000F058FCCA
:10279000044B93F83131002B02D1152000F050FC8E
:1027A00000BF80BD9C59002080B500AF00F0AAFB9F
:1027B0001F4B5B79002B02D1012000F041FC1C4B28
:1027C000DB7D002B02D1122000F03AFC184B9B7FDE
:1027D000002B02D1142000F033FC154B93F861302C
:1027E000002B02D1112000F02BFC114B93F8683024
:1027F000002B02D1212000F023FC0D4B93F8CB30AD
:10280000002B04D00A4B93F8ED30002B02D122208C
:1028100000F016FC064B93F83131002B02D1152045
:1028200000F00EFC162000F00BFC00BF80BD00BFC6
:102830009C59002080B58AB002AF03463960FB7115
:102840001346BB71FB79232B50DC002B40F3CF8266
:10285000013B222B00F2CB8201A252F823F000BFF1
:1028600043290208EF2D0208EF2D0208EF2D020880
:10287000EF2D0208EF2D0208EF2D0208EF2D0208C0
:10288000EF2D0208EF2D0208EF2D0208EF2D0208B0
:10289000EF2D0208EF2D0208EF2D0208F52802089F
:1028A000072A020899290208EF2D0208E9290208DF
:1028B000792D0208932D0208EF2D0208EF2D020852
:1028C000EF2D0208EF2D0208EF2D0208EF2D020870
:1028D000EF2D0208EF2D0208EF2D02081329020840
:1028E000912A0208552C0208E72C0208F02B00F070
:1028F0005C827CE2BB79002B00F07B823B681B781A
:10290000012B0CBF01230023DBB21A46A14B1A7125
:102910006FE2BB79002B00F06E823B681B78012BC5
:102920000CBF01230023DBB21A469A4B5A71994B14
:102930005B79012B40F05F82964B5A79954B1A7167
:1029400059E2BB79002B00F058823B681A78924B11
:102950001B78DBB29A4216D08E4B1B79012B09D122
:102960003B681978012300938B4B0122BA2000F0B9
:1029700093FC42E2894B01229A723B681B781A460B
:10298000864B1A8139E2844B1B78DAB2834B1A7179
:10299000824B01225A7130E2BB790B2B40F22F821D
:1029A0003B681B681A467D4BC3F80B203B68043319
:1029B0001B681A46794BC3F80F203B6808331B6825
:1029C0001A46764BC3F81320744BDB7A002B07D0E2
:1029D000724BDB7B002B03D0704B0122DA750EE2C9
:1029E0006E4B0022DA750AE2BB79052B40F20982B0
:1029F0006A4B3A6818331068186092889A80674B5F
:102A000001229A77FDE1FF23FB770023BB770BE0E0
:102A1000BB7F3A6813441B782C2B02D1BB7FFB771A
:102A200006E0BB7F0133BB77BA7FBB799A42EFD315
:102A3000FB7FFF2B00F0E781FB7F202B28BF2023AB
:102A4000BB73BB7B1A463968554801F0ADFD534A4C
:102A5000BB7B82F83F30BA79FB7FD31ADBB2013BF4
:102A60007B777B7F202B01D920237B77FB7F013372
:102A70003A6813447A7F19464A4801F095FD474A5F
:102A80007B7F82F86030454B012283F86120BAE1F8
:102A9000BB79062B1AD13B681B681A463F4BC3F81B
:102AA00062203B6804331B781BB21B021AB23B68DE
:102AB00005331B781BB213431BB29AB2374BA3F8F2
:102AC0006620364B012283F868209EE1BB79062BF5
:102AD00040F29B810023BB6000237B8300237B7635
:102AE00000233B760023FB75BB791A4639682E48D4
:102AF00001F05AFD294ABB7982F8A930BB79072B2E
:102B00000AD907222949386801F036FD0346002B0F
:102B100002D10723FB750CE0BB79062B09D90622ED
:102B20002349386801F028FD0346002B01D1062314
:102B3000FB75FB7D3B765AE03B7E3A6813441B787D
:102B40002E2B0ED17B7E032B08D87B7E5A1C7A76E7
:102B50007A8BD2B220333B4403F8182C00237B83BA
:102B600042E03B7E3A6813441B783A2B22D17B7EAD
:102B7000032B08D87B7E5A1C7A767A8BD2B220330C
:102B80003B4403F8182C00237B833B7E01333B76C8
:102B900031E000BFD05A0020044B00209C59002097
:102BA000BB590020DC590020055A0020F0530208D0
:102BB000F85302083B7E3A6813441B782F2B13D935
:102BC0003B7E3A6813441B78392B0DD87B8B1A4611
:102BD000920013445B009BB23A7E39680A44127833
:102BE00013449BB2303B7B833B7E01333B763A7E82
:102BF000BB799A42A0D31CE03B7E3A6813441B7811
:102C00002F2B13D93B7E3A6813441B78392B0DD8F0
:102C10007B8B1A46920013445B009BB23A7E396864
:102C20000A44127813449BB2303B7B833B7E0133D2
:102C30003B763A7EBB799A42DED3BB687A4AC2F8C9
:102C40006230794A7B8BA2F86630774B012283F899
:102C50006820DAE0FF23BB7500237B750BE07B7DEA
:102C60003A6813441B782C2B02D17B7DBB7506E0A0
:102C70007B7D01337B757A7DBB799A42EFD3BB7D37
:102C8000FF2B00F0C480BB7D202B28BF2023FB73CB
:102C9000FB7B1A463968654801F086FC624AFB7B7B
:102CA00082F8CA30BA79BB7DD31ADBB2013B3B75DF
:102CB0003B7D202B01D920233B75BB7D01333A6836
:102CC00013443A7D19465A4801F06EFC564A3B7D42
:102CD00082F8EC30544B012283F8CB20524B012276
:102CE00083F8ED2093E0BB79002B00F09280FF2366
:102CF000FB74FF23BB7400237B7411E07B7C3A6878
:102D000013441B782F2B08D1FB7CFF2B02D17B7C3B
:102D1000FB7402E07B7CBB7406E07B7C01337B743C
:102D20007A7CBB799A42E9D3FB7CFF2B71D0BB7CC8
:102D3000FF2B6ED0BA7CFB7C01339A4269DDBA7CF2
:102D4000FB7CD31ADBB2013B3B743B7C402B01D9AB
:102D500040233B74FB7C01333A6813443A7C1946A8
:102D6000344801F021FC304A3B7C82F82E312E4B56
:102D7000012283F82F214CE0BB79002B4BD03B681C
:102D80001A78294B83F83021274B012283F831210F
:102D900041E0BB79002B40D03B681B785AB2264BF0
:102DA0001A70254B01225A7037E0BB79002B36D0C0
:102DB00000224FF400612148F1F70CFA204B002269
:102DC000C3F818223220F7F7D4F8FFF7FBFB0122F3
:102DD0004FF400611948F1F7FDF9F1F735FC0346AE
:102DE000174AC2F818323220F7F7C3F817E000BFCD
:102DF00016E000BF14E000BF12E000BF10E000BF0B
:102E00000EE000BF0CE000BF0AE000BF08E000BF1A
:102E100006E000BF04E000BF02E000BF00E000BF2A
:102E200000BF2037BD4680BD9C590020465A002077
:102E3000685A00208A5A0020D05A00200000024020
:102E40007457002080B400AF034B1B781846BD4672
:102E50005DF8047B704700BFEA5A002080B400AFE1
:102E6000034B1B781846BD465DF8047B704700BFD6
:102E70003E5D002080B400AF034B1B781846BD4672
:102E80005DF8047B704700BFE85A002080B400AFB3
:102E9000034B1B781846BD465DF8047B704700BFA6
:102EA0003C5D002080B400AF034B1B781846BD4644
:102EB0005DF8047B704700BFE95A002080B400AF82
:102EC000034B1B781846BD465DF8047B704700BF76
:102ED0003D5D002080B400AF074B00221A70074B05
:102EE00000221A70064B00221A7001231846BD46B4
:102EF0005DF8047B704700BF3C5D00203D5D002015
:102F00003E5D002080B400AF074B00221A70074BD3
:102F100000221A70064B00221A7001231846BD4683
:102F20005DF8047B704700BFE85A0020E95A002092
:102F3000EA5A002080B582B000AF144B1B78012BF9
:102F40001FD1F1F781FB7860114B1B68002B19D062
:102F50000F4B1B687A68D31A4FF4FA72934211D35D
:102F60000C4B1B78184600F041F8084B00221A70F1
:102F7000084B00221A70064B00221A6000F0C8F8B5
:102F800000E000BF0837BD4680BD00BFEA5A002000
:102F9000EC5A0020EB5A002080B582B000AF104BF5
:102FA0001B78012B17D1F1F74FFB02460D4B1B6825
:102FB000D31A7B607B6840F2DC5293420BD979686C
:102FC000094801F0F9F8064B00221A70054B00225F
:102FD0001A6000F027F900BF0837BD4680BD00BF6A
:102FE0003E5D0020405D00200054020880B485B0A2
:102FF00000AF0346FB710F4B1B7801335A4203F0BD
:103000000F0302F00F0258BF5342FB730A4B1B78A9
:10301000FA7B9A4208D0074B1B781946074AFB797E
:103020005354044AFB7B137000BF1437BD465DF850
:10303000047B7047E95A0020E85A0020D85A002043
:1030400080B584B000AF0346FB71FB791846FFF7EB
:10305000CDFF144B1B78002B1FD1134B1A78134B49
:103060001B789A4219D00F4B01221A700E4B1B7815
:103070001A460F4B9B5CFB730B4B1B7801335A4278
:1030800003F00F0302F00F0258BF5342DAB2064BAF
:103090001A70FB7B184600F097F900BF1037BD4649
:1030A00080BD00BFEA5A0020E85A0020E95A0020FB
:1030B000D85A002080B483B000AF7860114B1A78E2
:1030C000114B1B789A4201D1002314E00D4B1B7861
:1030D0001A460E4B9A5C7B681A700A4B1B780133B8
:1030E0005A4203F00F0302F00F0258BF5342DAB204
:1030F000044B1A70012318460C37BD465DF8047B5B
:10310000704700BFE85A0020E95A0020D85A002032
:1031100080B582B000AF154B1B78012B22D0FB1D70
:103120001846FFF7C7FF0346002B1CD0F1F78CFAB7
:1031300002460F4B1B68D31A1D2B03D80C4B1B6880
:10314000002B10D1094B01221A70FA79094B1A7021
:10315000F1F77AFA0346064A1360FB79184600F045
:1031600033F900E000BF0837BD4680BDEA5A0020B1
:10317000EC5A0020EB5A002080B584B000AFF86014
:10318000B9607A60234B1A78234B1B789A4201D19D
:1031900000233AE01F4B1B781946204A622301FBAB
:1031A00003F313441A78FB681A701A4B1B781946FC
:1031B0001A4A622301FB03F3134461331A787B68D4
:1031C0001A707B681B78002B0ED0124B1B781A46A6
:1031D000622302FB03F3114A1344591C7B681B78DA
:1031E0001A46B86801F0E0F90A4B1B785A1C0C4BE0
:1031F00083FB0231D317C91A0B465B000B445B00FB
:10320000D11ACAB2034B1A70012318461037BD46B3
:1032100080BD00BF3C5D00203D5D0020F05A0020D5
:10322000ABAAAA2A80B59CB002AF184B1B78012B21
:1032300028D007F16402391D07F165031846FFF72E
:103240009BFF0346002B1ED0F1F7FEF90346104A00
:1032500013600E4B01221A7097F8653087F86730BB
:1032600097F8643087F866300A4B1B78D9B2381D5E
:1032700097F8672097F8663000930346BA2000F06D
:103280000BF800E000BF6837BD4680BD3E5D002002
:10329000405D0020044B002080B5A4B000AF3B602F
:1032A0000346FB710B46BB7113467B710023A7F8E5
:1032B0008E30B7F88E305A1CA7F88E2090333B44DE
:1032C000022203F8842CB7F88E305A1CA7F88E20FF
:1032D000194697F898300133DAB201F190033B4474
:1032E00003F8842CB7F88E305A1CA7F88E20903340
:1032F0003B44FA7903F8842CB7F88E305A1CA7F8AF
:103300008E2090333B44BA7903F8842CB7F88E3082
:103310005A1CA7F88E2090333B447A7903F8842C0A
:10332000002387F88D3017E03B68002B05D097F815
:103330008D303A6813441A7800E00022B7F88E30D6
:10334000591CA7F88E1090333B4403F8842C97F84F
:103350008D30013387F88D3097F88D2097F89830AD
:103360009A42E1D397F898309BB203339AB207F1AF
:103370000C0302331146184600F036F9034687F86D
:103380008C30B7F88E305A1CA7F88E2090333B440F
:1033900097F88C2003F8842CB7F88E305A1CA7F8C5
:1033A0008E2090333B44032203F8842CB7F88E2000
:1033B00007F10C01C8230348F3F736FE00BF90372E
:1033C000BD4680BD1454002080B584B002AF0346D2
:1033D000FB71074B1B78D9B2FA79002300930023C5
:1033E000BC20FFF759FF00BF0837BD4680BD00BFB6
:1033F000044B002080B500AF0D4B93F81F32012B1A
:1034000013D10B4B93F82032062B094B002283F883
:103410001F22084B1B78012B07D1064B00221A7084
:10342000054B00221A60FFF7FDFE00BF80BD00BF04
:10343000745700203E5D0020405D002080B582B0C2
:1034400000AF264BDB78FB71244B5B79BB71234BC0
:103450009B78013B7B71224B3B60224B00221A7010
:10346000214B00221A70214B00221A60FFF750FEF8
:10347000FB79BC2B2ED17A79BB7939681846FFF7D6
:10348000D9F9BB79102B02D0202B10D022E07B7908
:10349000002B1CD06420F6F76CFD3B681B78002BDA
:1034A00002D0FFF7C5F812E0FFF73CF90FE07B7997
:1034B000002B0ED06420F6F75CFD3B681B78002BD8
:1034C00002D0FFF7E1F804E0FFF76EF901E000BF7A
:1034D00000E000BF00BF0837BD4680BD7457002024
:1034E0007A570020EA5A0020EB5A0020EC5A0020BC
:1034F00080B5C2B000AF3A4BB3F80A32023BA7F82E
:103500000431B7F80431364A13445B7887F8003148
:1035100007F58473A3F5847318464FF480731A4635
:103520000021EDF70DFD0023A7F80631B7F80631AD
:103530005A1CA7F806211A46294BD97807F5847337
:10354000A3F584739954B7F806315A1CA7F80621DD
:103550001A46234B197907F58473A3F5847399549C
:10356000B7F806315A1CA7F806211A461C4B5979A0
:1035700007F58473A3F584739954194B9B78013B29
:1035800087F8033197F80331002B11D0B7F80631D3
:103590003A46134497F803211249184601F004F8FB
:1035A00097F803319AB2B7F806311344A7F80631F9
:1035B000B7F806213B461146184600F015F80346B9
:1035C00087F8023197F8003197F802219A4201D02A
:1035D000002300E00123184607F58477BD4680BD2F
:1035E000745700207A57002080B485B000AF78600F
:1035F0000B467B800023FB6000237B810DE07B89F1
:103600007A6813441B781A46FB681344FB60FB6816
:10361000DBB2FB607B8901337B817A897B889A42AC
:10362000EDD3FB68DBB218461437BD465DF8047B6A
:10363000704780B483B000AF0346FB71FB79092B60
:1036400003D8FB793033DBB20AE0FB79092B06D9CA
:10365000FB790F2B03D8FB793733DBB200E0002373
:1036600018460C37BD465DF8047B704780B487B0C0
:1036700000AFF860B9607A60BB68002B01D10A2303
:103680000FE0FB684FF4FA5203FB02F2BB68B2FB97
:10369000F3F27B6802FB03F37B617B690A2B38BF83
:1036A0000A2318461C37BD465DF8047B704780B579
:1036B00084B000AFF860B9607A607A68B968F86879
:1036C000FFF7D4FF034618461037BD4680BD000003
:1036D00080B584B000AF78600B46FB700123BB72ED
:1036E0000023FB730023BB8100237B7200233B720A
:1036F0000023FB7200BFBB7A002B00F0B780FB7881
:10370000062B31D97B6801331B78A52B02D10B2303
:10371000FB722CE07B6801331B78A92B02D10923B3
:10372000FB7224E07B6801331B78A62B04D07B68F6
:1037300001331B78A72B14D17B6804331B78A3F1CA
:10374000300213469B0013445B001A467B68053326
:103750001B78303B1344DBB29B00DBB20933FB72B6
:1037600005E00023BB7281E00023BB727EE0FB78A2
:10377000082B78D9FA78FB7A9A4271D3FB78013B0F
:103780007A6813441B78032B5ED10123FB730AE094
:10379000FB7B7A6813441B781A46BB891344BB81B0
:1037A000FB7B0133FB73FA7BFB78033B9A42EFDB35
:1037B000BB89DBB2BB81BB891B099BB2DBB218465C
:1037C000FFF737FF03467B72BB89DBB203F00F03C1
:1037D000DBB21846FFF72DFF03463B72FB78033B35
:1037E0007A6813441B787A7A9A422AD1FB78023B92
:1037F0007A6813441B783A7A9A4222D1214BDB79BA
:10380000DBB2002B17D11F4BDB7ADBB2002B12D1BE
:103810001C4B1B7BDBB2002B0DD1FB781A46796861
:10382000194800F0C1FEFB789AB2184BA3F83C226D
:10383000144B01225A71164B00221A700023BB72DE
:1038400014E00023BB7211E0124B1B689B6800213F
:10385000184600F021FDFBF7F9F80023BB7205E0E4
:103860000023BB7202E00023BB7200BF054B5B79F3
:10387000DBB2002B14BF01230023DBB21846103744
:10388000BD4680BD244B0020554B0020544B0020EA
:10389000944D00200C00002080B582B000AF814B19
:1038A00093F81D32012B77D17E4BB3F80A325A1CA4
:1038B00091B27C4AA2F80A1219467A4B1A78794BCF
:1038C0000B445A70774B93F81E32002B09D1F0F756
:1038D000BBFE0346734AC2F81032724B0522C3F88E
:1038E0001422704BB3F80A32032B36D100237B60CD
:1038F0006C4BB3F80A32012B03D96A4B9B78063321
:103900007B607B68002B13D07B68B3F5027F0FD2FE
:1039100002224FF416517868FFF7C9FE0346614A48
:10392000C2F814327B689AB25E4BA3F80C2233E0E3
:103930005C4B002283F81D225A4B0022A3F80C2274
:10394000584B0022A3F80A22564B0022C3F8142237
:10395000544B0022C3F810221EE0524BD3F814320D
:10396000002B19D04F4BB3F80A32042B14D14D4B16
:10397000DB78BA2B03D04B4BDB78BC2B04D1494B03
:10398000012283F81E2207E0464B0622A3F80C22F0
:10399000444B002283F81E22424B1B78022B29D174
:1039A000404B93F81D32002B24D13E4B012283F86B
:1039B0001D223C4B0022A3F80A223A4BB3F80A32EC
:1039C0005A1C91B2374AA2F80A121946354B1A7896
:1039D000344B0B445A70F0F737FE0346314AC2F8B5
:1039E0001032304B3022C3F814222E4B022283F8BF
:1039F0001E2252E02B4B1B78032B2FD1294BB3F8FF
:103A00000C32002B07D0274BB3F80A22254BB3F812
:103A10000C329A4204D2234B93F81E32012B1DD054
:103A2000204B0022C3F810221E4B0022C3F81422A0
:103A30001C4B002283F81D221A4B93F81E32002BD8
:103A400004D1184B012283F81C2226E0FFF750FD19
:103A500003461A46134B83F81C221EE0114B93F8C1
:103A60001D32002B19D10F4B1B78062B03D00D4BA9
:103A70001B78152B11D10B4B012283F81F22094B08
:103A80001A78084B83F82022064B0022C3F8142230
:103A9000044B0022C3F81022FFE700BF0837BD46E1
:103AA00080BD00BF7457002080B586B000AF3B1DBD
:103AB00000221A605A609A60DA601A614FF400635B
:103AC0007B600123BB600123FB6000233B613B1D46
:103AD00019460348F0F7CEF800BF1837BD4680BD41
:103AE0000000024080B584B000AF78606B4800F001
:103AF000CBFBFF23FB736A4B9B79DBB2FA7B9A42C9
:103B000009D0674B9B79DBB2022B01D0FFF7CCFFCA
:103B1000634B9B79FB73624B9B79DBB2022B03D126
:103B20006420F6F726FAB8E05D4B9B79DBB2032BF5
:103B300017D04FF400615B48F0F734FB0346012BCC
:103B40000BD1FEF73FFD00224FF400615548F0F71E
:103B500041FB554B0022C3F818226420F6F709FAFE
:103B60009BE04F4B9B79DBB2032B26D14FF40061D6
:103B70004C48F0F717FB0346012B1ED000224FF4F0
:103B800000614848F0F726FB474B0022C3F8182293
:103B90003220F6F7EEF9FEF715FD01224FF4006131
:103BA0004048F0F717FBF0F74FFD03463E4AC2F8D6
:103BB00018323220F6F7DDF96FE03B4BD3F81432C0
:103BC000002B28D0384BD3F81032002B23D0F0F73D
:103BD0003BFD0246344BD3F81032D21A324BD3F8A5
:103BE00014329A4217D9304B0022C3F814222E4BBC
:103BF0000022C3F810222C4B0022A3F80A222A4BE1
:103C00000022A3F80C22284B002283F81D22264B09
:103C1000002283F81E22244B93F81C32002B28D05C
:103C2000214B002283F81C22F0F70EFD03461E4AAA
:103C3000C2F824321C4B93F81E32002B0AD11A4BC7
:103C4000B3F80A32DBB219461848FFF741FD0346C4
:103C5000BB7322E0FFF7F2FB134B0022A3F80A220A
:103C6000114B0022A3F80C220F4B002283F81E22D6
:103C700006E00D4B93F81F32002B01D0FFF7BAFB83
:103C800000F016F800F0B2F8FFF754F9FFF784F9E6
:103C900000F0AAF90A20F6F76CF92CE72C54020878
:103CA000044B00200000024074570020755700208C
:103CB00080B584B002AF484B1B79012B40F0868061
:103CC000454B5B79012B40F08180F0F7BDFC7860BB
:103CD000424B93F81C32002B04D1404B93F81F3217
:103CE000002B03D03E4A7B68136072E03C4B1B689C
:103CF000002B63D03A4B1B687A68D31A41F28832A2
:103D000093425BD3344B5B79002B08D1334BD3F810
:103D100018327A68D31A43F6972293424ED92E4B23
:103D20005B79002B1ED02D4BD3F824327A68D31A3E
:103D300040F6B732934215D82A4B1B78042B06D88D
:103D4000284B1B780133DAB2264B1A7006E0254B5C
:103D50001B78042B02D9204B91221A70204A7B68D1
:103D6000136036E01C4B93F90030B3F1FF3F03D1F1
:103D7000194B00225A702BE0FFF764F80346002B22
:103D800026D1FFF76BF80346002B21D1144A7B683C
:103D90001360114B9B78012B0CD1134B1B78D9B2BC
:103DA0000023009300231622BC20FFF775FA0A4B6C
:103DB00000229A700B4B00221A7009E0084B1B6816
:103DC000002B06D1064A7B68136002E000BF00E0CA
:103DD00000BF0837BD4680BDD05A00207457002070
:103DE000445D0020485D0020044B002080B582B077
:103DF00000AF784B1B79012B40F0E180754B5B796C
:103E0000012B40F0DC80F0F71FFC3860724B93F818
:103E10001C32002B04D1704B93F81F32002B03D0BF
:103E20006E4A3B681360D1E00023FB716C4B5B79F9
:103E3000002B01D10123FB71694BDB7D002B01D1EC
:103E40000123FB71664B9B7F002B01D10123FB718A
:103E5000634B93F86130002B01D10123FB71604B60
:103E600093F86830002B01D10123FB715C4B93F870
:103E7000CB30002B04D05A4B93F8ED30002B01D1FE
:103E80000123FB71564B93F83131002B01D10123F3
:103E9000FB71534B93F82F31002B01D10123FB71A0
:103EA000FB7983F00103DBB2002B40F08A804A4BA0
:103EB000D3F818323A68D31A4EF6602293422CD9BE
:103EC000474B5B79002B0CD0424B1B79002B08D061
:103ED000404B5B79002B04D0414B93F82F31002BE2
:103EE00071D1FEF76FFB00224FF400613D48F0F7FF
:103EF00071F9394B0022C3F818226420F6F739F81B
:103F000001224FF400613748F0F764F9F0F79CFBA9
:103F10000346314AC2F8183255E0304B1B68002B7B
:103F200007D02E4B1B683A68D31A42F210729342A4
:103F30004BD32A4A3B681360294B5B79002B02D193
:103F40000120FFF77DF8264BDB7D002B02D11320EB
:103F5000FFF776F8224B9B7F002B02D11420FFF74E
:103F60006FF81F4B93F86130002B02D11120FFF73F
:103F700067F81B4B93F86830002B02D12120FFF724
:103F80005FF8174B93F8CB30002B04D0144B93F809
:103F9000ED30002B02D12220FFF752F8104B93F89E
:103FA0003131002B02D11520FFF74AF80C4B93F862
:103FB0002F31002B0AD12320FFF742F806E000BF83
:103FC00004E000BF02E000BF00E000BF0837BD46CC
:103FD00080BD00BFD05A0020745700204C5D0020E7
:103FE0009C5900200000024090B585B002AF674B9D
:103FF000D3F81832002B03D1654B00221A60C2E0BF
:10400000F0F722FB7860634B1B79012B07D1614BE2
:104010005B79012B03D15E4B00221A60B3E05C4B4D
:104020001B68002B07D15B4B5B79012B03D0584AEF
:104030007B681360A7E0584B5B79002B16D1534B7C
:10404000D3F818327A68D31A534AD28801324FF41F
:104050007A7101FB02F2934208D94F4BDB8801339E
:104060009AB24D4BDA800120FFF7AEF9484B1B683E
:104070007A68D31A4CF2503293421ED9444A7B6874
:104080001360FEF79FFA00224FF400614348F0F7F7
:10409000A1F83E4B0022C3F818226420F5F769FF0F
:1040A00001224FF400613D48F0F794F8F0F7CCFAA4
:1040B0000346364AC2F8183265E0344BD3F818325A
:1040C0007A68D31A47F2305293425CD9344B1B685A
:1040D000002B07D0324B1B687A68D31A41F2883222
:1040E000934250D3FEF7C6FE03461C46FEF7DAFEA7
:1040F00003469C4247D1FEF7A5FE0346002B42D162
:10410000FEF7C4FE03461C46FEF7D8FE03469C425B
:1041100039D1FEF7A3FE0346002B34D11B4B93F895
:104120001C32002B2FD1194B93F81F32002B2AD1B0
:10413000184B1B79002B26D1164B1B79002B0FD166
:104140000123FB70174B1B78D9B2FB1C0122009294
:104150001022BA20FFF7A0F8114A7B68136012E022
:104160000C4B5B79002B0ED10123BB700D4B1B78E0
:10417000D9B2BB1C012200922022BA20FFF78CF892
:10418000074A7B6813600C37BD4690BD745700200A
:10419000505D0020D05A00209C59002000000240B1
:1041A000545D0020044B0020024B01461868EDF7D7
:1041B00007B800BF0C0000200FB407B5064904ABD8
:1041C000086853F8042B8168019300F07DFB03B06D
:1041D0005DF804EB04B070470C000020036A70B572
:1041E000846805460E460BB9ECF730FE636EDB07BC
:1041F00005D4A389980502D4A06DECF772FFA389BA
:10420000190702D52369002B35D12146284600F035
:104210005FF980B34FF0FF35636EDA0705D4A389E9
:104220009B0502D4A06DECF75DFF284670BD002B06
:1042300004DAA269934217DB0A2915D023685A1CB5
:1042400022601970A36816F8011F013BA3600029C2
:10425000EDD1002B11DA22460A21284600F0FAF8A7
:104260000130D7D00A25D7E72246284600F0F2F8D9
:104270000130E7D1CEE7013EE4E723685A1C226013
:104280000A221A70EEE70000024B01461868FFF799
:10429000A5BF00BF0C000020B1FA81F252094FF413
:1042A0008063520000F000B82DE9F7431D46574BDC
:1042B0001F6804460E46904627B13B6A13B938463C
:1042C000ECF7C4FDB8F1020F06D0B8F1010F00F20F
:1042D0009A80002DC0F29780636ED90705D4A38918
:1042E0009A0502D4A06DECF7FCFE21463846EDF7A6
:1042F00075F8616B41B104F14403994202D038462C
:10430000ECF7F2FE002363630023A3616360A389DB
:104310001B0603D521693846ECF7E6FEA38923F492
:104320004A6323F00303B8F1020FA38161D001AB0C
:104330006A462146384600F06FFDA3891843A081E4
:104340002DBB009D2846FFF72FFF0646002852D1BF
:10435000DDF80090A94540D14FF0FF35B4F90C309D
:1043600043F00202A2810022A26004F1470222600F
:10437000226101226261626ED60704D4980502D4DC
:10438000A06DECF7AFFE284603B0BDE8F083002E29
:10439000D8D03B6A13B93846ECF758FDB8F1010F95
:1043A00008BFA389266004BF43F00103A381B4F9C9
:1043B0000C3013F00802C4E904651ED0D90741BFD0
:1043C00000226D42A260A56158BFA560626ED2074F
:1043D00001D49B0513D50025D5E74846FFF7E4FE39
:1043E00006460028B8D0A38943F08003A3814D4638
:1043F000CFE70025B2E7A946F5E7A260E6E7A06DA2
:10440000ECF770FEE7E74FF0FF35BCE70C0000204B
:104410000EB410B59DB01FAB029006906FF0004136
:104420000A48079104910A4953F8042B0591002486
:1044300002A9006801931B9400F024F9029B1C70F0
:104440001DB0BDE8104003B0704700BF0C00002055
:104450000802FFFFF8B50E461446054618B1036A78
:104460000BB9ECF7F3FCA369A360A3891A0701D584
:10447000236943B92146284600F02AF818B14FF0C5
:10448000FF373846F8BD23682269981A6369F6B287
:104490008342374605DC21462846ECF79FFF00287B
:1044A000EDD1A368013BA36023685A1C22601E70F3
:1044B0006269431C9A4204D0A389DB07E1D50A2E26
:1044C000DFD121462846ECF789FF0028D9D0D6E76E
:1044D00038B5284B054618680C4618B1036A0BB965
:1044E000ECF7B4FCB4F90C301A0721D4D80607D481
:1044F00009222A6043F04003A3814FF0FF3030E0EF
:10450000590712D5616B41B104F14403994202D0BD
:104510002846ECF7E9FD002363630022B4F90C3070
:1045200062602269226023F0240343F00803A38120
:1045300022693AB99A0501D5180603D521462846BD
:1045400000F08EFCB4F90C3013F001020AD0002206
:10455000A26062695242A261226942B913F08000EE
:10456000C8D138BD990758BF6269A260F4E700203E
:10457000F7E700BF0C00002010B56AB101398418BC
:1045800010F8012B11F8013F9A4203D1A04201D04B
:10459000002AF5D1D01A10BD1046FCE7014B18686F
:1045A000704700BF0C0000200A44914200F1FF3325
:1045B00000D1704710B511F8014B03F8014F91423B
:1045C000F9D110BD2DE9F0478E681F46BE428246E4
:1045D0000C469046334653D8B1F90C0010F4906F56
:1045E0002BD065692368096905EB4505A3EB010933
:1045F00005EBD5757B1C6D104B44AB422A4684BF3E
:104600001D462A46430527D511465046ECF7D8FDEE
:10461000064658B321694A46FFF7C6FFA38923F42B
:10462000906343F08003A381266165614E44A5EB4E
:1046300009052660A5603E463B461F4620683A466F
:10464000414600F046FCA3689B1BA36023683B44E3
:1046500023600020BDE8F087504600F075FC064658
:104660000028E1D121695046ECF73EFD0C23CAF841
:104670000030A38943F04003A3814FF0FF30E9E706
:104680003E46DBE72DE9F0471F468B891B069CB0B1
:1046900006460D46144610D50B6973B94021ECF758
:1046A0008FFD2860286130B90C2333604FF0FF3054
:1046B0001CB0BDE8F08740236B61002309932023E1
:1046C0008DF8293003973023654F8DF82A304FF04D
:1046D00001082346994613F8012B0AB1252AF9D17E
:1046E000B9EB040A0BD05346224629463046FFF761
:1046F00069FF013000F0A480099A5244099299F8A8
:104700000030002B00F09C8000234FF0FF32CDE9F9
:10471000052309F10109049307938DF853301A9387
:104720004C464F4814F8011B0522ECF7B1FA049BE4
:10473000D0B9D80644BF20228DF85320190744BFB2
:104740002B228DF8532099F800202A2A13D0079A9B
:104750004C4600204FF00A0C214611F8013B303B3B
:10476000092B49D968B913E0C01B08FA00F01843B7
:104770000490A146D4E7039A111D12680391002A00
:1047800001DB079204E0524243F0020307920493D4
:1047900023782E2B0AD163782A2B32D1039B1A1D42
:1047A0001B68039243EAE37302340593DFF8C09079
:1047B000217803224846ECF76BFA38B1049BA0EB52
:1047C00009004022824013430134049314F8011B72
:1047D00024488DF828100622ECF75AFA002835D024
:1047E000214818BB039B073323F0070308330393C7
:1047F000099B034409936CE70CFB02320C46012031
:10480000AAE700230134059319464FF00A0C20460D
:1048100010F8012B303A092A03D9002BC6D0059194
:10482000C4E70CFB012104460123F0E703AB00932E
:104830002A460E4B04A93046AFF30080421CD7D164
:10484000AB895B063FF532AF099831E703AB0093C4
:104850002A46064B04A9304600F0B8F9EEE700BF3F
:104860009C7E0208A67E020800000000C5450208E2
:10487000A27E02089368013B002B10B4936008DA13
:104880009469A34201DB0A2903D15DF8044BFFF7C9
:10489000E1BD1368581C1060197008465DF8044BA0
:1048A0007047F8B506460F461446D518AC4201D1FC
:1048B000002007E014F8011B3A463046FFF7DAFF04
:1048C000431CF3D1F8BD00002DE9F0470D469CB024
:1048D00014461F46064618B1036A0BB9ECF7B6FA40
:1048E0006B6ED90705D4AB899A0502D4A86DECF795
:1048F000F8FBAB891B0701D52B699BB929463046CC
:10490000FFF7E6FD70B16B6EDC0704D54FF0FF30AA
:104910001CB0BDE8F087AB899805F7D4A86DECF71B
:10492000E1FBF3E70023099320238DF82930039757
:1049300030236A4F8DF82A304FF0010823469946FC
:1049400013F8012B0AB1252AF9D1B9EB040A0BD0CF
:104950005346224629463046FFF7A3FF013000F0B8
:10496000A480099A5244099299F80030002B00F073
:104970009C8000234FF0FF32CDE9052309F10109A6
:10498000049307938DF853301A934C46534814F808
:10499000011B0522ECF77CF9049BD0B9D90644BF72
:1049A00020228DF853201A0744BF2B228DF8532064
:1049B00099F800202A2A13D0079A4C4600204FF07D
:1049C0000A0C214611F8013B303B092B49D968B943
:1049D00013E0C01B08FA00F018430490A146D4E786
:1049E000039A111D12680391002A01DB079204E06B
:1049F000524243F002030792049323782E2B0AD1EC
:104A000063782A2B32D1039B1A1D1B68039243EA59
:104A1000E37302340593DFF8D490217803224846EB
:104A2000ECF736F938B1049BA0EB09004022824034
:104A300013430134049314F8011B29488DF82810FE
:104A40000622ECF725F900283ED0264818BB039B28
:104A5000073323F0070308330393099B03440993A7
:104A60006CE70CFB02320C460120AAE7002301345C
:104A7000059319464FF00A0C204610F8012B303AE6
:104A8000092A03D9002BC6D00591C4E70CFB0121EC
:104A900004460123F0E703AB00932A46124B04A916
:104AA0003046AFF30080431CD7D16B6ED90705D4D5
:104AB000AB899A0502D4A86DECF714FBAB895B06B1
:104AC0003FF524AF099823E703AB00932A46064B32
:104AD00004A9304600F07AF8E5E700BF9C7E0208A2
:104AE000A67E020800000000A3480208A27E020879
:104AF0002DE9F047164698468A680B69DDF8209044
:104B00009342B8BF1346336091F8432007460C46E2
:104B10000AB1013333602368990642BF3368023318
:104B20003360256815F0060506D104F1190AE3681B
:104B300032689B1AAB4226DC94F843302268003B73
:104B400018BF012392062BD404F143024146384694
:104B5000C84701301ED02368226903F00603042BE6
:104B600002BFE5683368ED1AA3680CBF25EAE57556
:104B700000259342C4BF9B1AED1800261A34B54293
:104B80001AD1002008E00123524641463846C84762
:104B9000013003D14FF0FF30BDE8F0870135C6E7A3
:104BA000E1185A1C302081F84300224494F8451043
:104BB00082F843100233C7E70123224641463846B4
:104BC000C8470130E6D00136D9E700002DE9F043AF
:104BD0000D7E85B0782D90460C9E07460C46994672
:104BE00001F1430207D8622D0AD8002D00F0D780CA
:104BF000582D00F0BC8004F1420684F842503BE09E
:104C0000A5F16303152BF6D801A151F823F000BFDD
:104C1000694C02087D4C0208F74B0208F74B02086A
:104C2000F74B0208F74B02087D4C0208F74B0208CD
:104C3000F74B0208F74B0208F74B0208854D0208B4
:104C4000A74C0208374D0208F74B0208F74B020841
:104C5000A74D0208F74B0208A74C0208F74B0208C1
:104C6000F74B02083F4D020833681A1D1B6832607B
:104C700004F1420684F842300123A1E03368206841
:104C8000191D3160060601D51D6803E04506FBD5F8
:104C9000B3F90050002D03DA2D236D4284F8433020
:104CA0005B480A2311E021683368080653F8045B67
:104CB00002D4490648BFADB23360237E54486F2BFF
:104CC0005CD10823002184F843106668A660002E9A
:104CD00005DB21682E4321F00401216050D01646E7
:104CE000B5FBF3F103FB115C10F80CC006F801CD25
:104CF000AC4663450D46F3D9082B0BD12368DB077F
:104D000008D5236961689942DEBF302306F8013C6B
:104D100006F1FF36921B2261CDF80090434603AAAC
:104D200021463846FFF7E4FE01304ED14FF0FF3008
:104D300005B0BDE8F083236843F0200323603548C5
:104D4000782584F845502368316813F0800F51F8B6
:104D5000045B03D113F0400F18BFADB23160D90727
:104D600044BF43F0200323601DB11023AAE7284865
:104D7000E7E7236823F020032360F6E70A23A1E78F
:104D80001646B9E7336825686169181D30602E063C
:104D90001B6801D5196002E06806FBD51980002365
:104DA00023611646B8E733681A1D32601E686268D0
:104DB00000213046EBF76CFF08B1801B6060636830
:104DC0002361002384F84330A6E723693246414635
:104DD0003846C8470130A9D023689B0713D4E06840
:104DE000039B9842B8BF1846A2E7012332464146CA
:104DF0003846C847013099D00135E36803995B1AFA
:104E0000AB42F2DCEBE7002504F11906F5E700BF41
:104E1000AD7E0208BE7E020870B50C46B1F90E10D8
:104E2000002996B015461E460ADAA18911F08001C4
:104E300013D14FF48062002031602A6016B070BD3B
:104E40006A4600F05FF80028EFDB019901F4704139
:104E5000A1F5005359425941EBE700214022EAE70E
:104E60008B8973B59E0705460C4607D504F14703A9
:104E7000236023610123636102B070BD01AB6A4608
:104E8000FFF7CAFF009E28463146ECF799F9B4F9BE
:104E90000C3038B99A05EFD423F0030343F0020332
:104EA000A381E3E743F08003A381019B2060C4E971
:104EB0000406002BE0D0B4F90E10284600F034F8B8
:104EC0000028D9D0A38923F0030343F00103A38171
:104ED000D2E7884210B501EB020402D9844223468E
:104EE00007D8431EA14207D011F8012B03F8012F68
:104EF000F8E70244824200D110BD13F8011D02F808
:104F0000011DF7E738B5074D002304460846114652
:104F10002B60FAF79EFA431C02D12B6803B1236081
:104F200038BD00BFE001002038B5064D002304461F
:104F300008462B60FAF79DFA431C02D12B6803B197
:104F4000236038BDE00100202DE9F04107461446FA
:104F50000D4621B9BDE8F0411146ECF731B92AB947
:104F6000ECF7C2F825462846BDE8F08100F01AF8B3
:104F70008442064602D8B4EB500FF4D82146384696
:104F8000ECF71EF9804608B94546ECE7B4422246E4
:104F9000294628BF3246FFF707FB29463846ECF77B
:104FA000A3F8F1E751F8043C181F002BBCBF0B58C5
:104FB000C0187047F8B500BFF8BC08BC9E467047E3
:0C4FC000F8B500BFF8BC08BC9E46704766
:104FCC0049444C450000000064656661756C74547E
:104FDC0061736B00D44F020849B401080000000053
:104FEC0000000000000200000000000000000000B3
:104FFC0053657269616C5461736B0000FC4F02085D
:10500C009DB60108FEFF0000000000000004000037
:10501C00000000000000000053776974636854615D
:10502C00736B00002450020855BD010800000000FD
:10503C0000000000800000000000000000000000E4
:10504C004C63645461736B004C5002088DCE0108A4
:10505C000000000000000000000400000000000040
:10506C000000000053656E736F725461736B000027
:10507C007050020849CF0108000000000000000039
:10508C000002000000000000000000005769666983
:10509C00556172745461736B0000000098500208E3
:1050AC00E53A0208FEFF00000000000000020000CC
:1050BC000000000000000000504F57524159554E5F
:1050CC00495F424F4F545F55504C4F41445F5245DE
:1050DC0051554553545F303100000000504F57522A
:1050EC004159554E495F424F4F545F55504C4F41BB
:1050FC00445F524551554553545F30310000000018
:10510C005B585D005B7E5D005B4F5D005B475D0047
:10511C005B3F5D0049443A202020282020202900B4
:10512C0054656D703A20202027430000416D70209B
:10513C003A000000537461743A0000004F46460078
:10514C004F4E00004F4350004F56500046414E000A
:10515C00424F4F5354000000426F6F7374000000B5
:10516C0044696D2825290000322E304B00000000C8
:10517C00322E354B00000000332E304B0000000067
:10518C00434F4D4D2E203A0052532D3438350000EC
:10519C00444D5800575F444D5820257300000000C3
:1051AC0057494649202825642900000046414E31C4
:1051BC002F323A202020202F0000000046414E3391
:1051CC002F343A202020202F00000000462F57209B
:1051DC005645523A20312E342E33000049502020AF
:1051EC003A00000025642E25642E25642E256400CB
:1051FC004D4143203A000000253032583A253032D8
:10520C00583A253032583A253032583A25303258EF
:10521C003A25303258000000535349443A000000FC
:10522C0025730000525353493A25642064426D00A3
:10523C0057694669204E6F7420436F6E666967002C
:10524C00424950203A000000506F72743A256400B5
:10525C00557365723A257300434944203A000000A7
:10526C00252E3134730000004D515454204E6F7470
:10527C0020436F6E66696700444556204944203AC6
:10528C000000000047524F555020203A000000000B
:10529C00574946492063683A00000000426F6F731B
:1052AC007420203A000000004D4F44454C20203A19
:1052BC0000000000322E304B5F4D0000322E304B80
:1052CC005F430000332E304B5F4D0000332E304BCC
:1052DC005F430000322E304B5F4A0000414328569A
:1052EC002920203A00000000434F4D4D2E20203A3B
:1052FC0000000000575F444D5800000057494649D4
:10530C00000000005061636B6574203A00000000DF
:10531C004153434949000000484558004C4544203E
:10532C004F4E203A20202020274300004C4544209B
:10533C004F46463A202020202743000046414E206D
:10534C004F4E203A202020202743000046414E207B
:10535C004F46463A202020202743000053574954FB
:10536C004348203A0000000050555348000000000C
:10537C00544F47474C4500004578742E7374723A6D
:10538C00000000004D4355004558545F414C494EB8
:10539C00450000004558545F4F4E4C59000000002A
:1053AC00534D50532856293A000000004578697433
:1053BC0020776974686F75742073617665000000DE
:1053CC0044555459203125203A000000202020312A
:1053DC00303025203A000000536D6F6F7468203A0E
:1053EC00000000006D7174743A2F2F007463703AD2
:1053FC002F2F000053455420636F6D6D616E642038
:10540C0074696D656F7574212028656C61707365A6
:10541C00643A20256C75206D73290D0A000000007C
:10542C00576966695461736B2073746172740D00F3
:10543C000000000000000000010203040607080938
:10544C000000000001020304000001A000000000A5
:10545C0000000000000000000010101010100000F0
:10546C0010000000006C4848000000000000000024
:10547C00001414287C287C28505000000010384060
:10548C004038487010100000002052240810244AA4
:10549C0004000000000000182020544834000000D4
:1054AC000008141408000000000000000008081098
:1054BC0010101010100808000020201010101010F0
:1054CC001020200000107C10282800000000000094
:1054DC000000101010FE1010100000000000000062
:1054EC00000000181030200000000000007C0000BC
:1054FC000000000000000000000000303000000040
:10550C000004040808101020204000000038444417
:10551C0044444444380000000030101010101010A7
:10552C007C00000000384404081020447C0000007B
:10553C00003844041804044438000000000C14140F
:10554C0024447E040E000000003C20203804044457
:10555C0038000000001C204078444444380000000F
:10556C00007C440408080810100000000038444473
:10557C00384444443800000000384444443C040897
:10558C0070000000000000303000003030000000DF
:10559C0000000018180000183020000000000C104B
:1055AC00608060100C000000000000007C007C009B
:1055BC00000000000000C02018041820C0000000EB
:1055CC000000182404081000300000003844444C3B
:1055DC0054544C40443800000030102828287C4497
:1055EC00EE00000000F8444478444444F800000005
:1055FC00003C4440404040443800000000F0484427
:10560C0044444448F000000000FC445070504044B6
:10561C00FC000000007E22283828202070000000AA
:10562C00003C4440404E44443800000000EE4444EA
:10563C007C444444EE000000007C1010101010104C
:10564C007C000000003C0808084848483000000076
:10565C0000EE444850704844E600000000702020E2
:10566C00202024247C00000000EE6C6C5454444434
:10567C00EE00000000EE64645454544CEC00000046
:10568C000038444444444444380000000078242446
:10569C002438202070000000003844444444444422
:1056AC00381C000000F8444444784844E2000000F0
:1056BC0000344C40380404645800000000FE921082
:1056CC00101010103800000000EE444444444444D0
:1056DC003800000000EE4444282828101000000078
:1056EC0000EE4444545454542800000000C644288E
:1056FC0010102844C600000000EE4428281010109A
:10570C0038000000007C4408101020447C0000008D
:10571C00003820202020202020203800004020208D
:10572C0020101008080800000038080808080808AD
:10573C000808380000101028440000000000000089
:10574C000000000000000000000000FE0010080037
:10575C00000000000000000000000038443C4444FD
:10576C003E00000000C0405864444444F80000006F
:10577C000000003C4440404438000000000C04345D
:10578C004C4444443E00000000000038447C40403F
:10579C003C000000001C207C202020207C0000000D
:1057AC00000000364C4444443C04380000C04058CF
:1057BC0064444444EE0000000010007010101010FF
:1057CC007C00000000100078080808080808700029
:1057DC0000C0405C48705048DC00000000301010E5
:1057EC00101010107C000000000000E854545454B9
:1057FC00FE000000000000D864444444EE000000A9
:10580C00000000384444444438000000000000D834
:10581C00644444447840E000000000364C44444466
:10582C003C040E000000006C302020207C000000A6
:10583C000000003C44380444780000000000207C48
:10584C00202020221C000000000000CC4444444CCA
:10585C0036000000000000EE444428281000000030
:10586C00000000EE4454545428000000000000CC0A
:10587C0048303048CC000000000000EE44242818CA
:10588C00101078000000007C481020447C000000C0
:10589C00000810101010201010100800001010102C
:1058AC001010101010100000002010101010081014
:1058BC001010200000000000002458000000000020
:1058CC0000000000000000000000000000000000CC
:1058DC0000000000000000000000000000000000BC
:1058EC000000000000000000000007000700070097
:1058FC00070007000700070002000200000000007C
:10590C00070007000000000000000000000000007D
:10591C00000000001CE01CE01CE0084008400840AF
:10592C00000000000000000000000000000000006B
:10593C0000000000000000000CC00CC00CC00CC02B
:10594C000CC03FF03FF00CC00CC03FF03FF00CC05F
:10595C000CC00CC00CC00CC000000000000000000B
:10596C000300030007E00FE0186018001F000FC0D1
:10597C0000E0186018601FC01F80030003000300C4
:10598C00000000000000000000001C0022002200AB
:10599C0022001C6001E00F803C0031C0022002207C
:1059AC00022001C000000000000000000000000008
:1059BC0000000000000003E00FE00C000C000600EB
:1059CC000F301FF019E018C01FF007B000000000E6
:1059DC0000000000000000000000000003800380B5
:1059EC000380010001000100000000000000000025
:1059FC00000000000000000000000000000000009B
:105A0C00000000C000C00180018001800300030081
:105A1C00030003000300030001800180018000C02B
:105A2C0000C000000000000000000C000C0006008C
:105A3C00060006000300030003000300030003003C
:105A4C000600060006000C000C0000000000000020
:105A5C0000000300030003001B601FE007800780A9
:105A6C000FC00CC00000000000000000000000008F
:105A7C000000000000000000000000000000030017
:105A8C000300030003003FF03FF00300030003009A
:105A9C0003000000000000000000000000000000F7
:105AAC0000000000000000000000000000000000EA
:105ABC000000000000000380030003000600060045
:105ACC0004000000000000000000000000000000C6
:105ADC000000000000003FE03FE00000000000007C
:105AEC0000000000000000000000000000000000AA
:105AFC00000000000000000000000000000000009A
:105B0C000000000000000380038003800000000000
:105B1C0000000000000000000060006000C000C039
:105B2C0000C00180018003000300060006000C0089
:105B3C000C000C0018001800000000000000000011
:105B4C0000000F801FC018C03060306030603060C3
:105B5C0030603060306018C01FC00F800000000043
:105B6C000000000000000000000003001F001F00E8
:105B7C000300030003000300030003000300030001
:105B8C001FE01FE00000000000000000000000000B
:105B9C0000000F801FC038E03060006000C0018042
:105BAC00030006000C0018003FE03FE0000000007E
:105BBC00000000000000000000000F803FC030E03B
:105BCC00006000E007C007C000E00060006060E01B
:105BDC007FC03F80000000000000000000000000BB
:105BEC00000001C003C003C006C00CC00CC018C02C
:105BFC0030C03FE03FE000C003E003E000000000E5
:105C0C00000000000000000000001FC01FC01800B2
:105C1C0018001F801FC018E000600060006030E0BA
:105C2C003FC01F80000000000000000000000000CA
:105C3C00000003E00FE01E001800380037803FC062
:105C4C0038E03060306018E01FC0078000000000B2
:105C5C00000000000000000000003FE03FE030606A
:105C6C00006000C000C000C0018001800180030002
:105C7C000300030000000000000000000000000012
:105C8C0000000F801FC038E0306038E01FC01FC01C
:105C9C0038E03060306038E01FC00F80000000003A
:105CAC00000000000000000000000F001FC038C002
:105CBC003060306038E01FE00F6000E000C003C0CF
:105CCC003F803E00000000000000000000000000CB
:105CDC00000000000000000000000380038003802F
:105CEC00000000000000038003800380000000001F
:105CFC000000000000000000000000000000000098
:105D0C00000001C001C001C00000000000000380C1
:105D1C000300060006000400000000000000000064
:105D2C00000000000000003000F003C007001C0061
:105D3C0078001C00070003C000F0003000000000D9
:105D4C000000000000000000000000000000000047
:105D5C0000007FF07FF0000000007FF07FF000007B
:105D6C000000000000000000000000000000000027
:105D7C0000000000000030003C000F00038000E039
:105D8C00007800E003800F003C00300000000000B1
:105D9C000000000000000000000000000F801FC089
:105DAC0018601860006001C0038003000000000050
:105DBC0007000700000000000000000000000000C9
:105DCC00000003800C8008401040104011C01240AD
:105DDC001240124011C0100008000840078000005B
:105DEC000000000000000000000000001F801F8069
:105DFC00038006C006C00CC00C601FE01FE03030F2
:105E0C0078787878000000000000000000000000A6
:105E1C00000000003F803FC01860186018E01FC0F1
:105E2C001FE01870183018303FF03FE00000000001
:105E3C0000000000000000000000000007B00FF0A0
:105E4C001C703830300030003000300038301C709E
:105E5C000FE007C000000000000000000000000080
:105E6C00000000007F807FC030E030703030303078
:105E7C0030303030307030E07FC07F800000000068
:105E8C000000000000000000000000003FF03FF0A8
:105E9C001830183019801F801F8019801830183066
:105EAC003FF03FF000000000000000000000000088
:105EBC00000000003FF03FF01830183019801F80B0
:105ECC001F801980180018003F003F0000000000E0
:105EDC0000000000000000000000000007B01FF0F0
:105EEC00187030303000300031F831F83030183064
:105EFC001FF007C0000000000000000000000000C0
:105F0C00000000003CF03CF01860186018601FE0C6
:105F1C001FE01860186018603CF03CF000000000B6
:105F2C000000000000000000000000001FE01FE067
:105F3C00030003000300030003000300030003003D
:105F4C001FE01FE000000000000000000000000047
:105F5C000000000003F803F80060006000600060BF
:105F6C0030603060306030E03FC00F8000000000D7
:105F7C000000000000000000000000003EF83EF8A9
:105F8C0018E019801B001F001D8018C018C0186075
:105F9C003E783E38000000000000000000000000C9
:105FAC00000000003F003F000C000C000C000C0037
:105FBC000C000C300C300C303FF03FF000000000B7
:105FCC0000000000000000000000000078787878E5
:105FDC0038703CF034B037B037B033303330303009
:105FEC007CF87CF8000000000000000000000000BD
:105FFC000000000039F03DF01C601E601E601B604C
:10600C001B6019E019E018E03EE03E600000000063
:10601C0000000000000000000000000007800FC01E
:10602C001CE03870303030303030303038701CE09C
:10603C000FC00780000000000000000000000000FE
:10604C00000000003FC03FE0187018301830187086
:10605C001FE01FC0180018003F003F0000000000A8
:10606C0000000000000000000000000007800FC0CE
:10607C001CE03870303030303030303038701CE04C
:10608C000FC0078007B00FF00CE00000000000000C
:10609C00000000003FC03FE01870183018701FE07F
:1060AC001FC018E0186018703E383E180000000041
:1060BC000000000000000000000000000FB01FF006
:1060CC003870303038001F8007E000703030387086
:1060DC003FE037C00000000000000000000000009E
:1060EC00000000003FF03FF033303330333003001A
:1060FC0003000300030003000FC00FC000000000EA
:10610C000000000000000000000000003CF03CF02B
:10611C0018601860186018601860186018601CE02F
:10612C000FC007800000000000000000000000000D
:10613C000000000078F078F03060306018C018C0B3
:10614C000D800D800D800700070007000000000087
:10615C000000000000000000000000007C7C7C7C43
:10616C00301833983398339836D816D01C701C706E
:10617C001C7018300000000000000000000000003F
:10618C000000000078F078F0306018C00D80070037
:10619C0007000D8018C0306078F078F00000000027
:1061AC000000000000000000000000003CF03CF08B
:1061BC0018600CC007800780030003000300030075
:1061CC000FC00FC000000000000000000000000025
:1061DC00000000001FE01FE0186018C001800300E1
:1061EC00030006000C6018601FE01FE000000000B8
:1061FC000000000000000000000003C003C003000A
:10620C00030003000300030003000300030003006A
:10621C0003000300030003C003C0000000000000E3
:10622C00180018000C000C000C00060006000300FF
:10623C0003000180018000C000C000C0006000604D
:10624C00000000000000000000000F000F00030021
:10625C00030003000300030003000300030003001A
:10626C000300030003000F000F00000000000000FB
:10627C000000020007000D8018C0306020200000D4
:10628C000000000000000000000000000000000002
:10629C0000000000000000000000000000000000F2
:1062AC0000000000000000000000000000000000E2
:1062BC00000000000000000000000000FFFCFFFCDC
:1062CC00000004000300008000000000000000003B
:1062DC0000000000000000000000000000000000B2
:1062EC0000000000000000000000000000000000A2
:1062FC0000000FC01FE000600FE01FE0386030E0CE
:10630C003FF01F70000000000000000000000000C3
:10631C000000700070003000300037803FE03860C3
:10632C0030303030303038607FE077800000000053
:10633C000000000000000000000000000000000051
:10634C00000007B01FF0183030303000300038300B
:10635C001FF00FC000000000000000000000000053
:10636C000000007000700030003007B01FF0187093
:10637C0030303030303038701FF807B80000000073
:10638C000000000000000000000000000000000001
:10639C00000007801FE018603FF03FF0300018301D
:1063AC001FF007C00000000000000000000000000B
:1063BC00000003F007F0060006001FE01FE00600D7
:1063CC0006000600060006001FE01FE000000000AB
:1063DC0000000000000000000000000000000000B1
:1063EC00000007B81FF8187030303030303018709B
:1063FC001FF007B0003000700FE00FC0000000006D
:10640C00000038003800180018001BC01FE01C608A
:10641C0018601860186018603CF03CF00000000038
:10642C00000000000000000000000300030000005A
:10643C0000001F001F000300030003000300030003
:10644C001FE01FE000000000000000000000000042
:10645C00000003000300000000001FC01FC000C0AC
:10646C0000C000C000C000C000C000C000C001C01F
:10647C003F803F000000000000003800380018008A
:10648C0018001BE01BE01B001E001E001B001980E7
:10649C0039F039F00000000000000000000000009E
:1064AC0000001F001F000300030003000300030093
:1064BC0003000300030003001FE01FE000000000C6
:1064CC0000000000000000000000000000000000C0
:1064DC0000007EE07FF033303330333033303330F4
:1064EC007BB87BB80000000000000000000000003A
:1064FC00000000000000000000003BC03FE01C60FA
:10650C0018601860186018603CF03CF00000000047
:10651C00000000000000000000000000000000006F
:10652C00000007801FE018603030303030301860C9
:10653C001FE00780000000000000000000000000C9
:10654C000000000000000000000077807FE0386051
:10655C0030303030303038603FE037803000300041
:10656C007C007C0000000000000000000000000027
:10657C00000007B81FF81870303030303030187009
:10658C001FF007B00030003000F800F800000000E9
:10659C00000000000000000000003CE03DF00F3067
:1065AC000E000C000C000C003FC03FC000000000AF
:1065BC0000000000000000000000000000000000CF
:1065CC00000007E01FE018601E000FC001E018601B
:1065DC001FE01F8000000000000000000000000011
:1065EC00000000000C000C000C003FE03FE00C0031
:1065FC000C000C000C000C300FF007C00000000069
:10660C00000000000000000000000000000000007E
:10661C00000038E038E0186018601860186018E066
:10662C001FF00F70000000000000000000000000D0
:10663C000000000000000000000078F078F03060EE
:10664C0018C018C00D800D80070007000000000066
:10665C00000000000000000000000000000000002E
:10666C00000078F078F03260326037E01DC01DC059
:10667C0018C018C00000000000000000000000005E
:10668C00000000000000000000003CF03CF00CC0DA
:10669C000780030007800CC03CF03CF000000000B9
:1066AC0000000000000000000000000000000000DE
:1066BC00000078F078F0306018C018C00D800F80A2
:1066CC000700060006000C007F007F0000000000A1
:1066DC00000000000000000000001FE01FE018C0D8
:1066EC000180030006000C601FE01FE000000000AA
:1066FC000000000000000000000001C003C0030007
:10670C00030003000300030007000E000700030052
:10671C0003000300030003C001C0000000000000E0
:10672C000000030003000300030003000300030048
:10673C000300030003000300030003000300030035
:10674C00030000000000000000001C001E000600FA
:10675C00060006000600060007000380070006007E
:10676C000600060006001E001C00000000000000D1
:10677C000000000000000000000000000E003F3090
:10678C0033F001E0000000000000000000000000F9
:10679C0000000000000000000000000000000000ED
:1067AC00202020200020000050500000000000009D
:1067BC002850F850F850A0002030603010602000B5
:1067CC002020186010100000003820605078000065
:1067DC00202020000000000010202020202010008D
:1067EC00402020202020400020702050000000007D
:1067FC00002020F8202000000000000010202000C5
:10680C0000000070000000000000000000200000EC
:10681C00102020204040800020505050502000007C
:10682C006020202020F80000205010204070000034
:10683C0060102010106000001030507810380000EC
:10684C0070406010106000003040605050600000DC
:10685C0070501020202000002050205050200000AC
:10686C00305050301060000000002000002000006C
:10687C000000100010200000001020C020100000AC
:10688C000070007000000000004020182040000044
:10689C002050102000200000304848584840380054
:1068AC006020507088D80000F048704848F0000014
:1068BC007050404040300000F048484848F000001C
:1068CC00F848604048F80000F848604040E000009C
:1068DC007040405850300000E848784848E80000C4
:1068EC007020202020700000381010505020000024
:1068FC00D850607050D80000E040404048F800008C
:10690C00D8D8D8A888D80000D868685858E80000AB
:10691C003048484848300000F048487040E00000DB
:10692C003048484848301800F048487048E80000A3
:10693C007050201050700000F8A82020207000002B
:10694C00D848484848300000D8884850503000009B
:10695C00D888A8A8A8500000D850202050D80000F3
:10696C00D88850202070000078481020487800000B
:10697C00302020202020300080404020202010009B
:10698C00602020202020600020205000000000000B
:10699C0000000000000000F82010000000000000C3
:1069AC000000301070780000C040704848F00000C3
:1069BC00000070404070000018083848483800004B
:1069CC00000070704030000010207020207000001B
:1069DC000000384848380830C040704848E800008B
:1069EC00200060202070000020007010101010702B
:1069FC00C040587050D8000060202020207000004B
:106A0C000000D0A8A8A800000000F04848C800006A
:106A1C0000003048483000000000F048487040E06A
:106A2C000000384848380818000078202070000012
:106A3C0000003020106000000040F04048300000A2
:106A4C000000D848483800000000C848303000002A
:106A5C000000D8A8A85000000000483030480000C2
:106A6C000000D8505020206000007850287800009A
:106A7C00102020602020100020202020202020002A
:106A8C004020203020204000000000285000000052
:106A9C0000000000000000000000000000000000EA
:106AAC0000000000000000000000000000000000DA
:106ABC0000000000000000000000000000000000CA
:106ACC0000000000000000000000000000000000BA
:106ADC0000000000000000000000000000000000AA
:106AEC00000000000000000000000000000000009A
:106AFC00000000000000000000000000000000008A
:106B0C000000000000000000000000000000000079
:106B1C000000000000000000000000000000000069
:106B2C000000000000000000000000000000000059
:106B3C000000000000000000000000000000000049
:106B4C000000000000000000000000000000000039
:106B5C000000000000000000000000000000000029
:106B6C000000000000000000000000000303018092
:106B7C0000000000000000000000000006030300FD
:106B8C00000000000FC0007E000000000606070099
:106B9C00000FFFC07FF807FFE0FE01FE0C0E0600A1
:106BAC00000FFFC1FFFC0FFFF1FE03FF1C0C0600E2
:106BBC00001FFF87FFFE1FFFF1FE03FF3C1C0E00B2
:106BCC00001FFF87FFFF3FCFF1FC07FF383C1C0085
:106BDC0000003F8FF0FF3FC7F1FC0FFF78383C00FF
:106BEC0000003F8FE0FF7FFF01FC1FFFF0387800B3
:106BFC0000007F9FE0FF3FFF01FC1FFFF070700063
:106C0C0000007F1FC0FF1FFFC3FC3FFFE0F0F00040
:106C1C0000007F1FC0FF07FFE3F87F3FE1E0F000BB
:106C2C0000007F1FC1FE02FFE3F87F3FE1E1E000BF
:106C3C000000FF1FE3FC7E1FE3F8FE3FC3E1E00012
:106C4C0000007F1FFFFC7F1FC3F9FC3FC3C3E000A4
:106C5C000000FF0FFFF87FFF87F1FC3FC7C7C000A4
:106C6C000000FE07FFE03FFF07F3F83FCF87C000AF
:106C7C0000007C01FF801FFE07F3F01FDF8FC000B8
:106C8C00000000007C0003E00000001F1F8F80004C
:106C9C0000000000000000000000003F3F1F8000CB
:106CAC0000000000000000000000007F3F3F0000DB
:106CBC000000000000000000000000FE7F3F00000C
:106CCC000000000000000000000000FCFE7E000040
:106CDC000000000000000000000001FCFEFE0000AF
:106CEC000000000000000000000001FDFCFC0000A2
:106CFC000000000000000000000003F9F9FC000097
:106D0C000000000000000000000007FBFBFC00007E
:106D1C000000000000000000000007FFF3F8000076
:106D2C00000000000000000000000FF7F7F8000062
:106D3C00000000000000000000001FFFFFF8000032
:106D4C00000000000000000000001FFFFFF000002A
:106D5C00000000000000000000000FFFFFE000003A
:106D6C000000000000000000000000000000000017
:106D7C000000000000000000000000000000000007
:106D8C0000000000000000000000000000000000F7
:106D9C0000000000000000000000000000000000E7
:106DAC0000000000000000000000000000000000D7
:106DBC0000000000000000000000000000000000C7
:106DCC0000000000000000000000000000000000B7
:106DDC0000000000000000000000000000000000A7
:106DEC000000000000000000000000000000000097
:106DFC000000000000000000000000000000000087
:106E0C000000000000000000000000000000000076
:106E1C000000000000000000000000000000000066
:106E2C000000000000000000000000000000000056
:106E3C000000000000000000000000000000000046
:106E4C000000000000000000000000000000000036
:106E5C000000000000000000000000000000000026
:106E6C000000000000000000000000000000000016
:106E7C000000000000000000000000000000000006
:106E8C0000000000000000000000000000000000F6
:106E9C0000000000000000000000000000000000E6
:106EAC0000000000000000000000000000000000D6
:106EBC0000000000000000000000000000000000C6
:106ECC0000000000000000000000000000000000B6
:106EDC0000000000000000000000000000000000A6
:106EEC000000000000000000000000000000000096
:106EFC000000000000000000000000000000000086
:106F0C000000000000000000000000000000000075
:106F1C000000000000000000000000000000000065
:106F2C000000000000000000000000000000000055
:106F3C000000000000000000000000000000000045
:106F4C000000000000000000000000000000000035
:106F5C000000000000000000000000000000000025
:106F6C000000000000000000000000000000000015
:106F7C000000000000000000000000000000000005
:106F8C0000000000000000000000000000000000F5
:106F9C0000000000000000000000000000000000E5
:106FAC0000000000000000000000000000000000D5
:106FBC0000000000000000000000000000000000C5
:106FCC0000000000000000000000000000000000B5
:106FDC0000000000000000000000000000000000A5
:106FEC000000000000000000000000000000000095
:106FFC000000000000000000000000000000000085
:10700C000000000000000000000000000000000074
:10701C000000000000000000000000000000000064
:10702C000000000000000000000000000000000054
:10703C000000000000000000000000000000000044
:10704C000000000000000000000000000000000034
:10705C000000000000000000000000000000000024
:10706C000000000000000000000000000000000014
:10707C000000000000000000000000000000000004
:10708C0000000000000000000000000000000000F4
:10709C0000000000000000000000000000000000E4
:1070AC0000000000000000000000000000000000D4
:1070BC0000000000000000000000000000000000C4
:1070CC0000000000000000000000000000000000B4
:1070DC0000000000000000000000000000000000A4
:1070EC000000000000000000000000000000000094
:1070FC000000000000000000000000000000000084
:10710C000000000000000000000000000000000073
:10711C000000000000000000000000000000000063
:10712C000000000000000000000000000000000053
:10713C000000000000000000000000000000000043
:10714C000000000000000000000000000000000033
:10715C000000000000000000000000000000000023
:10716C000000000000000000000000000000000013
:10717C000000000000000000000000000000000003
:10718C0000000000000000000000000000000000F3
:10719C0000000000000000000000000000000000E3
:1071AC0000000000000000000000000000000000D3
:1071BC0000000000000000000000000000000000C3
:1071CC0000000000000000000000000000000000B3
:1071DC0000000000000000000000000000000000A3
:1071EC000000000000000000000000000000000093
:1071FC000000000000000000000000000000000083
:10720C000000000000000000000000000000000072
:10721C000000000000000000000000000000000062
:10722C000000000000000000000000000000000052
:10723C000000000000000000000000000000000042
:10724C000000000000000000000000000000000032
:10725C000000000000000000000000000000000022
:10726C000000000000000000000000000000000012
:10727C000000000000000000000000000000000002
:10728C0000000000000000000000000000000000F2
:10729C0000000000000000000000000000000000E2
:1072AC0000000000000000000000000000000000D2
:1072BC0000000000000000000000000000000000C2
:1072CC0000000000000000000000000000000000B2
:1072DC0000000000000000000000000000000000A2
:1072EC000000000000000000000000000000000092
:1072FC000000000000000000000000000000000082
:10730C000000000000000000000000000000000071
:10731C000000000000000000000000000000000061
:10732C000000000000000000000000000000000051
:10733C000000000000000000000000000000000041
:10734C000000000000000000000000000000000031
:10735C000000000000000000000000000000000021
:10736C000000000000000000000000000000000011
:10737C000000000000000000000000000000000001
:10738C0000000000000000000000000000000000F1
:10739C0000000000000000000000000000000000E1
:1073AC0000000000000000000000000000000000D1
:1073BC0000000000000000000000000000000000C1
:1073CC0000000000000000000000000000000000B1
:1073DC0000000000000000000000000000000000A1
:1073EC000000000000000000000000000000000091
:1073FC000000000000000000000000000000000081
:10740C000000000000000000000000000000000070
:10741C000000000000000000000000000000000060
:10742C000000000000000000000000000000000050
:10743C000000000000000000000000000000000040
:10744C000000000000000000000000000000000030
:10745C000000000000000000000000000000000020
:10746C000000000000000000000000000000000010
:10747C000000000000000000000000000000000000
:10748C0000000000000000000000000000000000F0
:10749C0000000000000000000000000000000000E0
:1074AC0000000000000000000000000000000000D0
:1074BC0000000000000000000000000000000000C0
:1074CC0000000000000000000000000000000000B0
:1074DC0000000000000000000000000000000000A0
:1074EC000000000000000000000000000000000090
:1074FC000000000000000000000000000000000080
:10750C00000000000000000000000000000000006F
:10751C00000000000000000000000000000000005F
:10752C00000000000000000000000000000000004F
:10753C00000000000000000000000000000000003F
:10754C00000000000000000000000000000000002F
:10755C00000000000000000000000000000000001F
:10756C00000000000000000000000000000000000F
:10757C0000000000000000000000000000000000FF
:10758C0000000000000000000000000000000000EF
:10759C0000000000000000000000000000000000DF
:1075AC0000000000000000000000000000000000CF
:1075BC0000003F87F0E3C7F00C1800F8001FFC0038
:1075CC0000007F87F1FFEFF81C3807FC001FFC0060
:1075DC0000007F07E1FFE7F03C780F9E001FFC00E6
:1075EC0000007E07E18FE7E03CF81F1F000FF00062
:1075FC0000007E07F987EFE07CF83F3F001FF000AA
:10760C0000007E07FF0FCFC07DF87E3F001FF0000B
:10761C000000FC07E70FCFC0FFF87E3F001FE00023
:10762C000000FC07C607FFC0FFF8FE7F003FE0002C
:10763C000000FC0FCC07FF81FFF8FC7E013FC0006F
:10764C000001FC0FCC0FFF83FFF8FC7E1FFFC00076
:10765C000003FC0FD81FBF07FFF1FCFC7FFFC0002D
:10766C000006FC0FF03F3F06FFF1F8FCFF7F8000A7
:10767C00000CFE0FF03F3F0CFBF1F8F9FE7F800091
:10768C000018FE0FE07E7E08F3F1F1F3FCFF8000A2
:10769C000038FE0FC07E7E18F3F0F1F3FCFF000003
:1076AC000078FE0F803FFE39E7F8F3C7F8FF0000C3
:1076BC0000F9FE0F801FFE78C7F87F87F9FF0000E6
:1076CC00000000000000000000000007F9FE0000B0
:1076DC00000000000000000000000007F1FE0000A8
:1076EC00000000000000000000000007F3FE000096
:1076FC00000000000000000000000007FFFE00007A
:10770C00000000000000000000000003FFFE00006D
:10771C00000000000000000000000000FFFE000060
:10772C00000000000000000000000000000000004D
:10773C00000000000000000000000000000000003D
:10774C00000000000000000000000000000000002D
:10775C00000000000000000000000000000000001D
:10776C00000000000000000000000000000000000D
:10777C0000000000000000000000000000000000FD
:10778C0000000000000000000000000000000000ED
:10779C0000000000000000000000000000000000DD
:1077AC0000000000000000000000000000000000CD
:1077BC0000000000000000000000000000000000BD
:1077CC0000000000000000000000000000000000AD
:1077DC00000000000000000000000000000000009D
:1077EC00000000000000000000000000000000008D
:1077FC00000000000000000000000000000000007D
:10780C00000000000000000000000000000000006C
:10781C00000000000000000000000000000000005C
:10782C00000000000000000000000000000000004C
:10783C00000000000000000000000000000000003C
:10784C00000000000000000000000000000000002C
:10785C00000000000000000000000000000000001C
:10786C00000000000000000000000000000000000C
:10787C0000000000000000000000000000000000FC
:10788C0000000000000000000000000000000000EC
:10789C0000000000000000000000000000000000DC
:1078AC0000000000000000000000000000000000CC
:1078BC0000000000000000000000000000000000BC
:1078CC0000000000000000000000000000000000AC
:1078DC00000000000000000000000000000000009C
:1078EC00000000000000000000000000000000008C
:1078FC00000000000000000000000000000000007C
:10790C00000000000000000000000000000000006B
:10791C00000000000000000000000000000000005B
:10792C00000000000000000000000000000000004B
:10793C00000000000000000000000000000000003B
:10794C00000000000000000000000000000000002B
:10795C00000000000000000000000000000000001B
:10796C00000000000000000000000000000000000B
:10797C0000000000000000000000000000000000FB
:10798C0000000000000000000000000000000000EB
:10799C0000000000000000000000000000000000DB
:1079AC0000000000000000000000000000000000CB
:1079BC0000000000000000000000000000000000BB
:1079CC0000000000000000000000000000000000AB
:1079DC00000000000000000000000000000000009B
:1079EC00000000000000000000000000000000008B
:1079FC00000000000000000000000000000000007B
:107A0C00000000000000000000000000000000006A
:107A1C00000000000000000000000000000000005A
:107A2C00000000000000000000000000000000004A
:107A3C00000000000000000000000000000000003A
:107A4C00000000000000000000000000000000002A
:107A5C00000000000000000000000000000000001A
:107A6C00000000000000000000000000000000000A
:107A7C0000000000000000000000000000000000FA
:107A8C0000000000000000000000000000000000EA
:107A9C0000000000000000000000000000000000DA
:107AAC0000000000000000000000000000000000CA
:107ABC0000000000000000000000000000000000BA
:107ACC0000000000000000000000000000000000AA
:107ADC00000000000000000000000000000000009A
:107AEC00000000000000000000000000000000008A
:107AFC00000000000000000000000000000000007A
:107B0C000000000000000000000000000000000069
:107B1C000000000000000000000000000000000059
:107B2C000000000000000000000000000000000049
:107B3C000000000000000000000000000000000039
:107B4C000000000000000000000000000000000029
:107B5C000000000000000000000000000000000019
:107B6C000000000000000000000000000000000009
:107B7C0000000000000000000000000000000000F9
:107B8C0000000000000000000000000000000000E9
:107B9C0000000000000000000000000000000000D9
:107BAC0000000000000000000000000000000000C9
:107BBC0000000000000000000000000000000000B9
:107BCC0000000000000000000000000000000000A9
:107BDC000000000000000000000000000000000099
:107BEC000000000000000000000000000000000089
:107BFC000000000000000000000000000000000079
:107C0C000000000000000000000000000000000068
:107C1C000000000000000000000000000000000058
:107C2C000000000000000000000000000000000048
:107C3C000000000000000000000000000000000038
:107C4C000000000000000000000000000000000028
:107C5C000000000000000000000000000000000018
:107C6C000000000000000000000000000000000008
:107C7C0000000000000000000000000000000000F8
:107C8C0000000000000000000000000000000000E8
:107C9C0000000000000000000000000000000000D8
:107CAC0000000000000000000000000000000000C8
:107CBC0000000000000000000000000000000000B8
:107CCC0000000000000000000000000000000000A8
:107CDC000000000000000000000000000000000098
:107CEC000000000000000000000000000000000088
:107CFC000000000000000000000000000000000078
:107D0C000000000000000000000000000000000067
:107D1C000000000000000000000000000000000057
:107D2C000000000000000000000000000000000047
:107D3C000000000000000000000000000000000037
:107D4C000000000000000000000000000000000027
:107D5C000000000000000000000000000000000017
:107D6C000000000000000000000000000000000007
:107D7C0000000000000000000000000000000000F7
:107D8C0000000000000000000000000000000000E7
:107D9C0000000000000000000000000000000000D7
:107DAC0000000000000000000000000000000000C7
:107DBC0000000000000000000000000000000000B7
:107DCC0000000000000000000000000000000000A7
:107DDC000000000000000000000000000000000097
:107DEC000000000000000000000000000000000087
:107DFC000000000000000000000000000000000077
:107E0C000000000000000000000000000000000066
:107E1C000000000000000000000000000000000056
:107E2C000000000000000000000000000000000046
:107E3C000000000000000000000000000000000036
:107E4C000000000000000000000000000000000026
:107E5C000000000000000000000000000000000016
:107E6C000000000000000000000000000000000006
:107E7C0000000000000000000000000000000000F6
:107E8C0000000000000000000000000000000000E6
:107E9C00232D302B2000686C4C00656667454647E7
:107EAC00003031323334353637383941424344456A
:107EBC0046003031323334353637383961626364D9
:047ECC0065660000E7
:087ED000BC8AFE7F01000000E6
:047ED8004502010856
:047EDC002102010876
:107EE0000000000003000000A4000020100000209B
:107EF00000000000A40000200C01002074010020FC
:107F00000000000000000000000000000000000071
:107F10000000000000000000000000000000000061
:107F20000000000000000000000000000000000051
:107F30000000000000000000000000000024F40029
:107F40001000000001000000AAAAAAAAFF00000079
:107F50005854020807000C00CC5802080E00140008
:087F6000A467020805000800F7
:040000050801F4A555
:00000001FF
