:020000040800F2
:100000000000012075240008DD210008E12100081E
:10001000E5210008E9210008ED21000800000000AA
:10002000000000000000000000000000F1210008B6
:10003000F521000800000000F9210008FD2100085A
:10004000C5240008C5240008C5240008C5240008EC
:10005000C5240008C5240008C5240008C5240008DC
:10006000C5240008C5240008C5240008C5240008CC
:10007000C5240008C5240008C5240008C5240008BC
:10008000C5240008C5240008C5240008000000009D
:10009000000000000000000000000000C52400086F
:1000A000C5240008C5240008C5240008C52400088C
:1000B00001220008C5240008C5240008C524000842
:1000C000C5240008C5240008C5240008C52400086C
:1000D000C52400080D2200081922000800000000B5
:1000E000C5240008C5240008C5240008000000003D
:1000F000000000000000000000000000C52400080F
:1001000000000000C5240008C5240008C52400081C
:1001100000000000000000000000000000000000DF
:10012000C5240008C5240008C5240008C52400080B
:10013000C5240008000000000000000000000000CE
:10014000000000000000000000000000C5240008BE
:10015000C5240008C5240008C5240008252200087D
:10016000C5240008C52400080000000000000000AD
:10017000000000000000000000000000000000007F
:1001800000000000C524000800000000000000007E
:04019000C52400087A
:1001A00010B5054C237833B9044B13B10448AFF3B1
:1001B00000800123237010BD587C00200000000047
:1001C0009087000808B5034B1BB103490348AFF300
:1001D000008008BD000000005C7C002090870008C3
:1001E00053B94AB9002908BF00281CBF4FF0FF319E
:1001F0004FF0FF3000F088B9ADF1080C6DE904CE86
:1002000000F006F8DDF804E0DDE9022304B07047F1
:100210002DE9F047089D8E4604468846002B4AD1BA
:100220008A42174662D9B2FA82F64EB1C6F120036D
:1002300001FA06F820FA03F3B74043EA0808B4408D
:100240004FEA174E1FFA87FCB8FBFEF1230C0EFB9A
:10025000118843EA084301FB0CF29A4209D9FB18C2
:1002600001F1FF3080F0EA809A4240F2E7800239E3
:100270003B449A1AA3B2B2FBFEF00EFB102243EAF3
:10028000024300FB0CFC9C4509D9FB1800F1FF322E
:1002900080F0D6809C4540F2D3803B44023840EA4F
:1002A0000140A3EB0C0300211DB1F3400022C5E97E
:1002B0000032BDE8F0878B4205D90DB1C5E90001D8
:1002C00000210846F5E7B3FA83F1002946D17345CA
:1002D00002D3824200F20581841A6EEB03020120F0
:1002E0009046002DE5D0C5E90048E2E7002A00F07D
:1002F0009080B2FA82F6002E40F0A4808A1A030C95
:100300004FEA174E80B2BCB20121B2FBFEFC0EFBDD
:100310001C2243EA024304FB0CF29A4207D9FB1861
:100320000CF1FF3802D29A4200F2E080C4469B1AD8
:10033000B3FBFEF20EFB123340EA034302FB04F46C
:100340009C4207D9FB1802F1FF3002D29C4200F216
:10035000CA8002461B1B42EA0C40A5E7C1F12006F9
:100360008B4022FA06F71F430EFA01F420FA06F337
:100370002EFA06FE4FEA1749234300FA01F81FFA46
:1003800087FCBEFBF9F01C0C09FB10EE44EA0E449E
:1003900000FB0CFEA64502FA01F209D93C1900F156
:1003A000FF3A80F09C80A64540F2998002383C4498
:1003B000A4EB0E041FFA83FEB4FBF9F309FB13440C
:1003C0004EEA044403FB0CFCA44508D93C1903F194
:1003D000FF3E80F08280A4457FD9023B3C4443EA43
:1003E0000040A4EB0C04A0FB02EC64457346E1461C
:1003F00062D35FD05DB1B8EB030264EB090404FA89
:1004000006F622FA01F31E43CC40C5E90064002140
:100410004FE7B1FBF2FC010C41EA0E4180B240EA29
:1004200001423B4638463C46B846BE462026B1FB14
:10043000F7F1A2EB080241EA0C4166E7014618E732
:1004400010462CE7C6F120022EFA02F3B740B14065
:1004500020FA02F24FEA174E0A43B3FBFEF8BCB291
:100460000EFB1833110C41EA034108FB04F9B040BC
:1004700089454FEA104380B23ED9791808F1FF3C14
:1004800001D289451FD8A1EB0901B1FBFEF909FB97
:1004900004F80EFB191192B242EA0142424529D2F8
:1004A000BA1809F1FF31C4D24245C2D2A9F1020102
:1004B0003A44BEE7F0459DD2BEEB02036CEB070C5D
:1004C0000138E14696E7A7EB09094944A8F1020C77
:1004D000B1FBFEF909FB04F8DBE773467FE7504602
:1004E00066E70846FDE63B44023A33E7ACF1020C0E
:1004F0003B441CE749469CE7A1EB0901C446B1FB1C
:10050000FEF909FB04F8C4E7704700BF10F8012B9F
:1005100011F8013B012A28BF9A42F7D0D01A704740
:10052000034613F8012B002AFBD1181A0138704733
:1005300001F0FF01102A2BDB10F0070F08D010F894
:10054000013B013A8B422DD010F0070F42B3F6D198
:10055000F0B441EA012141EA014122F007047FF0B1
:1005600000070023F0E80256083C85EA010586EA08
:10057000010685FA47F5A3FA87F586FA47F6A5FA44
:1005800087F68EB9EED1F0BC01F0FF0102F0070250
:1005900032B110F8013B013A83EA010313B1F8D1FB
:1005A0000020704701387047002D06BF35460338DC
:1005B000073815F0010F07D1013015F4807F02BF15
:1005C000013015F4C03F0130F0BC0138704700BF66
:1005D0000020704702440346934200D1704703F85D
:1005E000011BF9E770B50D4D0D4C641BA4100026DE
:1005F000A64209D10B4D0C4C08F0CAF8641BA4109C
:100600000026A64205D170BD55F8043B9847013637
:10061000EEE755F8043B98470136F2E77892000878
:1006200078920008789200087C9200087047704722
:1006300038B50546002941D051F8043C0C1F002B69
:10064000B8BFE41800F0E0F81D4A136833B96360DE
:1006500014602846BDE8384000F0DCB8A34208D951
:10066000206821188B4201BF19685B680918216056
:10067000EDE71A465B680BB1A342FAD9116850182E
:10068000A0420BD120680144501883421160E0D190
:1006900018685B68536008441060DAE702D90C23DD
:1006A0002B60D6E7206821188B4204BF19685B686D
:1006B000636004BF091821605460CAE738BD00BFF9
:1006C000B87D002070B50F4E0C463168054611B953
:1006D00000F0A6F830602146284600F0A1F8431C3F
:1006E00003D14FF0FF34204670BDC41C24F0030436
:1006F000A042F8D0211A284600F092F80130F2D139
:10070000EFE700BFB47D00202DE9F843CD1C25F0B4
:10071000030508350C2D38BF0C25002D064601DBDE
:10072000A94204D90C2333600020BDE8F883DFF828
:10073000D48000F069F8D8F800301C4644BB294644
:100740003046FFF7BFFF431C044658D1D8F800409D
:100750002746002F43D1002C4BD023683946304622
:1007600004EB030900F05CF8814542D121686D1A61
:1007700029463046FFF7A6FF01303AD023682B44C4
:100780002360D8F800305A6862BBC8F800700FE0E8
:100790002268521B20D40B2A17D96119A342256065
:1007A00018BF5960636808BFC8F8001062514B60F9
:1007B000304600F02FF804F10B00231D20F0070055
:1007C000C21A1CBF1B1AA350AFE76268A3420CBF3A
:1007D000C8F800205A60EBE723466468AEE73C4661
:1007E0007F68B6E71A465B68A342FBD100235360DB
:1007F000DEE70C233360304600F00CF894E7056028
:10080000D6E700BFB87D00200148FFF70FBF00BF4B
:10081000B07D00200148FFF70ABF00BFB07D002077
:1008200038B5064D0023044608462B6001F000FE53
:10083000431C02D12B6803B1236038BDAC7D00207E
:10084000034AD2F8883043F47003C2F88830704706
:1008500000ED00E090F83D30012B27D103681449EA
:10086000022280F83D20DA688B4242F00102DA6011
:1008700011D0B3F1804F0ED00E4A93420BD002F547
:100880008062934207D002F58062934203D002F562
:100890009A32934204D19A6802F00702062A03D0E2
:1008A0001A6842F001021A60002070470120704768
:1008B000000001400004004090F83C20012A6ED066
:1008C0000346026830B40120022483F83C0083F818
:1008D0003D40946824F47F4424F0770494600C68CD
:1008E000602C76D011D8402C5BD02ED8202C04D090
:1008F00000F2888034F010011FD1916821F070015E
:10090000214341F00701916016E0B4F5805F13D0F8
:10091000B4F5005F33D0702C0FD1D1E90150946849
:100920002843CD6824F47F4140EA052008439060C5
:10093000916841F07701916000200121002283F845
:100940003D1083F83C2030BC7047502CF5D14868EE
:10095000CC68116A21F00A010843116A21F00101F3
:100960001162916921F0F00141EA04119161106274
:10097000916821F0700141F057019160DCE7D1E905
:10098000015094682843CD6824F47F4140EA052053
:1009900008439060916841F480419160CCE7022067
:1009A00070474868CC68116A21F00A010843116A4F
:1009B00021F001011162916921F0F00141EA041175
:1009C00091611062916821F0700141F047019160DE
:1009D000B2E74868CC68116A21F0A00141EA001131
:1009E000106A20F010001062906920F4704040EA14
:1009F000043090611162916821F0700141F067014B
:100A0000916099E7302C3FF478AF96E7704700BFCC
:100A1000704700BF704700BF704700BF036870B5E4
:100A2000DE681D69A907044601D5B20751D46907DC
:100A300001D572073AD42B0701D5300724D4EA0632
:100A400001D5F30610D4E80701D5F10757D42A06DB
:100A500001D533065BD4680601D571065FD4AA06BA
:100A600001D5B30642D470BD23686FF010021A613D
:100A700008222277DB6913F4407F204663D0FFF71A
:100A8000C7FF00232377DEE723686FF008021A61AF
:100A900004222277DB699907204651D1FFF7B6FF80
:100AA0002046FFF7B7FF00232377C8E723686FF0DE
:100AB00004021A61022222779B6913F4407F2046C8
:100AC0003BD1FFF7A3FF2046FFF7A4FF00232377C6
:100AD000B1E76FF002021A61012202779B699B075E
:100AE00025D0FFF795FF00232377A0E723686FF059
:100AF000200220461A61BDE8704000F0E3B8236888
:100B00006FF001021A61204601F072F99FE7236835
:100B10006FF080021A61204600F0D6F89BE7236848
:100B20006FF040021A612046FFF776FF97E7FFF764
:100B30006DFF2046FFF76EFFD5E7FFF769FFC5E7BA
:100B4000FFF766FFAFE7FFF761FF2046FFF762FFA1
:100B500097E700BF70B4264E0A6803688C684D6939
:100B6000B04233D0B0F1804F17D0A6F57C46B042EA
:100B700013D006F58066B0420FD006F58066B0420D
:100B80000BD01C4EB0420CD006F58066B04208D0A7
:100B900006F58066B04208D103E04E6823F070038A
:100BA0003343C96823F440730B4323F080032B4382
:100BB0000360C4628262012343610369DB0703D5DA
:100BC000036923F00103036170BC70474E6823F092
:100BD00070033343CE6823F44073334323F0800320
:100BE0002B430360C46282620B690363E3E700BFC7
:100BF000000001400040014050B310B590F83D3076
:100C0000044603F0FF02F3B12146022384F83D308D
:100C100051F8040BFFF79EFF012384F8463084F857
:100C20003E3084F83F3084F8403084F8413084F816
:100C3000423084F8433084F8443084F8453084F8F6
:100C40003D30002010BD80F83C2001F00DFBDBE7BB
:100C50000120704790F83C20012A2FD003460268FB
:100C6000022030B483F83D0050680D68946820F08D
:100C70007000284350601248824212D0B2F1804F77
:100C80000FD0A0F57C4082420BD000F580608242FC
:100C900007D000F58060824203D000F59A3082428E
:100CA00004D1496824F080040C43946000200122A0
:100CB00083F83D2083F83C0030BC70470220704729
:100CC00000000140704700BF704700BF002800F0DF
:100CD000D8812DE9F0410368DD0782B004462FD5A5
:100CE0009D498A6802F00C02042A00F0EC808A68B0
:100CF00002F00C02082A00F0E2806368B3F5803F3E
:100D000000F0EB80B3F5A02F00F07381924D2A68BC
:100D100022F480322A602A6822F480222A60002B82
:100D200040F0E08000F0C0FC064605E000F0BCFCAE
:100D3000801B642800F200812B689F03F6D423688F
:100D40009D0728D5844A916811F00C0F00F09B8014
:100D5000916801F00C01082900F09180E368002BF4
:100D600000F00C817D4B7C4E01221A6000F09CFC4F
:100D7000054605E000F098FC401B022800F2DC80EC
:100D800033689F07F6D53368226923F0F80343EAF6
:100D9000C203336023681A075CD45D073AD56E4AF4
:100DA000136C13F0805340F088800193136C43F070
:100DB00080531364136C03F080530193019B01254E
:100DC000674E3368D80540F1A780A368012B00F077
:100DD000B780052B00F01D815F4E326F22F00102BB
:100DE0003267326F22F004023267002B40F0AD8090
:100DF00000F05AFC41F28838074605E000F054FC48
:100E0000C01B404500F29880336F9B07F6D4002D3D
:100E100040F0F980A369CBB14F4DAA6802F00C02F3
:100E2000082A00F0BC80022B4C4B4FF000021A66DF
:100E300000F0F98000F038FC044604E000F034FCD7
:100E4000001B022878D82B689B01F7D4002002B041
:100E5000BDE8F0816369FBB1404B3F4E0122C3F80E
:100E6000802E00F021FC054604E000F01DFC401B34
:100E7000022861D8736F9B07F7D523688DE7526806
:100E800051023FF56BAF344A1268920738D5E268D9
:100E9000012A35D00120DAE7304A2F4EC2F8803ED1
:100EA00000F002FC054604E000F0FEFB401B0228B7
:100EB00042D8736F9F07F7D4DFE7002580E74A68C1
:100EC00051027FF51AAF244A126892037FF538AFBA
:100ED0006268002A7FF434AFDCE71F4A136843F4EA
:100EE0008033136000F0E0FB1B4E054604E000F089
:100EF000DBFB401B64281FD833689B03F7D51EE734
:100F0000154920690A6822F0F80242EAC0020A6024
:100F10001A077FF542AF9DE7336843F4807333606F
:100F200000F0C2FB07463368D9053FF54EAF00F02D
:100F3000BBFBC01B0228F6D9032002B0BDE8F0813C
:100F4000054A136F43F00103136700F0ADFB024F36
:100F5000064641F288380AE0003802400000474265
:100F60000070004000F0A0FB801B4045E4D83B6FC0
:100F70009A07F7D5002D3FF44DAF44E0424A434E67
:100F8000136000F091FB054604E000F08DFB401B70
:100F90000228D1D833689907F7D42368FBE6012BE0
:100FA0003FF478AF6B68E26903F4800191427FF40B
:100FB00071AF226A03F03F0191427FF46BAF616A27
:100FC00047F6C0721A40B2EB811F7FF463AFA26A8A
:100FD000520803F44031013AB1EB024F7FF45AAFAB
:100FE000E26A03F07063B3EB026F14BF01200020CC
:100FF0002DE7264B1A6842F480221A601A6842F4E0
:1010000080321A606EE7214A136C23F08053136418
:1010100000E71E4B1A6F42F004021A671A6F42F083
:1010200001021A6791E700F03FFB064605E000F079
:101030003BFB801B02283FF67FAF2B689901F6D45B
:10104000D4E90731626A0B4343EA8213D4E90A20E8
:1010500052080D4943EA0063013A43EA0243012280
:101060006B600A6600F020FB084D044605E000F0C6
:101070001BFB001B02283FF65FAF2B689A01F6D5D9
:10108000E4E60120704700BF0000474200380240FC
:10109000164908B58B6803F00C03042B1BD0082BF2
:1010A00001D0134808BD4A684B68496813F48003AF
:1010B00002F03F0211D10E48C1F38811A1FB0001DB
:1010C000FFF78EF8094B5B68C3F3014301335B0004
:1010D000B0FBF3F008BD074808BD0648C1F388110E
:1010E0000023A1FB0001FFF77BF8EBE7003802408B
:1010F0000024F40000127A00002800F08780484A9B
:10110000136803F007038B422DE9F0410D460446B6
:1011100009D2CBB21370136803F007038B4202D0DD
:101120000120BDE8F0812368980714D5590704D53C
:101130003C498A6842F4E0528A601A0704D539496A
:101140008A6842F460428A603649A0688A6822F060
:10115000F00202438A60DF0721D56268012A57D076
:10116000931E012B2F4B1B684DD99907D8D52D4EB7
:10117000B36823F003031343B36000F095FA41F220
:101180008838074604E000F08FFAC01B404544D879
:10119000B368626803F00C03B3EB820FF3D1204A0B
:1011A000136803F00703AB4206D9EBB21370136860
:1011B00003F00703AB42B3D123685A0706D5194998
:1011C000E0688A6822F4E05202438A601B0707D570
:1011D000144A2169936823F4604343EAC10393608E
:1011E000FFF756FF0F4A104C92681049C2F30312E2
:1011F0000346A25C0E48D34000680B6000F00AFA78
:101200000020BDE8F0819801B1D489E70120704742
:10121000044B1B689E03AAD482E7032081E700BF2A
:10122000003C024000380240BC870008500000200B
:1012300058000020044B05499B68054A0868C3F321
:101240008223D35CD8407047003802405000002011
:10125000B4870008044B05499B68054A0868C3F336
:101260004233D35CD8407047003802405000002021
:10127000B48700082DE9F04F00230C68DFF8C8A1FF
:1012800085B04FF0010B894602E00133102B7DD071
:101290000BFA03F202EA0408A243F6D1D9F80410CB
:1012A00001F0030C5A0003250CF1FF369540012E86
:1012B0006FEA05056DD9BCF1030F40F0B4800668F4
:1012C0000CFA02F235402A4311F4403F0260DCD0B0
:1012D00000220392DAF8442042F48042CAF8442003
:1012E000DAF8442002F480420392039A23F00302C6
:1012F00002F1804203F003060F2702F59C32B6008C
:1013000007FA06FC4D4F9568B84225EA0C0515D042
:1013100007F58067B84274D0494FB84277D0DFF8FC
:101320002CC1604579D0DFF828C160450CBF4FF073
:10133000040C4FF0070C0CFA06F635439560414A51
:101340009268CE026FEA08053E4E54BF2A4048EA32
:101350000202B260F2683B4E8F0254BF2A4048EA54
:101360000202F26072688E03364E54BF2A4048EA89
:10137000020272603268C90303F10103314954BFAC
:101380002A4048EA0202102B0A6081D105B0BDE86C
:10139000F08F866806EA050ED9F80C60964046EA9A
:1013A0000E068660466826EA080EC1F300169E40C7
:1013B00046EA0E064660C66806EA050ED9F80860D9
:1013C000964046EA0E06BCF1020FC6607FF477AF86
:1013D000DE0800EB86060196376AD9F810600097A0
:1013E00003F0070E4FEA8E0E0F2706FA0EF607FAE5
:1013F0000EFE009F27EA0E0E019F46EA0E063E6291
:101400005DE74FF0010C0CFA06F6354396E74FF016
:10141000020C0CFA06F6354390E74FF0030C0CFA79
:1014200006F635438AE7C66806EA050ED9F808606D
:10143000964046EA0E06C66041E700BF0000024043
:1014400000080240003C014000380240000C02400D
:101450000010024002B9090481617047436901EA42
:10146000030221EA030141EA02418161704700BFA2
:1014700070B50446866D00F017F994F83530022BEC
:1014800006D080236365002384F83430012070BDCA
:1014900023681A6822F016021A605A6922F0800244
:1014A0005A61226C054642B31A6822F008021A609B
:1014B0001A6822F001021A6005E000F0F5F8431BFB
:1014C000052B10D823681B6813F00103F5D1E16DDB
:1014D0003F228A40184601210023B26084F835106B
:1014E00084F8343070BD032320226265184684F8E6
:1014F0003530002384F8343070BDA26C002AD3D17B
:10150000D6E700BF90F83530022B03D08023436527
:10151000012070470268052380F83530136823F0F6
:1015200001030020136070470749CA6803024FF6A1
:10153000FF0003F4E0630240134343F0BF6343F44E
:101540000033CB60704700BF00ED00E01B4BDB6851
:10155000C3F3022300B5C3F1070EBEF1040F03F17C
:10156000040C28BF4FF0040EBCF1060F1CD9A3F1E8
:10157000030C4FF0FF3303FA0CF322EA03024FF09F
:10158000FF3303FA0EF321EA030303FA0CF31343C8
:101590001B010028DBB20ADB00F1604000F561406E
:1015A00080F800335DF804FB00229446E7E7044A24
:1015B00000F00F00024413765DF804FB00ED00E03C
:1015C000FCEC00E0002807DB044A4109012300F09D
:1015D0001F00834042F82130704700BF00E100E067
:1015E0000138B0F1807F01D30120704710B44FF073
:1015F000E023074C58614FF0F00C84F823C0002220
:10160000072110469A615DF8044B1961704700BFCD
:1016100000ED00E038B50E4A0E4B1278054618680A
:101620004FF47A73B3FBF2F3B0FBF3F0FFF7D8FF9C
:1016300008B90F2D01D9012038BD044602462946BC
:101640004FF0FF30FFF782FF034B20461D6038BD8F
:1016500054000020500000205800002008B50B4B1B
:101660001A6842F400721A601A6842F480621A60C2
:101670001A6842F480721A600320FFF755FF0F20AA
:10168000FFF7C8FF00F0D4FD002008BD003C024079
:10169000034A044B11681B780B441360704700BF6A
:1016A000BC7D002054000020014B1868704700BF2B
:1016B000BC7D002038B50446FFF7F6FF631C0546E5
:1016C00002D0044B1B781C44FFF7EEFF401BA042E6
:1016D000FAD338BD54000020026802F10C0353E82D
:1016E000003F23F4907302F10C0C4CE80031002908
:1016F000F3D102F1140353E8003F23F0010302F198
:10170000140C4CE800310029F3D1036B012B05D0F8
:101710002022002380F842200363704702F10C036B
:1017200053E8003F23F0100302F10C0C4CE80031A9
:101730000029F3D1ECE700BF0268116938B504460F
:10174000C068A36821F4405101432069116103433B
:101750006069D1680343E06921F4164121F00C016E
:1017600003430B43D3605369A069234923F44073B7
:1017700003438A42536105D0204B9A4202D0FFF7BF
:1017800059FD01E0FFF766FDE2691921B2F5004F4E
:10179000D4E90053A0FB010113D09A009B0FFEF780
:1017A0001FFD174AA2FB00135B09642101FB130014
:1017B00000013230A2FB00201B0103EB5013AB6091
:1017C00038BDDA184FF000035B41FEF709FD0C4A03
:1017D000A2FB00314909642303FB1103DB00323310
:1017E000A2FB0323C3F342121B0902EB011203F411
:1017F000F8731344AB6038BD001001400014014081
:101800001F85EB5170B310B590F84130044603F0DA
:10181000FF0213B32268242384F84130D36823F4F1
:1018200000532046D360FFF787FF2368196921F42E
:1018300090411961596921F02A015961D968002242
:101840004FF0200C41F40051D960626484F841C02B
:1018500084F842C01046626310BD80F8402000F05A
:101860003BFDD7E7012070472DE9F843044690F887
:10187000410020284ED1884609B1164612B90120F0
:10188000BDE8F8831F464FF000092123C4F84490B7
:1018900084F84130FFF708FFA368A684B3F5805FA2
:1018A0000546E68439D0E28C236892B2AAB11A6860
:1018B000160604D4791C1ED11A681206FCD5B8F19C
:1018C000000F21D018F8012B5A60E28C013A92B235
:1018D000E284E28C92B2002AE9D11A68520604D45A
:1018E000781C20D11A685106FCD5202384F8413099
:1018F0000020BDE8F883FFF7D7FE401B87421BD3CB
:10190000D7B12368DA68D2E739F8022BC2F30802AC
:101910005A60DAE70220BDE8F8832369002BC2D1C0
:10192000C1469846BFE7FFF7BFFE431B9F4203D364
:1019300017B12368DA68D0E7202384F84130032008
:10194000BDE8F88390F84230202B03D101B11AB9D9
:10195000012070470220704710B40469816200239F
:10196000222103638285C2854364036880F84210A4
:101970001CB1DA6842F48072DA605A695DF8044B8F
:1019800042F001025A61DA6842F020020020DA6077
:10199000704700BF704700BF704700BF08B5806B3D
:1019A0000023C385C384FFF7F7FF08BD704700BF5E
:1019B00090F84230222B57D183680168826AB3F5D0
:1019C000805F44D0002B4BD10369002B48D14B687A
:1019D000DBB21370826A0132C38D8262013B9BB21B
:1019E000C385002B40D100B50268D16821F02001E9
:1019F00083B0D160D16821F48071D16051694FF01A
:101A0000200C21F00101516180F842C04363016B59
:101A100001292AD1036302F10C0353E8003F23F0AC
:101A2000100302F10C0C4CE800310029F3D11368CB
:101A3000DB0606D5002301931368019353680193D5
:101A4000019B818DFFF7B2FF03B05DF804FB0369D2
:101A5000002BBCD14B68C3F3080322F8023BBBE761
:101A60004B6803F07F03B4E7704700F08DF903B0D3
:101A70005DF804FB70B505682B68EE68696913F0C2
:101A80000F0F82B004462A4670D19D0602D5B106DA
:101A900000F1C480216B01290BD0180602D5310654
:101AA00000F192805B0602D5750600F1AC8002B0B1
:101AB00070BDD806F1D5F106EFD500230193136868
:101AC000019353680193019B53695D0640F10B81BB
:101AD000E06B03685B689BB2002BE8D0A18D994254
:101AE000E5D9E385C369B3F5807F36D002F10C03F5
:101AF00053E8003F23F4807302F10C0545E8003100
:101B00000029F3D102F1140353E8003F23F001034D
:101B100002F1140545E800310029F3D102F1140364
:101B200053E8003F23F0400302F1140545E800317B
:101B30000029F3D1202384F84230216302F10C0301
:101B400053E8003F23F0100302F10C0545E8003193
:101B50000029F3D1FFF78CFCA18D02236363E38D91
:101B6000C91A204689B2FFF721FFA0E711F0010151
:101B700076D116F4907F8DD0DA070AD5F00540F1C2
:101B8000ED80626C580742F0010262644FD5002973
:101B90006AD198075AD5190700F1A280626C002A11
:101BA00085D09A0602D5B30600F1DC806B69626CC1
:101BB00003F0400302F0080253EA020620465CD11B
:101BC000FFF7EAFE666472E794F84130212B7FF458
:101BD0006EAFA168236AB1F5805F00F0C880591C20
:101BE00021621B785360E38C013B9BB2E384002BA2
:101BF0007FF45DAFD36823F08003D360D36843F0F4
:101C00004003D36053E7D368202123F04003D3601F
:101C1000204684F84110FFF7BDFE48E702B0BDE85A
:101C20007040FFF7C5BEF005ABD45A071CD4980727
:101C30000CD50029AFD0626C42F0040262641A072E
:101C4000ACD5626C42F008026264A7E71807A5D51C
:101C500006F020020A43F4D1636C002BA6D126E7DC
:101C6000DA07E0D4580738D5626C990742F00202CF
:101C70006264E0D41A07E4D490E7FFF72DFD6B69A6
:101C80005E0626D505F1140353E8003F23F0400318
:101C900005F1140141E8003262B1226802F1140337
:101CA00053E8003F23F0400302F1140040E8003104
:101CB0000029F3D1E06B60B1324B0365FFF722FCE2
:101CC00000283FF4F4AEE06B036D02B0BDE8704055
:101CD00018472046FFF760FEE9E69907ABD4C9E74D
:101CE000B206AED4B8E7E18DE38DA08D9BB289B288
:101CF000002B3FF4DCAE411A89B200293FF4D7AE85
:101D000002F10C0353E8003F23F4907302F10C0539
:101D100045E800300028F3D102F1140353E8003FF6
:101D200023F0010302F1140545E800300028F3D147
:101D3000202384F84230206302F10C0353E8003F73
:101D400023F0100302F10C0545E800300028F3D120
:101D5000022363632046FFF729FEA8E65A073FF5F2
:101D600018AF64E72046FFF723FE25681EE72169C8
:101D700000297FF434AF33F8021BC1F3080151602E
:101D8000236230E79D190008124A0368934210B598
:101D9000044606D0104A93420CD0104A934212D007
:101DA00010BD0F4A0F48214603F06EF823680A4A17
:101DB0009342F2D10C4A0B48214602F039FF2368C6
:101DC000064A9342ECD12146084A0648BDE8104035
:101DD00002F02EBF001001400044004000140140FA
:101DE000CA7D002060000020C97D0020C87D002041
:101DF0000368B3F1804F00D07047114910B4114C03
:101E00000B6820680133B3FBF0F200FB12320B6069
:101E10009AB92368322B09D10B4B19680A2995BF4F
:101E20001A684FF4FA71013221601A6007485DF8B0
:101E3000044B4FF48071FFF711BB5DF8044B704702
:101E4000C47D00205C000020C07D00200004024012
:101E500072B6BFF34F8F0549054BCA6802F4E062C2
:101E60001343CB60BFF34F8F00BFFDE700ED00E0F1
:101E70000400FA0510B5002394B0CDE90A33CDE98A
:101E80000C33CDE90333CDE90533204901930793A2
:101E9000086C1F4A40F080500864096C01F08051C2
:101EA000019101990293136823F4404343F40043E2
:101EB0001360136801204FF4803103F44043CDE9EF
:101EC000080102934FF480010224CDE90E410298EB
:101ED00004210220CDE912010422542308A8109203
:101EE0001193FEF7F3FE78B90F210346CDE90314F1
:101EF0004FF4805203A82146CDE905320793FFF73E
:101F0000FBF808B914B010BDFFF7A2FF003802407B
:101F1000007000402DE9F04F002493B0FFF79EFBC6
:101F2000FFF7A8FFCDE90D44CDE90F44984B00948D
:101F300011941A6B9748984F42F080021A63196BFC
:101F400001F08001009100990194196B41F00101A9
:101F50001963196B01F00101019101990294196B48
:101F600041F004011963196B01F004010291029917
:101F70000394196B41F0020119631B6B03F0020318
:101F8000224603934FF40071039BFFF763FA8348E3
:101F900022464FF48071FFF75DFA224680484FF4E5
:101FA0008071FFF757FA01254FF4007379480DA9A6
:101FB000CDE90D354FF48076CDE90F44FFF75AF99E
:101FC00076480DA9CDE90D65CDE90F44FFF752F92B
:101FD00073480DA9CDE90D65CDE90F44FFF74AF926
:101FE000704B3C614FF4E1390C263846C7E90039A3
:101FF000C7E90244C7E906447E61FFF703FC0028F5
:1020000040F0C480DFF8C881674BC8F81C00C8E9FD
:102010000190C8E90300C8E905604046C8F80030EF
:10202000FFF7F0FB002840F0B180604C604B20616E
:10203000C4E90200C4E906002046C4F804906661C1
:102040002360FFF7DFFB002840F0A080DFF88491D9
:102050005849C9F81800CDE90D00CDE90F00CDE9C8
:102060000600C9E90200C9E9040053234846C9E94A
:102070000013FEF7C1FD002840F088804FF4805621
:102080000DA948460D96FEF717FC00287ED14FF0AB
:10209000000A4FF0000B06A94846CDE906ABFEF753
:1020A000D9FD002872D1DFF83091434B0990CDE97A
:1020B0000A00C9E9010004900C900590C9F81000CD
:1020C000C9F81800C9F80C3048464FF08043C9F8E9
:1020D0000030FEF791FD002858D109A9484609961D
:1020E000FEF7EAFB002851D104A94846CDE904AB2C
:1020F000FEF7B0FD0646002848D14846FEF7AAFB89
:102100002A462E49DFF8B4903846FFF71BFC2A46D2
:102110002B494046FFF716FC2A462A492046FFF77E
:1021200011FC6420FFF7C6FA2748284C03F042F957
:102130003946254802F038FB234802F077FF224851
:1021400003F0CEFAA4F5C045284605F011FA94F83C
:102150008030002BF8D03B680D961A680D925A68B3
:102160000D920D48DDF834C05B687E64012249465B
:10217000FFF7E8FB98F84230202B04D110491448AF
:102180000122FFF7DFFB84F88060DDE7FFF760FEE8
:102190000038024000080240708200200000024027
:1021A000000402400010014000440040E081002093
:1021B00000140140000001401F480100CA7D0020BA
:1021C000C97D0020C87D00206000002060600020E4
:1021D0002882002000830020B8820020FEE700BF94
:1021E000FEE700BFFEE700BFFEE700BFFEE700BF5F
:1021F000704700BF704700BF704700BFFFF748BA85
:102200000148FEF70BBC00BFB88200200148FFF771
:1022100031BC00BF708200200148FFF72BBC00BF1B
:10222000288200200148FFF725BC00BFE081002084
:1022300082B00C4B002100915A6C42F480425A64E7
:102240005A6C02F480420092009A01911A6C42F09A
:1022500080521A641B6C03F080530193019B02B0FF
:10226000704700BF0038024000B5184A0368934227
:1022700083B005D0B3F1804F11D003B05DF804FBFB
:10228000134B002200925A6C42F001025A645B6CBC
:1022900003F001030093009B03B05DF804FB0022F0
:1022A00003F50E330192196C41F0010119641B6CA6
:1022B00003F00103019311461C20019BFFF746F92F
:1022C0001C2003B05DF804EBFFF77CB9000001406F
:1022D000003802400000000030B503684E4A8DB05F
:1022E00000249342CDE90644CDE908440A9407D07E
:1022F0004A4A93422FD04A4A934257D00DB030BD3C
:10230000484B00945A6C484842F010025A645A6C88
:1023100002F010020092009A01941A6B42F001023E
:102320001A631B6B9FED387B03F00103019306A931
:1023300007230322CDE909238DED067B019DFEF7DE
:1023400099FF224621462520FFF700F92520FFF7B7
:1023500039F90DB030BD334B02941A6C324842F457
:1023600000321A641A6C02F400320292029A039448
:102370001A6B42F001021A631B6B9FED257B03F081
:102380000103039306A907230322CDE909238DED59
:10239000067B039DFEF76EFF224621462620FFF7AF
:1023A000D5F82620FFF70EF90DB030BD1D4B049473
:1023B0005A6C1E4842F020025A645A6C02F0200205
:1023C0000492049A05941A6B42F004021A631B6B80
:1023D00003F004030593C0220223CDE9062306A9D6
:1023E00008230325CDE90953059AFEF743FF22464A
:1023F00029464720FFF7AAF84720FFF7E3F80DB07A
:1024000030BD00BFAFF300800006000002000000F6
:102410000C000000020000000010014000440040D9
:102420000014014000380240000002400008024051
:102430000C490D4A0B6810B50C4C121B2BB11844FB
:10244000904207D80860184610BD094B0B6018442D
:102450009042F7D905F04AFA0C2303604FF0FF339E
:10246000184610BD48830020000001200004000031
:1024700050830020DFF834D0FEF7E2F90C480D4914
:102480000D4A002302E0D458C4500433C4188C42CF
:10249000F9D30A4A0A4C002301E013600432A24235
:1024A000FBD3FEF79FF8FFF735FD704700000120D2
:1024B00000000020547C002080920008587C0020FE
:1024C0004C830020FEE70000BFF34F8F0549064B09
:1024D000CA6802F4E0621343CB60BFF34F8F00BFC2
:1024E000FDE700BF00ED00E00400FA0582B007EE52
:1024F000100A0191E1B107EE901AF8EE676AB8EEA2
:10250000477AF2EE067A27EE277A9FED0B6AC7EE3E
:10251000267AB0EE087A67EE867A67EE877AFCEE66
:10252000E77A17EE900A0A2838BF0A2002B07047EF
:10253000DFED026AE3E700BF00007A4400001646C0
:1025400010B591F80432BC2BA0B004461ED0BA2BB3
:1025500002D0002020B010BDB1F80834012BF8D112
:1025600091F80722012A1FD0E2B900F5E04100F5F9
:10257000C044B1F8C82B42F00202A1F8C82B194997
:1025800084F8AB39642201F089FA0BE004F5E044E9
:102590001549B4F8C83B43F002036422A4F8C83BD1
:1025A00001F07CFA0120D5E700F5C04393F8AA3981
:1025B000002BEBD100F5E04100F5D243B1F8C82B78
:1025C00042F00202A1F8C82B1A46084940332032D3
:1025D000684605F0CDF832226946204601F05EFAE1
:1025E000E0E700BFF0870008CC870008D887000824
:1025F00010B591F80432BC2B8AB0044618D0BA2B1F
:1026000002D000200AB010BDB1F80834012BF8D177
:1026100091F80712012929D031BB00F5E044B4F844
:10262000C83B43F00403A4F8C83B04F011F81BE0D6
:1026300000F5E0421C49B2F8C83B43F00403A2F89D
:10264000C83B027802A805F093F802A8FDF768FFDE
:102650000023012204F5E441CDE90032543183B274
:1026600002AA204604F050F80120CBE700F5C04351
:1026700000F5E04493F8F12B52B1B4F8C83B0B4994
:1026800043F004036422A4F8C83B01F007FAEBE727
:10269000B4F8C81B41F00401A4F8C81B83F8F42B5C
:1026A00004F02CF9E0E700BFFC8700080888000868
:1026B00090F80622B0F80834202A16D8DFE802F095
:1026C000111A1515151515151515151515151515B9
:1026D00011151515151115151515151515151515B2
:1026E0001100012B0FD001207047B3F5007F0ED8E9
:1026F00001207047012BF6D190F80722013AD2B29F
:102700009F2AF0D903E090F80732012BEBD9082378
:1027100080F80D340020704770B5B0F80032023BED
:102720009BB2C0B0C65C80F80A6405464FF4807264
:1027300000216846FDF74EFFB5F80422B5F80232D5
:10274000ADF8002095F806228DF80220A3B90323E6
:102750006A46D018002312F8011B0B448242DBB2F8
:10276000F9D19E4285F80B341BBF002006230120BF
:1027700085F80D3440B070BDB5F8084405F2072166
:1027800022460DF1030005F0BFF8E31C9BB2002BBD
:10279000DED1E6E770B5ADF5826D14460E4640F227
:1027A0000E42002105466846FDF714FF22463146D9
:1027B000684605F0A9F80023052CADF800428DF815
:1027C0000C3404D99DF801309A1D94420CD0012399
:1027D0008DF80D3440F20E426946284605F094F813
:1027E00028460DF5826D70BD9DF80020ADF80232CF
:1027F000022A0FD16C4414F8012C032A0AD19DF847
:1028000002108DF80412BA2908D0BC2906D08DF820
:102810000D24DFE702238DF80D34DBE79DF803205C
:102820008DF80522A02A15D89DF804208DF80622DF
:10283000F22A0BD80F2A11D902F0F00110290DD07D
:1028400020290BD01032D2B2012A07D905238DF8E6
:102850000D34BFE704238DF80D34BBE793B1013B82
:102860009AB2ADF8082482B96846FFF721FF002824
:10287000B0D06846FFF750FF0028ABD001238DF899
:102880000C34A7E7ADF80834EEE70DF105010DF2C1
:10289000072005F039F8E7E72DE9F047ADF5007DB1
:1028A0001F46BDF82062899D02232B70731EFE2BEC
:1028B00051D890460023721C62F3070360F30F2384
:1028C00061F3174368F31F6382468946C5F80130F8
:1028D0007FB36C4632463946681D05F015F84FF453
:1028E000007200212046FDF775FE324639460DF193
:1028F0000300771D84F800A084F8019084F802801A
:1029000005F002F8F31CF01DB21D9BB2BFB296B2E7
:1029100080B2224600211C1912F8013B0B4494425C
:10292000D9B2F9D1EB550323AB550DF5007DBDE8C8
:10293000F0876C4639464FF400722046FDF74AFE98
:10294000062684F800A084F8019084F8028007200D
:1029500005270323DDE700200DF5007DBDE8F087A6
:1029600010B591F804E2BEF1BC0F84B084460FD0DC
:10297000BEF1BA0F02D0002004B010BDB1F8083487
:10298000012BF8D191F80732012B18D00120F3E781
:1029900001921C46704601230CF5E04E91F8062288
:1029A00000939CF800109EF8B4C79EF8B4C78DF849
:1029B0000FC00DF10F03FFF76FFF2080E6E700F572
:1029C000E04C0549BCF8C83B43F001036422ACF875
:1029D000C83B01F063F8D9E71888000870B591F892
:1029E00004C2BCF1BC0F82B0064626D0BCF1BA0FBF
:1029F00002D0002002B070BD00F5C04494F8AA399E
:102A0000002BF6D0B1F80854012DF2D191F807222D
:102A1000531EDBB29F2BECD8027003F089FD3046C9
:102A200002F0E4FE0028E4D184F8F20B84F8F40B01
:102A30002946304603F00CFE0CE015461C460123E7
:102A400091F8062200930195017803466046FFF74E
:102A500023FF20800120CDE710B591F804E2BEF1FC
:102A6000BC0F84B0844616D0BEF1BA0F02D000204D
:102A700004B010BDB1F80834022BF8D1B1F8073218
:102A800000F5C04C5BBAACF81C3902F0AFFEB0FAEE
:102A900080F04009ECE701921C46704602230CF5D9
:102AA000C04E91F8062200939CF80010BEF81CC995
:102AB00003AB9CFA9CFCADF80CC0FFF7EDFE03469F
:102AC0000120238004B010BDF0B50C4691F804122B
:102AD000BC29BDB0074636D0BA2902D000203DB08F
:102AE000F0BDB4F80834033B9BB27D2BF6D82549E2
:102AF0000FAB04F2072002AA04F05CFE02A8FDF767
:102B00000FFD02280446E9D90FA8FDF709FD0228A8
:102B10000546E3D907F5D240621C02A9203004F033
:102B2000F3FE07F5D2406A1C0FA9403004F0ECFE1A
:102B3000384602F05BFE14490FAB02AA1CA804F051
:102B400017FE0120CBE715461E4600F5D24200F5E0
:102B5000D2430D49403320321CA804F009FE1CA8C2
:102B6000FDF7DEFC019580B2397800901CAB94F83B
:102B7000062294F80402FFF78FFE034601203380FB
:102B80003DB0F0BD288800082088000830B591F8D5
:102B900004E2BEF1BC0F87B084461DD0BEF1BA0F6F
:102BA00002D0002007B030BDB1F808340C2BF8D1AA
:102BB00000F5C04CD1F80732CCF89239D1F80B327D
:102BC000CCF89639D1F80F32CCF89A3902F00EFED3
:102BD000B0FA80F04009E5E701921C4670460C23EC
:102BE0000CF5C04E91F806220093DEF89659049534
:102BF000DEF89A5905956B44DEF892599CF800105E
:102C00000395FFF749FE03460120238007B030BD3E
:102C100030B51C4691F80432BC2B83B0844614D0E6
:102C2000BA2B02D0002003B030BDB1F80834012B1C
:102C3000F8D100F5C04C91F807328CF8A63902F0B3
:102C4000D5FDB0FA80F04009EDE7154691F806226F
:102C500001950125009518460CF5D3439CF800100A
:102C60002633FFF719FE2080284603B030BD00BF91
:102C70002DE9F04F91F80482B8F1BC0FADF5057D58
:102C80000C46074616461D4665D0B8F1BA0F04D06B
:102C900000200DF5057DBDE8F08FB1F80884B8F18E
:102CA000050FF5D991F80732012B00F5C04900F066
:102CB0008B80002389F8CC39D1F80A32C9F84E3A12
:102CC000B1F80E325BBAA9F8523A384602F08EFDDE
:102CD0000028DDD1B9F8523A99F8CC89B9F852AA4E
:102CE0005BBAB8F1000F40F0AD8094F804B2D9F8A7
:102CF0004E9A3F7894F80642A6F8093040F20273E3
:102D00004FF40072414686F802B0F7703471C6F88D
:102D10000590338004A8FDF75DFC8DF818A04FEAFC
:102D20001A2A8DF810B08DF811708DF81240CDF878
:102D300013908DF817A00DF10F0206A8414612F866
:102D4000013F0B448242D9B2F9D103210D22F37223
:102D500031732A8022E000F5C049C822002104A86E
:102D600099F8CCA9FDF736FCB9F8523AB9F8522ACD
:102D70005BBABAF1000F13D1D9F84E2A3F7894F814
:102D80000642ADF80C30029202AB0620CDE90006F7
:102D9000224639464046FFF77FFD2880012078E72C
:102DA00007F5D3434D330092C821364A04A804F0F6
:102DB000A9FC04A8FDF7B4FB94F804823F7894F8CA
:102DC000064280B204ABE1E7A8F1030889F8CC39E8
:102DD0008022002104A81FFA88F8FDF7FBFBB8F158
:102DE0007F0F3FF655AF424604F20A2104A804F0D3
:102DF0008BFD04AB4FF0000A03F808A03A211846F7
:102E000004F004FD804600283FF442AF07F5D343A9
:102E10004D337F22184604A908F801AB04F03CFDAD
:102E200089F84CAAFDF77CFB89F84D0A404604F06E
:102E3000DFFB4FF6FE73421E9A423FF629AFA9F818
:102E4000520A42E70146C82204A8FDF7C3FB07F572
:102E5000D3430C4ACDF800A04D33C82104A804F098
:102E600051FC04A8FDF75CFB019680B23978009014
:102E700094F8062294F8040204ABFFF70DFD2880B5
:102E80008CE700BF38880008F0B50C4691F80412B2
:102E9000BC29BDB007462AD0BA2902D000203DB0D7
:102EA000F0BDB4F80834002BF8D004F2072007F581
:102EB000D5440FAB02AA1F49063407F5D54504F0E7
:102EC00079FC383502A9204604F016FD0FA92846E2
:102ED00004F012FD384602F089FC0028DED11649C4
:102EE0002B4622461CA804F043FC0120D7E71546D8
:102EF000002180221CA81E46FDF76CFB07F5D54378
:102F00003833009307F5D5430B4A802106331CA8BC
:102F100004F0F8FB019580B2397800901CAB94F86E
:102F2000062294F80402FFF7B7FC03460120338021
:102F30003DB0F0BD40880008208800082DE9F0432E
:102F40000C46B1F808140129C3B0054617461E46C1
:102F50000CD194F807321BB3591ECAB2022A35D9D4
:102F6000042B42D0002043B0BDE8F083C1B10DF185
:102F700008080DF109094846FDF7D2FA013001971A
:102F800080B229780090434694F8062294F804020F
:102F9000FFF782FC03460120338043B0BDE8F08395
:102FA00005F5E6430DF10808143300930DF1090906
:102FB00005F5E54305F5E542002188F80010543396
:102FC00010491432484604F0D3FBD4E700EB8111DA
:102FD0000DF1090901F5E541143148460DF10808E4
:102FE00088F8003004F088FCC5E70DF1090900F508
:102FF000E441143148460DF1080888F8003004F027
:103000007BFCB8E75088000830B591F804E2BEF1C7
:10301000BC0F85B084461AD0BEF1BA0F02D0002092
:1030200005B030BDB1F80834012BF8D191F8073262
:10303000A3F1010300F5C04CB3FA83F35B098CF8EC
:10304000F53B02F0D3FBB0FA80F04009E8E70192CB
:103050001D4601240CF5C04391F80622009493F814
:10306000F53B8DF80F309CF8001070460DF10F0302
:10307000FFF712FC2880204605B030BDF0B5ADF555
:10308000037D02AFCDE900270446214D0B4695F89C
:103090000622217895F80402FFF7FEFBB0F5806F59
:1030A00028BF4FF4806086B207EE906AB8EE677A68
:1030B000F2EE067A9FED176ADFED176AA06827EE39
:1030C000277A3246C7EE067A3946B0EE087A67EEBE
:1030D000A67A67EE877AFCEEE77A17EE905A0A2D09
:1030E00038BF0A252B46FEF7BFFB2B4660683246E9
:1030F0003946FEF7B9FB04F5E0440023C4F8C83BA9
:10310000C4F8CC3BC4F8D03B0DF5037DF0BD00BF47
:10311000CC7D00200000164600007A44F0B500F592
:10312000E04683B0D6F8C85B042D044630D015D8ED
:10313000012D58D0022D0FD1CE4900F0A3FC054639
:1031400000287AD0CC4B93F8072293F80432012A56
:1031500002D0BA2B00F0FB8003B0F0BDB5F5007FC4
:10316000FAD1C44900F08EFC054600284FD0B6F8CD
:10317000C83BFF2523F40073A6F8C83B01220DF1DC
:10318000070120468DF80750FFF778FF03B0F0BD28
:1031900096F80632002B40F09C80B649204600F09D
:1031A00071FC0546002868D0B34B93F8072293F8CA
:1031B0000432012A00F03C81BA2B00F0CF80B6F82F
:1031C000C83B04F5C04223F00403A6F8C83B92F8BC
:1031D000F13B8DF8073001220DF107012046FFF782
:1031E0004DFF03B0F0BDA54900F04CFC0028B3D062
:1031F000B6F8C83B23F00103A6F8C83B2A460DF1F8
:10320000070120468DF80750FFF738FFA4E79C49D7
:10321000204600F037FC00285ED0B6F8C83B65F3C6
:103220004923FF27A6F8C83B01220DF107012046DC
:103230008DF80770FFF722FF8EE79149204600F0D6
:1032400021FC0746002800F09F808B4B93F8072253
:1032500093F80412012A00F0FC80BA2900F02F81B3
:1032600088496422204600F019FC874964222046E0
:1032700003B0BDE8F04000F011BC8149204600F0E9
:1032800001FC002800F09E80B6F8C83B7A4A65F33E
:103290008203A6F8C83B92F8075204F5C046012DF8
:1032A00096F8F13B8DF8063093D192F80422BA2AB1
:1032B0008FD104F5D54164226D31204600F0EEFB3C
:1032C0002A460DF106012046FFF7D8FE86F8F05B8E
:1032D00042E703F013FA60E76C49204600F0D2FBA6
:1032E000054600287FF438AF6949204600F0CAFB44
:1032F00000283FF431AF204601F0ACF9B6F8C83BE6
:10330000002800F02A8165F3492304F5C042A6F89D
:10331000C83B92F8A5395CE75D49204600F0B2FB56
:10332000002800F01E81204601F094F9054600288F
:1033300000F01E810125204604F5C0442A460DF107
:1033400007018DF80750FFF799FE84F8AA59B6F8DF
:10335000C83B23F00203A6F8C83BFDE6B6F8C82B2D
:1033600004F5C041002322F00402A6F8C82B204631
:10337000A1F8F13B81F8F43B01220DF107018DF832
:103380000730FFF77BFEE7E64249204600F07AFB74
:103390000546002800F0848004F5C043204683F8E9
:1033A000AA7901220DF107018DF80770FFF766FE7B
:1033B000B6F8C83B67F341032046A6F8C83B03F0C4
:1033C00075FCC9E63449204600F05CFB0546002840
:1033D0007FF4C2AE3149204600F054FB0746002876
:1033E00000F0A180B6F8C83B04F5C04765F382033E
:1033F000A6F8C83BA7F8EE5BFEF756F90122C6F81F
:1034000010024FF4807387F8F25B04F5E64604F58A
:10341000E54587F8F42BA7F8F03B143554362B78A4
:10342000002B7BD14035AE42F9D197F8F13BD0E685
:10343000BA2B7FF4C4AE04F5C04393F8F41B002903
:103440007FF48AAE04F5D54183F8F42B6D31642204
:103450000DE7BA297FF404AFB6F8C83B65F3410322
:10346000A6F8C83B0DF1070120468DF80750FFF77D
:1034700005FEF5E664880008CC7D00205C88000825
:10348000688800081888000870880008008900080B
:10349000C088000880880008D4880008E4880008F4
:1034A0003D49204600F0EEFAC0B104F5C043204685
:1034B00083F8F15B03B0BDE8F04003F0F7BBB6F86A
:1034C000C83B65F341030122A6F8C83B0DF1070193
:1034D00020468DF80720FFF7D1FDC1E62F49204691
:1034E00000F0D0FA30B92E49204600F0CBFA00287F
:1034F0003FF412AF012520462A460DF107018DF851
:103500000750FFF7BBFDB6F8C83B04F5C04423F0F5
:103510000203A6F8C83B84F8AA591DE629462046AE
:1035200003F0C4F97EE71F49204600F0ABFA0028FB
:103530003FF412AE04F5C043012293F8F13B8DF83D
:10354000073020460DF10701FFF798FDB6F8C83B9C
:1035500067F38203A6F8C83BFEE5FF2560F3492325
:103560000AE61149204603B0BDE8F04000F08ABAEF
:103570008DF80700204604F5C04401220DF1070133
:10358000FFF77CFD84F8AA59B6F8C83B65F3410300
:10359000A6F8C83BE0E500BF90880008A4880008B2
:1035A000B4880008F4880008C888000830B50024F2
:1035B00061F30704017861F30F24ADF2044D62F367
:1035C00017444FF4007263F31F64002140F202239A
:1035D00005460DEB0200ADF80030CDF80240FCF7D7
:1035E000F9FF809480AB81AC002113F8012B0A44D1
:1035F0009C42D1B2F9D103218DF806208DF8071035
:10360000A86869461B230822FEF72EF968681B2369
:1036100008226946FEF728F90DF2044D30BD00BFBF
:1036200000B583B0062104468DF804100A2301A9D1
:1036300001228068FEF718F920460123F022BC2100
:10364000FFF7B4FF0A23012201A96068FEF70CF915
:103650004FF47A70FEF72EF872B6FEF735FF00BF12
:1036600000B583B0044606218DF804100A2301A991
:1036700001228068FEF7F8F801A960680A23012298
:10368000FEF7F2F80123F022BC212046FFF78EFF5F
:103690004FF47A70FEF70EF872B6FEF715FF00BF12
:1036A0002DE9F04F00F5E048974DB8F89E2700F55A
:1036B000E746ADF21C4D1E360027314692B2044655
:1036C0002846ADF81670FFF765F830464FF4806273
:1036D0003946FCF77FFF95F80C64A8F89E77002E1A
:1036E00040D095F80632232B27D8232B2AD8DFE8A1
:1036F00013F0A20196018A0129002900290029005E
:103700002900290029002900290029002900290071
:1037100029007E0172011301FF00EB00DF00BF00F2
:10372000B3002900290029002900290029002900C7
:103730002900A7009B004900AE01F02B00F0988102
:10374000F12B14D015210A2301228DF81812A0683C
:1037500086A9FEF789F860680A23012286A9FEF788
:1037600083F8002630460DF21C4DBDE8F08F95F829
:103770000432BA2BE6D102F057F90028E2D12046F4
:10378000FFF76EFF06AF0DF116035F493A4620467C
:10379000FFF77AFB80F00103DBB2002BD2D1BDF83A
:1037A0001680A06806238DF8183201220A2386A904
:1037B000FEF75AF8606886A90A230122FEF754F83A
:1037C000B8F1000FCED095F80432BC2BCAD1B8F5B1
:1037D000806F88BF4FF4806807EE908AB8EE677AF2
:1037E000F2EE067A9FED496ADFED496AA06827EE9E
:1037F000277A4246C7EE067A3946B0EE087A67EE77
:10380000A67A67EE877AFCEEE77A17EE905A0A2DD1
:1038100038BF0A252B46FEF727F860682B4642463C
:103820003946FEF721F89DE706AF0DF1160336493C
:103830003A462046FFF71CFA80F00103DBB2ACE702
:1038400006AF0DF1160330493A462046FEF7D0FE8A
:1038500080F00103DBB2A0E706AF0DF116032A49A1
:103860003A462046FFF7D0FB80F00103DBB294E735
:1038700095F80432BC2B7FF465AFB8F8C83B2549F6
:1038800043F40073A8F8C83B0A22204600F006F96A
:1038900006228DF8182286A9A0680A230122FDF7C6
:1038A000E3FF60680A23012286A9FDF7DDFF59E7DF
:1038B00006AF0DF1160314493A462046FFF7A8F962
:1038C00080F00103DBB268E795F80402BC287FF4BE
:1038D00039AF062306AF0093019704F5D34321784F
:1038E0001E331422FEF7D8FF8046ADF8160058E7C5
:1038F00006AF0DF1160304493A462046FFF746F994
:1039000080F00103DBB248E7CC7D002000001646C2
:1039100000007A44CC87000895F80482B8F1BC0F07
:103920007FF410AF04F5C04340F60252D3F886A9E5
:10393000D3F88A99D3F88E3902934FF0120B0021F5
:10394000CDF82530ADF81820237803934FF400729A
:1039500086A88DF81B308DF81A80CDF81DA0CDF803
:1039600021908DF81CB0FCF735FE039B8DF81932C1
:10397000029B8DF8188206AF8DF81AB2CDF81BA203
:10398000CDF81F92CDF823320DF217220DF226202A
:10399000002112F8013F0B449042D9B2F9D17B7457
:1039A0000323BB7406238DF8183201220A2386A94B
:1039B000A0684FF01308ADF81680FDF755FF0A23F5
:1039C000606886A90122FDF74FFF95F80432BC2BF1
:1039D0007FF4C8AE00E706AF0DF1160328493A465A
:1039E0002046FFF771F880F00103DBB2D5E606AFA1
:1039F0000DF1160322493A462046FEF7A1FD80F05C
:103A00000103DBB2C9E606AF0DF116031C493A46C5
:103A10002046FFF721F880F00103DBB2BDE606AFD8
:103A20000DF1160316493A462046FEF7D7FF80F0FF
:103A30000103DBB2B1E606AF0DF1160310493A46B9
:103A40002046FEF78DFF80F00103DBB2A5E695F876
:103A50000432BC2B7FF476AE06AF0DF11603084995
:103A60003A462046FFF76AFA80F00103DBB294E69B
:103A700095F80432BA2B7FF465AE2046FFF7D0FDEF
:103A8000CC7D002000F5E04008B5D0F8BC0B03F079
:103A900016FF003818BF012008BD00BF2DE9F04710
:103AA000044630B30D4621B300F5C043914693F868
:103AB0007C600EB393F87DA0DFF84C80013E0AF1E4
:103AC000010313FA86F643F2320703E00AF1010A12
:103AD000564511D0A8FB0A23DB0803EB4300AAEBF1
:103AE000800007EB80202946204403F0E8FE0028F0
:103AF000ECD00020BDE8F0874A462946204600F079
:103B0000CFFFBDE8F08700BFABAAAAAA00F5E04C42
:103B1000002200F54053ACF8C02BCCF8BC2B93F836
:103B2000301019B300B500F5C04181F87F2093F83B
:103B3000313003F5C0510C3100EB832E30F81110F9
:103B4000B1F5806F38BF8E444FEA832303F1180329
:103B500034BF8EF818208EF8172403445DF804EB68
:103B6000CCF8BC3BACF8C01B00F0F2BF704700BF04
:103B70002DE9F04F07697B6C1B0785B0044609D51A
:103B80003B680022039219680391596803910399D5
:103B90005B687A6404F5C04595F87C3053B904F548
:103BA000E0490122002385F87F2089F8AC3705B071
:103BB000BDE8F08F95F87D60244904EB460B04EBDB
:103BC00086280BF5C04B04EB860A08F540580AF529
:103BD000C04ABBF83230009308F13208DAF84C30B2
:103BE0000193404603F06BFE04F5E04938B1012330
:103BF00089F80632FDF758FD2769C9F808024FF425
:103C0000E1310098FEF772FC009A034641463846BF
:103C1000FDF72AFE01220199204600F019FF0C4B06
:103C20000136A3FB0623DB0803EB4303A6EB830665
:103C30000023ABF83230CAF84C3095F87C3085F868
:103C40007D60013B85F87C30ABE700BF0C89000844
:103C5000ABAAAAAAF0B505696B6C85B00E461446EE
:103C6000D3B12B68002201921F6801975F6801970A
:103C7000019F02921F6802975F680297029F03925A
:103C80001F6803975F68039700F5C0400121039FF9
:103C90005B686A6480F880104FF4E1312046FEF7DB
:103CA00025FC2246034631462846FDF7DDFDB0FAE5
:103CB00080F0400905B0F0BD00F5E04393F8C42B57
:103CC000002A40F08C812DE9F04700F5C047A0B0F4
:103CD00097F8A729044612B997F8AA297ABBE27D7A
:103CE00093F896137AB30122E28219B14FF48072ED
:103CF000A3F8962397F8A8391BB997F8A939002B90
:103D000054D097F8AA3923B997F8AB29002A00F0C4
:103D1000A88097F8AC29002A00F0D18097F8AE2946
:103D2000002A77D097F8F22B002A40F0EC8097F821
:103D3000F43B2046002B00F0128102F0F9FB00203A
:103D400020B0BDE8F087A27D19B14FF48071A3F8CF
:103D50009613002ACED16D46A8494FF4E132284689
:103D600003F006FD97F87C60002E4AD097F87D900E
:103D7000DFF8A882013E09F1010313FA86F643F247
:103D8000320703E009F10109B1453AD0A8FB092344
:103D9000DB0803EB4303A9EB830307EB83232946EB
:103DA000E01803F08CFD0028ECD0C8E797F87C50B1
:103DB000002D00F0C28097F87DA0DFF86092DFF858
:103DC0004C82013D0AF1010313FA85F543F23206F4
:103DD00004E00AF1010AAA4500F0AF80A9FB0A300D
:103DE000C00800EB4000AAEB800006EB80202044D6
:103DF000414603F064FD0028EBD0012387F8A93980
:103E00009DE764222946204600F04AFE002020B0AB
:103E1000BDE8F08797F87C50002D00F0948097F86B
:103E20007D90DFF8F881764F013D09F1010313FA27
:103E300085F543F2320604E009F10109A94500F0D5
:103E40008280A8FB0930C00800EB4000A9EB80008D
:103E500006EB80202044394603F031FD0028EBD0EA
:103E60006DE704F5D2431A466D4666494033203269
:103E7000284603F07DFC97F87C60002E69D097F807
:103E80007D90DFF89881013E09F1010313FA86F66F
:103E900043F2320703E009F10109B14559D0A8FB0B
:103EA0000930C00800EB4000A9EB800007EB802040
:103EB0002044294603F003FD0028ECD03FE797F8A3
:103EC0007C50A5B397F87D90DFF850814E4F013DAF
:103ED00009F1010313FA85F543F2320603E009F113
:103EE0000109A94523D0A8FB0930C00800EB400018
:103EF000A9EB800006EB80202044394603F0DFFC6C
:103F00000028ECD01BE797F8F36B96B397F8F42BE7
:103F1000002A3FF414AF002B3FF411AF97F8F13BA8
:103F2000002B7FF40CAF204602F020FD07E7364956
:103F30000522204600F0B4FD01E734490522204661
:103F400000F0AEFD59E72E490522204600F0A8FDFD
:103F5000F5E632222946204600F0A2FDEFE602F007
:103F6000E7FA204602F0CAFC40F20113A7F8F33B3F
:103F7000E5E66D46202231462846FCF72BFB244916
:103F800087F8EC6A3246284603F0F2FB97F87C305B
:103F9000FBB197F87D90DFF88480013B09F10102C5
:103FA00012FA83F643F2320703E009F101094E45A4
:103FB0000FD0A8FB0923DB0803EB4300A9EB80002B
:103FC00007EB80202044294603F079FC0028ECD040
:103FD000B5E601222946204600F062FDAFE672B642
:103FE000BFF34F8F0B490C4BCA6802F4E0621343D6
:103FF000CB60BFF34F8F00BFFDE700BF1C890008F7
:1040000048890008D88700083889000870880008A7
:104010005889000800ED00E00400FA05ABAAAAAA3E
:104020002DE9F04700F5E043A0B004465149D3F82C
:10403000BC0B03F044FC002847D0C3793F2B2ED0A3
:10404000037A312BA3F1300204F5C0466ED0002A6A
:104050005ED196F87C50002D5FD096F87DA0DFF8F9
:104060001C91DFF81C81013D0AF1010313FA85F56B
:1040700043F2320703E00AF1010AAA454DD0A9FB39
:104080000A30C00800EB4000AAEB800007EB80205C
:104090002044414603F013FC0028ECD042E004F534
:1040A000C04696F8AA3983B904F5D2431A46324974
:1040B00040332032684603F05BFB96F87C5045B9EC
:1040C00032226946204600F0EBFC002020B0BDE81B
:1040D000F08796F87D80294F013D08F1010313FA1E
:1040E00085F543F2320603E008F10108A845E7D060
:1040F000A7FB0823DB0803EB4303A8EB830306EBD2
:1041000083236946E01803F0DAFB0028ECD0DCE7F3
:10411000022AC6D196F87C505DB91949052220467D
:1041200000F0BEFC0023A6F8A839BAE786F8A82953
:10413000B7E796F87DA0DFF84490DFF84480013DB2
:104140000AF1010313FA85F543F23207A9FB0A309D
:10415000C00800EB4000AAEB800007EB8020204461
:10416000414603F0ACFB0028DCD10AF1010AAA4564
:10417000ECD1D2E768890008D8870008ABAAAAAAC0
:104180007489000800F5E0432DE9F047D3F8BC5BE3
:1041900028490446284603F092FBC8B30C23C35CAD
:1041A000312B07D904F5C044012384F8AC39002031
:1041B000BDE8F08704F5C049002399F87C5089F8E0
:1041C000AC396DB399F87DA0DFF874801A4F013DCA
:1041D0000AF1010313FA85F543F2320603E00AF10E
:1041E000010A55451CD0A8FB0A23DB0803EB430357
:1041F000AAEB830306EB83233946E01803F05FFB49
:104200000028ECD0012389F8AF390020BDE8F08701
:104210000A49284603F053FB0028C8D00823BEE70C
:1042200005490522204600F03BFC012389F8AF39FF
:10423000EBE700BF84890008A08900089489000882
:10424000ABAAAAAA2DE9F84F044681B900F5E043CC
:104250004B49D3F8BC5B284603F031FB80B104F531
:10426000C044012384F8AA390020BDE8F88F022950
:104270000BD0032920D00129F1D00020BDE8F88F10
:104280004049284603F01BFB80B1BC212046002397
:104290001022FFF78BF904F5C0430022204683F873
:1042A000AA2900F08DFB0020BDE8F88F364928468A
:1042B00003F005FB0028D7D004F5C04A01239AF883
:1042C0007C508AF8AA398AF8A739002D48D09AF884
:1042D0007DB0DFF8C090DFF8B880013D0BEB03063E
:1042E00016FA85F643F2320703E00BF1010B5E4547
:1042F00036D0A9FB0B30C00800EB4000ABEB8000D0
:1043000007EB80202044414603F0D9FA0028ECD086
:104310009AF87D90DFF87C801C4E09F1010313FAB6
:1043200085F543F2320703E009F101094D4521D03B
:10433000A8FB0923DB0803EB4303A9EB830307EB8B
:104340008323E018314603F0BAFA0028ECD0204667
:1043500001231022BC21FFF729F90020BDE8F88FC6
:104360000B496422204600F09BFB9AF87C500DB16B
:10437000013DCDE705493222204600F091FBE6E7FA
:10438000A488000880880008B4880008B489000860
:10439000CC870008ABAAAAAA2DE9F84300F5C047CC
:1043A000044697F8F03B2BB900F5E04393F89623C9
:1043B000002A50D0B7F81C29B7F8EE3B0AB19A4250
:1043C0003DD90133A7F8EE3B20220023BC21204633
:1043D000FFF7ECF897F87C5004F5D5466D36FDB143
:1043E00097F87D90DFF87C80013D09F1010313FA15
:1043F00085F543F2320703E009F101094D450FD07D
:10440000A8FB0923DB0803EB4300A9EB800007EBC3
:1044100080203146204403F052FA0028ECD005E019
:104420004FF4FA723146204600F03AFB2046002253
:1044300040F2DC5100F00CFB0020BDE8F883204680
:1044400000232022BC21FFF7B1F8002387F8F03BBE
:104450000020BDE8F8834FF4FA7100F0F9FA00206B
:10446000BDE8F883ABAAAAAA70B58AB00E46154675
:1044700003F025FA40B304463046FCF751F8215CBE
:1044800000232229CDE90233CDE9043320440AD0A8
:1044900002AA02F8011B10F8011F222903F10103EF
:1044A00001D00F2BF5D128336B4409A900220191CB
:1044B00003F8202C08AB00930B4907AB06AA02A80F
:1044C00003F078F9042802D000200AB070BD6A1EFB
:1044D00006AB033553F8041B02F8011FAA42F9D1B9
:1044E00001200AB070BD00BF888C000838B500F507
:1044F000E04300F5D342D3F8BC5B0E4904460632D4
:104500002846FFF7B1FF08B1012038BD04F5D342BA
:1045100009490A322846FFF7A7FF0028F4D104F51D
:10452000D34206490E322846FFF79EFF003818BFD7
:10453000012038BDC4890008D4890008E889000832
:1045400008B310B50C468AB071B109AA08ABCDE921
:10455000023207AA06ABCDE900320C4905AB04AA2A
:1045600003F028F9062802D000200AB010BD621E10
:1045700004AB053453F8041B02F8011FA242F9D121
:1045800001200AB010BD0020704700BFFC89000860
:1045900000F5E04370B5D3F8BC5B294904462846D2
:1045A00003F08DF9B0B92749284603F088F9D0B156
:1045B0002221284603F02AF904F5D3411E31B0B375
:1045C0000130FFF7BDFF04F5C044012384F8AE3984
:1045D000002070BD04F5D3421B4906322846FFF780
:1045E00043FF012070BD1949284603F068F90028EF
:1045F000DED11749284603F062F90028D8D104F526
:10460000C04696F8B039002BE2D02221284603F0AC
:10461000FDF804F5D3411E3168B10130FFF790FF7A
:104620000122002386F8AE2986F8B039D0E7284663
:10463000FFF786FFC7E72846FFF782FFF0E700BFD6
:104640001C8A00083C8A00082C8A00084C8A000852
:104650005C8A000800285ED02DE9F04100F5E043B7
:1046600000F5C046D3F8BC7B364900248AB0054625
:1046700086F8A749384603F022F9804600284CD036
:10468000214600F10807202202A8FBF7A3FF98F8B3
:104690000830222B21460CD002A83A4601E01F29FF
:1046A00007D000F8013B12F8013F222B01F1010174
:1046B000F5D101F128030C466B4405F5D2410022E7
:1046C00002A8203103F8202CFBF720FF18B10020AE
:1046D0000AB0BDE8F081601C2221384403F096F84E
:1046E000044690B105F5D3410130FFF729FF2C2195
:1046F00004F1130003F08AF838B1134901AB6A469C
:10470000013003F057F8022814D0012086F8A709D9
:104710000AB0BDE8F081002070470C49384603F02C
:10472000CEF80028D3D043461022BC212846FEF7FD
:104730003DFFCCE7DDE9002386F8A42986F8A539FA
:10474000E3E700BF688A0008748A0008C088000890
:1047500000F5E04310B513490446D3F8BC0B03F051
:10476000AEF830B1C379342BA3F130020CD0052A56
:1047700000D010BD04F5C0430022204683F8AA29CA
:10478000BDE8104002F092BA04F5C04393F8F12B53
:10479000002AEED001222046A3F8F02BBDE81040FD
:1047A00002F084BAD49000082DE9F04F00F540548F
:1047B000264687B00546016100F1180316342E36EF
:1047C0004FF0000818464FF480620021FBF702FF0B
:1047D00024F8028FB44200F58063F3D105F540520E
:1047E00005F5C0471346483705F5C046A2F83080A6
:1047F00032333036B846002418464FF48062002128
:10480000FBF7E8FE26F8024FB04547F8044F00F5E5
:104810008063F1D146F6201B05F5D541DFF894E120
:10482000614EDFF894A1DFF894C105EB0B0006316F
:1048300001900491BEE8030005F5C04305F5E0478B
:104840004FF4FA72DC67A3F81C2987F8C44B45F8CB
:104850000B00019841609EF80010017205F5D248E6
:1048600003CE08F1400846F6401E05F5D34245F850
:104870000E00C8F804103188A8F80810B17888F83C
:104880000A104A49C3F886191E32C3F892190292D7
:1048900001F164516FF07F4EC3F88A19C3F896197D
:1048A000C3F88EE9C3F89AE9029946F69E1E05F50B
:1048B000D44205F5D54945F80E4054328C8009F1B3
:1048C00038094FF4803140F25B7E0392CDF81490AA
:1048D000C3F8A419A3F852EA46F6542EDAF80000F9
:1048E000039E3349C3F8A849C3F8AC4983F8B049DB
:1048F00083F8B949C3F8BC49C3F8C049C3F8C449EF
:10490000C3F84E1AC3F8C849BAF8041045F80E00A7
:104910009AF806E086F806E0B18046F686264FF063
:104920000109A851049880F806E08180BCE80300E2
:1049300046F6B8264A46A85105984160BCF80010D2
:1049400001814FF01E01A3F8EA1A4FF48071A3F819
:10495000F41B83F8EC4AA3F8F14BA3F8EE4BC7F82D
:10496000944387F89C93EB6899899868FCF772FDEB
:104970000A20FCF79FFEEB68002299881868FCF774
:1049800069FD6420FCF796FEEB684A461868998832
:10499000FCF760FD6420FCF78DFE87F8C24B87F8BA
:1049A000C34B07B0BDE8F08F888A0008C0A801C8D3
:1049B000C0A801977C8A0008948A00089C8A000895
:1049C000F8B500F5C044254600F54053074632339C
:1049D00030344835002618464FF480620021FBF73A
:1049E000F9FD24F8026FAC4200F58063F3D107F5BE
:1049F000C04787F87C60F8BD012938B512D00D4654
:104A0000A9B900F5C044D4F8C83983B1FCF74CFE0D
:104A1000D4F8C829D4F8C439801A984212D9C4F8F5
:104A2000C85904E000F5C044D4F8C0390BB90120DE
:104A300038BDFCF739FED4F8C029D4F8BC39801A47
:104A4000984201D8002038BD0023C4F8C039EEE7F1
:104A500021B1012A10B50BD00AB110BD704700F585
:104A6000C044C4F8C419FCF71FFEC4F8C80910BD3F
:104A700000F5C044C4F8BC19FCF716FEC4F8C00920
:104A800010BD00BF00F5C04292F8AF1901B97047E0
:104A90004FF0000C016982F8AFC9FFF785BE00BF77
:104AA0002DE9F04100F5C046044696F87C300B2B0A
:104AB0000D4617460FD996F87D20244B0132A3FBF3
:104AC0000213DB0803EB4303A2EB83020B2386F8FC
:104AD0007D2086F87C302846FBF722FDB0F5806FFC
:104AE000804602D30020BDE8F08196F87C2096F83D
:104AF0007D302946154D1344A5FB0325ED0805EB34
:104B00004505A3EB850504EB852000F540504246A2
:104B1000323002F0F9FE41F288339F4228BF1F462F
:104B200005F5405305F5C0551235183304EB430322
:104B300004EB8504A3F80280676096F87C300120BE
:104B4000034486F87C30BDE8F08100BFABAAAAAA76
:104B500000F5405191F83030CBB110B591F83120CB
:104B600003F1FF3C0A4B02F5C05E0132A3FB024396
:104B7000DB0803EB43030EF10C0EA2EB83020023D0
:104B800020F81E3081F8312081F830C010BD704708
:104B9000ABAAAAAA00F5C04310B593F8F53B00F5FF
:104BA000E044EBB994F8A23713B1D4F8A43753B367
:104BB000D4F8A4372BB1D4F8A83713B194F8A2379E
:104BC00033BB94F8A23753B9D4F8A43713B9D4F847
:104BD000A83723B10023C4F8A437C4F8A83710BD00
:104BE000D4F8A437002BFAD0FCF75EFDD4F8A43734
:104BF000C01A3228F3D90023C4F8A437C4F8A83760
:104C000084F8A23710BDFCF74FFDC4F8A40710BD0F
:104C1000FCF74AFDD4F8A427D4F8A837801A23B1AA
:104C2000D4F8A8379842CCD9E5E74FF4FA73F9E7FE
:104C30002DE9F0414B6C177813F00E0F0C4686B03F
:104C4000114641D100F5E045064695F8AC3703F032
:104C5000FF0233B10122204606B0BDE8F041FCF767
:104C600071BEB5F89E379BB2B3F5806F48D295F808
:104C7000A237002B64D1022F49D0032FEAD1B5F817
:104C8000A037002B40F0A880B5F89E379BB2052BCB
:104C9000E0D906F5C04090F8F53B002BDAD095F846
:104CA0009D33002BD6D10026012385F8A26785F815
:104CB000AC370191FCF7F8FC0199C5F8B00785F80D
:104CC0009D63C5F8A467C5E72368002003901A68B0
:104CD00003925A680392039A04901A6804925A68DD
:104CE0000492049A05901A6805925B680593059BE7
:104CF00060640122204606B0BDE8F041FCF722BE08
:104D0000A5F89E2785F8A22785F8AC27A2E795F895
:104D1000A23703F0FF02002B9CD1012385F8A237B4
:104D2000A5F89E27B5F89E379BB2F01801339BB2C9
:104D3000A5F89E3747F29E33C75485F89D2389E72F
:104D4000B5F89E3701919BB25A1C92B20344A5F864
:104D50009E2747F29E329F54FCF7A6FC06F5C043FF
:104D6000019993F8F53BC5F8DC0B002B3BD1D5F846
:104D7000A8375BB9B5F89E2792B2022A06D9B5F8D2
:104D80009E2792B2012A5DD885F8A237B5F89E37E2
:104D90009BB2032B7FF66FAF95F8A033BA2B28D0C8
:104DA000BC2B7FF468AF95F89F33012B21D995F880
:104DB000A233232B1DD0B5F89E379BB2042B18D9F4
:104DC000002385F8A23785F89D3385F8AC37A5F820
:104DD0009E37C5F8A4374EE7B5F89E2792B29342A6
:104DE0007FF661AF50E7FCF75FFC0199C5F8A407B7
:104DF000CCE7B5F89E3701229BB2934285F89D23FC
:104E000003D8002385F8A23735E795F89F830191F1
:104E1000FCF74AFC62680199C5F8A40708F1050887
:104E20006AB34FF4FA5303FB08F3B3FBF2F303EB5B
:104E300083035B000A2B38BF0A23C5F8A837A5F8FF
:104E4000A08718E795F89F830191FCF72DFC626815
:104E50000199C5F8A40708F1050892B14FF4FA5377
:104E600003FB08F3B3FBF2F303EB83035B000A2BB2
:104E700038BF0A23C5F8A837A5F8A08786E70A2314
:104E8000DBE70A23F6E700BF2DE9F04700F5E0472E
:104E9000844697F802320E4615462BB900F5C043FA
:104EA000D3F81839D90702D52B783E2B45D00CF50D
:104EB000405090F8301090F831E00B292BD80A467A
:104EC000544C7244A4FB0283DB0803EB4303A2EBC4
:104ED00083030CEB430808F54058B8F81820B2F5E6
:104EE000806F43D20CEB83299144013295F800A0E6
:104EF00089F818A092B2A8F8182095F80080B8F1A7
:104F00000A0F4FEA83233BD0294630460122BDE8F1
:104F1000F047FCF717BD3F4B0EF10102A3FB023E29
:104F20004FEADE0E0EEB4E0EA2EB8E0E0B2280F839
:104F300031E080F830201146C2E797F8023213B111
:104F4000012387F804320CF5C04CDCF81839DA0775
:104F5000DAD59CF8183943F00403294630468CF81A
:104F60001839BDE8F0470122FCF7ECBC0023A8F893
:104F70001830294630460122BDE8F047FCF7E2BC74
:104F8000022AC1D94A1CD2B280F830207244A4FB54
:104F90000214E40804EB4404A2EB840202F5C052BC
:104FA0000C3218330CEB03084FF000091A4B2CF8A5
:104FB00012900CF5C04432221A60D4F81839DB067E
:104FC00006D51649404602F07AFC08B1C4F8189993
:104FD00097F8B4373BB91249404602F070FC10B163
:104FE000012387F8B43797F80232002B8CD00D4993
:104FF000404602F064FC28B1002387F8023287F8AB
:10500000043281E70849404602F059FC0028F3D1F8
:105010007AE700BFABAAAAAA5C0000205C8800085F
:10502000A88A000868880008B08A0008F8B5134C00
:1050300094F8B437074633B90120FCF73BFB94F8EA
:10504000B437002BF8D007F5405425466420FCF710
:1050500031FB002607F1180316342E3518464FF49D
:1050600080620021FBF7B6FA24F8026FAC4200F52B
:105070008063F3D107F540573E86F8BD607000208D
:105080002DE9F04100F5C04584B0D5F818399907ED
:105090000446C3F340061BD4D5F81839DA0702D406
:1050A00004B0BDE8F0817449FEF7ECFC40B3D5F8DC
:1050B0001839DB06F4D595F8183966F3820385F8BC
:1050C000183995F8183966F3000385F81839E7E7B9
:1050D0006949FEF7D7FC00284DD0D5F88838002B59
:1050E000DED095F8183923F0080385F8183995F8BB
:1050F000183923F0020385F8183904B0BDE8F081AF
:105100005E492046FEF7BEFC0028C9D15C49204616
:10511000FEF7B8FC0028C3D15A492046FEF7B2FC7E
:105120000028BDD158492046FEF7ACFC0028B7D175
:1051300056492046FEF7A6FC06460028B0D104F5E5
:10514000C14104312046FEF79DFC0028B3D15049EF
:105150002046FEF797FC0028A2D04E4CFCF7A4FA9C
:10516000D4F8103940F6B832C31A934272D80123EA
:1051700084F8153994E748492046FEF783FC064633
:1051800000288DD145492046FEF77CFC002845D0FB
:1051900004F5E0434149D3F8BC0B02F090FB002832
:1051A0003FF47EAF0296ADF80C60837A01962C2B0B
:1051B00000F10A0730460CD00DF103024BB102F8A2
:1051C000013F17F8013F2C2B00F1010001D0092805
:1051D000F4D100F110030DEB0300002600F80C6C75
:1051E0003B782C2B7FF45CAF01A802F001FA431E40
:1051F000B3F5806F8046BFF453AF04F5C94408345B
:1052000031464FF480622046FBF7E4F94246791CB0
:10521000204602F079FBC5F8888841E71849204606
:10522000FEF730FC00287FF43BAF16492046FEF71E
:1052300029FC00287FF434AF13492046FEF722FCF6
:1052400000287FF42DAF1149204604B0BDE8F0419D
:10525000FEF718BCB4F80C2904F68C01A4F5C04084
:10526000FEF7F8FCFCF720FA95F81439C4F8100999
:10527000013385F8143913E764880008E88A0008C8
:10528000A488000880880008B4880008D48A000830
:10529000F88A000860600020B88A0008C88A000800
:1052A0002DE9F843404C04F18407A4F5C04504F50A
:1052B000805622E0D4F81839990703D4D4F8183965
:1052C000DA070DD52846FEF721FC94F81539002B96
:1052D00043D1B6F8C03B9BB213B12846FFF7D0FECE
:1052E00094F81439032B56D8FCF7DEF9D4F81029BA
:1052F00042F21073801A98424DD8D4F818399B079F
:1053000004D4D4F8180910F0010045D0D4F81839A5
:105310005807CFD50120FCF7CDF9D4F88494D4F800
:105320008404D5F810804FF4E131FDF7DFF81FFA5F
:1053300089F2034639464046FCF796FA0028B9D16F
:1053400094F8183960F3820384F8183994F81839FE
:1053500043F0100384F81839ACE7FCF7A5F9D4F84A
:10536000102940F6B833801A9842B2D90023B4F815
:105370000C290E490E4884F81539FEF76BFCFCF732
:1053800093F994F81439C4F810090133DBB2032BF4
:1053900084F81439A8D902200023A4F81439C4F8D9
:1053A0001839BDE8F88300BF60600020EC68002079
:1053B0006000002000F5C0430020C3F81809C3F8BE
:1053C0001009C3F88808A3F81509C3F8840483F802
:1053D0001409A3F80C0970472DE9F04F97B0002885
:1053E00000F05281AB4DDFF8F082802200210446AC
:1053F000A948FBF7EFF800270A234FF4DC76CDE944
:105400000136A64ACDF8008002238021A5F80C7948
:1054100005F68C0002F076F905F68C00FBF780F8B3
:10542000C5F8187995F8183982B243F0020305F6E9
:105430008C01A5F5C040A5F80C2985F81839FEF7B0
:1054400009FCFCF731F9C5F81009FFF729FF0746F9
:1054500020B9D5F88838002B40F0E08004F125060B
:1054600004F1450904F5A77A04F5C07305934FF4D8
:10547000DC774FF0010B3A460021204685F816B93B
:10548000FBF7A8F830462646854A46F8852B85491D
:105490001F2202F001FA84493F22484602F0FCF93B
:1054A000824AC4F8852002F1645272606FF07F4234
:1054B000C4F88D204FF4FA72A4F892207C4984F845
:1054C00091B07F2204F1950002F0E6F9794AC4F820
:1054D000162140F25B72A4F81A217749312204F5B3
:1054E0008E7002F0D9F974493122504602F0D4F995
:1054F00072490598312202F0CFF91E22A4F8B22198
:1055000000211F22A01DFBF765F8802200216248C0
:10551000FBF760F800260A225B460297CDF8008070
:105520008021A5F80C695C4801925C4A02F0EAF817
:105530005948FAF7F5FF21463A46A5F80C096048A4
:10554000C5F8186902F0E0F9C5F8847495F81809EF
:105550005C4A4FF4005340EA0B00CDE90086029309
:105560004021334685F8180906A802F0CBF806A8B2
:10557000FAF7D6FF06A982B25348534EDFF85C8192
:10558000FEF768FBFCF790F806F5E0470446FCF7E9
:105590008BF8034642F20F721B1B934230462AD807
:1055A000FEF7B4FAB7F8C03B9BB24146002BEED0F1
:1055B000D7F8BC9B484602F082F903464349484667
:1055C000CBB902F07CF90346414948469BB902F049
:1055D00076F90028DBD006A8FAF7A2FF06A982B266
:1055E0003046FEF737FBFCF75FF804464FF47A705D
:1055F000FCF760F8CBE740F6B830FCF75BF82649DB
:10560000B5F80C293048FEF725FBFCF74DF8C5F836
:10561000100917B0BDE8F04FFFF742BED5F8883843
:105620002C49B3F5DC7F94BFD5F888283246204654
:1056300002F06AF91A4B22689A427FF40FAF04F124
:1056400025063046FAF76CFF02287FF609AF04F111
:1056500045094846FAF764FF02287FF603AF04F5D0
:10566000A77A5046FAF75CFF02287FF6FDAE04F5F4
:10567000C07318460593FAF753FF02287FF6F7AE7A
:10568000384617B0BDE8F08F0327384617B0BDE89D
:10569000F08F00BF60600020EC680020308B0008B5
:1056A000300425207C8A0008888A0008C0A801C828
:1056B000EC870008C0A80197948A00089C8A00081B
:1056C000E4600020048B0008600000206888000867
:1056D000F88A0008E8640020248B00086488000829
:1056E0002DE9F041EEB000287BD004466846FFF774
:1056F00073FE054650B104F5E0440023284684F8C3
:10570000C23B84F8C33B6EB0BDE8F081202204F5B3
:10571000D2400DF12501104402F0BEF8402204F5FC
:10572000D24004F5C0460DF14501104402F0B4F832
:10573000BDF89230A6F81C399DF8913086F8A6394C
:105740005BB9DDF88930C6F89639DDF88D30C6F8DA
:105750009A39DDF88530C6F8923904F5E047DDF86E
:105760001621BDF81A314FF0010804F5D34087F82F
:10577000C28B0DF19501C6F84E2AA6F8523A802246
:105780004D3002F089F89DF8153186F84D3A04F550
:10579000D4409DF8943086F8CC3947A93222543051
:1057A00002F07AF804F5D5400DF5A77132220630E3
:1057B00002F072F804F5D540322260A9383002F0C8
:1057C0006BF8002386F8EC3ABDF8B231A6F8EA3A55
:1057D0009DF8043087F8C38B284623706EB0BDE86F
:1057E000F081032528466EB0BDE8F081002800F066
:1057F00005812DE9F043ADF5037D044614A8FFF7BC
:10580000EBFD002840F0F380202204F5D2417C4BD0
:10581000149311440DF1750004F5C04502F03CF8F5
:10582000402204F5D24111440DF1950002F034F804
:10583000D5F89639CDF8D930D5F89A39CDF8DD308C
:10584000D5F89239CDF8D530B5F81C3995F8A62998
:10585000ADF8E23004F5D341D5F84E3A8DF8E120A9
:105860004D31CDF866318022B5F8523AADF86A3143
:105870000DF1E50002F010F895F84D3A8DF865311C
:1058800004F5D44195F8CC398DF8E4303222543106
:105890005BA802F001F804F5D541322206310DF57E
:1058A000CF7001F0F9FF04F5D5413222383174A8E8
:1058B00001F0F2FFB5F8EA3A95F8EC1AADF80232C9
:1058C000504D23788DF80412802200214E484F4F0E
:1058D0008DF854300026FAF77DFE4FF4DC740A236D
:1058E000CDE901344A4A009701238021A5F80C69CB
:1058F00005F68C0001F006FF05F68C00FAF710FEA5
:105900002246A5F80C0914A905F18400C5F8186908
:1059100001F0FAFFC5F8844495F818193D4ADFF8FC
:1059200004814FF4005341F00101CDE90076029368
:1059300004A8334685F81819402101F0E3FE04A8B5
:10594000FAF7EEFD04A982B2A5F5C040FEF782F990
:10595000FBF7AAFEA5F5C047044605F58056FBF700
:10596000A3FE034642F20F721B1B934238462AD80D
:10597000FEF7CCF8B6F8C03B9BB24146002BEED008
:10598000D6F8BC9B484601F09AFF03462249484698
:10599000CBB901F094FF0346204948469BB901F07A
:1059A0008EFF0028DBD004A8FAF7BAFD04A982B262
:1059B0003846FEF74FF9FBF777FE04464FF47A704E
:1059C000FBF778FECBE740F6B830FBF773FE0E49E5
:1059D000B5F80C291248FEF73DF9FBF765FEC5F84E
:1059E0001009FFF75DFC0DF5037DBDE8F0834FF472
:1059F000DC72002114A8FAF7EDFD05E703207047DB
:105A00003004252060600020EC680020248B000812
:105A1000308B0008048B000868880008F88A0008AA
:105A200060000020648800082DE9F04194B0002354
:105A30002C492D4A00914FF40050CDE9013040210E
:105A400004A801F05FFE04A8FAF76AFD04A982B277
:105A50002648264E264FFEF7FDF8FBF725FE06F5F5
:105A6000E0450446FBF720FE034642F20F721B1B83
:105A7000934230462AD8FEF749F8B5F8C03B9BB2AE
:105A80003946002BEED0D5F8BC8B404601F017FF0D
:105A9000034618494046EBB901F011FF0346164989
:105AA0004046DBB901F00BFF0028DBD004A8FAF771
:105AB00037FD04A982B23046FEF7CCF8FBF7F4FDBF
:105AC00004464FF47A70FBF7F5FDCBE7022014B0E3
:105AD000BDE8F081002014B0BDE8F081012014B0D1
:105AE000BDE8F081248B0008048B000860000020D2
:105AF0006488000868880008F88A0008F0B5ADF2EC
:105B0000DC5D24AE0B461146044600911E4A4FF45C
:105B10008071304601F0F6FD04F5D44354331B4A3E
:105B2000802104A801F0EEFD3046FAF7F9FC4FF4AD
:105B3000896705463A46002164A8FAF74BFDCDE98E
:105B4000005604F5C040002690F8EC0A029004AB21
:105B500039460F4A039664A801F0D4FD04F5E043EA
:105B60000546314618464FF40072FAF733FD64A932
:105B700001F0C2FE0A22A0F8005264A92046FDF7F7
:105B80008DFF0DF2DC5DF0BD548B00085C8B0008CE
:105B9000708B00082DE9F041ADF5EF6D1446064617
:105BA00040220F460EA80021FAF714FDDEAD4FF497
:105BB000807200211EA8FAF70DFD4FF480620021CB
:105BC0002846FAF707FD40F2FE33621E9A4203D9D7
:105BD0000DF5EF6DBDE8F08122463946284601F00B
:105BE0005BFE4FF000083A21284605F8048001F0DA
:105BF0000DFE0446002800F0A080471B3F2FE7D889
:105C000029463A460EA801F047FE0EAB611C1EA8BD
:105C100003F8078001F070FEB7490EA8FAF776FC8A
:105C2000002800F08180B5490EA8FAF76FFC002823
:105C30007AD0B3490EA8FAF769FC002800F0BB80BF
:105C4000B0490EA8FAF762FC00286DD0AE490EA844
:105C5000FAF75CFC002867D0AC490EA8FAF756FCAE
:105C6000002861D00124AA490EA8FAF74FFC0028A9
:105C700000F01881A7490EA8FAF748FC002800F0A8
:105C80006B81A5490EA8FAF741FC002800F09D8120
:105C9000A2490EA8FAF73AFC002845D0A0490EA860
:105CA000FAF734FC002800F09B819E490EA8FAF711
:105CB0002DFC002840F0D08106F5C04106F5E043F8
:105CC00091F8860991F8A62993F8B437CDE9032015
:105CD0003278029291F8F12B019291F8AA29009260
:105CE000B1F8520A0C9091F8510A0B9091F8500AB1
:105CF0000A9091F84F0A099091F84E0A089091F88D
:105D00008909079091F88809069091F887190591FB
:105D1000854A4FF400715EA801F0F4FC83495EAA45
:105D20003046FFF7EBFE53E7814A82493046FFF7E2
:105D3000E5FE0DF5EF6DBDE8F08129460EA801F0F6
:105D4000DBFD6D490EA8FAF7E1FB28B36B490EA8FD
:105D5000FAF7DCFB88B16A490EA8FAF7D7FB0028EE
:105D600064D13378744A08215EA801F0CBFC644901
:105D70005EAA3046FFF7C2FE2AE706F5C0436E4A28
:105D800093F8F13B08215EA801F0BCFC5B495EAAD8
:105D90003046FFF7B3FE1BE706F5E043664A93F88B
:105DA000B43708215EA801F0ADFC53495EAA304625
:105DB000FFF7A4FE0CE71EA801F01AFC431E9F2B60
:105DC000044669D830703046FFF710FD05460028BC
:105DD00040F0F58006F5C04706F5E04887F8F20B7D
:105DE00087F8F40B554932223046FDF757FE23461B
:105DF0000124C8F81052504AA7F8F04B87F8F54B29
:105E000010215EA801F07EFC5EAA30463C49FFF7F7
:105E100075FE30464A4A4049FFF770FE494988F806
:105E2000C44B64223046FDF739FED1E635490EA851
:105E3000FAF76CFBF0B134490EA8FAF767FB0028BB
:105E400040F01C8106F5C04393F8CC29B3F8521AF0
:105E5000002A39D006F5D34300913B4A4D334FF425
:105E600080715EA801F04EFC27495EAA3046FFF71C
:105E700045FEADE606F5D241403106F5D24300912C
:105E8000324A203380215EA801F03CFC1D495EAA05
:105E90003046FFF733FE9BE62D4A26493046FFF792
:105EA0002DFE95E6002C7FF43FAF06F5C043224A55
:105EB00093F8A63910215EA801F024FC14495EAACB
:105EC0003046FFF71BFE83E693F8512A93F8500AF9
:105ED000CDE9022193F84F2A93F84E3A4FF480719E
:105EE000CDE900201B4A5EA801F00CFC06495EAA21
:105EF0003046FFF703FE6BE6948B0008B08B00087A
:105F0000D48B00080C8C0008248C0008448C0008FA
:105F1000508C00085C8C0008E08B0008948C000812
:105F2000A48C0008C88C0008D88C0008408D00089C
:105F3000A08B000868880008408C0008C08B00080F
:105F40006488000818880008388800081C8C00083D
:105F5000F88B0008348C0008002C7FF4E5AE06F5C1
:105F6000C04393F89B0993F89D1993F89A290890D8
:105F70000A9193F89C19079293F89929069293F83D
:105F80009829059293F89729049293F896290392F9
:105F900093F89529029293F89429019293F8932902
:105FA00093F8923900920991414A40215EA801F08C
:105FB000A9FB40495EAA3046FFF7A0FD08E63E4A2D
:105FC0003E493046FFF79AFD02E630463C4A3D49DD
:105FD00006F5E046FFF792FD012386F8C43BF7E59E
:105FE000FBF762FB3849364FDFF8F88005460B2295
:105FF0003046FDF72FFE06F5E04405E0FBF754FBC5
:10600000401BB0F57A7F2DD83046FDF77FFDB4F800
:10601000C03B9BB23946002BF0D0D4F8BC0B01F04A
:106020004EFC0028EAD141463046FDF72BFD002802
:10603000E4D03046FEF70EFBD0B106F5C043234A4C
:1060400093F9A53910215EA801F05CFB20495EAAF6
:106050003046FFF753FDBBE51E4A18493046FFF7AF
:106060004DFDB5E51C4A1A493046FFF747FDAFE53F
:10607000124A17493046FFF741FDA9E517490EA816
:10608000FAF744FA00287FF4EEAD06F5D541383131
:1060900006F5D5430091124A063380215EA801F02F
:1060A00031FB0E495EAA3046FFF728FD90E500BFA0
:1060B000708C00085C8C0008EC8B00086888000875
:1060C00064880008E08B0008CC870008B08C0008CA
:1060D000B88C00084C8D0008C08C0008448C000867
:1060E0001C8C0008C08800082DE9F047092AADF68D
:1060F000680D07460D4672D00D2A14462AD9A749C5
:106100000E22284601F0B6FB0646002800F0B580B6
:10611000162C24D9A2491722284601F0ABFB0446CD
:10612000002800F0A6819F491322284601F0A2FB17
:10613000002800F04D819C491422284601F09AFB6A
:1061400000B39A491722284601F094FB0446002820
:1061500000F0D18100200DF6680DBDE8F087122C0B
:10616000F8D990491322284601F084FB002800F05A
:106170002F81132CEED08C491422284601F07AFB93
:106180000028E7D18A4D0FCD0DF190094C460FC480
:1061900095E8030007F5C048002607F5E54384E8C5
:1061A00003005433834A88F8F56B802188A801F0F6
:1061B000A9FA4846FAF7B4F94FF489620446314621
:1061C0000DF58460FAF706FACDE9004998F8EC3A43
:1061D0000293794A039688AB4FF48961BCE0774912
:1061E000284601F047FB04460028B3D107F5D44305
:1061F00024AE734A5433802188A801F083FA3B7897
:10620000704A8021304601F07DFA3046FAF788F96D
:106210004FF48962054621460DF58460FAF7DAF9F4
:1062200007F5C04101960394009591F8EC1A624A73
:10623000029188AB4FF489610DF5846001F062FA38
:1062400007F5E045064621464FF400722846FAF766
:10625000C1F90DF58461284601F04EFB95F8023234
:10626000A5F80062002B00F034810A220DF584614C
:106270003846FDF713FC01206DE70DF5087801465F
:106280004FF400724046FAF7A5F907F5E5443146A8
:106290004FF4C87224A807F5E646FAF79BF91434C0
:1062A0005436012340F28F1A2278A1464AB3002BBC
:1062B00000F02F8124A8FAF733F904F14005AAEB86
:1062C0000002494624A801F0C2FAB5421CD094F855
:1062D0004030A9465BB124A8FAF722F9C0F5C7728D
:1062E0003949013224A801F0B2FA2C46E2E704F160
:1062F0008005AE4208D094F88030A946002BEAD140
:106300002C464034A642CFD1304A24AB4FF4007122
:10631000404601F0F7F907F5D4435433284A802169
:1063200004A801F0EFF94046FAF7FAF84FF4896251
:10633000044600210DF58460FAF74CF907F5C041D9
:10634000CDF80480009491F8EC1A1B4A02910026C3
:1063500004AB4FF4896103960DF5846001F0D2F926
:1063600007F5E044054631464FF400722046FAF73F
:1063700031F90DF58461204601F0BEFA94F802323D
:10638000A4F80052002B7FF470AF012384F806328A
:10639000FBF78AF9C4F80802A2E000BF688D000884
:1063A000908D0008C88D0008248E00080C8E00080F
:1063B000F48D0008C08D0008708B00085C8D00080B
:1063C0005C8B0008FC870008788D00087C8D000835
:1063D000514D0FCD0DF190094C460FC495E80300C7
:1063E00044F8040B07F5C04824F8021B0126090CE9
:1063F00007F5E5435433494A217088F8F56B80214D
:1064000088A801F07FF94846FAF78AF84FF48962C4
:10641000044600210DF58460FAF7DCF8CDE9004967
:10642000002498F8EC3A3E4A0293039488AB4FF468
:1064300089610DF5846001F065F9214607F5E044B6
:1064400005464FF400722046FAF7C4F80DF5846152
:10645000204601F051FA94F80232A4F80052002BC1
:106460007FF403AF84F80662FBF71EF9C4F8080254
:1064700036E007F5C0452B4995F8F52B2A4B82F0FD
:106480000102002A08BF0B4685F8F52B274A0DF1BB
:1064900090088021404601F035F907F5E543543373
:1064A0001E4A802188A801F02DF94046FAF738F8F5
:1064B0004FF48962064621460DF58460FAF78AF8A2
:1064C000CDE9006895F8EC3A0293154A039488AB3D
:1064D000B0E6012385F80632FBF7E6F8C5F80802B6
:1064E0000DF58460FAF71CF80DF5846182B2384628
:1064F000FDF7B0FBBFE607F5C0450B4A95F8F51B65
:10650000084B0DF19008002918BF1346074A402197
:10651000C0E72546DFE600BFDC8D0008C08D00081F
:10652000708B0008088E0008F08D0008A88D000808
:10653000F0B503785A1ED2B29F2AA5B0044670D88F
:1065400006AF3A4A0421384601F0DCF804F5C045AC
:1065500007AE95F8A339049395F8A239039395F8FB
:10656000A139029395F8A039019395F89F390093CA
:1065700095F89E392E4A1221304601F0C3F8009654
:1065800004F5D44654363B462A4A60210CA801F053
:10659000B9F80CA9304601F0AFF93346264A60211C
:1065A0000CA801F0AFF804F5E4400CA9143001F098
:1065B000A3F93346214A60210CA801F0A3F804F5A1
:1065C000E4400CA9543001F097F933461C4A60218D
:1065D0000CA801F097F804F5E5400CA9143001F07F
:1065E0008BF93346174A184E60210CA801F08AF83F
:1065F00004F5E5400CA9543001F07EF90FCE0DF101
:10660000300CACE80F0004F5E6403368ACF800301D
:106610000CA9143001F070F9012385F8F23B25B084
:10662000F0BD0A4B069306AF90E700BF3C8E000812
:10663000448E0008648E0008748E0008848E000862
:10664000988E0008A88E0008BC8E000830303000FC
:1066500038B5322204460D460849FDF71FFA04F505
:10666000C04304F5E04400220121C4F8102283F85D
:10667000F12B83F8F05B83F8F51B38BDC08B000865
:106680002DE9F04100F5C045C0B095F8F66B16B99C
:1066900095F8F17B3FB9FF2385F8FA3F002738468C
:1066A00040B0BDE8F08100F5E041B1F8C02B92B2F6
:1066B000052AF0D900F5E54414342378D1F8BC8BD1
:1066C0003BB90136032E04F14004E4D02378002BBB
:1066D000F7D04FF4807200216846F9F77BFF21461E
:1066E000FF22684601F0D8F86946404601F0E7F815
:1066F0000028E6D085F8FA6FD1E700BF00F5E0404A
:10670000002380F8063270472DE9F043ADF25C4D6E
:106710000D461E460446174600214FF4896204A820
:106720009DF878949DF87C84F9F754FFCDE90067D3
:1067300004F5C041CDF80C9091F8EC1A02912B466B
:106740001E4A4FF4896104A800F0DCFF85B2B5F55C
:10675000896F03D30DF25C4DBDE8F08304F5E0468C
:106760004FF4007200213046F9F734FF04A9304697
:1067700001F0C2F8A6F80052B8F1000F02D096F866
:10678000023243B10A2204A92046FDF787F90DF22F
:106790005C4DBDE8F083012386F80632FAF784FFEA
:1067A000C6F8080204A8F9F7BBFE04A982B2204685
:1067B000FDF750FA0DF25C4DBDE8F083708B0008D8
:1067C0002DE9F047A4B005460C46914600218022F1
:1067D00004A89DF8B0701E46F9F7FCFE05F5C0420E
:1067E0000297009692F8EC2A019223462E4A8021C5
:1067F00004A800F087FF05F5E044012384F8023285
:106800000746FAF751FFBFB27F2FC4F80C0202D936
:1068100024B0BDE8F08704A8F9F782FE04A982B28B
:106820002846FDF717FAFAF73FFF0027804606E0F3
:10683000FAF73AFFA0EB080CBCF57A7F27D894F85A
:106840000232002BE4D094F80432002BF0D04FF445
:10685000E1313046D5F810A0FBF748FE324603463A
:1068600049465046FBF700F8FAF71EFF84F802721B
:10687000C4F8E00B84F80472C4F80C7284F8037254
:10688000FAF712FFA0EB080CBCF57A7FD7D90023EA
:1068900084F80232C4F80C3284F8043284F80332EB
:1068A00024B0BDE8F08700BFD08E000830B5C3B07B
:1068B0000D464FF480720021044602A8F9F78AFEC3
:1068C00004F5C0400C4A90F8EC0A00904FF4807137
:1068D0002B4602A800F016FF80B2FF2809D804F565
:1068E000E043012283F8962302A964222046FDF7A3
:1068F000D5F843B030BD00BFF08E000870B54FF43E
:106900008076C4B004463246002104A8F9F762FE3E
:1069100004F5C04304F5D542383293F8CC390292DD
:1069200004F5D44504F5D5425435063201330192BD
:1069300031460C4A009504A800F0E4FE04A90A229E
:106940002046FDF7ABF82378009331462B46064AE4
:1069500004A800F0D7FE322204A92046FDF79EF8D5
:1069600044B070BD088F0008348F000830B504466D
:10697000C5B004F5C0454FF48072002104A8F9F7B2
:1069800029FE95F8CC39B5F8522AF3B104F5D34372
:1069900000924D33164A4FF4807104A800F0B2FE05
:1069A00004F5D54004A96D3000F0A6FF642204A9C7
:1069B0002046FDF773F804F5E04401220023A5F812
:1069C000F02B84F8063245B030BD95F8513ACDE948
:1069D000023295F8502A95F84F3ACDE900324FF43B
:1069E000807195F84E3A034A04A800F08BFED7E771
:1069F000788F0008948F00082DE9F04F00F5C0470C
:106A0000002695B087F8F66B0546FAF74DFE05F5BA
:106A1000E048C7F8FC0FA349D8F8BC0B00F04FFFC3
:106A2000002864D004464022314604A8F9F7D2FD7C
:106A300003AA00929C4904AB02AA2046CDE9026653
:106A400000F0B8FE032852D1DDF80C9009F1FF33B5
:106A5000B3F5806FCA464AD20646601C2C2100F06E
:106A6000D5FE0446002842D0013EF6D14378022BE1
:106A700000F1010B67D0B9F1010F00F0838082783B
:106A800010F80930022A35D0032B00F09A800BEB66
:106A9000090313F8023C032B00F09380B7F8F83F8A
:106AA000002B73D09944B9F5806FC0F0C68040F2D6
:106AB000FE32934200F2E98040F2FF3A5446A1468A
:106AC000AAEB030A97F8F72B022A00F0C68005F517
:106AD000D7404FF4806277300021F9F77BFDA9445D
:106AE00046F6F7330022A7F8F84F09F8032015B04F
:106AF000BDE8F08F032B2FD001240BEB090313F813
:106B0000023C032B28D0A344FAF7CEFD05F5D74568
:106B10007735C8F898034FF4806200212846F9F7CA
:106B200059FD039BA3424ADD1B1BB3F5806F00F3A5
:106B300090801E469CB232465946284600F0E4FE3C
:106B4000A7F8F84FD3E710F80930032B04D0B9F1B8
:106B5000010F3446D1D1D7E700214846AC68FBF796
:106B6000C5FC1FFA89F2034659462046FAF77CFE17
:106B70000023C8F89833A7F8F83FFAF795FDC8F84E
:106B8000D80BB4E7032B5BD0CA4687E7C8F8983325
:106B90004A46A7F8F83F59462846FFF7A5FA0028C5
:106BA0006ED197F8FA3F012BA1D1FAF77DFD039A38
:106BB000C8F8D80B59462846FEF7ECFF97E70024A3
:106BC000B9E7B7F8F80F00EB0904B4F5806F3ED3CE
:106BD00040F2FE33984258D840F2FF3A56463446C7
:106BE000AAEB000A97F8F73B022B3FD005F5D749EF
:106BF00009F177094FF4806200214846F9F7EAFC71
:106C00002A1946F6F73320460024A7F8F86FD45423
:106C10002146AD68FBF76AFC3246034649462846E2
:106C2000FAF722FEC8F89843A7F8F84FFAF73CFDA8
:106C3000C8F89843C8F8D80B59E71FFA89F441E718
:106C4000B7F8F80F441CB4F5806F1ED2CA46A6B23E
:106C5000C8E74FF4806634466DE705F5D7407730D6
:106C600052465946184400F04FFE38E705F5D7491B
:106C700009F1770952465946484400F045FEBFE7FE
:106C8000FAF712FDC8F8D80B31E705F5D7404FF4F5
:106C9000806200217730F9F79DFC0023A7F8F83FC8
:106CA00025E700BFB88F0008C48F000800F5C0407A
:106CB000012380F8F53B704770B500F5E045B2B0B0
:106CC00095F8063204464BB1B449FCF7DBFE28B315
:106CD000204632B0BDE87040FFF710BDB049FCF768
:106CE000D1FE50B12046FFF7CBFC04F5C04393F82A
:106CF000FA3FFF2B2AD132B070BDAA492046FCF7DB
:106D0000C1FE0646C8B9A8492046FCF7BBFE38B309
:106D10002046FCF7D1FFC5F8B867ECE7A349204649
:106D2000FCF7B0FE0028D3D1FAF7BEFCD5F8083244
:106D3000C01AB0F5967FDED9CAE7012385F8B437CB
:106D4000FAF7B2FCC5F8B80732B070BDFAF7ACFC80
:106D5000C5F8E00B204632B0BDE87040FFF74CBEEE
:106D600093492046FCF78EFE50B104F5C04393F8DA
:106D7000AA39CBB9204632B0BDE87040FDF782BEDB
:106D80008C492046FCF77EFE0028F3D18A49204634
:106D9000FCF778FE60B101224FF49671204632B0C4
:106DA000BDE87040FDF754BE2046FDF7F5FAE1E777
:106DB00082492046FCF766FE28B1204632B0BDE885
:106DC0007040FDF72DB97E492046FCF75BFE20B9E7
:106DD0007C492046FCF756FE28B1204632B0BDE87B
:106DE0007040FDF7CFB978492046FCF74BFE20B93B
:106DF00076492046FCF746FE30B10021204632B0ED
:106E0000BDE87040FDF71EBA71492046FCF73AFE16
:106E10000028F2D16F492046FCF734FE0028ECD15F
:106E20006D492046FCF72EFE20B96C492046FCF740
:106E300029FE28B1204632B0BDE87040FDF756BBB0
:106E400067492046FCF71EFE20B966492046FCF73C
:106E500019FE28B1204632B0BDE87040FDF7FABBFC
:106E600061492046FCF70EFE00287FF444AF5F49DD
:106E70002046FCF707FEA8B304F5C04300214FF4F9
:106E80008072A3F8EE1BA3F8F02BFAF70DFC012398
:106E9000C5F810022022BC212046FCF787FB47F2F0
:106EA000942547F25436635D63BB4035B542FAD151
:106EB00004F5E5424E49543212A800F059FC2278FC
:106EC0004C4902A800F054FC02A8F9F729FB002362
:106ED0000122CDE9003212A983B202AA2046FFF7AF
:106EE00013FC08E744492046FCF7CCFD78B1434B3E
:106EF0000122A3F5C040A3F8F02B32B0BDE87040EA
:106F0000FFF7D4BE61192046FFF7D0FCCDE73C491E
:106F10002046FCF7B7FDC0BB3A492046FCF7B2FD5E
:106F2000B8B104F5C0434FF48072A3F8F02BFAF720
:106F3000BBFB47F29426C5F8100247F25435A35D17
:106F40001BB1A1192046FFF7B1FC4036AE42F6D185
:106F5000D1E62D492046FCF795FD0646A8B92B49F8
:106F60002046FCF78FFD002854D004F5C0430122D1
:106F70002046A3F8F02BA3F8EE6BFFF797FE204610
:106F800032B0BDE87040FCF797BE2149142220467C
:106F900032B0BDE87040FCF781BD00BFDC8F000857
:106FA000B88F0008E88F00085C880008688800082F
:106FB000F08F0008F88F0008F88A00080090000899
:106FC0009489000808900008A488000880880008B8
:106FD000B4880008D48A00081490000820900008A3
:106FE000C0880008008900082C900008E488000888
:106FF000C08D00083C9000085090000860600020A0
:107000006490000888880008809000088890000834
:107010007090000839492046FCF734FD00287FF4C1
:107020006AAE37492046FCF72DFD10B10123E37508
:1070300061E634492046FCF725FD28B1204632B0F0
:10704000BDE87040FDF7A4BA2F492046FCF71AFDB1
:107050000028F3D12D492046FCF714FD0028EDD17E
:1070600004F5C04696F8B039002BE7D128492046F0
:10707000FCF708FD00287FF43EAE26492046FCF7C9
:1070800001FD00287FF437AE23492046FCF7FAFCC7
:1070900028B1204632B0BDE87040FDF759BB1F490A
:1070A0002046FCF7EFFC00287FF425AE1C49204663
:1070B000FCF7E8FC20B14FF48073A6F8F03B1AE629
:1070C00018492046FCF7DEFC88B9D5F8BC3B1A7895
:1070D0000D2A3FF410AE0A2A3FF40DAE5B780D2B5B
:1070E0003FF409AE0A2B18BF95F8B43703E62046E3
:1070F00032B0BDE87040FFF7C3BA00BF90900008FF
:10710000989000085C8A0008A8900008B0900008D9
:10711000C0900008D0900008D4900008DC900008CF
:10712000E8900008009100082DE9F04100F5E044E6
:10713000A2B0B4F8C03B9BB20646002B40F0B18031
:10714000D4F8C83B00F5C04553B995F8F67B3FB974
:1071500095F8F13B23B1D4F81032002B40F00081B8
:107160003046FCF7D3FCB4F8C03B9BB24BB1D4F82B
:10717000C83B002B00F0C580D4F8C83B002B40F082
:10718000B280B5F8F83F23B1D4F89833002B40F023
:107190009480D4F8C83B002B4AD0D4F8CC3B23B120
:1071A000D4F8D03B002B40F0B080FAF77DFAC4F859
:1071B000CC0BD4F8C83BD90736D4D4F8C83B9A07CF
:1071C00000F19580D4F8C83B5B0700F19080D4F8BB
:1071D000C83B1F0728D4D4F8C83BD80624D4D4F819
:1071E000C83B990620D4D4F8C83B5A061CD4D4F81E
:1071F000C83B1B0618D4D4F8C83BDF0514D4D4F818
:10720000C83B980510D4D4F8C83B19050CD4D4F861
:10721000C83BDA0408D4D4F8C83B13F4005F14BFA9
:107220004FF47A73002301E04FF47A73C4F8D03B33
:1072300095F8A82995F8AA39D5F8B4193AB98BB1B7
:1072400095F8B83941B10022C5F8B42904E0002B03
:10725000F6D149B995F8B839032B00F2CF8022B0A6
:10726000BDE8F081002945D0FAF71EFAD5F8B42917
:1072700042F21073801A9842ECD96A49642230466F
:10728000FCF70CFC642268493046FCF707FC95F8D3
:10729000B83901330022DBB2C5F8B42985F8B83912
:1072A000DAE700F5C0453046FCF730FCB4F8C03BE7
:1072B0009BB2002B7FF45BAF63E7FAF7F5F9D4F8E4
:1072C0009833C01AB0F5967F7FF663AF002106F5BC
:1072D000D740C4F898134FF48062A5F8F81F7730B0
:1072E000F9F778F955E73046FBF718FF49E740F61C
:1072F000B8339BE7FAF7D8F995F8B839C5F8B40967
:10730000AAE73046FFF7D8FC3BE7FAF7CDF9D4F807
:10731000CC3BC01AD4F8D03B984289D9D4F8C83BAA
:10732000FF229B078DF8082015D5D4F8C83B002212
:1073300098078DF80820C3F340013BD585F8AA29AA
:10734000012202A93046FBF799FE0023C4F8C83B8E
:10735000C4F8CC3B6AE7D4F8C83B5F07F0D5E4E754
:10736000FAF7A2F9D4F81032C01AB5F8EA3A42F2A4
:10737000107808FB03F398427FF6F2AEFAF794F91F
:10738000D5F8FC3FC31A43457FF6EAAE94F8548221
:10739000B8F1000F19D0CDE9007706F5E4413B467E
:1073A0005431224A3046FFF7AFF9FAF77DF9C4F8B5
:1073B0001002E6E6D4F8C83B5B07C1D585F8F11B9F
:1073C00030460121FFF744F9BAE78022414602A87E
:1073D000F9F700F906F5D4435433154A802102A881
:1073E00000F090F906F5E44002A94022543000F084
:1073F0001AFACDE90088434602A9D2E70123F02218
:10740000BC213046FCF7D2F8BFF34F8F09490A4B35
:10741000CA6802F4E0621343CB60BFF34F8F00BF32
:10742000FDE700BF1888000870880008EC87000896
:107430000C91000800ED00E00400FA0570B500F5BD
:10744000E04494B0B4F89E379BB2002B56D094F829
:10745000AC37002B52D094F80232002B4ED100F5FD
:10746000C0430546D3F81829D20747D494F8A0237F
:10747000BA2A4CD0BC2A4AD093F8F13B002B5AD000
:1074800094F80622002A56D194F81432002B59D1D0
:107490002A78531EDBB29F2B51D8324903A800F043
:1074A00067F94022002104A8F9F794F805F5D443C0
:1074B0002D4A5433402104A800F024F905F5E44096
:1074C00004A9143000F018FA05F5E746B4F89E3721
:1074D00000221E3600929BB204A928463246FFF7CE
:1074E0006FF94FF4806200213046F9F773F80023FA
:1074F000A4F89E3784F8AC3714B070BDB4F89E374A
:107500009BB2002BF8D184F8AC3714B070BD94F85E
:107510009E23022AB0D1B4F89E2747F29D3115FA76
:1075200082F2525C032AA7D1284605F5E746FCF70C
:10753000B7F81E36D5E705F5E7461E36D1E70B4B03
:107540000393AEE7B4F89E37009205F5E7461E3682
:1075500005F5E4419BB2324614312846FFF730F975
:10756000BFE700BF3C8E0008748E0008303030004A
:1075700038B50446FFF762FF04F5405393F8303006
:1075800023B904F5C04393F87C302BBB04F5E045E8
:10759000D5F8B8373BB92046FFF7C6FD2046BDE811
:1075A0003840FDF7F7BAFAF77FF8D5F8B82740F674
:1075B000B833801A9842EED90C4914222046FCF7C1
:1075C0006DFA00232046C5F8B837FFF7ADFD204619
:1075D000BDE83840FDF7DEBA01212046FDF70CFA80
:1075E0000028D3D02046FCF7C3FAD4E71888000857
:1075F0000A22002100F07CB8242B2DE9F0478646B2
:10760000904601D8012B06D100F070F916230360D3
:107610000020BDE8F08734480D462A4615F8014B96
:10762000065D16F00806F8D12D2C10D12C78012615
:10763000951C33F0100215D1302C0DD12A7802F0B0
:10764000DF02582A08D16C78023510230AE02B2C6F
:1076500004BF2C78951CECE7002BF6D1302C14BF1E
:107660000A23082306F1004C0CF1FF3C0022BCFB6E
:10767000F3F9104603FB19CAA4F13007092F0FD8FC
:107680003C46A3421BDD571C07D0814514D301D1D2
:10769000A24511DB00FB0340012215F8014BEBE78B
:1076A000A4F14107192F01D8373CEAE7A4F161079B
:1076B000192F04D8573CE4E74FF0FF32EDE7531C95
:1076C00008D12223CEF800306046B8F1000FA0D0D8
:1076D000691E06E006B14042B8F1000F99D0002AB9
:1076E000F6D1C8F8001094E720910008FFF784BF96
:1076F00013460A46014602480068FFF77DBF00BFF7
:10770000000000200CB430B5184B0C1E1D689DB055
:1077100008DA8B232B604FF0FF301DB0BDE83040FE
:1077200002B070474FF40273ADF814304FF000030D
:107730001B9314BF04F1FF332346049307934FF6C2
:10774000FF7302900690ADF81630209A21AB02A983
:107750002846019300F042F9431CBCBF8B232B60E9
:10776000002CDAD0029B00221A70D6E7000000201D
:107770000EB410B59DB01FAB029006906FF00041A3
:107780000A48079104910A4953F8042B05910024F3
:1077900002A9006801931B9400F020F9029B1C7061
:1077A0001DB0BDE8104003B0704700BF00000020CE
:1077B0000802FFFF0EB470B59DB021AC00254FF458
:1077C000017254F8046BADF814201B9502900690DA
:1077D000F8F7A6FE0B4B039007900B480B934FF660
:1077E000FF73ADF816303246234602A900680F95A4
:1077F0001495019400F048FA1DB0BDE8704003B044
:10780000704700BFD105000800000020C9B2034640
:10781000184613F8012B12B18A42F9D1704700299A
:1078200018BF0020704710B50B4662B913F8012B42
:10783000002AFBD104E013F8014B00F8014B14B906
:10784000581A013810BD013AF5D10270EEE730B593
:107850000446257823460134002DFAD1013A04D399
:1078600011F8014B03F8014B04B930BD002AF5D1E2
:107870001A70F3E710B56AB10139841810F8012BBA
:1078800011F8013F9A4203D1A04201D0002AF5D15C
:10789000D01A10BD1046FCE710B50139034632B1CD
:1078A00011F8014F03F8014B013A002CF7D11A44AB
:1078B0000021934200D110BD03F8011BF9E70A78BB
:1078C00070B56AB970BD9A4209D10C46054614F8E4
:1078D000013F002BF6D015F8016F9E42F7D0013022
:1078E0000378002BEFD11846ECE70000014B186835
:1078F000704700BF00000020034611F8012B03F879
:10790000012B002AF9D170470A44914200F1FF335C
:1079100000D1704710B511F8014B03F8014F9142A7
:10792000F9D110BD2DE9F0478E681F46BE420B68A5
:1079300082460C4690462DD8B1F90C2012F4906F77
:1079400026D06569096905EB4505A3EB010905EB3F
:10795000D5757B1C4B446D109D4238BF1D465305A9
:1079600027D52946F8F7D0FE064660B321694A4676
:10797000FFF7CAFFA38923F4906343F08003A38138
:10798000266165614E44A5EB09052660A5603E466B
:10799000BE4200D93E4620683246414600F037FEDE
:1079A000A3689B1BA3602368334423600020BDE8C9
:1079B000F0872A4600F045FE06460028E0D12169FE
:1079C0005046F8F735FE0C23CAF80030A38943F07F
:1079D0004003A3814FF0FF30E9E700002DE9F04FAD
:1079E00098468B891B069DB007460D46144610D558
:1079F0000B6973B94021F8F787FE2860286130B918
:107A00000C233B604FF0FF301DB0BDE8F08F4023EA
:107A10006B610023099320238DF82930CDF80C8069
:107A20003023DFF89C818DF82A304FF0010923467E
:107A30009A4613F8012B0AB1252AF9D1BAEB040BA7
:107A40000BD05B46224629463846FFF76BFF0130D4
:107A500000F0A780099A5A4409929AF80030002B46
:107A600000F09F8000234FF0FF32CDE905230AF19B
:107A7000010A049307938DF853301A935446052254
:107A800014F8011B4E48F8F753FD049AD8B9D006F4
:107A900044BF20238DF85330110744BF2B238DF8AA
:107AA00053309AF800302A2B15D0079A54460020FC
:107AB0004FF00A0C214611F8013B303B092B4BD902
:107AC000B0B1079214E0A0EB080309FA03F31343E3
:107AD0000493A246D2E7039B191D1B680391002B58
:107AE000BBBF5B4242F0020207930793B8BF049208
:107AF00023782E2B0AD163782A2B32D1039B1A1DAF
:107B00001B68039243EAE37302340593DFF8C0A0D5
:107B1000217803225046F8F70BFD38B1049BA0EB07
:107B20000A004022824013430134049314F8011BDD
:107B300024488DF828100622F8F7FAFC002836D0E1
:107B4000214B1BBB039B073323F00703083303932D
:107B5000099B334409936AE70CFB02320C4601206F
:107B6000A8E700230134059319464FF00A0C20467C
:107B700010F8012B303A092A03D9002BC6D0059101
:107B8000C4E70CFB012104460123F0E703AB00939B
:107B90002A460E4B04A93846AFF30080421C064625
:107BA000D6D1AB895B063FF52DAF09982CE703AB27
:107BB00000932A46054B04A9384600F049FAEDE740
:107BC000209200082A920008000000002579000891
:107BD0002692000838B54B1C144603D14FF0FF35F0
:107BE000284638BD938923F020039381636B526844
:107BF000CDB28BB1A36B934208DD23685A1E22607D
:107C000003F8015C636801336360E9E7214600F033
:107C1000C4FC0028F1D0E1E72169236851B1994201
:107C200008D213F8011CA94204D1013B01322360A0
:107C30006260D5E7C4E90F3204F1440363630323B0
:107C4000A363234603F8465F23600123DCE710B5F6
:107C50000C46496B69B104F14403994201D0F8F72D
:107C6000E7FC236C63600020606313B1E36B236067
:107C700010BD2369236000236360A38943F02003C0
:107C8000A3814FF0FF30F3E72DE9F04F0C46ADF53F
:107C9000237D0021CDE94411A649A0910DF10408EE
:107CA000A549A64FCDF818810646A191009392F8F8
:107CB0000090B9F1000F00F0588117F8093013F067
:107CC000080302F1010519D06368002B0FDD23685A
:107CD0001A78BA5C120701D42A46E8E7459A0132BD
:107CE000459262680133013A62602360ECE7A19B30
:107CF0002146304698470028E9D0EDE7B9F1250F35
:107D000040F085804193439353782A2B02BF102380
:107D1000951C41930A22AA461AF8011BA1F13003CF
:107D2000092B1ED9DFF818B203225846F8F700FCD9
:107D300038B1419AA0EB0B000123834013434193D8
:107D4000554615F8013B782B06D8572B10D8252B14
:107D50005DD057D8002B75D0032347930A23429355
:107D600088E0439B02FB0311303943915546D2E72B
:107D7000A3F15802202AEFD801A151F822F000BF48
:107D8000537E0008597D0008597D0008AD7E00082B
:107D9000597D0008597D0008597D0008597D00086B
:107DA000597D0008597D0008597D0008C37E0008F0
:107DB000A97E00080B7E00080B7E00080B7E0008E1
:107DC000597D0008657E0008597D0008597D00082E
:107DD000597D0008597D0008D37E00086D7E00089B
:107DE0004B7E0008597D0008597D0008CF7E0008B1
:107DF000597D0008A97E0008597D0008597D0008BA
:107E0000537E0008453B022BA6D8052331E063686A
:107E1000002B0DDD23681A784A4540F0A680013317
:107E200062682360459B013A01336260459353E7E2
:107E3000A19B2146304698470028EBD04498002863
:107E400040F08B804FF0FF308BE0419A42F02002EF
:107E50004192419A42F40072419210226E2B42925A
:107E600002D905E000234293032302E00823429352
:107E7000042347936368002B39DD419B590604D4E2
:107E800023681A78BA5C120738D4479B022B47DC68
:107E90006B46224641A9304600F0F8F9012864D02B
:107EA00002287FF419AFC9E70A22D7E729464046DE
:107EB00000F03AFB419B43F0400341930546012308
:107EC000D7E7419B43F0400341930023D1E70223CE
:107ED000CFE74198C3063FF5FFAE009B459A191DB9
:107EE00000911B68C0074CBF1A801A60F4E6A19B82
:107EF0002146304698470028BFD09FE7459A013277
:107F000045926268013A002A626002DD0133236013
:107F1000B6E7A19B2146304698470028B0D08DE7B0
:107F2000042B0FDC6B46224641A9304600F008FACC
:107F3000B4E700BFD57B00084F7C00082091000803
:107F4000269200080A4B002B3FF4C6AE6B46224631
:107F500041A93046AFF30080A0E7A3895B063FF557
:107F600071AF0DF5237DBDE8F08F4498F9E700BFB0
:107F7000000000002DE9F047164698468A680B6914
:107F8000DDF820909342B8BF1346336091F8432048
:107F900007460C460AB1013333602368990642BF95
:107FA000336802333360256815F0060506D104F105
:107FB000190AE36832689B1AAB4226DC94F8433016
:107FC0002268003B18BF012392062BD404F1430220
:107FD00041463846C84701301ED02368226903F065
:107FE0000603042B02BFE5683368ED1AA3680CBFD3
:107FF00025EAE57500259342C4BF9B1AED180026BB
:108000001A34B5421AD1002008E0012352464146F5
:108010003846C847013003D14FF0FF30BDE8F08744
:108020000135C6E7E1185A1C302081F8430022448C
:1080300094F8451082F843100233C7E70123224623
:1080400041463846C8470130E6D00136D9E700003E
:108050002DE9FF470F7E0C9E782F914680460C46F7
:108060009A4601F1430207D8622F0AD8002F00F088
:10807000D180582F00F0B88004F1420684F8427095
:108080003AE0A7F16303152BF6D801A151F823F0CC
:10809000E9800008FD8000087980000879800008E8
:1080A0007980000879800008FD8000087980000848
:1080B000798000087980000879800008FB81000839
:1080C00027810008B58100087980000879800008C0
:1080D0001D82000879800008278100087980000847
:1080E00079800008BD81000833681A1D1B68326062
:1080F00004F1420684F8423001239CE03368206892
:10810000191D3160060601D51D6803E04506FBD543
:10811000B3F90050002D03DA2D236D4284F843306B
:1081200058480A2311E021683368080653F8045BB5
:1081300002D4490648BFADB26F2F5248336014BF16
:108140000A230823002184F843106668A660002EE5
:1081500005DB21682E4321F0040121604BD0164637
:10816000B5FBF3F103FB1157C75D06F8017D2F4600
:10817000BB420D46F4D9082B0BD12368DF0708D585
:10818000236961689942DEBF302306F8013C06F19D
:10819000FF36921B2261CDF800A04B4603AA214670
:1081A0004046FFF7E7FE01304AD14FF0FF3004B000
:1081B000BDE8F087236843F0200323603248782726
:1081C00084F84570236831681F0651F8045B02D4B7
:1081D0005F0648BFADB23160D90744BF43F020030A
:1081E00023601DB11023ADE72648E9E7236823F09B
:1081F00020032360F6E71646BDE73368256861690A
:10820000181D30602E061B6801D5196002E0680653
:10821000FBD51980002323611646BCE733681A1D7D
:1082200032601E68626800213046F8F781F908B1B3
:10823000801B606063682361002384F84330AAE7F1
:108240002369324649464046D0470130ADD02368C5
:108250009B0713D4E068039B9842B8BF1846A6E773
:108260000123324649464046D04701309DD0013572
:10827000E36803995B1AAB42F2DCEBE7002504F1FB
:108280001906F5E731920008429200082DE9F843FB
:1082900015468A6880460C4632B98A69002A14BF9E
:1082A0004FF0FF3201228A602268DFF89090D106F9
:1082B0005FBF1A68111D196016680027A06988B190
:1082C000012807D12B681A7863699B5C53B9002F8A
:1082D00031D022E0022820D12B681B7819F8033016
:1082E0001B071AD42368DA065EBF2B681B7806F8D2
:1082F000013B2A686B6801322A60A268013B013A9F
:108300006B600137A26042B1002BD7DCD4F880311A
:108310002946404698470028D0D0236813F0100320
:1083200005D1E2680132E260A26902B133702369CB
:108330003B4423610020BDE8F88300BF2091000882
:108340002DE9F04F9846744B0C468246164693E84A
:10835000070087B003AB83E80700704BA169704A40
:10836000032908BF1A46A36801925A1EB2F5AE7FD0
:1083700088BF6FF4AE75274682BF03EB050940F254
:108380005D13A36057F81C3B43F4506398BF4FF054
:10839000000923603D464FF0000B316803AB0978BC
:1083A00053F82B000222F8F7C3F828B3BBF1010FF2
:1083B00059D162682AB92268082142F400726160CA
:1083C0002260226822F4A0622260A268511EA1608D
:1083D00092B13268511C3160127805F8012B726835
:1083E000013A002A726007DCD4F8802131465046F9
:1083F0009047002840F085800BF1010BBBF1030F83
:10840000CBD163680BB90A2363606368454960692F
:10841000C91A00F089F84FF0000BA3682268002BFE
:108420003DD03168606991F800C010F80C00002858
:1084300035D0BCF1300F24D1100522D50BF1010B42
:10844000B9F1000F03D0013309F1FF39A36073685C
:10845000013B002B73601BDD336801333360A3687D
:10846000013BA360D9E7BBF1020FAED1226802F451
:10847000C061B1F5007FC4D11021616042F4807207
:10848000A2E722F4106222600B7805F8013BDEE7D8
:10849000D4F880313146504698470028DFD0236811
:1084A000D9050DD5BD4209D915F8011CD4F87C3188
:1084B00032465046984705F1FF394D46BD4228D017
:1084C000226812F0100213D12A706368019E3946A7
:1084D0005046B047D8F8003021681A1DC8F800206F
:1084E00011F0200F1B680FD01860E3680133E360C0
:1084F0002369ED1B5D442B442361002007B0BDE8D8
:10850000F08F4FF0000BCAE7CA074CBF1880186005
:10851000EBE70120F2E700BFA8870008ED7600082E
:108520007D8700086392000870B50B7804465E2BC7
:108530000BBF4B784A1C8A1C002108BF012101385F
:1085400004F1FF0500F8011FA842FBD10BB9501E32
:1085500070BD81F00101E1541046024612F8015B42
:108560002D2D05D05D2D16D0002DF1D02B46F2E734
:1085700046785D2EFAD0B342F8DC02301A4601325A
:108580009642A154FBDCF21A013A5D1CB342A8BF2B
:108590000022AB18E1E71046DAE72DE9F0410C467E
:1085A000496B04F1440399421DD14FF48061F8F7FF
:1085B000ABF818B94FF0FF30BDE8F0814FF480639D
:1085C000A36394F84630606380F8FF3394F8453035
:1085D00080F8FE3394F8443080F8FD3300F2FD302B
:1085E00020600020E8E7A66B77003A4600F029F803
:1085F00005460028DED000EB06080146324640461C
:10860000FFF782F9C4E90D57C4F80080E9E7884212
:1086100010B501EB020402D98442234607D8431E59
:10862000A14208D011F8012B03F8012FF8E702440A
:1086300001468A4200D110BD13F8014D02F8014DE8
:10864000F7E72DE9F041074614460D4621B9BDE88C
:10865000F0411146F8F758B82AB9F7F7E9FF25466F
:108660002846BDE8F08100F08BF88442064602D827
:10867000B4EB500FF4D821463846F8F745F8804659
:1086800008B94546ECE7B4422246294628BF32469F
:10869000FFF73AF929463846F7F7CAFFF1E7000035
:1086A0002DE9F043344E86460D46284615F8014B19
:1086B000375D17F00807F8D12D2C10D12C78012741
:1086C000851C33F0100015D1302C0DD1287800F026
:1086D000DF00582808D16C78023510230AE02B2CD3
:1086E00004BF2C78851CECE7002BF6D1302C14BF8E
:1086F0000A2308234FF0FF380026B8FBF3F803FBEA
:1087000008F96FEA09093046A4F1300CBCF1090FF1
:1087100010D86446A3421EDDB6F1FF3F07D0804566
:1087200016D301D1A14513DB00FB0340012615F848
:10873000014BE9E7A4F1410CBCF1190F01D8373C1A
:10874000E8E7A4F1610CBCF1190F04D8573CE1E74C
:108750004FF0FF36EBE7731C06D12223CEF8003032
:10876000304632B9BDE8F08307B14042002AF9D063
:1087700006B1691E1160F5E720910008FFF790BF70
:1087800051F8043C181F002BBCBF0B58C018704791
:10879000F8B500BFF8BC08BC9E467047F8B500BFEE
:0887A000F8BC08BC9E467047BE
:1087A80065920008689200086B92000800000000BB
:1087B800010203040000000000000000010203049D
:1087C8000607080941542B43574A41503F0D0A00F8
:1087D80041542B43574A41503D222573222C2225D0
:1087E80073220D0A0000000041542B435751415099
:1087F8000D0A0000414C4956453A25640000000026
:1088080041542B4D515454434F4E4E3F0D0A0000D6
:1088180041540D0A0000000025732C257300000048
:108828002535305B5E2C5D2C25353073000000004B
:1088380025733A25640000002534395B5E2C5D2CD5
:10884800253439730000000025732C25732C2573FB
:10885800000000004F4B0D0A000000004F4B0000C5
:108868004552524F5200000041542B43574D4F443C
:10887800453F0D0A00000000574946492044495326
:10888800434F4E4E454354002B4D51545444495385
:10889800434F4E4E45435445443A300057494649A4
:1088A80020434F4E4E4543544544000057494649DE
:1088B80020474F54204950002B43574A41503A0013
:1088C80041542B43574A41503D00000041542B4D21
:1088D800515454434C45414E000000002B4D515417
:1088E80054434F4E4E454354454400002B4D51547C
:1088F80054434F4E4E3A000041542B43574A41507F
:108908003F00000041542B4D5154545055423D30C6
:108918002C00000041542B554152545F4355523DA1
:1089280025642C382C312C302C300D0A0000000026
:1089380041542B4357444843503F0D0A0000000060
:1089480041542B4349505354414D41433F0D0A0074
:1089580041542B4D515454514F533D25640D0A0039
:108968002B43574D4F44453A0000000041542B43D8
:10897800574D4F44453D310D0A0000002B435744E5
:108988004843505F4355523A000000002B43574478
:108998004843503A0000000041542B435744484391
:1089A800505F4445463D312C310D0A0041542B435C
:1089B80049505354413F0D0A000000002B434950D1
:1089C8005354413A69703A22000000002B43495041
:1089D8005354413A676174657761793A220000001F
:1089E8002B4349505354413A6E65746D61736B3A29
:1089F80022000000253032783A253032783A253086
:108A080032783A253032783A253032783A25303281
:108A1800780000002B43494653523A535441495079
:108A28002C0000002B43494653523A5354414950B5
:108A38002C2200002B43494653523A5354414D418E
:108A4800432C00002B4349505354414D41435F444C
:108A580045463A002B4349505354414D41433A004F
:108A68002B43574A41503A220000000025642C2528
:108A7800640000005649534F4C5F32470000000025
:108A88007669736F6C2B3231313100006465766919
:108A9800636500007669736F6C313233340000000F
:108AA80072656164790D0A006275737900000000CF
:108AB80041542B535953464C4153483D0000000044
:108AC8002B535953464C4153483A0000414C5245A8
:108AD80041445920434F4E4E4543544544000000FD
:108AE80041542B535953464C4153483D31000000E3
:108AF8006275737920702E2E2E00000041542B537E
:108B08005953464C4153483D25642C222573222C49
:108B180025642C3078256C580D0A00007365727630
:108B280065725F636572740041542B535953464C08
:108B38004153483D25642C222573222C3078256C1E
:108B4800582C3078256C580D0A00000025733A25FA
:108B580073000000446576696365732F25732F538E
:108B6800797374656D5F520041542B4D51545450C4
:108B780055423D302C222573222C22252E2A732281
:108B88002C25642C25640D0A00000000535F525503
:108B98004E5F5354415445004E4F545F5355505007
:108BA8004F52544544000000535F4D5154545F5395
:108BB800544154450000000041542B4D5154544336
:108BC8004C45414E3D300D0A00000000535F4445BE
:108BD800564943455F494400535F5245424F4F54FD
:108BE80000000000534156455F4641494C4544004A
:108BF800494E56414C49445F52414E47455F315FAB
:108C080031363000535F535349445F5041535357F3
:108C18004F52440025737C2573000000535F425275
:108C28004F4B45525F494E464F00000025642E25A4
:108C3800642E25642E25647C25640000535F5553FB
:108C480045525F494E464F00535F444843505F4D7D
:108C58004F444500535F5354415449435F49505F63
:108C6800494E464F0000000025642E25642E2564D9
:108C78002E25647C25642E25642E25642E25647C8F
:108C880025642E25642E25642E256400535F4641F5
:108C980043544F52595F524553455400535F47451B
:108CA800545F5253534900002569202020200000BA
:108CB800535F52535349000054494D454F55540092
:108CC800535F4745545F53544154555300000000C7
:108CD80072756E5F73746174653A25647C61705F48
:108CE80073746174653A25647C6D7174745F737410
:108CF8006174653A25647C6465766963655F696457
:108D08003A25647C646863705F6D6F64653A2564B6
:108D18007C69703A25642E25642E25642E25647C92
:108D280062726F6B65723A25642E25642E25642E57
:108D380025643A2564000000535F53544154555349
:108D480000000000554E4B4E4F574E5F434F4D4D60
:108D5800414E44002323414C49564523230000003B
:108D680023235355425F544F504943532323000054
:108D78007C00000023235355425F544F504943530E
:108D88003A257323230000002323444955524E41BA
:108D98004C5F4D4F44455F544F47474C4523230094
:108DA800444955524E414C5F4D4F44455F535441E1
:108DB8005455533A2573000025735F520000000094
:108DC8002323444955524E414C5F4D4F44455F4F14
:108DD8004E232300444955524E414C5F4D4F444564
:108DE8005F5354415455533A4F4E0000444955522D
:108DF8004E414C5F4D4F44455F5354415455533A8F
:108E08004F4646002323444955524E414C5F4D4F2F
:108E180044455F5354415455532323002323444965
:108E280055524E414C5F4D4F44455F4F46462323B4
:108E380000000000252E3364000000002530325861
:108E48003A253032583A253032583A253032583A95
:108E5800253032583A25303258000000446576698A
:108E680063655F25735F25730000000044657669BC
:108E78006365732F25732F446174610044657669B7
:108E88006365732F25732F53657373696F6E0000C5
:108E9800446576696365732F25732F434D4400003D
:108EA800446576696365732F25732F5379737465E9
:108EB8006D000000446576696365732F42726F61C7
:108EC800646361737400000041542B4D5154545035
:108ED80055425241573D302C222573222C25642CB3
:108EE80025642C25640D0A0041542B4D51545453CC
:108EF80055423D302C222573222C25640D0A000092
:108F080041542B4D515454555345524346473D30D7
:108F18002C25642C222573222C222573222C222511
:108F280073222C302C302C22220D0A0041542B4D58
:108F3800515454434F4E4E4346473D302C352C3008
:108F48002C22446576696365732F25732F537973D3
:108F580074656D5F52222C22256420444953434F87
:108F68004E4E4543544544222C312C300D0A000006
:108F780041542B4D515454434F4E4E3D302C2225D5
:108F880073222C25642C310D0A00000041542B4D0E
:108F9800515454434F4E4E3D302C2225642E2564A7
:108FA8002E25642E2564222C25642C310D0A000000
:108FB800535542524543563A000000005355425219
:108FC8004543563A25642C22255B5E225D222C25DA
:108FD800642C000041542B4D51545450554200000C
:108FE80072656164790000004552524F520D0A00C3
:108FF8004641494C000000002B43574D4F44450063
:1090080041542B4357444843503F00002B43495099
:109018005354413A0000000041542B4349505354E3
:10902800413F000041542B4D515454555345524330
:1090380046473D0044657669636520256420434FB3
:109048004E4E4543544544002B4D515454444953C6
:10905800434F4E4E45435445443A00002C434F4E2F
:109068004E4543540000000041542B43495053548B
:10907800415455530D0A00002C434C4F53454400AE
:10908800434C4F5345440000434C4F5345000000A8
:1090980041542B554152545F4355523D0000000046
:1090A8002B43494653523A0041542B434950535499
:1090B800414D41433F00000041542B434950535414
:1090C80041545553000000002B4349505354415418
:1090D80055533A0041542B4D515454434F4E0000C0
:1090E8006D717474206F72206D7174747320726561
:1090F800616368206D61780041542B4D515454537D
:1091080055420000446576636965732F25732F53B4
:10911800657373696F6E00002020202020202020B6
:10912800202828282828202020202020202020200F
:10913800202020202020202088101010101010102F
:109148001010101010101010040404040404040477
:109158000404101010101010104141414141410108
:1091680001010101010101010101010101010101E7
:1091780001010110101010101042424242424202F6
:1091880002020202020202020202020202020202B7
:109198000202021010101020000000000000000061
:1091A80000000000000000000000000000000000B7
:1091B80000000000000000000000000000000000A7
:1091C8000000000000000000000000000000000097
:1091D8000000000000000000000000000000000087
:1091E8000000000000000000000000000000000077
:1091F8000000000000000000000000000000000067
:109208000000000000000000000000000000000056
:109218000000000000000000232D302B2000686CA7
:109228004C00656667454647003031323334353681
:1092380037383941424344454600303132333435BA
:109248003637383961626364656600412D46612DA1
:1092580066383930313233343536375D002B2D00DE
:089268003030007858000000CE
:08927000A06FFF7F0100000068
:04927800C501000824
:04927C00A101000844
:109280000400002000000000747C0020DC7C002032
:10929000447D0020000000000000000000000000ED
:1092A00000000000000000000000000000000000BE
:1092B00000000000000000000000000000000000AE
:1092C000000000000000000000000000000000009E
:1092D0000024F4000100000010000000F401000070
:1092E00000000000E081002028820020447C002053
:1092F000708200200000000000000000000000005C
:10930000000000000000000000000000000000005D
:10931000000000000000000000000000000000004D
:10932000000000000000000000000000000000003D
:10933000000000000000000000000000000000002D
:10934000000000000000000000000000000000001D
:10935000000000000000000000000000000000000D
:1093600000000000000000000000000000000000FD
:1093700000000000000000000000000000000000ED
:1093800000000000000000000000000000000000DD
:1093900000000000000000000000000000000000CD
:1093A00000000000000000000000000000000000BD
:1093B00000000000000000000000000000000000AD
:1093C000000000000000000000000000000000009D
:1093D000000000000000000000000000000000008D
:1093E000000000000000000000000000000000007D
:1093F000000000000000000000000000000000006D
:10940000000000000000000000000000000000005C
:10941000000000000000000000000000000000004C
:10942000000000000000000000000000000000003C
:10943000000000000000000000000000000000002C
:10944000000000000000000000000000000000001C
:10945000000000000000000000000000000000000C
:1094600000000000000000000000000000000000FC
:1094700000000000000000000000000000000000EC
:1094800000000000000000000000000000000000DC
:1094900000000000000000000000000000000000CC
:1094A00000000000000000000000000000000000BC
:1094B00000000000000000000000000000000000AC
:1094C000000000000000000000000000000000009C
:1094D000000000000000000000000000000000008C
:1094E000000000000000000000000000000000007C
:1094F000000000000000000000000000000000006C
:10950000000000000000000000000000000000005B
:10951000000000000000000000000000000000004B
:10952000000000000000000000000000000000003B
:10953000000000000000000000000000000000002B
:10954000000000000000000000000000000000001B
:10955000000000000000000000000000000000000B
:1095600000000000000000000000000000000000FB
:1095700000000000000000000000000000000000EB
:1095800000000000000000000000000000000000DB
:1095900000000000000000000000000000000000CB
:1095A00000000000000000000000000000000000BB
:1095B00000000000000000000000000000000000AB
:1095C000000000000000000000000000000000009B
:1095D000000000000000000000000000000000008B
:1095E000000000000000000000000000000000007B
:1095F000000000000000000000000000000000006B
:10960000000000000000000000000000000000005A
:10961000000000000000000000000000000000004A
:10962000000000000000000000000000000000003A
:10963000000000000000000000000000000000002A
:10964000000000000000000000000000000000001A
:10965000000000000000000000000000000000000A
:1096600000000000000000000000000000000000FA
:1096700000000000000000000000000000000000EA
:1096800000000000000000000000000000000000DA
:1096900000000000000000000000000000000000CA
:1096A00000000000000000000000000000000000BA
:1096B00000000000000000000000000000000000AA
:1096C000000000000000000000000000000000009A
:1096D000000000000000000000000000000000008A
:1096E000000000000000000000000000000000007A
:1096F000000000000000000000000000000000006A
:109700000000000000000000000000000000000059
:109710000000000000000000000000000000000049
:109720000000000000000000000000000000000039
:109730000000000000000000000000000000000029
:109740000000000000000000000000000000000019
:109750000000000000000000000000000000000009
:1097600000000000000000000000000000000000F9
:1097700000000000000000000000000000000000E9
:1097800000000000000000000000000000000000D9
:1097900000000000000000000000000000000000C9
:1097A00000000000000000000000000000000000B9
:1097B00000000000000000000000000000000000A9
:1097C0000000000000000000000000000000000099
:1097D0000000000000000000000000000000000089
:1097E0000000000000000000000000000000000079
:1097F0000000000000000000000000000000000069
:109800000000000000000000000000000000000058
:109810000000000000000000000000000000000048
:109820000000000000000000000000000000000038
:109830000000000000000000000000000000000028
:109840000000000000000000000000000000000018
:109850000000000000000000000000000000000008
:1098600000000000000000000000000000000000F8
:1098700000000000000000000000000000000000E8
:1098800000000000000000000000000000000000D8
:1098900000000000000000000000000000000000C8
:1098A00000000000000000000000000000000000B8
:1098B00000000000000000000000000000000000A8
:1098C0000000000000000000000000000000000098
:1098D0000000000000000000000000000000000088
:1098E0000000000000000000000000000000000078
:1098F0000000000000000000000000000000000068
:109900000000000000000000000000000000000057
:109910000000000000000000000000000000000047
:109920000000000000000000000000000000000037
:109930000000000000000000000000000000000027
:109940000000000000000000000000000000000017
:109950000000000000000000000000000000000007
:1099600000000000000000000000000000000000F7
:1099700000000000000000000000000000000000E7
:1099800000000000000000000000000000000000D7
:1099900000000000000000000000000000000000C7
:1099A00000000000000000000000000000000000B7
:1099B00000000000000000000000000000000000A7
:1099C0000000000000000000000000000000000097
:1099D0000000000000000000000000000000000087
:1099E0000000000000000000000000000000000077
:1099F0000000000000000000000000000000000067
:109A00000000000000000000000000000000000056
:109A10000000000000000000000000000000000046
:109A20000000000000000000000000000000000036
:109A30000000000000000000000000000000000026
:109A40000000000000000000000000000000000016
:109A50000000000000000000000000000000000006
:109A600000000000000000000000000000000000F6
:109A700000000000000000000000000000000000E6
:109A800000000000000000000000000000000000D6
:109A900000000000000000000000000000000000C6
:109AA00000000000000000000000000000000000B6
:109AB00000000000000000000000000000000000A6
:109AC0000000000000000000000000000000000096
:109AD0000000000000000000000000000000000086
:109AE0000000000000000000000000000000000076
:109AF0000000000000000000000000000000000066
:109B00000000000000000000000000000000000055
:109B10000000000000000000000000000000000045
:109B20000000000000000000000000000000000035
:109B30000000000000000000000000000000000025
:109B40000000000000000000000000000000000015
:109B50000000000000000000000000000000000005
:109B600000000000000000000000000000000000F5
:109B700000000000000000000000000000000000E5
:109B800000000000000000000000000000000000D5
:109B900000000000000000000000000000000000C5
:109BA00000000000000000000000000000000000B5
:109BB00000000000000000000000000000000000A5
:109BC0000000000000000000000000000000000095
:109BD0000000000000000000000000000000000085
:109BE0000000000000000000000000000000000075
:109BF0000000000000000000000000000000000065
:109C00000000000000000000000000000000000054
:109C10000000000000000000000000000000000044
:109C20000000000000000000000000000000000034
:109C30000000000000000000000000000000000024
:109C40000000000000000000000000000000000014
:109C50000000000000000000000000000000000004
:109C600000000000000000000000000000000000F4
:109C700000000000000000000000000000000000E4
:109C800000000000000000000000000000000000D4
:109C900000000000000000000000000000000000C4
:109CA00000000000000000000000000000000000B4
:109CB00000000000000000000000000000000000A4
:109CC0000000000000000000000000000000000094
:109CD0000000000000000000000000000000000084
:109CE0000000000000000000000000000000000074
:109CF0000000000000000000000000000000000064
:109D00000000000000000000000000000000000053
:109D10000000000000000000000000000000000043
:109D20000000000000000000000000000000000033
:109D30000000000000000000000000000000000023
:109D40000000000000000000000000000000000013
:109D50000000000000000000000000000000000003
:109D600000000000000000000000000000000000F3
:109D700000000000000000000000000000000000E3
:109D800000000000000000000000000000000000D3
:109D900000000000000000000000000000000000C3
:109DA00000000000000000000000000000000000B3
:109DB00000000000000000000000000000000000A3
:109DC0000000000000000000000000000000000093
:109DD0000000000000000000000000000000000083
:109DE0000000000000000000000000000000000073
:109DF0000000000000000000000000000000000063
:109E00000000000000000000000000000000000052
:109E10000000000000000000000000000000000042
:109E20000000000000000000000000000000000032
:109E30000000000000000000000000000000000022
:109E40000000000000000000000000000000000012
:109E50000000000000000000000000000000000002
:109E600000000000000000000000000000000000F2
:109E700000000000000000000000000000000000E2
:109E800000000000000000000000000000000000D2
:109E900000000000000000000000000000000000C2
:109EA00000000000000000000000000000000000B2
:109EB00000000000000000000000000000000000A2
:109EC0000000000000000000000000000000000092
:109ED0000000000000000000000000000000000082
:109EE0000000000000000000000000000000000072
:109EF0000000000000000000000000000000000062
:109F00000000000000000000000000000000000051
:109F10000000000000000000000000000000000041
:109F20000000000000000000000000000000000031
:109F30000000000000000000000000000000000021
:109F40000000000000000000000000000000000011
:109F50000000000000000000000000000000000001
:109F600000000000000000000000000000000000F1
:109F700000000000000000000000000000000000E1
:109F800000000000000000000000000000000000D1
:109F900000000000000000000000000000000000C1
:109FA00000000000000000000000000000000000B1
:109FB00000000000000000000000000000000000A1
:109FC0000000000000000000000000000000000091
:109FD0000000000000000000000000000000000081
:109FE0000000000000000000000000000000000071
:109FF0000000000000000000000000000000000061
:10A000000000000000000000000000000000000050
:10A010000000000000000000000000000000000040
:10A020000000000000000000000000000000000030
:10A030000000000000000000000000000000000020
:10A040000000000000000000000000000000000010
:10A050000000000000000000000000000000000000
:10A0600000000000000000000000000000000000F0
:10A0700000000000000000000000000000000000E0
:10A0800000000000000000000000000000000000D0
:10A0900000000000000000000000000000000000C0
:10A0A00000000000000000000000000000000000B0
:10A0B00000000000000000000000000000000000A0
:10A0C0000000000000000000000000000000000090
:10A0D0000000000000000000000000000000000080
:10A0E0000000000000000000000000000000000070
:10A0F0000000000000000000000000000000000060
:10A10000000000000000000000000000000000004F
:10A11000000000000000000000000000000000003F
:10A12000000000000000000000000000000000002F
:10A13000000000000000000000000000000000001F
:10A14000000000000000000000000000000000000F
:10A1500000000000000000000000000000000000FF
:10A1600000000000000000000000000000000000EF
:10A1700000000000000000000000000000000000DF
:10A1800000000000000000000000000000000000CF
:10A1900000000000000000000000000000000000BF
:10A1A00000000000000000000000000000000000AF
:10A1B000000000000000000000000000000000009F
:10A1C000000000000000000000000000000000008F
:10A1D000000000000000000000000000000000007F
:10A1E000000000000000000000000000000000006F
:10A1F000000000000000000000000000000000005F
:10A20000000000000000000000000000000000004E
:10A21000000000000000000000000000000000003E
:10A22000000000000000000000000000000000002E
:10A23000000000000000000000000000000000001E
:10A24000000000000000000000000000000000000E
:10A2500000000000000000000000000000000000FE
:10A2600000000000000000000000000000000000EE
:10A2700000000000000000000000000000000000DE
:10A2800000000000000000000000000000000000CE
:10A2900000000000000000000000000000000000BE
:10A2A00000000000000000000000000000000000AE
:10A2B000000000000000000000000000000000009E
:10A2C000000000000000000000000000000000008E
:10A2D000000000000000000000000000000000007E
:10A2E000000000000000000000000000000000006E
:10A2F000000000000000000000000000000000005E
:10A30000000000000000000000000000000000004D
:10A31000000000000000000000000000000000003D
:10A32000000000000000000000000000000000002D
:10A33000000000000000000000000000000000001D
:10A34000000000000000000000000000000000000D
:10A3500000000000000000000000000000000000FD
:10A3600000000000000000000000000000000000ED
:10A3700000000000000000000000000000000000DD
:10A3800000000000000000000000000000000000CD
:10A3900000000000000000000000000000000000BD
:10A3A00000000000000000000000000000000000AD
:10A3B000000000000000000000000000000000009D
:10A3C000000000000000000000000000000000008D
:10A3D000000000000000000000000000000000007D
:10A3E000000000000000000000000000000000006D
:10A3F000000000000000000000000000000000005D
:10A40000000000000000000000000000000000004C
:10A41000000000000000000000000000000000003C
:10A42000000000000000000000000000000000002C
:10A43000000000000000000000000000000000001C
:10A44000000000000000000000000000000000000C
:10A4500000000000000000000000000000000000FC
:10A4600000000000000000000000000000000000EC
:10A4700000000000000000000000000000000000DC
:10A4800000000000000000000000000000000000CC
:10A4900000000000000000000000000000000000BC
:10A4A00000000000000000000000000000000000AC
:10A4B000000000000000000000000000000000009C
:10A4C000000000000000000000000000000000008C
:10A4D000000000000000000000000000000000007C
:10A4E000000000000000000000000000000000006C
:10A4F000000000000000000000000000000000005C
:10A50000000000000000000000000000000000004B
:10A51000000000000000000000000000000000003B
:10A52000000000000000000000000000000000002B
:10A53000000000000000000000000000000000001B
:10A54000000000000000000000000000000000000B
:10A5500000000000000000000000000000000000FB
:10A5600000000000000000000000000000000000EB
:10A5700000000000000000000000000000000000DB
:10A5800000000000000000000000000000000000CB
:10A5900000000000000000000000000000000000BB
:10A5A00000000000000000000000000000000000AB
:10A5B000000000000000000000000000000000009B
:10A5C000000000000000000000000000000000008B
:10A5D000000000000000000000000000000000007B
:10A5E000000000000000000000000000000000006B
:10A5F000000000000000000000000000000000005B
:10A60000000000000000000000000000000000004A
:10A61000000000000000000000000000000000003A
:10A62000000000000000000000000000000000002A
:10A63000000000000000000000000000000000001A
:10A64000000000000000000000000000000000000A
:10A6500000000000000000000000000000000000FA
:10A6600000000000000000000000000000000000EA
:10A6700000000000000000000000000000000000DA
:10A6800000000000000000000000000000000000CA
:10A6900000000000000000000000000000000000BA
:10A6A00000000000000000000000000000000000AA
:10A6B000000000000000000000000000000000009A
:10A6C000000000000000000000000000000000008A
:10A6D000000000000000000000000000000000007A
:10A6E000000000000000000000000000000000006A
:10A6F000000000000000000000000000000000005A
:10A700000000000000000000000000000000000049
:10A710000000000000000000000000000000000039
:10A720000000000000000000000000000000000029
:10A730000000000000000000000000000000000019
:10A740000000000000000000000000000000000009
:10A7500000000000000000000000000000000000F9
:10A7600000000000000000000000000000000000E9
:10A7700000000000000000000000000000000000D9
:10A7800000000000000000000000000000000000C9
:10A7900000000000000000000000000000000000B9
:10A7A00000000000000000000000000000000000A9
:10A7B0000000000000000000000000000000000099
:10A7C0000000000000000000000000000000000089
:10A7D0000000000000000000000000000000000079
:10A7E0000000000000000000000000000000000069
:10A7F0000000000000000000000000000000000059
:10A800000000000000000000000000000000000048
:10A810000000000000000000000000000000000038
:10A820000000000000000000000000000000000028
:10A830000000000000000000000000000000000018
:10A840000000000000000000000000000000000008
:10A8500000000000000000000000000000000000F8
:10A8600000000000000000000000000000000000E8
:10A8700000000000000000000000000000000000D8
:10A8800000000000000000000000000000000000C8
:10A8900000000000000000000000000000000000B8
:10A8A00000000000000000000000000000000000A8
:10A8B0000000000000000000000000000000000098
:10A8C0000000000000000000000000000000000088
:10A8D0000000000000000000000000000000000078
:10A8E0000000000000000000000000000000000068
:10A8F0000000000000000000000000000000000058
:10A900000000000000000000000000000000000047
:10A910000000000000000000000000000000000037
:10A920000000000000000000000000000000000027
:10A930000000000000000000000000000000000017
:10A940000000000000000000000000000000000007
:10A9500000000000000000000000000000000000F7
:10A9600000000000000000000000000000000000E7
:10A9700000000000000000000000000000000000D7
:10A9800000000000000000000000000000000000C7
:10A9900000000000000000000000000000000000B7
:10A9A00000000000000000000000000000000000A7
:10A9B0000000000000000000000000000000000097
:10A9C0000000000000000000000000000000000087
:10A9D0000000000000000000000000000000000077
:10A9E0000000000000000000000000000000000067
:10A9F0000000000000000000000000000000000057
:10AA00000000000000000000000000000000000046
:10AA10000000000000000000000000000000000036
:10AA20000000000000000000000000000000000026
:10AA30000000000000000000000000000000000016
:10AA40000000000000000000000000000000000006
:10AA500000000000000000000000000000000000F6
:10AA600000000000000000000000000000000000E6
:10AA700000000000000000000000000000000000D6
:10AA800000000000000000000000000000000000C6
:10AA900000000000000000000000000000000000B6
:10AAA00000000000000000000000000000000000A6
:10AAB0000000000000000000000000000000000096
:10AAC0000000000000000000000000000000000086
:10AAD0000000000000000000000000000000000076
:10AAE0000000000000000000000000000000000066
:10AAF0000000000000000000000000000000000056
:10AB00000000000000000000000000000000000045
:10AB10000000000000000000000000000000000035
:10AB20000000000000000000000000000000000025
:10AB30000000000000000000000000000000000015
:10AB40000000000000000000000000000000000005
:10AB500000000000000000000000000000000000F5
:10AB600000000000000000000000000000000000E5
:10AB700000000000000000000000000000000000D5
:10AB800000000000000000000000000000000000C5
:10AB900000000000000000000000000000000000B5
:10ABA00000000000000000000000000000000000A5
:10ABB0000000000000000000000000000000000095
:10ABC0000000000000000000000000000000000085
:10ABD0000000000000000000000000000000000075
:10ABE0000000000000000000000000000000000065
:10ABF0000000000000000000000000000000000055
:10AC00000000000000000000000000000000000044
:10AC10000000000000000000000000000000000034
:10AC20000000000000000000000000000000000024
:10AC30000000000000000000000000000000000014
:10AC40000000000000000000000000000000000004
:10AC500000000000000000000000000000000000F4
:10AC600000000000000000000000000000000000E4
:10AC700000000000000000000000000000000000D4
:10AC800000000000000000000000000000000000C4
:10AC900000000000000000000000000000000000B4
:10ACA00000000000000000000000000000000000A4
:10ACB0000000000000000000000000000000000094
:10ACC0000000000000000000000000000000000084
:10ACD0000000000000000000000000000000000074
:10ACE0000000000000000000000000000000000064
:10ACF0000000000000000000000000000000000054
:10AD00000000000000000000000000000000000043
:10AD10000000000000000000000000000000000033
:10AD20000000000000000000000000000000000023
:10AD30000000000000000000000000000000000013
:10AD40000000000000000000000000000000000003
:10AD500000000000000000000000000000000000F3
:10AD600000000000000000000000000000000000E3
:10AD700000000000000000000000000000000000D3
:10AD800000000000000000000000000000000000C3
:10AD900000000000000000000000000000000000B3
:10ADA00000000000000000000000000000000000A3
:10ADB0000000000000000000000000000000000093
:10ADC0000000000000000000000000000000000083
:10ADD0000000000000000000000000000000000073
:10ADE0000000000000000000000000000000000063
:10ADF0000000000000000000000000000000000053
:10AE00000000000000000000000000000000000042
:10AE10000000000000000000000000000000000032
:10AE20000000000000000000000000000000000022
:10AE30000000000000000000000000000000000012
:10AE40000000000000000000000000000000000002
:10AE500000000000000000000000000000000000F2
:10AE600000000000000000000000000000000000E2
:10AE700000000000000000000000000000000000D2
:10AE800000000000000000000000000000000000C2
:10AE900000000000000000000000000000000000B2
:10AEA00000000000000000000000000000000000A2
:10AEB0000000000000000000000000000000000092
:10AEC0000000000000000000000000000000000082
:10AED0000000000000000000000000000000000072
:10AEE0000000000000000000000000000000000062
:10AEF0000000000000000000000000000000000052
:10AF00000000000000000000000000000000000041
:10AF10000000000000000000000000000000000031
:10AF20000000000000000000000000000000000021
:10AF30000000000000000000000000000000000011
:10AF40000000000000000000000000000000000001
:10AF500000000000000000000000000000000000F1
:10AF600000000000000000000000000000000000E1
:10AF700000000000000000000000000000000000D1
:10AF800000000000000000000000000000000000C1
:10AF900000000000000000000000000000000000B1
:10AFA00000000000000000000000000000000000A1
:10AFB0000000000000000000000000000000000091
:10AFC0000000000000000000000000000000000081
:10AFD0000000000000000000000000000000000071
:10AFE0000000000000000000000000000000000061
:10AFF0000000000000000000000000000000000051
:10B000000000000000000000000000000000000040
:10B010000000000000000000000000000000000030
:10B020000000000000000000000000000000000020
:10B030000000000000000000000000000000000010
:10B040000000000000000000000000000000000000
:10B0500000000000000000000000000000000000F0
:10B0600000000000000000000000000000000000E0
:10B0700000000000000000000000000000000000D0
:10B0800000000000000000000000000000000000C0
:10B0900000000000000000000000000000000000B0
:10B0A00000000000000000000000000000000000A0
:10B0B0000000000000000000000000000000000090
:10B0C0000000000000000000000000000000000080
:10B0D0000000000000000000000000000000000070
:10B0E0000000000000000000000000000000000060
:10B0F0000000000000000000000000000000000050
:10B10000000000000000000000000000000000003F
:10B11000000000000000000000000000000000002F
:10B12000000000000000000000000000000000001F
:10B13000000000000000000000000000000000000F
:10B1400000000000000000000000000000000000FF
:10B1500000000000000000000000000000000000EF
:10B1600000000000000000000000000000000000DF
:10B1700000000000000000000000000000000000CF
:10B1800000000000000000000000000000000000BF
:10B1900000000000000000000000000000000000AF
:10B1A000000000000000000000000000000000009F
:10B1B000000000000000000000000000000000008F
:10B1C000000000000000000000000000000000007F
:10B1D000000000000000000000000000000000006F
:10B1E000000000000000000000000000000000005F
:10B1F000000000000000000000000000000000004F
:10B20000000000000000000000000000000000003E
:10B21000000000000000000000000000000000002E
:10B22000000000000000000000000000000000001E
:10B23000000000000000000000000000000000000E
:10B2400000000000000000000000000000000000FE
:10B2500000000000000000000000000000000000EE
:10B2600000000000000000000000000000000000DE
:10B2700000000000000000000000000000000000CE
:10B2800000000000000000000000000000000000BE
:10B2900000000000000000000000000000000000AE
:10B2A000000000000000000000000000000000009E
:10B2B000000000000000000000000000000000008E
:10B2C000000000000000000000000000000000007E
:10B2D000000000000000000000000000000000006E
:10B2E000000000000000000000000000000000005E
:10B2F000000000000000000000000000000000004E
:10B30000000000000000000000000000000000003D
:10B31000000000000000000000000000000000002D
:10B32000000000000000000000000000000000001D
:10B33000000000000000000000000000000000000D
:10B3400000000000000000000000000000000000FD
:10B3500000000000000000000000000000000000ED
:10B3600000000000000000000000000000000000DD
:10B3700000000000000000000000000000000000CD
:10B3800000000000000000000000000000000000BD
:10B3900000000000000000000000000000000000AD
:10B3A000000000000000000000000000000000009D
:10B3B000000000000000000000000000000000008D
:10B3C000000000000000000000000000000000007D
:10B3D000000000000000000000000000000000006D
:10B3E000000000000000000000000000000000005D
:10B3F000000000000000000000000000000000004D
:10B40000000000000000000000000000000000003C
:10B41000000000000000000000000000000000002C
:10B42000000000000000000000000000000000001C
:10B43000000000000000000000000000000000000C
:10B4400000000000000000000000000000000000FC
:10B4500000000000000000000000000000000000EC
:10B4600000000000000000000000000000000000DC
:10B4700000000000000000000000000000000000CC
:10B4800000000000000000000000000000000000BC
:10B4900000000000000000000000000000000000AC
:10B4A000000000000000000000000000000000009C
:10B4B000000000000000000000000000000000008C
:10B4C000000000000000000000000000000000007C
:10B4D000000000000000000000000000000000006C
:10B4E000000000000000000000000000000000005C
:10B4F000000000000000000000000000000000004C
:10B50000000000000000000000000000000000003B
:10B51000000000000000000000000000000000002B
:10B52000000000000000000000000000000000001B
:10B53000000000000000000000000000000000000B
:10B5400000000000000000000000000000000000FB
:10B5500000000000000000000000000000000000EB
:10B5600000000000000000000000000000000000DB
:10B5700000000000000000000000000000000000CB
:10B5800000000000000000000000000000000000BB
:10B5900000000000000000000000000000000000AB
:10B5A000000000000000000000000000000000009B
:10B5B000000000000000000000000000000000008B
:10B5C000000000000000000000000000000000007B
:10B5D000000000000000000000000000000000006B
:10B5E000000000000000000000000000000000005B
:10B5F000000000000000000000000000000000004B
:10B60000000000000000000000000000000000003A
:10B61000000000000000000000000000000000002A
:10B62000000000000000000000000000000000001A
:10B63000000000000000000000000000000000000A
:10B6400000000000000000000000000000000000FA
:10B6500000000000000000000000000000000000EA
:10B6600000000000000000000000000000000000DA
:10B6700000000000000000000000000000000000CA
:10B6800000000000000000000000000000000000BA
:10B6900000000000000000000000000000000000AA
:10B6A000000000000000000000000000000000009A
:10B6B000000000000000000000000000000000008A
:10B6C000000000000000000000000000000000007A
:10B6D000000000000000000000000000000000006A
:10B6E000000000000000000000000000000000005A
:10B6F000000000000000000000000000000000004A
:10B700000000000000000000000000000000000039
:10B710000000000000000000000000000000000029
:10B720000000000000000000000000000000000019
:10B730000000000000000000000000000000000009
:10B7400000000000000000000000000000000000F9
:10B7500000000000000000000000000000000000E9
:10B7600000000000000000000000000000000000D9
:10B7700000000000000000000000000000000000C9
:10B7800000000000000000000000000000000000B9
:10B7900000000000000000000000000000000000A9
:10B7A0000000000000000000000000000000000099
:10B7B0000000000000000000000000000000000089
:10B7C0000000000000000000000000000000000079
:10B7D0000000000000000000000000000000000069
:10B7E0000000000000000000000000000000000059
:10B7F0000000000000000000000000000000000049
:10B800000000000000000000000000000000000038
:10B810000000000000000000000000000000000028
:10B820000000000000000000000000000000000018
:10B830000000000000000000000000000000000008
:10B8400000000000000000000000000000000000F8
:10B8500000000000000000000000000000000000E8
:10B8600000000000000000000000000000000000D8
:10B8700000000000000000000000000000000000C8
:10B8800000000000000000000000000000000000B8
:10B8900000000000000000000000000000000000A8
:10B8A0000000000000000000000000000000000098
:10B8B0000000000000000000000000000000000088
:10B8C0000000000000000000000000000000000078
:10B8D0000000000000000000000000000000000068
:10B8E0000000000000000000000000000000000058
:10B8F0000000000000000000000000000000000048
:10B900000000000000000000000000000000000037
:10B910000000000000000000000000000000000027
:10B920000000000000000000000000000000000017
:10B930000000000000000000000000000000000007
:10B9400000000000000000000000000000000000F7
:10B9500000000000000000000000000000000000E7
:10B9600000000000000000000000000000000000D7
:10B9700000000000000000000000000000000000C7
:10B9800000000000000000000000000000000000B7
:10B9900000000000000000000000000000000000A7
:10B9A0000000000000000000000000000000000097
:10B9B0000000000000000000000000000000000087
:10B9C0000000000000000000000000000000000077
:10B9D0000000000000000000000000000000000067
:10B9E0000000000000000000000000000000000057
:10B9F0000000000000000000000000000000000047
:10BA00000000000000000000000000000000000036
:10BA10000000000000000000000000000000000026
:10BA20000000000000000000000000000000000016
:10BA30000000000000000000000000000000000006
:10BA400000000000000000000000000000000000F6
:10BA500000000000000000000000000000000000E6
:10BA600000000000000000000000000000000000D6
:10BA700000000000000000000000000000000000C6
:10BA800000000000000000000000000000000000B6
:10BA900000000000000000000000000000000000A6
:10BAA0000000000000000000000000000000000096
:10BAB0000000000000000000000000000000000086
:10BAC0000000000000000000000000000000000076
:10BAD0000000000000000000000000000000000066
:10BAE0000000000000000000000000000000000056
:10BAF0000000000000000000000000000000000046
:10BB00000000000000000000000000000000000035
:10BB10000000000000000000000000000000000025
:10BB20000000000000000000000000000000000015
:10BB30000000000000000000000000000000000005
:10BB400000000000000000000000000000000000F5
:10BB500000000000000000000000000000000000E5
:10BB600000000000000000000000000000000000D5
:10BB700000000000000000000000000000000000C5
:10BB800000000000000000000000000000000000B5
:10BB900000000000000000000000000000000000A5
:10BBA0000000000000000000000000000000000095
:10BBB0000000000000000000000000000000000085
:10BBC0000000000000000000000000000000000075
:10BBD0000000000000000000000000000000000065
:10BBE0000000000000000000000000000000000055
:10BBF0000000000000000000000000000000000045
:10BC00000000000000000000000000000000000034
:10BC10000000000000000000000000000000000024
:10BC20000000000000000000000000000000000014
:10BC30000000000000000000000000000000000004
:10BC400000000000000000000000000000000000F4
:10BC500000000000000000000000000000000000E4
:10BC600000000000000000000000000000000000D4
:10BC700000000000000000000000000000000000C4
:10BC800000000000000000000000000000000000B4
:10BC900000000000000000000000000000000000A4
:10BCA0000000000000000000000000000000000094
:10BCB0000000000000000000000000000000000084
:10BCC0000000000000000000000000000000000074
:10BCD0000000000000000000000000000000000064
:10BCE0000000000000000000000000000000000054
:10BCF0000000000000000000000000000000000044
:10BD00000000000000000000000000000000000033
:10BD10000000000000000000000000000000000023
:10BD20000000000000000000000000000000000013
:10BD30000000000000000000000000000000000003
:10BD400000000000000000000000000000000000F3
:10BD500000000000000000000000000000000000E3
:10BD600000000000000000000000000000000000D3
:10BD700000000000000000000000000000000000C3
:10BD800000000000000000000000000000000000B3
:10BD900000000000000000000000000000000000A3
:10BDA0000000000000000000000000000000000093
:10BDB0000000000000000000000000000000000083
:10BDC0000000000000000000000000000000000073
:10BDD0000000000000000000000000000000000063
:10BDE0000000000000000000000000000000000053
:10BDF0000000000000000000000000000000000043
:10BE00000000000000000000000000000000000032
:10BE10000000000000000000000000000000000022
:10BE20000000000000000000000000000000000012
:10BE30000000000000000000000000000000000002
:10BE400000000000000000000000000000000000F2
:10BE500000000000000000000000000000000000E2
:10BE600000000000000000000000000000000000D2
:10BE700000000000000000000000000000000000C2
:10BE800000000000000000000000000000000000B2
:10BE900000000000000000000000000000000000A2
:10BEA0000000000000000000000000000000000092
:10BEB0000000000000000000000000000000000082
:10BEC0000000000000000000000000000000000072
:10BED0000000000000000000000000000000000062
:10BEE0000000000000000000000000000000000052
:10BEF0000000000000000000000000000000000042
:10BF00000000000000000000000000000000000031
:10BF10000000000000000000000000000000000021
:10BF20000000000000000000000000000000000011
:10BF30000000000000000000000000000000000001
:10BF400000000000000000000000000000000000F1
:10BF500000000000000000000000000000000000E1
:10BF600000000000000000000000000000000000D1
:10BF700000000000000000000000000000000000C1
:10BF800000000000000000000000000000000000B1
:10BF900000000000000000000000000000000000A1
:10BFA0000000000000000000000000000000000091
:10BFB0000000000000000000000000000000000081
:10BFC0000000000000000000000000000000000071
:10BFD0000000000000000000000000000000000061
:10BFE0000000000000000000000000000000000051
:10BFF0000000000000000000000000000000000041
:10C000000000000000000000000000000000000030
:10C010000000000000000000000000000000000020
:10C020000000000000000000000000000000000010
:10C030000000000000000000000000000000000000
:10C0400000000000000000000000000000000000F0
:10C0500000000000000000000000000000000000E0
:10C0600000000000000000000000000000000000D0
:10C0700000000000000000000000000000000000C0
:10C0800000000000000000000000000000000000B0
:10C0900000000000000000000000000000000000A0
:10C0A0000000000000000000000000000000000090
:10C0B0000000000000000000000000000000000080
:10C0C0000000000000000000000000000000000070
:10C0D0000000000000000000000000000000000060
:10C0E0000000000000000000000000000000000050
:10C0F0000000000000000000000000000000000040
:10C10000000000000000000000000000000000002F
:10C11000000000000000000000000000000000001F
:10C12000000000000000000000000000000000000F
:10C1300000000000000000000000000000000000FF
:10C1400000000000000000000000000000000000EF
:10C1500000000000000000000000000000000000DF
:10C1600000000000000000000000000000000000CF
:10C1700000000000000000000000000000000000BF
:10C1800000000000000000000000000000000000AF
:10C19000000000000000000000000000000000009F
:10C1A000000000000000000000000000000000008F
:10C1B000000000000000000000000000000000007F
:10C1C000000000000000000000000000000000006F
:10C1D000000000000000000000000000000000005F
:10C1E000000000000000000000000000000000004F
:10C1F000000000000000000000000000000000003F
:10C20000000000000000000000000000000000002E
:10C21000000000000000000000000000000000001E
:10C22000000000000000000000000000000000000E
:10C2300000000000000000000000000000000000FE
:10C2400000000000000000000000000000000000EE
:10C2500000000000000000000000000000000000DE
:10C2600000000000000000000000000000000000CE
:10C2700000000000000000000000000000000000BE
:10C2800000000000000000000000000000000000AE
:10C29000000000000000000000000000000000009E
:10C2A000000000000000000000000000000000008E
:10C2B000000000000000000000000000000000007E
:10C2C000000000000000000000000000000000006E
:10C2D000000000000000000000000000000000005E
:10C2E000000000000000000000000000000000004E
:10C2F000000000000000000000000000000000003E
:10C30000000000000000000000000000000000002D
:10C31000000000000000000000000000000000001D
:10C32000000000000000000000000000000000000D
:10C3300000000000000000000000000000000000FD
:10C3400000000000000000000000000000000000ED
:10C3500000000000000000000000000000000000DD
:10C3600000000000000000000000000000000000CD
:10C3700000000000000000000000000000000000BD
:10C3800000000000000000000000000000000000AD
:10C39000000000000000000000000000000000009D
:10C3A000000000000000000000000000000000008D
:10C3B000000000000000000000000000000000007D
:10C3C000000000000000000000000000000000006D
:10C3D000000000000000000000000000000000005D
:10C3E000000000000000000000000000000000004D
:10C3F000000000000000000000000000000000003D
:10C40000000000000000000000000000000000002C
:10C41000000000000000000000000000000000001C
:10C42000000000000000000000000000000000000C
:10C4300000000000000000000000000000000000FC
:10C4400000000000000000000000000000000000EC
:10C4500000000000000000000000000000000000DC
:10C4600000000000000000000000000000000000CC
:10C4700000000000000000000000000000000000BC
:10C4800000000000000000000000000000000000AC
:10C49000000000000000000000000000000000009C
:10C4A000000000000000000000000000000000008C
:10C4B000000000000000000000000000000000007C
:10C4C000000000000000000000000000000000006C
:10C4D000000000000000000000000000000000005C
:10C4E000000000000000000000000000000000004C
:10C4F000000000000000000000000000000000003C
:10C50000000000000000000000000000000000002B
:10C51000000000000000000000000000000000001B
:10C52000000000000000000000000000000000000B
:10C5300000000000000000000000000000000000FB
:10C5400000000000000000000000000000000000EB
:10C5500000000000000000000000000000000000DB
:10C5600000000000000000000000000000000000CB
:10C5700000000000000000000000000000000000BB
:10C5800000000000000000000000000000000000AB
:10C59000000000000000000000000000000000009B
:10C5A000000000000000000000000000000000008B
:10C5B000000000000000000000000000000000007B
:10C5C000000000000000000000000000000000006B
:10C5D000000000000000000000000000000000005B
:10C5E000000000000000000000000000000000004B
:10C5F000000000000000000000000000000000003B
:10C60000000000000000000000000000000000002A
:10C61000000000000000000000000000000000001A
:10C62000000000000000000000000000000000000A
:10C6300000000000000000000000000000000000FA
:10C6400000000000000000000000000000000000EA
:10C6500000000000000000000000000000000000DA
:10C6600000000000000000000000000000000000CA
:10C6700000000000000000000000000000000000BA
:10C6800000000000000000000000000000000000AA
:10C69000000000000000000000000000000000009A
:10C6A000000000000000000000000000000000008A
:10C6B000000000000000000000000000000000007A
:10C6C000000000000000000000000000000000006A
:10C6D000000000000000000000000000000000005A
:10C6E000000000000000000000000000000000004A
:10C6F000000000000000000000000000000000003A
:10C700000000000000000000000000000000000029
:10C710000000000000000000000000000000000019
:10C720000000000000000000000000000000000009
:10C7300000000000000000000000000000000000F9
:10C7400000000000000000000000000000000000E9
:10C7500000000000000000000000000000000000D9
:10C7600000000000000000000000000000000000C9
:10C7700000000000000000000000000000000000B9
:10C7800000000000000000000000000000000000A9
:10C790000000000000000000000000000000000099
:10C7A0000000000000000000000000000000000089
:10C7B0000000000000000000000000000000000079
:10C7C0000000000000000000000000000000000069
:10C7D0000000000000000000000000000000000059
:10C7E0000000000000000000000000000000000049
:10C7F0000000000000000000000000000000000039
:10C800000000000000000000000000000000000028
:10C810000000000000000000000000000000000018
:10C820000000000000000000000000000000000008
:10C8300000000000000000000000000000000000F8
:10C8400000000000000000000000000000000000E8
:10C8500000000000000000000000000000000000D8
:10C8600000000000000000000000000000000000C8
:10C8700000000000000000000000000000000000B8
:10C8800000000000000000000000000000000000A8
:10C890000000000000000000000000000000000098
:10C8A0000000000000000000000000000000000088
:10C8B0000000000000000000000000000000000078
:10C8C0000000000000000000000000000000000068
:10C8D0000000000000000000000000000000000058
:10C8E0000000000000000000000000000000000048
:10C8F0000000000000000000000000000000000038
:10C900000000000000000000000000000000000027
:10C910000000000000000000000000000000000017
:10C920000000000000000000000000000000000007
:10C9300000000000000000000000000000000000F7
:10C9400000000000000000000000000000000000E7
:10C9500000000000000000000000000000000000D7
:10C9600000000000000000000000000000000000C7
:10C9700000000000000000000000000000000000B7
:10C9800000000000000000000000000000000000A7
:10C990000000000000000000000000000000000097
:10C9A0000000000000000000000000000000000087
:10C9B0000000000000000000000000000000000077
:10C9C0000000000000000000000000000000000067
:10C9D0000000000000000000000000000000000057
:10C9E0000000000000000000000000000000000047
:10C9F0000000000000000000000000000000000037
:10CA00000000000000000000000000000000000026
:10CA10000000000000000000000000000000000016
:10CA20000000000000000000000000000000000006
:10CA300000000000000000000000000000000000F6
:10CA400000000000000000000000000000000000E6
:10CA500000000000000000000000000000000000D6
:10CA600000000000000000000000000000000000C6
:10CA700000000000000000000000000000000000B6
:10CA800000000000000000000000000000000000A6
:10CA90000000000000000000000000000000000096
:10CAA0000000000000000000000000000000000086
:10CAB0000000000000000000000000000000000076
:10CAC0000000000000000000000000000000000066
:10CAD0000000000000000000000000000000000056
:10CAE0000000000000000000000000000000000046
:10CAF0000000000000000000000000000000000036
:10CB00000000000000000000000000000000000025
:10CB10000000000000000000000000000000000015
:10CB20000000000000000000000000000000000005
:10CB300000000000000000000000000000000000F5
:10CB400000000000000000000000000000000000E5
:10CB500000000000000000000000000000000000D5
:10CB600000000000000000000000000000000000C5
:10CB700000000000000000000000000000000000B5
:10CB800000000000000000000000000000000000A5
:10CB90000000000000000000000000000000000095
:10CBA0000000000000000000000000000000000085
:10CBB0000000000000000000000000000000000075
:10CBC0000000000000000000000000000000000065
:10CBD0000000000000000000000000000000000055
:10CBE0000000000000000000000000000000000045
:10CBF0000000000000000000000000000000000035
:10CC00000000000000000000000000000000000024
:10CC10000000000000000000000000000000000014
:10CC20000000000000000000000000000000000004
:10CC300000000000000000000000000000000000F4
:10CC400000000000000000000000000000000000E4
:10CC500000000000000000000000000000000000D4
:10CC600000000000000000000000000000000000C4
:10CC700000000000000000000000000000000000B4
:10CC800000000000000000000000000000000000A4
:10CC90000000000000000000000000000000000094
:10CCA0000000000000000000000000000000000084
:10CCB0000000000000000000000000000000000074
:10CCC0000000000000000000000000000000000064
:10CCD0000000000000000000000000000000000054
:10CCE0000000000000000000000000000000000044
:10CCF0000000000000000000000000000000000034
:10CD00000000000000000000000000000000000023
:10CD10000000000000000000000000000000000013
:10CD20000000000000000000000000000000000003
:10CD300000000000000000000000000000000000F3
:10CD400000000000000000000000000000000000E3
:10CD500000000000000000000000000000000000D3
:10CD600000000000000000000000000000000000C3
:10CD700000000000000000000000000000000000B3
:10CD800000000000000000000000000000000000A3
:10CD90000000000000000000000000000000000093
:10CDA0000000000000000000000000000000000083
:10CDB0000000000000000000000000000000000073
:10CDC0000000000000000000000000000000000063
:10CDD0000000000000000000000000000000000053
:10CDE0000000000000000000000000000000000043
:10CDF0000000000000000000000000000000000033
:10CE00000000000000000000000000000000000022
:10CE10000000000000000000000000000000000012
:10CE20000000000000000000000000000000000002
:10CE300000000000000000000000000000000000F2
:10CE400000000000000000000000000000000000E2
:10CE500000000000000000000000000000000000D2
:10CE600000000000000000000000000000000000C2
:10CE700000000000000000000000000000000000B2
:10CE800000000000000000000000000000000000A2
:10CE90000000000000000000000000000000000092
:10CEA0000000000000000000000000000000000082
:10CEB0000000000000000000000000000000000072
:10CEC0000000000000000000000000000000000062
:10CED0000000000000000000000000000000000052
:10CEE0000000000000000000000000000000000042
:10CEF0000000000000000000000000000000000032
:10CF00000000000000000000000000000000000021
:10CF10000000000000000000000000000000000011
:10CF20000000000000000000000000000000000001
:10CF300000000000000000000000000000000000F1
:10CF400000000000000000000000000000000000E1
:10CF500000000000000000000000000000000000D1
:10CF600000000000000000000000000000000000C1
:10CF700000000000000000000000000000000000B1
:10CF800000000000000000000000000000000000A1
:10CF90000000000000000000000000000000000091
:10CFA0000000000000000000000000000000000081
:10CFB0000000000000000000000000000000000071
:10CFC0000000000000000000000000000000000061
:10CFD0000000000000000000000000000000000051
:10CFE0000000000000000000000000000000000041
:10CFF0000000000000000000000000000000000031
:10D000000000000000000000000000000000000020
:10D010000000000000000000000000000000000010
:10D020000000000000000000000000000000000000
:10D0300000000000000000000000000000000000F0
:10D0400000000000000000000000000000000000E0
:10D0500000000000000000000000000000000000D0
:10D0600000000000000000000000000000000000C0
:10D0700000000000000000000000000000000000B0
:10D0800000000000000000000000000000000000A0
:10D090000000000000000000000000000000000090
:10D0A0000000000000000000000000000000000080
:10D0B0000000000000000000000000000000000070
:10D0C0000000000000000000000000000000000060
:10D0D0000000000000000000000000000000000050
:10D0E0000000000000000000000000000000000040
:10D0F0000000000000000000000000000000000030
:10D10000000000000000000000000000000000001F
:10D11000000000000000000000000000000000000F
:10D1200000000000000000000000000000000000FF
:10D1300000000000000000000000000000000000EF
:10D1400000000000000000000000000000000000DF
:10D1500000000000000000000000000000000000CF
:10D1600000000000000000000000000000000000BF
:10D1700000000000000000000000000000000000AF
:10D18000000000000000000000000000000000009F
:10D19000000000000000000000000000000000008F
:10D1A000000000000000000000000000000000007F
:10D1B000000000000000000000000000000000006F
:10D1C000000000000000000000000000000000005F
:10D1D000000000000000000000000000000000004F
:10D1E000000000000000000000000000000000003F
:10D1F000000000000000000000000000000000002F
:10D20000000000000000000000000000000000001E
:10D21000000000000000000000000000000000000E
:10D2200000000000000000000000000000000000FE
:10D2300000000000000000000000000000000000EE
:10D2400000000000000000000000000000000000DE
:10D2500000000000000000000000000000000000CE
:10D2600000000000000000000000000000000000BE
:10D2700000000000000000000000000000000000AE
:10D28000000000000000000000000000000000009E
:10D29000000000000000000000000000000000008E
:10D2A000000000000000000000000000000000007E
:10D2B000000000000000000000000000000000006E
:10D2C000000000000000000000000000000000005E
:10D2D000000000000000000000000000000000004E
:10D2E000000000000000000000000000000000003E
:10D2F000000000000000000000000000000000002E
:10D30000000000000000000000000000000000001D
:10D31000000000000000000000000000000000000D
:10D3200000000000000000000000000000000000FD
:10D3300000000000000000000000000000000000ED
:10D3400000000000000000000000000000000000DD
:10D3500000000000000000000000000000000000CD
:10D3600000000000000000000000000000000000BD
:10D3700000000000000000000000000000000000AD
:10D38000000000000000000000000000000000009D
:10D39000000000000000000000000000000000008D
:10D3A000000000000000000000000000000000007D
:10D3B000000000000000000000000000000000006D
:10D3C000000000000000000000000000000000005D
:10D3D000000000000000000000000000000000004D
:10D3E000000000000000000000000000000000003D
:10D3F000000000000000000000000000000000002D
:10D40000000000000000000000000000000000001C
:10D41000000000000000000000000000000000000C
:10D4200000000000000000000000000000000000FC
:10D4300000000000000000000000000000000000EC
:10D4400000000000000000000000000000000000DC
:10D4500000000000000000000000000000000000CC
:10D4600000000000000000000000000000000000BC
:10D4700000000000000000000000000000000000AC
:10D48000000000000000000000000000000000009C
:10D49000000000000000000000000000000000008C
:10D4A000000000000000000000000000000000007C
:10D4B000000000000000000000000000000000006C
:10D4C000000000000000000000000000000000005C
:10D4D000000000000000000000000000000000004C
:10D4E000000000000000000000000000000000003C
:10D4F000000000000000000000000000000000002C
:10D50000000000000000000000000000000000001B
:10D51000000000000000000000000000000000000B
:10D5200000000000000000000000000000000000FB
:10D5300000000000000000000000000000000000EB
:10D5400000000000000000000000000000000000DB
:10D5500000000000000000000000000000000000CB
:10D5600000000000000000000000000000000000BB
:10D5700000000000000000000000000000000000AB
:10D58000000000000000000000000000000000009B
:10D59000000000000000000000000000000000008B
:10D5A000000000000000000000000000000000007B
:10D5B000000000000000000000000000000000006B
:10D5C000000000000000000000000000000000005B
:10D5D000000000000000000000000000000000004B
:10D5E000000000000000000000000000000000003B
:10D5F000000000000000000000000000000000002B
:10D60000000000000000000000000000000000001A
:10D61000000000000000000000000000000000000A
:10D6200000000000000000000000000000000000FA
:10D6300000000000000000000000000000000000EA
:10D6400000000000000000000000000000000000DA
:10D6500000000000000000000000000000000000CA
:10D6600000000000000000000000000000000000BA
:10D6700000000000000000000000000000000000AA
:10D68000000000000000000000000000000000009A
:10D69000000000000000000000000000000000008A
:10D6A000000000000000000000000000000000007A
:10D6B000000000000000000000000000000000006A
:10D6C000000000000000000000000000000000005A
:10D6D000000000000000000000000000000000004A
:10D6E000000000000000000000000000000000003A
:10D6F000000000000000000000000000000000002A
:10D700000000000000000000000000000000000019
:10D710000000000000000000000000000000000009
:10D7200000000000000000000000000000000000F9
:10D7300000000000000000000000000000000000E9
:10D7400000000000000000000000000000000000D9
:10D7500000000000000000000000000000000000C9
:10D7600000000000000000000000000000000000B9
:10D7700000000000000000000000000000000000A9
:10D780000000000000000000000000000000000099
:10D790000000000000000000000000000000000089
:10D7A0000000000000000000000000000000000079
:10D7B0000000000000000000000000000000000069
:10D7C0000000000000000000000000000000000059
:10D7D0000000000000000000000000000000000049
:10D7E0000000000000000000000000000000000039
:10D7F0000000000000000000000000000000000029
:10D800000000000000000000000000000000000018
:10D810000000000000000000000000000000000008
:10D8200000000000000000000000000000000000F8
:10D8300000000000000000000000000000000000E8
:10D8400000000000000000000000000000000000D8
:10D8500000000000000000000000000000000000C8
:10D8600000000000000000000000000000000000B8
:10D8700000000000000000000000000000000000A8
:10D880000000000000000000000000000000000098
:10D890000000000000000000000000000000000088
:10D8A0000000000000000000000000000000000078
:10D8B0000000000000000000000000000000000068
:10D8C0000000000000000000000000000000000058
:10D8D0000000000000000000000000000000000048
:10D8E0000000000000000000000000000000000038
:10D8F0000000000000000000000000000000000028
:10D900000000000000000000000000000000000017
:10D910000000000000000000000000000000000007
:10D9200000000000000000000000000000000000F7
:10D9300000000000000000000000000000000000E7
:10D9400000000000000000000000000000000000D7
:10D9500000000000000000000000000000000000C7
:10D9600000000000000000000000000000000000B7
:10D9700000000000000000000000000000000000A7
:10D980000000000000000000000000000000000097
:10D990000000000000000000000000000000000087
:10D9A0000000000000000000000000000000000077
:10D9B0000000000000000000000000000000000067
:10D9C0000000000000000000000000000000000057
:10D9D0000000000000000000000000000000000047
:10D9E0000000000000000000000000000000000037
:10D9F0000000000000000000000000000000000027
:10DA00000000000000000000000000000000000016
:10DA10000000000000000000000000000000000006
:10DA200000000000000000000000000000000000F6
:10DA300000000000000000000000000000000000E6
:10DA400000000000000000000000000000000000D6
:10DA500000000000000000000000000000000000C6
:10DA600000000000000000000000000000000000B6
:10DA700000000000000000000000000000000000A6
:10DA80000000000000000000000000000000000096
:10DA90000000000000000000000000000000000086
:10DAA0000000000000000000000000000000000076
:10DAB0000000000000000000000000000000000066
:10DAC0000000000000000000000000000000000056
:10DAD0000000000000000000000000000000000046
:10DAE0000000000000000000000000000000000036
:10DAF0000000000000000000000000000000000026
:10DB00000000000000000000000000000000000015
:10DB10000000000000000000000000000000000005
:10DB200000000000000000000000000000000000F5
:10DB300000000000000000000000000000000000E5
:10DB400000000000000000000000000000000000D5
:10DB500000000000000000000000000000000000C5
:10DB600000000000000000000000000000000000B5
:10DB700000000000000000000000000000000000A5
:10DB80000000000000000000000000000000000095
:10DB90000000000000000000000000000000000085
:10DBA0000000000000000000000000000000000075
:10DBB0000000000000000000000000000000000065
:10DBC0000000000000000000000000000000000055
:10DBD0000000000000000000000000000000000045
:10DBE0000000000000000000000000000000000035
:10DBF0000000000000000000000000000000000025
:10DC00000000000000000000000000000000000014
:10DC10000000000000000000000000000000000004
:10DC200000000000000000000000000000000000F4
:10DC300000000000000000000000000000000000E4
:10DC400000000000000000000000000000000000D4
:10DC500000000000000000000000000000000000C4
:10DC600000000000000000000000000000000000B4
:10DC700000000000000000000000000000000000A4
:10DC80000000000000000000000000000000000094
:10DC90000000000000000000000000000000000084
:10DCA0000000000000000000000000000000000074
:10DCB0000000000000000000000000000000000064
:10DCC0000000000000000000000000000000000054
:10DCD0000000000000000000000000000000000044
:10DCE0000000000000000000000000000000000034
:10DCF0000000000000000000000000000000000024
:10DD00000000000000000000000000000000000013
:10DD10000000000000000000000000000000000003
:10DD200000000000000000000000000000000000F3
:10DD300000000000000000000000000000000000E3
:10DD400000000000000000000000000000000000D3
:10DD500000000000000000000000000000000000C3
:10DD600000000000000000000000000000000000B3
:10DD700000000000000000000000000000000000A3
:10DD80000000000000000000000000000000000093
:10DD90000000000000000000000000000000000083
:10DDA0000000000000000000000000000000000073
:10DDB0000000000000000000000000000000000063
:10DDC0000000000000000000000000000000000053
:10DDD0000000000000000000000000000000000043
:10DDE0000000000000000000000000000000000033
:10DDF0000000000000000000000000000000000023
:10DE00000000000000000000000000000000000012
:10DE10000000000000000000000000000000000002
:10DE200000000000000000000000000000000000F2
:10DE300000000000000000000000000000000000E2
:10DE400000000000000000000000000000000000D2
:10DE500000000000000000000000000000000000C2
:10DE600000000000000000000000000000000000B2
:10DE700000000000000000000000000000000000A2
:10DE80000000000000000000000000000000000092
:10DE90000000000000000000000000000000000082
:10DEA0000000000000000000000000000000000072
:10DEB0000000000000000000000000000000000062
:10DEC0000000000000000000000000000000000052
:10DED0000000000000000000000000000000000042
:10DEE0000000000000000000000000000000000032
:10DEF0000000000000000000000000000000000022
:10DF00000000000000000000000000000000000011
:10DF10000000000000000000000000000000000001
:10DF200000000000000000000000000000000000F1
:10DF300000000000000000000000000000000000E1
:10DF400000000000000000000000000000000000D1
:10DF500000000000000000000000000000000000C1
:10DF600000000000000000000000000000000000B1
:10DF700000000000000000000000000000000000A1
:10DF80000000000000000000000000000000000091
:10DF90000000000000000000000000000000000081
:10DFA0000000000000000000000000000000000071
:10DFB0000000000000000000000000000000000061
:10DFC0000000000000000000000000000000000051
:10DFD0000000000000000000000000000000000041
:10DFE0000000000000000000000000000000000031
:10DFF0000000000000000000000000000000000021
:10E000000000000000000000000000000000000010
:10E010000000000000000000000000000000000000
:10E0200000000000000000000000000000000000F0
:10E0300000000000000000000000000000000000E0
:10E0400000000000000000000000000000000000D0
:10E0500000000000000000000000000000000000C0
:10E0600000000000000000000000000000000000B0
:10E0700000000000000000000000000000000000A0
:10E080000000000000000000000000000000000090
:10E090000000000000000000000000000000000080
:10E0A0000000000000000000000000000000000070
:10E0B0000000000000000000000000000000000060
:10E0C0000000000000000000000000000000000050
:10E0D0000000000000000000000000000000000040
:10E0E0000000000000000000000000000000000030
:10E0F0000000000000000000000000000000000020
:10E10000000000000000000000000000000000000F
:10E1100000000000000000000000000000000000FF
:10E1200000000000000000000000000000000000EF
:10E1300000000000000000000000000000000000DF
:10E1400000000000000000000000000000000000CF
:10E1500000000000000000000000000000000000BF
:10E1600000000000000000000000000000000000AF
:10E17000000000000000000000000000000000009F
:10E18000000000000000000000000000000000008F
:10E19000000000000000000000000000000000007F
:10E1A000000000000000000000000000000000006F
:10E1B000000000000000000000000000000000005F
:10E1C000000000000000000000000000000000004F
:10E1D000000000000000000000000000000000003F
:10E1E000000000000000000000000000000000002F
:10E1F000000000000000000000000000000000001F
:10E20000000000000000000000000000000000000E
:10E2100000000000000000000000000000000000FE
:10E2200000000000000000000000000000000000EE
:10E2300000000000000000000000000000000000DE
:10E2400000000000000000000000000000000000CE
:10E2500000000000000000000000000000000000BE
:10E2600000000000000000000000000000000000AE
:10E27000000000000000000000000000000000009E
:10E28000000000000000000000000000000000008E
:10E29000000000000000000000000000000000007E
:10E2A000000000000000000000000000000000006E
:10E2B000000000000000000000000000000000005E
:10E2C000000000000000000000000000000000004E
:10E2D000000000000000000000000000000000003E
:10E2E000000000000000000000000000000000002E
:10E2F000000000000000000000000000000000001E
:10E30000000000000000000000000000000000000D
:10E3100000000000000000000000000000000000FD
:10E3200000000000000000000000000000000000ED
:10E3300000000000000000000000000000000000DD
:10E3400000000000000000000000000000000000CD
:10E3500000000000000000000000000000000000BD
:10E3600000000000000000000000000000000000AD
:10E37000000000000000000000000000000000009D
:10E38000000000000000000000000000000000008D
:10E39000000000000000000000000000000000007D
:10E3A000000000000000000000000000000000006D
:10E3B000000000000000000000000000000000005D
:10E3C000000000000000000000000000000000004D
:10E3D000000000000000000000000000000000003D
:10E3E000000000000000000000000000000000002D
:10E3F000000000000000000000000000000000001D
:10E40000000000000000000000000000000000000C
:10E4100000000000000000000000000000000000FC
:10E4200000000000000000000000000000000000EC
:10E4300000000000000000000000000000000000DC
:10E4400000000000000000000000000000000000CC
:10E4500000000000000000000000000000000000BC
:10E4600000000000000000000000000000000000AC
:10E47000000000000000000000000000000000009C
:10E48000000000000000000000000000000000008C
:10E49000000000000000000000000000000000007C
:10E4A000000000000000000000000000000000006C
:10E4B000000000000000000000000000000000005C
:10E4C000000000000000000000000000000000004C
:10E4D000000000000000000000000000000000003C
:10E4E000000000000000000000000000000000002C
:10E4F000000000000000000000000000000000001C
:10E50000000000000000000000000000000000000B
:10E5100000000000000000000000000000000000FB
:10E5200000000000000000000000000000000000EB
:10E5300000000000000000000000000000000000DB
:10E5400000000000000000000000000000000000CB
:10E5500000000000000000000000000000000000BB
:10E5600000000000000000000000000000000000AB
:10E57000000000000000000000000000000000009B
:10E58000000000000000000000000000000000008B
:10E59000000000000000000000000000000000007B
:10E5A000000000000000000000000000000000006B
:10E5B000000000000000000000000000000000005B
:10E5C000000000000000000000000000000000004B
:10E5D000000000000000000000000000000000003B
:10E5E000000000000000000000000000000000002B
:10E5F000000000000000000000000000000000001B
:10E60000000000000000000000000000000000000A
:10E6100000000000000000000000000000000000FA
:10E6200000000000000000000000000000000000EA
:10E6300000000000000000000000000000000000DA
:10E6400000000000000000000000000000000000CA
:10E6500000000000000000000000000000000000BA
:10E6600000000000000000000000000000000000AA
:10E67000000000000000000000000000000000009A
:10E68000000000000000000000000000000000008A
:10E69000000000000000000000000000000000007A
:10E6A000000000000000000000000000000000006A
:10E6B000000000000000000000000000000000005A
:10E6C000000000000000000000000000000000004A
:10E6D000000000000000000000000000000000003A
:10E6E000000000000000000000000000000000002A
:10E6F000000000000000000000000000000000001A
:10E700000000000000000000000000000000000009
:10E7100000000000000000000000000000000000F9
:10E7200000000000000000000000000000000000E9
:10E7300000000000000000000000000000000000D9
:10E7400000000000000000000000000000000000C9
:10E7500000000000000000000000000000000000B9
:10E7600000000000000000000000000000000000A9
:10E770000000000000000000000000000000000099
:10E780000000000000000000000000000000000089
:10E790000000000000000000000000000000000079
:10E7A0000000000000000000000000000000000069
:10E7B0000000000000000000000000000000000059
:10E7C0000000000000000000000000000000000049
:10E7D0000000000000000000000000000000000039
:10E7E0000000000000000000000000000000000029
:10E7F0000000000000000000000000000000000019
:10E800000000000000000000000000000000000008
:10E8100000000000000000000000000000000000F8
:10E8200000000000000000000000000000000000E8
:10E8300000000000000000000000000000000000D8
:10E8400000000000000000000000000000000000C8
:10E8500000000000000000000000000000000000B8
:10E8600000000000000000000000000000000000A8
:10E870000000000000000000000000000000000098
:10E880000000000000000000000000000000000088
:10E890000000000000000000000000000000000078
:10E8A0000000000000000000000000000000000068
:10E8B0000000000000000000000000000000000058
:10E8C0000000000000000000000000000000000048
:10E8D0000000000000000000000000000000000038
:10E8E0000000000000000000000000000000000028
:10E8F0000000000000000000000000000000000018
:10E900000000000000000000000000000000000007
:10E9100000000000000000000000000000000000F7
:10E9200000000000000000000000000000000000E7
:10E9300000000000000000000000000000000000D7
:10E9400000000000000000000000000000000000C7
:10E9500000000000000000000000000000000000B7
:10E9600000000000000000000000000000000000A7
:10E970000000000000000000000000000000000097
:10E980000000000000000000000000000000000087
:10E990000000000000000000000000000000000077
:10E9A0000000000000000000000000000000000067
:10E9B0000000000000000000000000000000000057
:10E9C0000000000000000000000000000000000047
:10E9D0000000000000000000000000000000000037
:10E9E0000000000000000000000000000000000027
:10E9F0000000000000000000000000000000000017
:10EA00000000000000000000000000000000000006
:10EA100000000000000000000000000000000000F6
:10EA200000000000000000000000000000000000E6
:10EA300000000000000000000000000000000000D6
:10EA400000000000000000000000000000000000C6
:10EA500000000000000000000000000000000000B6
:10EA600000000000000000000000000000000000A6
:10EA70000000000000000000000000000000000096
:10EA80000000000000000000000000000000000086
:10EA90000000000000000000000000000000000076
:10EAA0000000000000000000000000000000000066
:10EAB0000000000000000000000000000000000056
:10EAC0000000000000000000000000000000000046
:10EAD0000000000000000000000000000000000036
:10EAE0000000000000000000000000000000000026
:10EAF0000000000000000000000000000000000016
:10EB00000000000000000000000000000000000005
:10EB100000000000000000000000000000000000F5
:10EB200000000000000000000000000000000000E5
:10EB300000000000000000000000000000000000D5
:10EB400000000000000000000000000000000000C5
:10EB500000000000000000000000000000000000B5
:10EB600000000000000000000000000000000000A5
:10EB70000000000000000000000000000000000095
:10EB80000000000000000000000000000000000085
:10EB90000000000000000000000000000000000075
:10EBA0000000000000000000000000000000000065
:10EBB0000000000000000000000000000000000055
:10EBC0000000000000000000000000000000000045
:10EBD0000000000000000000000000000000000035
:10EBE0000000000000000000000000000000000025
:10EBF0000000000000000000000000000000000015
:10EC00000000000000000000000000000000000004
:10EC100000000000000000000000000000000000F4
:10EC200000000000000000000000000000000000E4
:10EC300000000000000000000000000000000000D4
:10EC400000000000000000000000000000000000C4
:10EC500000000000000000000000000000000000B4
:10EC600000000000000000000000000000000000A4
:10EC70000000000000000000000000000000000094
:10EC80000000000000000000000000000000000084
:10EC90000000000000000000000000000000000074
:10ECA0000000000000000000000000000000000064
:10ECB0000000000000000000000000000000000054
:10ECC0000000000000000000000000000000000044
:10ECD0000000000000000000000000000000000034
:10ECE0000000000000000000000000000000000024
:10ECF0000000000000000000000000000000000014
:10ED00000000000000000000000000000000000003
:10ED100000000000000000000000000000000000F3
:10ED200000000000000000000000000000000000E3
:10ED300000000000000000000000000000000000D3
:10ED400000000000000000000000000000000000C3
:10ED500000000000000000000000000000000000B3
:10ED600000000000000000000000000000000000A3
:10ED70000000000000000000000000000000000093
:10ED80000000000000000000000000000000000083
:10ED90000000000000000000000000000000000073
:10EDA0000000000000000000000000000000000063
:10EDB0000000000000000000000000000000000053
:10EDC0000000000000000000000000000000000043
:10EDD0000000000000000000000000000000000033
:10EDE0000000000000000000000000000000000023
:10EDF0000000000000000000000000000000000013
:10EE00000000000000000000000000000000000002
:10EE100000000000000000000000000000000000F2
:10EE200000000000000000000000000000000000E2
:10EE300000000000000000000000000000000000D2
:10EE400000000000000000000000000000000000C2
:10EE500000000000000000000000000000000000B2
:10EE600000000000000000000000000000000000A2
:10EE70000000000000000000000000000000000092
:10EE80000000000000000000000000000000000082
:10EE90000000000000000000000000000000000072
:10EEA0000000000000000000000000000000000062
:10EEB0000000000000000000000000000000000052
:10EEC0000000000000000000000000000000000042
:10EED0000000000000000000000000000000000032
:10EEE0000000000000000000000000000000000022
:10EEF0000000000000000000000000000000000012
:10EF00000000000000000000000000000000000001
:10EF100000000000000000000000000000000000F1
:10EF200000000000000000000000000000000000E1
:10EF300000000000000000000000000000000000D1
:10EF400000000000000000000000000000000000C1
:10EF500000000000000000000000000000000000B1
:10EF600000000000000000000000000000000000A1
:10EF70000000000000000000000000000000000091
:10EF80000000000000000000000000000000000081
:10EF90000000000000000000000000000000000071
:10EFA0000000000000000000000000000000000061
:10EFB0000000000000000000000000000000000051
:10EFC0000000000000000000000000000000000041
:10EFD0000000000000000000000000000000000031
:10EFE0000000000000000000000000000000000021
:10EFF0000000000000000000000000000000000011
:10F000000000000000000000000000000000000000
:10F0100000000000000000000000000000000000F0
:10F0200000000000000000000000000000000000E0
:10F0300000000000000000000000000000000000D0
:10F0400000000000000000000000000000000000C0
:10F0500000000000000000000000000000000000B0
:10F0600000000000000000000000000000000000A0
:10F070000000000000000000000000000000000090
:10F080000000000000000000000000000000000080
:10F090000000000000000000000000000000000070
:10F0A0000000000000000000000000000000000060
:10F0B0000000000000000000000000000000000050
:10F0C0000000000000000000000000000000000040
:10F0D0000000000000000000000000000000000030
:10F0E0000000000000000000000000000000000020
:10F0F0000000000000000000000000000000000010
:10F1000000000000000000000000000000000000FF
:10F1100000000000000000000000000000000000EF
:10F1200000000000000000000000000000000000DF
:10F1300000000000000000000000000000000000CF
:10F1400000000000000000000000000000000000BF
:10F1500000000000000000000000000000000000AF
:10F16000000000000000000000000000000000009F
:10F17000000000000000000000000000000000008F
:10F18000000000000000000000000000000000007F
:10F19000000000000000000000000000000000006F
:10F1A000000000000000000000000000000000005F
:10F1B000000000000000000000000000000000004F
:10F1C000000000000000000000000000000000003F
:10F1D000000000000000000000000000000000002F
:10F1E000000000000000000000000000000000001F
:10F1F000000000000000000000000000000000000F
:10F2000000000000000000000000000000000000FE
:10F2100000000000000000000000000000000000EE
:10F2200000000000000000000000000000000000DE
:10F2300000000000000000000000000000000000CE
:10F2400000000000000000000000000000000000BE
:10F2500000000000000000000000000000000000AE
:10F26000000000000000000000000000000000009E
:10F27000000000000000000000000000000000008E
:10F28000000000000000000000000000000000007E
:10F29000000000000000000000000000000000006E
:10F2A000000000000000000000000000000000005E
:10F2B000000000000000000000000000000000004E
:10F2C000000000000000000000000000000000003E
:10F2D000000000000000000000000000000000002E
:10F2E000000000000000000000000000000000001E
:10F2F000000000000000000000000000000000000E
:10F3000000000000000000000000000000000000FD
:10F3100000000000000000000000000000000000ED
:10F3200000000000000000000000000000000000DD
:10F3300000000000000000000000000000000000CD
:10F3400000000000000000000000000000000000BD
:10F3500000000000000000000000000000000000AD
:10F36000000000000000000000000000000000009D
:10F37000000000000000000000000000000000008D
:10F38000000000000000000000000000000000007D
:10F39000000000000000000000000000000000006D
:10F3A000000000000000000000000000000000005D
:10F3B000000000000000000000000000000000004D
:10F3C000000000000000000000000000000000003D
:10F3D000000000000000000000000000000000002D
:10F3E000000000000000000000000000000000001D
:10F3F000000000000000000000000000000000000D
:10F4000000000000000000000000000000000000FC
:10F4100000000000000000000000000000000000EC
:10F4200000000000000000000000000000000000DC
:10F4300000000000000000000000000000000000CC
:10F4400000000000000000000000000000000000BC
:10F4500000000000000000000000000000000000AC
:10F46000000000000000000000000000000000009C
:10F47000000000000000000000000000000000008C
:10F48000000000000000000000000000000000007C
:10F49000000000000000000000000000000000006C
:10F4A000000000000000000000000000000000005C
:10F4B000000000000000000000000000000000004C
:10F4C000000000000000000000000000000000003C
:10F4D000000000000000000000000000000000002C
:10F4E000000000000000000000000000000000001C
:10F4F000000000000000000000000000000000000C
:10F5000000000000000000000000000000000000FB
:10F5100000000000000000000000000000000000EB
:10F5200000000000000000000000000000000000DB
:10F5300000000000000000000000000000000000CB
:10F5400000000000000000000000000000000000BB
:10F5500000000000000000000000000000000000AB
:10F56000000000000000000000000000000000009B
:10F57000000000000000000000000000000000008B
:10F58000000000000000000000000000000000007B
:10F59000000000000000000000000000000000006B
:10F5A000000000000000000000000000000000005B
:10F5B000000000000000000000000000000000004B
:10F5C000000000000000000000000000000000003B
:10F5D000000000000000000000000000000000002B
:10F5E000000000000000000000000000000000001B
:10F5F000000000000000000000000000000000000B
:10F6000000000000000000000000000000000000FA
:10F6100000000000000000000000000000000000EA
:10F6200000000000000000000000000000000000DA
:10F6300000000000000000000000000000000000CA
:10F6400000000000000000000000000000000000BA
:10F6500000000000000000000000000000000000AA
:10F66000000000000000000000000000000000009A
:10F67000000000000000000000000000000000008A
:10F68000000000000000000000000000000000007A
:10F69000000000000000000000000000000000006A
:10F6A000000000000000000000000000000000005A
:10F6B000000000000000000000000000000000004A
:10F6C000000000000000000000000000000000003A
:10F6D000000000000000000000000000000000002A
:10F6E000000000000000000000000000000000001A
:10F6F000000000000000000000000000000000000A
:10F7000000000000000000000000000000000000F9
:10F7100000000000000000000000000000000000E9
:10F7200000000000000000000000000000000000D9
:10F7300000000000000000000000000000000000C9
:10F7400000000000000000000000000000000000B9
:10F7500000000000000000000000000000000000A9
:10F760000000000000000000000000000000000099
:10F770000000000000000000000000000000000089
:10F780000000000000000000000000000000000079
:10F790000000000000000000000000000000000069
:10F7A0000000000000000000000000000000000059
:10F7B0000000000000000000000000000000000049
:10F7C0000000000000000000000000000000000039
:10F7D0000000000000000000000000000000000029
:10F7E0000000000000000000000000000000000019
:10F7F0000000000000000000000000000000000009
:10F8000000000000000000000000000000000000F8
:10F8100000000000000000000000000000000000E8
:10F8200000000000000000000000000000000000D8
:10F8300000000000000000000000000000000000C8
:10F8400000000000000000000000000000000000B8
:10F8500000000000000000000000000000000000A8
:10F860000000000000000000000000000000000098
:10F870000000000000000000000000000000000088
:10F880000000000000000000000000000000000078
:10F890000000000000000000000000000000000068
:10F8A0000000000000000000000000000000000058
:10F8B0000000000000000000000000000000000048
:10F8C0000000000000000000000000000000000038
:10F8D0000000000000000000000000000000000028
:10F8E0000000000000000000000000000000000018
:10F8F0000000000000000000000000000000000008
:10F9000000000000000000000000000000000000F7
:10F9100000000000000000000000000000000000E7
:10F9200000000000000000000000000000000000D7
:10F9300000000000000000000000000000000000C7
:10F9400000000000000000000000000000000000B7
:10F9500000000000000000000000000000000000A7
:10F960000000000000000000000000000000000097
:10F970000000000000000000000000000000000087
:10F980000000000000000000000000000000000077
:10F990000000000000000000000000000000000067
:10F9A0000000000000000000000000000000000057
:10F9B0000000000000000000000000000000000047
:10F9C0000000000000000000000000000000000037
:10F9D0000000000000000000000000000000000027
:10F9E0000000000000000000000000000000000017
:10F9F0000000000000000000000000000000000007
:10FA000000000000000000000000000000000000F6
:10FA100000000000000000000000000000000000E6
:10FA200000000000000000000000000000000000D6
:10FA300000000000000000000000000000000000C6
:10FA400000000000000000000000000000000000B6
:10FA500000000000000000000000000000000000A6
:10FA60000000000000000000000000000000000096
:10FA70000000000000000000000000000000000086
:10FA80000000000000000000000000000000000076
:10FA90000000000000000000000000000000000066
:10FAA0000000000000000000000000000000000056
:10FAB0000000000000000000000000000000000046
:10FAC0000000000000000000000000000000000036
:10FAD0000000000000000000000000000000000026
:10FAE0000000000000000000000000000000000016
:10FAF0000000000000000000000000000000000006
:10FB000000000000000000000000000000000000F5
:10FB100000000000000000000000000000000000E5
:10FB200000000000000000000000000000000000D5
:10FB300000000000000000000000000000000000C5
:10FB400000000000000000000000000000000000B5
:10FB500000000000000000000000000000000000A5
:10FB60000000000000000000000000000000000095
:10FB70000000000000000000000000000000000085
:10FB80000000000000000000000000000000000075
:10FB90000000000000000000000000000000000065
:10FBA0000000000000000000000000000000000055
:10FBB0000000000000000000000000000000000045
:10FBC0000000000000000000000000000000000035
:10FBD0000000000000000000000000000000000025
:10FBE0000000000000000000000000000000000015
:10FBF0000000000000000000000000000000000005
:10FC000000000000000000000000000000000000F4
:10FC100000000000000000000000000000000000E4
:10FC200000000000000000000000000000000000D4
:10FC300000000000000000000000000000000000C4
:10FC400000000000000000000000000000000000B4
:10FC500000000000000000000000000000000000A4
:10FC60000000000000000000000000000000000094
:10FC70000000000000000000000000000000000084
:10FC80000000000000000000000000000000000074
:10FC90000000000000000000000000000000000064
:10FCA0000000000000000000000000000000000054
:10FCB0000000000000000000000000000000000044
:10FCC0000000000000000000000000000000000034
:10FCD0000000000000000000000000000000000024
:10FCE0000000000000000000000000000000000014
:10FCF0000000000000000000000000000000000004
:10FD000000000000000000000000000000000000F3
:10FD100000000000000000000000000000000000E3
:10FD200000000000000000000000000000000000D3
:10FD300000000000000000000000000000000000C3
:10FD400000000000000000000000000000000000B3
:10FD500000000000000000000000000000000000A3
:10FD60000000000000000000000000000000000093
:10FD70000000000000000000000000000000000083
:10FD80000000000000000000000000000000000073
:10FD90000000000000000000000000000000000063
:10FDA0000000000000000000000000000000000053
:10FDB0000000000000000000000000000000000043
:10FDC0000000000000000000000000000000000033
:10FDD0000000000000000000000000000000000023
:10FDE0000000000000000000000000000000000013
:10FDF0000000000000000000000000000000000003
:10FE000000000000000000000000000000000000F2
:10FE100000000000000000000000000000000000E2
:10FE200000000000000000000000000000000000D2
:10FE300000000000000000000000000000000000C2
:10FE400000000000000000000000000000000000B2
:10FE500000000000000000000000000000000000A2
:10FE60000000000000000000000000000000000092
:10FE70000000000000000000000000000000000082
:10FE80000000000000000000000000000000000072
:10FE90000000000000000000000000000000000062
:10FEA0000000000000000000000000000000000052
:10FEB0000000000000000000000000000000000042
:10FEC0000000000000000000000000000000000032
:10FED0000000000000000000000000000000000022
:10FEE0000000000000000000000000000000000012
:10FEF0000000000000000000000000000000000002
:10FF000000000000000000000000000000000000F1
:10FF100000000000000000000000000000000000E1
:10FF200000000000000000000000000000000000D1
:10FF300000000000000000000000000000000000C1
:10FF400000000000000000000000000000000000B1
:10FF500000000000000000000000000000000000A1
:10FF60000000000000000000000000000000000091
:10FF70000000000000000000000000000000000081
:10FF80000000000000000000000000000000000071
:10FF90000000000000000000000000000000000061
:10FFA0000000000000000000000000000000000051
:10FFB0000000000000000000000000000000000041
:10FFC0000000000000000000000000000000000031
:10FFD0000000000000000000000000000000000021
:10FFE0000000000000000000000000000000000011
:10FFF0000000000000000000000000000000000001
:020000040801F1
:1000000000000000000000000000000000000000F0
:1000100000000000000000000000000000000000E0
:1000200000000000000000000000000000000000D0
:1000300000000000000000000000000000000000C0
:1000400000000000000000000000000000000000B0
:1000500000000000000000000000000000000000A0
:100060000000000000000000000000000000000090
:100070000000000000000000000000000000000080
:100080000000000000000000000000000000000070
:100090000000000000000000000000000000000060
:1000A0000000000000000000000000000000000050
:1000B0000000000000000000000000000000000040
:1000C0000000000000000000000000000000000030
:1000D0000000000000000000000000000000000020
:1000E0000000000000000000000000000000000010
:1000F0000000000000000000000000000000000000
:1001000000000000000000000000000000000000EF
:1001100000000000000000000000000000000000DF
:1001200000000000000000000000000000000000CF
:1001300000000000000000000000000000000000BF
:1001400000000000000000000000000000000000AF
:10015000000000000000000000000000000000009F
:10016000000000000000000000000000000000008F
:10017000000000000000000000000000000000007F
:10018000000000000000000000000000000000006F
:10019000000000000000000000000000000000005F
:1001A000000000000000000000000000000000004F
:1001B000000000000000000000000000000000003F
:1001C000000000000000000000000000000000002F
:1001D000000000000000000000000000000000001F
:1001E000000000000000000000000000000000000F
:1001F00000000000000000000000000000000000FF
:1002000000000000000000000000000000000000EE
:1002100000000000000000000000000000000000DE
:1002200000000000000000000000000000000000CE
:1002300000000000000000000000000000000000BE
:1002400000000000000000000000000000000000AE
:10025000000000000000000000000000000000009E
:10026000000000000000000000000000000000008E
:10027000000000000000000000000000000000007E
:10028000000000000000000000000000000000006E
:10029000000000000000000000000000000000005E
:1002A000000000000000000000000000000000004E
:1002B000000000000000000000000000000000003E
:1002C000000000000000000000000000000000002E
:1002D000000000000000000000000000000000001E
:1002E000000000000000000000000000000000000E
:1002F00000000000000000000000000000000000FE
:1003000000000000000000000000000000000000ED
:1003100000000000000000000000000000000000DD
:1003200000000000000000000000000000000000CD
:1003300000000000000000000000000000000000BD
:1003400000000000000000000000000000000000AD
:10035000000000000000000000000000000000009D
:10036000000000000000000000000000000000008D
:10037000000000000000000000000000000000007D
:10038000000000000000000000000000000000006D
:10039000000000000000000000000000000000005D
:1003A000000000000000000000000000000000004D
:1003B000000000000000000000000000000000003D
:1003C000000000000000000000000000000000002D
:1003D000000000000000000000000000000000001D
:1003E000000000000000000000000000000000000D
:1003F00000000000000000000000000000000000FD
:1004000000000000000000000000000000000000EC
:1004100000000000000000000000000000000000DC
:1004200000000000000000000000000000000000CC
:1004300000000000000000000000000000000000BC
:1004400000000000000000000000000000000000AC
:10045000000000000000000000000000000000009C
:10046000000000000000000000000000000000008C
:10047000000000000000000000000000000000007C
:10048000000000000000000000000000000000006C
:10049000000000000000000000000000000000005C
:1004A000000000000000000000000000000000004C
:1004B000000000000000000000000000000000003C
:1004C000000000000000000000000000000000002C
:1004D000000000000000000000000000000000001C
:1004E000000000000000000000000000000000000C
:1004F00000000000000000000000000000000000FC
:1005000000000000000000000000000000000000EB
:1005100000000000000000000000000000000000DB
:1005200000000000000000000000000000000000CB
:1005300000000000000000000000000000000000BB
:1005400000000000000000000000000000000000AB
:10055000000000000000000000000000000000009B
:10056000000000000000000000000000000000008B
:10057000000000000000000000000000000000007B
:10058000000000000000000000000000000000006B
:10059000000000000000000000000000000000005B
:1005A000000000000000000000000000000000004B
:1005B000000000000000000000000000000000003B
:1005C000000000000000000000000000000000002B
:1005D000000000000000000000000000000000001B
:1005E000000000000000000000000000000000000B
:1005F00000000000000000000000000000000000FB
:1006000000000000000000000000000000000000EA
:1006100000000000000000000000000000000000DA
:1006200000000000000000000000000000000000CA
:1006300000000000000000000000000000000000BA
:1006400000000000000000000000000000000000AA
:10065000000000000000000000000000000000009A
:10066000000000000000000000000000000000008A
:10067000000000000000000000000000000000007A
:10068000000000000000000000000000000000006A
:10069000000000000000000000000000000000005A
:1006A000000000000000000000000000000000004A
:1006B000000000000000000000000000000000003A
:1006C000000000000000000000000000000000002A
:1006D000000000000000000000000000000000001A
:1006E000000000000000000000000000000000000A
:1006F00000000000000000000000000000000000FA
:1007000000000000000000000000000000000000E9
:1007100000000000000000000000000000000000D9
:1007200000000000000000000000000000000000C9
:1007300000000000000000000000000000000000B9
:1007400000000000000000000000000000000000A9
:100750000000000000000000000000000000000099
:100760000000000000000000000000000000000089
:100770000000000000000000000000000000000079
:100780000000000000000000000000000000000069
:100790000000000000000000000000000000000059
:1007A0000000000000000000000000000000000049
:1007B0000000000000000000000000000000000039
:1007C0000000000000000000000000000000000029
:1007D0000000000000000000000000000000000019
:1007E0000000000000000000000000000000000009
:1007F00000000000000000000000000000000000F9
:1008000000000000000000000000000000000000E8
:1008100000000000000000000000000000000000D8
:1008200000000000000000000000000000000000C8
:1008300000000000000000000000000000000000B8
:1008400000000000000000000000000000000000A8
:100850000000000000000000000000000000000098
:100860000000000000000000000000000000000088
:100870000000000000000000000000000000000078
:100880000000000000000000000000000000000068
:100890000000000000000000000000000000000058
:1008A0000000000000000000000000000000000048
:1008B0000000000000000000000000000000000038
:1008C0000000000000000000000000000000000028
:1008D0000000000000000000000000000000000018
:1008E0000000000000000000000000000000000008
:1008F00000000000000000000000000000000000F8
:1009000000000000000000000000000000000000E7
:1009100000000000000000000000000000000000D7
:1009200000000000000000000000000000000000C7
:1009300000000000000000000000000000000000B7
:1009400000000000000000000000000000000000A7
:100950000000000000000000000000000000000097
:100960000000000000000000000000000000000087
:100970000000000000000000000000000000000077
:100980000000000000000000000000000000000067
:100990000000000000000000000000000000000057
:1009A0000000000000000000000000000000000047
:1009B0000000000000000000000000000000000037
:1009C0000000000000000000000000000000000027
:1009D0000000000000000000000000000000000017
:1009E0000000000000000000000000000000000007
:1009F00000000000000000000000000000000000F7
:100A000000000000000000000000000000000000E6
:100A100000000000000000000000000000000000D6
:100A200000000000000000000000000000000000C6
:100A300000000000000000000000000000000000B6
:100A400000000000000000000000000000000000A6
:100A50000000000000000000000000000000000096
:100A60000000000000000000000000000000000086
:100A70000000000000000000000000000000000076
:100A80000000000000000000000000000000000066
:100A90000000000000000000000000000000000056
:100AA0000000000000000000000000000000000046
:100AB0000000000000000000000000000000000036
:100AC0000000000000000000000000000000000026
:100AD0000000000000000000000000000000000016
:100AE0000000000000000000000000000000000006
:100AF00000000000000000000000000000000000F6
:100B000000000000000000000000000000000000E5
:100B100000000000000000000000000000000000D5
:100B200000000000000000000000000000000000C5
:100B300000000000000000000000000000000000B5
:100B400000000000000000000000000000000000A5
:100B50000000000000000000000000000000000095
:100B60000000000000000000000000000000000085
:100B70000000000000000000000000000000000075
:100B80000000000000000000000000000000000065
:100B90000000000000000000000000000000000055
:100BA0000000000000000000000000000000000045
:100BB0000000000000000000000000000000000035
:100BC0000000000000000000000000000000000025
:100BD0000000000000000000000000000000000015
:100BE0000000000000000000000000000000000005
:100BF00000000000000000000000000000000000F5
:100C000000000000000000000000000000000000E4
:100C100000000000000000000000000000000000D4
:100C200000000000000000000000000000000000C4
:100C300000000000000000000000000000000000B4
:100C400000000000000000000000000000000000A4
:100C50000000000000000000000000000000000094
:100C60000000000000000000000000000000000084
:100C70000000000000000000000000000000000074
:100C80000000000000000000000000000000000064
:100C90000000000000000000000000000000000054
:100CA0000000000000000000000000000000000044
:100CB0000000000000000000000000000000000034
:100CC0000000000000000000000000000000000024
:100CD0000000000000000000000000000000000014
:100CE0000000000000000000000000000000000004
:100CF00000000000000000000000000000000000F4
:100D000000000000000000000000000000000000E3
:100D100000000000000000000000000000000000D3
:100D200000000000000000000000000000000000C3
:100D300000000000000000000000000000000000B3
:100D400000000000000000000000000000000000A3
:100D50000000000000000000000000000000000093
:100D60000000000000000000000000000000000083
:100D70000000000000000000000000000000000073
:100D80000000000000000000000000000000000063
:100D90000000000000000000000000000000000053
:100DA0000000000000000000000000000000000043
:100DB0000000000000000000000000000000000033
:100DC0000000000000000000000000000000000023
:100DD0000000000000000000000000000000000013
:100DE0000000000000000000000000000000000003
:100DF00000000000000000000000000000000000F3
:100E000000000000000000000000000000000000E2
:100E100000000000000000000000000000000000D2
:100E200000000000000000000000000000000000C2
:100E300000000000000000000000000000000000B2
:100E400000000000000000000000000000000000A2
:100E50000000000000000000000000000000000092
:100E60000000000000000000000000000000000082
:100E70000000000000000000000000000000000072
:100E80000000000000000000000000000000000062
:100E90000000000000000000000000000000000052
:100EA0000000000000000000000000000000000042
:100EB0000000000000000000000000000000000032
:100EC0000000000000000240000100000008024095
:040ED000000200001C
:040000050800247556
:00000001FF
